{
"type": "FeatureCollection",
"name": "departamentos",
"crs": { "type": "name", "properties": { "name": "urn:ogc:def:crs:OGC:1.3:CRS84" } },
"xy_coordinate_resolution": 0.001,
"features": [
{ "type": "Feature", "properties": { }, "geometry": { "type": "Polygon", "coordinates": [ [ [ -78.014, -6.821 ], [ -78.05, -6.684 ], [ -78.107, -6.643 ], [ -78.117, -6.578 ], [ -78.138, -6.563 ], [ -78.152, -6.5 ], [ -78.174, -6.494 ], [ -78.19, -6.457 ], [ -78.21, -6.458 ], [ -78.243, -6.402 ], [ -78.277, -6.399 ], [ -78.291, -6.373 ], [ -78.333, -6.352 ], [ -78.335, -6.319 ], [ -78.369, -6.273 ], [ -78.37, -6.239 ], [ -78.415, -6.213 ], [ -78.418, -6.191 ], [ -78.51, -6.077 ], [ -78.583, -6.079 ], [ -78.6, -6.066 ], [ -78.611, -6.017 ], [ -78.696, -5.889 ], [ -78.712, -5.829 ], [ -78.692, -5.751 ], [ -78.651, -5.726 ], [ -78.685, -5.697 ], [ -78.625, -5.639 ], [ -78.583, -5.551 ], [ -78.55, -5.533 ], [ -78.558, -5.495 ], [ -78.454, -5.426 ], [ -78.448, -5.398 ], [ -78.504, -5.412 ], [ -78.581, -5.308 ], [ -78.638, -5.305 ], [ -78.654, -5.274 ], [ -78.685, -5.266 ], [ -78.711, -5.156 ], [ -78.696, -5.093 ], [ -78.641, -5.034 ], [ -78.651, -4.979 ], [ -78.678, -4.968 ], [ -78.645, -4.907 ], [ -78.632, -4.836 ], [ -78.642, -4.802 ], [ -78.621, -4.768 ], [ -78.628, -4.74 ], [ -78.645, -4.735 ], [ -78.638, -4.656 ], [ -78.668, -4.655 ], [ -78.706, -4.623 ], [ -78.656, -4.585 ], [ -78.661, -4.53 ], [ -78.636, -4.501 ], [ -78.623, -4.442 ], [ -78.6, -4.428 ], [ -78.603, -4.411 ], [ -78.634, -4.415 ], [ -78.653, -4.335 ], [ -78.599, -4.258 ], [ -78.609, -4.226 ], [ -78.577, -4.196 ], [ -78.581, -4.135 ], [ -78.537, -4.062 ], [ -78.568, -4.045 ], [ -78.566, -3.992 ], [ -78.525, -3.937 ], [ -78.489, -3.934 ], [ -78.466, -3.828 ], [ -78.436, -3.819 ], [ -78.409, -3.782 ], [ -78.402, -3.735 ], [ -78.422, -3.724 ], [ -78.423, -3.693 ], [ -78.393, -3.677 ], [ -78.401, -3.65 ], [ -78.386, -3.64 ], [ -78.4, -3.606 ], [ -78.355, -3.494 ], [ -78.346, -3.382 ], [ -78.246, -3.402 ], [ -78.231, -3.499 ], [ -78.217, -3.509 ], [ -78.148, -3.48 ], [ -78.155, -3.412 ], [ -78.178, -3.41 ], [ -78.196, -3.361 ], [ -78.137, -3.327 ], [ -78.091, -3.234 ], [ -78.013, -3.179 ], [ -77.941, -3.065 ], [ -77.809, -2.986 ], [ -77.817, -3.001 ], [ -77.791, -3.054 ], [ -77.778, -3.192 ], [ -77.773, -3.429 ], [ -77.715, -3.515 ], [ -77.716, -3.542 ], [ -77.667, -3.572 ], [ -77.643, -3.619 ], [ -77.62, -3.622 ], [ -77.616, -3.708 ], [ -77.652, -3.781 ], [ -77.561, -3.876 ], [ -77.569, -3.893 ], [ -77.538, -3.962 ], [ -77.548, -4.105 ], [ -77.586, -4.251 ], [ -77.568, -4.421 ], [ -77.589, -4.48 ], [ -77.641, -4.497 ], [ -77.655, -4.519 ], [ -77.653, -4.575 ], [ -77.673, -4.63 ], [ -77.772, -4.718 ], [ -77.795, -4.76 ], [ -77.799, -4.825 ], [ -77.76, -4.909 ], [ -77.758, -4.95 ], [ -77.825, -5.032 ], [ -77.812, -5.056 ], [ -77.822, -5.086 ], [ -77.774, -5.097 ], [ -77.695, -5.165 ], [ -77.74, -5.212 ], [ -77.696, -5.259 ], [ -77.682, -5.338 ], [ -77.703, -5.381 ], [ -77.696, -5.412 ], [ -77.745, -5.407 ], [ -77.768, -5.438 ], [ -77.749, -5.46 ], [ -77.771, -5.478 ], [ -77.757, -5.514 ], [ -77.766, -5.539 ], [ -77.736, -5.609 ], [ -77.775, -5.69 ], [ -77.759, -5.73 ], [ -77.77, -5.788 ], [ -77.746, -5.835 ], [ -77.682, -5.849 ], [ -77.683, -5.878 ], [ -77.652, -5.935 ], [ -77.673, -5.968 ], [ -77.661, -5.988 ], [ -77.598, -6.004 ], [ -77.596, -6.033 ], [ -77.567, -6.028 ], [ -77.536, -6.064 ], [ -77.474, -6.0 ], [ -77.432, -6.062 ], [ -77.419, -6.032 ], [ -77.395, -6.039 ], [ -77.381, -6.08 ], [ -77.359, -6.073 ], [ -77.346, -6.114 ], [ -77.28, -6.142 ], [ -77.224, -6.146 ], [ -77.202, -6.18 ], [ -77.219, -6.194 ], [ -77.212, -6.216 ], [ -77.139, -6.292 ], [ -77.132, -6.323 ], [ -77.172, -6.381 ], [ -77.221, -6.381 ], [ -77.244, -6.338 ], [ -77.287, -6.331 ], [ -77.273, -6.407 ], [ -77.326, -6.468 ], [ -77.345, -6.547 ], [ -77.381, -6.569 ], [ -77.394, -6.603 ], [ -77.438, -6.603 ], [ -77.382, -6.698 ], [ -77.406, -6.726 ], [ -77.456, -6.681 ], [ -77.544, -6.677 ], [ -77.569, -6.638 ], [ -77.612, -6.612 ], [ -77.643, -6.622 ], [ -77.688, -6.677 ], [ -77.74, -6.647 ], [ -77.748, -6.745 ], [ -77.732, -6.783 ], [ -77.765, -6.8 ], [ -77.707, -6.908 ], [ -77.759, -6.965 ], [ -77.779, -6.941 ], [ -77.802, -6.966 ], [ -77.834, -6.957 ], [ -77.842, -6.977 ], [ -77.88, -6.963 ], [ -77.929, -6.987 ], [ -77.984, -6.963 ], [ -78.001, -6.97 ], [ -77.999, -6.941 ], [ -78.014, -6.932 ], [ -78.001, -6.867 ], [ -78.031, -6.848 ], [ -78.014, -6.821 ] ] ] } },
{ "type": "Feature", "properties": { }, "geometry": { "type": "Polygon", "coordinates": [ [ [ -77.651, -10.345 ], [ -77.753, -10.322 ], [ -77.75, -10.407 ], [ -77.799, -10.477 ], [ -77.771, -10.516 ], [ -77.771, -10.572 ], [ -77.8, -10.585 ], [ -77.84, -10.568 ], [ -77.886, -10.612 ], [ -77.908, -10.544 ], [ -77.966, -10.493 ], [ -77.98, -10.439 ], [ -78.014, -10.411 ], [ -78.001, -10.397 ], [ -78.011, -10.375 ], [ -78.055, -10.345 ], [ -78.057, -10.303 ], [ -78.087, -10.277 ], [ -78.081, -10.248 ], [ -78.102, -10.201 ], [ -78.185, -10.109 ], [ -78.166, -10.092 ], [ -78.176, -10.044 ], [ -78.208, -9.967 ], [ -78.234, -9.951 ], [ -78.225, -9.907 ], [ -78.244, -9.868 ], [ -78.225, -9.798 ], [ -78.296, -9.726 ], [ -78.294, -9.705 ], [ -78.343, -9.633 ], [ -78.367, -9.63 ], [ -78.366, -9.559 ], [ -78.391, -9.531 ], [ -78.405, -9.475 ], [ -78.38, -9.445 ], [ -78.418, -9.426 ], [ -78.434, -9.39 ], [ -78.409, -9.363 ], [ -78.428, -9.36 ], [ -78.425, -9.341 ], [ -78.461, -9.316 ], [ -78.481, -9.333 ], [ -78.499, -9.287 ], [ -78.526, -9.275 ], [ -78.492, -9.251 ], [ -78.485, -9.208 ], [ -78.498, -9.188 ], [ -78.562, -9.182 ], [ -78.554, -9.235 ], [ -78.584, -9.203 ], [ -78.577, -9.195 ], [ -78.61, -9.176 ], [ -78.61, -9.16 ], [ -78.568, -9.168 ], [ -78.562, -9.119 ], [ -78.589, -9.08 ], [ -78.63, -9.074 ], [ -78.639, -9.047 ], [ -78.622, -9.017 ], [ -78.658, -8.986 ], [ -78.59, -8.943 ], [ -78.576, -8.889 ], [ -78.588, -8.859 ], [ -78.552, -8.775 ], [ -78.438, -8.733 ], [ -78.355, -8.673 ], [ -78.246, -8.658 ], [ -78.205, -8.631 ], [ -78.194, -8.6 ], [ -78.217, -8.557 ], [ -78.157, -8.479 ], [ -78.137, -8.369 ], [ -78.108, -8.338 ], [ -78.119, -8.314 ], [ -78.037, -8.256 ], [ -78.019, -8.224 ], [ -77.933, -8.197 ], [ -77.896, -8.062 ], [ -77.868, -8.056 ], [ -77.852, -8.075 ], [ -77.786, -8.079 ], [ -77.647, -8.05 ], [ -77.619, -8.08 ], [ -77.637, -8.109 ], [ -77.557, -8.194 ], [ -77.575, -8.231 ], [ -77.531, -8.243 ], [ -77.528, -8.267 ], [ -77.491, -8.283 ], [ -77.478, -8.326 ], [ -77.459, -8.336 ], [ -77.438, -8.422 ], [ -77.405, -8.441 ], [ -77.4, -8.483 ], [ -77.335, -8.533 ], [ -77.312, -8.531 ], [ -77.289, -8.59 ], [ -77.294, -8.637 ], [ -77.261, -8.649 ], [ -77.248, -8.727 ], [ -77.174, -8.834 ], [ -77.165, -8.889 ], [ -77.106, -8.949 ], [ -77.11, -8.97 ], [ -77.036, -9.0 ], [ -76.98, -9.063 ], [ -76.929, -9.071 ], [ -76.87, -9.114 ], [ -76.79, -9.136 ], [ -76.737, -9.204 ], [ -76.726, -9.256 ], [ -76.745, -9.297 ], [ -76.741, -9.331 ], [ -76.766, -9.367 ], [ -76.815, -9.326 ], [ -76.834, -9.266 ], [ -76.847, -9.264 ], [ -76.935, -9.399 ], [ -76.93, -9.433 ], [ -76.953, -9.467 ], [ -76.938, -9.525 ], [ -76.955, -9.56 ], [ -76.98, -9.564 ], [ -76.995, -9.603 ], [ -77.047, -9.633 ], [ -77.021, -9.711 ], [ -76.974, -9.76 ], [ -76.981, -9.725 ], [ -76.941, -9.706 ], [ -76.902, -9.77 ], [ -76.898, -9.809 ], [ -76.842, -9.931 ], [ -76.814, -9.96 ], [ -76.825, -10.009 ], [ -76.807, -10.084 ], [ -76.843, -10.087 ], [ -76.854, -10.102 ], [ -76.871, -10.094 ], [ -76.88, -10.117 ], [ -76.916, -10.12 ], [ -76.906, -10.274 ], [ -76.936, -10.279 ], [ -76.965, -10.305 ], [ -77.004, -10.282 ], [ -77.025, -10.328 ], [ -77.072, -10.338 ], [ -77.112, -10.405 ], [ -77.175, -10.465 ], [ -77.167, -10.508 ], [ -77.191, -10.552 ], [ -77.252, -10.545 ], [ -77.311, -10.568 ], [ -77.395, -10.662 ], [ -77.395, -10.718 ], [ -77.491, -10.746 ], [ -77.524, -10.735 ], [ -77.591, -10.786 ], [ -77.563, -10.709 ], [ -77.591, -10.646 ], [ -77.574, -10.588 ], [ -77.605, -10.59 ], [ -77.62, -10.614 ], [ -77.645, -10.583 ], [ -77.601, -10.509 ], [ -77.625, -10.502 ], [ -77.71, -10.56 ], [ -77.746, -10.558 ], [ -77.743, -10.529 ], [ -77.711, -10.504 ], [ -77.687, -10.434 ], [ -77.598, -10.38 ], [ -77.62, -10.327 ], [ -77.651, -10.345 ] ] ] } },
{ "type": "Feature", "properties": { }, "geometry": { "type": "Polygon", "coordinates": [ [ [ -73.512, -14.539 ], [ -73.555, -14.481 ], [ -73.551, -14.465 ], [ -73.571, -14.457 ], [ -73.582, -14.416 ], [ -73.554, -14.401 ], [ -73.517, -14.309 ], [ -73.519, -14.241 ], [ -73.587, -14.11 ], [ -73.611, -14.09 ], [ -73.619, -14.017 ], [ -73.656, -13.931 ], [ -73.68, -13.915 ], [ -73.698, -13.847 ], [ -73.742, -13.792 ], [ -73.74, -13.756 ], [ -73.67, -13.734 ], [ -73.715, -13.705 ], [ -73.744, -13.656 ], [ -73.796, -13.636 ], [ -73.811, -13.522 ], [ -73.839, -13.456 ], [ -73.827, -13.434 ], [ -73.847, -13.401 ], [ -73.832, -13.33 ], [ -73.806, -13.313 ], [ -73.824, -13.248 ], [ -73.772, -13.175 ], [ -73.73, -13.184 ], [ -73.74, -13.211 ], [ -73.728, -13.268 ], [ -73.698, -13.265 ], [ -73.608, -13.332 ], [ -73.574, -13.339 ], [ -73.571, -13.363 ], [ -73.507, -13.384 ], [ -73.481, -13.431 ], [ -73.404, -13.445 ], [ -73.347, -13.435 ], [ -73.332, -13.456 ], [ -73.312, -13.447 ], [ -73.235, -13.477 ], [ -73.205, -13.412 ], [ -73.187, -13.417 ], [ -73.17, -13.452 ], [ -73.144, -13.419 ], [ -73.097, -13.449 ], [ -73.06, -13.438 ], [ -73.044, -13.412 ], [ -73.015, -13.427 ], [ -72.977, -13.388 ], [ -72.926, -13.383 ], [ -72.895, -13.389 ], [ -72.884, -13.417 ], [ -72.798, -13.422 ], [ -72.793, -13.457 ], [ -72.771, -13.449 ], [ -72.748, -13.481 ], [ -72.672, -13.522 ], [ -72.656, -13.513 ], [ -72.637, -13.542 ], [ -72.601, -13.544 ], [ -72.593, -13.562 ], [ -72.551, -13.554 ], [ -72.489, -13.592 ], [ -72.421, -13.606 ], [ -72.4, -13.634 ], [ -72.403, -13.659 ], [ -72.369, -13.666 ], [ -72.312, -13.708 ], [ -72.277, -13.684 ], [ -72.244, -13.688 ], [ -72.232, -13.722 ], [ -72.166, -13.748 ], [ -72.132, -13.787 ], [ -72.091, -13.885 ], [ -72.056, -13.93 ], [ -72.051, -14.027 ], [ -72.068, -14.077 ], [ -72.057, -14.129 ], [ -72.095, -14.173 ], [ -72.076, -14.207 ], [ -72.126, -14.254 ], [ -72.161, -14.264 ], [ -72.187, -14.313 ], [ -72.24, -14.348 ], [ -72.25, -14.403 ], [ -72.295, -14.411 ], [ -72.29, -14.424 ], [ -72.317, -14.441 ], [ -72.341, -14.428 ], [ -72.358, -14.436 ], [ -72.395, -14.483 ], [ -72.441, -14.482 ], [ -72.503, -14.552 ], [ -72.462, -14.606 ], [ -72.47, -14.66 ], [ -72.561, -14.678 ], [ -72.592, -14.714 ], [ -72.611, -14.676 ], [ -72.645, -14.667 ], [ -72.691, -14.689 ], [ -72.724, -14.677 ], [ -72.725, -14.644 ], [ -72.77, -14.665 ], [ -72.79, -14.65 ], [ -72.828, -14.702 ], [ -72.846, -14.76 ], [ -72.867, -14.708 ], [ -72.918, -14.685 ], [ -72.936, -14.695 ], [ -72.975, -14.652 ], [ -72.998, -14.663 ], [ -73.015, -14.631 ], [ -73.043, -14.623 ], [ -73.043, -14.657 ], [ -73.063, -14.666 ], [ -73.098, -14.651 ], [ -73.11, -14.692 ], [ -73.153, -14.674 ], [ -73.19, -14.706 ], [ -73.264, -14.71 ], [ -73.284, -14.734 ], [ -73.351, -14.704 ], [ -73.364, -14.682 ], [ -73.407, -14.769 ], [ -73.44, -14.787 ], [ -73.464, -14.84 ], [ -73.485, -14.843 ], [ -73.529, -14.801 ], [ -73.55, -14.801 ], [ -73.577, -14.714 ], [ -73.571, -14.687 ], [ -73.523, -14.673 ], [ -73.51, -14.65 ], [ -73.534, -14.584 ], [ -73.512, -14.566 ], [ -73.512, -14.539 ] ] ] } },
{ "type": "Feature", "properties": { }, "geometry": { "type": "Polygon", "coordinates": [ [ [ -72.73, -16.646 ], [ -72.92, -16.518 ], [ -73.049, -16.5 ], [ -73.208, -16.4 ], [ -73.235, -16.415 ], [ -73.272, -16.398 ], [ -73.292, -16.406 ], [ -73.303, -16.349 ], [ -73.372, -16.312 ], [ -73.62, -16.23 ], [ -73.676, -16.224 ], [ -73.7, -16.242 ], [ -73.7, -16.22 ], [ -73.728, -16.195 ], [ -73.835, -16.155 ], [ -73.99, -16.039 ], [ -74.018, -16.037 ], [ -74.033, -16.018 ], [ -74.026, -15.993 ], [ -74.054, -15.955 ], [ -74.242, -15.879 ], [ -74.279, -15.839 ], [ -74.327, -15.85 ], [ -74.395, -15.829 ], [ -74.439, -15.795 ], [ -74.472, -15.719 ], [ -74.68, -15.645 ], [ -74.803, -15.577 ], [ -74.853, -15.573 ], [ -74.848, -15.555 ], [ -74.888, -15.524 ], [ -74.974, -15.491 ], [ -75.001, -15.462 ], [ -75.066, -15.449 ], [ -75.029, -15.404 ], [ -75.004, -15.33 ], [ -74.968, -15.299 ], [ -74.939, -15.204 ], [ -74.877, -15.154 ], [ -74.816, -15.139 ], [ -74.762, -15.098 ], [ -74.714, -15.139 ], [ -74.652, -15.139 ], [ -74.629, -15.124 ], [ -74.605, -15.149 ], [ -74.553, -15.14 ], [ -74.466, -15.173 ], [ -74.418, -15.169 ], [ -74.39, -15.204 ], [ -74.401, -15.221 ], [ -74.388, -15.249 ], [ -74.415, -15.299 ], [ -74.309, -15.36 ], [ -74.329, -15.394 ], [ -74.301, -15.478 ], [ -74.166, -15.484 ], [ -74.151, -15.429 ], [ -74.133, -15.415 ], [ -74.089, -15.391 ], [ -74.059, -15.409 ], [ -74.037, -15.456 ], [ -74.043, -15.491 ], [ -74.079, -15.516 ], [ -74.067, -15.539 ], [ -74.085, -15.619 ], [ -74.063, -15.63 ], [ -74.02, -15.6 ], [ -74.01, -15.559 ], [ -73.969, -15.533 ], [ -73.94, -15.483 ], [ -73.872, -15.433 ], [ -73.884, -15.337 ], [ -73.865, -15.324 ], [ -73.776, -15.339 ], [ -73.759, -15.385 ], [ -73.686, -15.438 ], [ -73.653, -15.417 ], [ -73.556, -15.408 ], [ -73.442, -15.356 ], [ -73.43, -15.379 ], [ -73.391, -15.399 ], [ -73.366, -15.387 ], [ -73.336, -15.405 ], [ -73.275, -15.393 ], [ -73.294, -15.359 ], [ -73.278, -15.318 ], [ -73.285, -15.295 ], [ -73.246, -15.286 ], [ -73.172, -15.306 ], [ -73.121, -15.231 ], [ -73.112, -15.187 ], [ -73.048, -15.134 ], [ -73.022, -15.132 ], [ -73.005, -15.008 ], [ -72.983, -14.982 ], [ -73.032, -14.897 ], [ -73.003, -14.815 ], [ -72.93, -14.758 ], [ -72.885, -14.772 ], [ -72.843, -14.758 ], [ -72.828, -14.702 ], [ -72.798, -14.659 ], [ -72.766, -14.664 ], [ -72.741, -14.644 ], [ -72.725, -14.644 ], [ -72.724, -14.677 ], [ -72.691, -14.689 ], [ -72.645, -14.667 ], [ -72.611, -14.676 ], [ -72.594, -14.714 ], [ -72.57, -14.683 ], [ -72.477, -14.658 ], [ -72.46, -14.676 ], [ -72.487, -14.714 ], [ -72.487, -14.742 ], [ -72.469, -14.787 ], [ -72.435, -14.79 ], [ -72.417, -14.823 ], [ -72.315, -14.834 ], [ -72.253, -14.804 ], [ -72.212, -14.803 ], [ -72.189, -14.778 ], [ -72.146, -14.777 ], [ -72.132, -14.789 ], [ -72.131, -14.828 ], [ -72.063, -14.888 ], [ -72.046, -14.887 ], [ -72.04, -14.839 ], [ -72.025, -14.829 ], [ -72.041, -14.81 ], [ -72.041, -14.689 ], [ -71.989, -14.633 ], [ -71.929, -14.689 ], [ -71.952, -14.704 ], [ -71.959, -14.733 ], [ -71.924, -14.79 ], [ -71.876, -14.801 ], [ -71.855, -14.855 ], [ -71.86, -14.884 ], [ -71.827, -14.889 ], [ -71.826, -14.907 ], [ -71.793, -14.896 ], [ -71.746, -14.94 ], [ -71.77, -14.982 ], [ -71.766, -15.01 ], [ -71.849, -15.045 ], [ -71.837, -15.076 ], [ -71.801, -15.067 ], [ -71.773, -15.082 ], [ -71.674, -15.089 ], [ -71.636, -15.139 ], [ -71.615, -15.146 ], [ -71.588, -15.128 ], [ -71.572, -15.062 ], [ -71.513, -15.08 ], [ -71.486, -15.059 ], [ -71.51, -15.005 ], [ -71.505, -14.976 ], [ -71.448, -14.98 ], [ -71.417, -15.034 ], [ -71.319, -15.12 ], [ -71.261, -15.078 ], [ -71.266, -15.063 ], [ -71.227, -15.07 ], [ -71.207, -15.051 ], [ -71.197, -15.089 ], [ -71.143, -15.122 ], [ -71.185, -15.17 ], [ -71.16, -15.208 ], [ -71.202, -15.245 ], [ -71.195, -15.271 ], [ -71.164, -15.291 ], [ -71.151, -15.356 ], [ -71.174, -15.424 ], [ -71.15, -15.441 ], [ -71.12, -15.427 ], [ -71.085, -15.458 ], [ -71.039, -15.405 ], [ -70.994, -15.455 ], [ -71.018, -15.5 ], [ -71.007, -15.564 ], [ -70.982, -15.598 ], [ -70.924, -15.633 ], [ -70.9, -15.713 ], [ -70.942, -15.775 ], [ -70.89, -15.852 ], [ -70.893, -15.888 ], [ -70.866, -15.889 ], [ -70.843, -15.923 ], [ -70.832, -15.949 ], [ -70.842, -15.969 ], [ -70.82, -15.978 ], [ -70.829, -15.999 ], [ -70.804, -16.054 ], [ -70.857, -16.056 ], [ -70.895, -16.105 ], [ -70.867, -16.128 ], [ -70.879, -16.167 ], [ -70.854, -16.197 ], [ -70.867, -16.225 ], [ -70.845, -16.235 ], [ -70.876, -16.282 ], [ -70.917, -16.283 ], [ -70.944, -16.314 ], [ -70.986, -16.31 ], [ -70.956, -16.473 ], [ -71.013, -16.499 ], [ -71.037, -16.486 ], [ -71.047, -16.454 ], [ -71.125, -16.461 ], [ -71.14, -16.475 ], [ -71.242, -16.463 ], [ -71.237, -16.515 ], [ -71.26, -16.605 ], [ -71.279, -16.616 ], [ -71.289, -16.726 ], [ -71.327, -16.752 ], [ -71.369, -16.72 ], [ -71.426, -16.741 ], [ -71.444, -16.816 ], [ -71.424, -16.919 ], [ -71.466, -16.953 ], [ -71.406, -16.956 ], [ -71.385, -17.021 ], [ -71.339, -17.022 ], [ -71.319, -17.041 ], [ -71.325, -17.06 ], [ -71.302, -17.094 ], [ -71.325, -17.135 ], [ -71.491, -17.285 ], [ -71.538, -17.254 ], [ -71.564, -17.262 ], [ -71.69, -17.212 ], [ -71.804, -17.187 ], [ -72.023, -17.022 ], [ -72.112, -17.016 ], [ -72.104, -16.996 ], [ -72.119, -16.97 ], [ -72.144, -16.966 ], [ -72.212, -16.902 ], [ -72.288, -16.875 ], [ -72.289, -16.837 ], [ -72.31, -16.808 ], [ -72.373, -16.752 ], [ -72.401, -16.751 ], [ -72.448, -16.702 ], [ -72.73, -16.646 ] ], [ [ -71.148, -16.326 ], [ -71.14, -16.35 ], [ -71.197, -16.356 ], [ -71.196, -16.383 ], [ -71.172, -16.377 ], [ -71.093, -16.408 ], [ -71.102, -16.341 ], [ -71.148, -16.326 ] ] ] } },
{ "type": "Feature", "properties": { }, "geometry": { "type": "Polygon", "coordinates": [ [ [ -74.399, -15.181 ], [ -74.553, -15.14 ], [ -74.606, -15.149 ], [ -74.629, -15.124 ], [ -74.652, -15.139 ], [ -74.714, -15.139 ], [ -74.753, -15.113 ], [ -74.759, -15.093 ], [ -74.665, -15.05 ], [ -74.666, -14.998 ], [ -74.646, -14.978 ], [ -74.685, -14.93 ], [ -74.662, -14.9 ], [ -74.681, -14.854 ], [ -74.694, -14.838 ], [ -74.733, -14.847 ], [ -74.755, -14.835 ], [ -74.714, -14.818 ], [ -74.748, -14.813 ], [ -74.765, -14.79 ], [ -74.716, -14.71 ], [ -74.803, -14.752 ], [ -74.825, -14.736 ], [ -74.849, -14.672 ], [ -74.788, -14.616 ], [ -74.859, -14.608 ], [ -74.884, -14.576 ], [ -74.884, -14.545 ], [ -74.947, -14.581 ], [ -74.959, -14.606 ], [ -75.032, -14.611 ], [ -75.056, -14.627 ], [ -75.066, -14.574 ], [ -75.08, -14.569 ], [ -75.067, -14.528 ], [ -75.087, -14.53 ], [ -75.098, -14.485 ], [ -75.053, -14.431 ], [ -75.106, -14.434 ], [ -75.14, -14.416 ], [ -75.094, -14.312 ], [ -75.032, -14.266 ], [ -75.066, -14.252 ], [ -75.091, -14.215 ], [ -75.029, -14.072 ], [ -74.975, -14.074 ], [ -74.896, -14.104 ], [ -74.861, -14.067 ], [ -74.825, -14.092 ], [ -74.759, -14.079 ], [ -74.785, -13.99 ], [ -74.768, -13.979 ], [ -74.785, -13.888 ], [ -74.76, -13.831 ], [ -74.779, -13.785 ], [ -74.762, -13.782 ], [ -74.754, -13.737 ], [ -74.775, -13.711 ], [ -74.771, -13.606 ], [ -74.8, -13.547 ], [ -74.832, -13.532 ], [ -74.862, -13.482 ], [ -74.902, -13.466 ], [ -74.897, -13.394 ], [ -74.869, -13.36 ], [ -74.77, -13.346 ], [ -74.76, -13.325 ], [ -74.718, -13.364 ], [ -74.633, -13.345 ], [ -74.667, -13.327 ], [ -74.686, -13.286 ], [ -74.645, -13.274 ], [ -74.572, -13.185 ], [ -74.542, -13.201 ], [ -74.458, -13.19 ], [ -74.42, -13.16 ], [ -74.396, -13.169 ], [ -74.389, -13.13 ], [ -74.411, -13.12 ], [ -74.411, -13.079 ], [ -74.38, -13.024 ], [ -74.346, -13.026 ], [ -74.31, -13.06 ], [ -74.272, -13.069 ], [ -74.295, -12.937 ], [ -74.326, -12.93 ], [ -74.33, -12.915 ], [ -74.319, -12.887 ], [ -74.33, -12.836 ], [ -74.295, -12.83 ], [ -74.285, -12.788 ], [ -74.294, -12.751 ], [ -74.328, -12.744 ], [ -74.349, -12.717 ], [ -74.327, -12.68 ], [ -74.342, -12.625 ], [ -74.324, -12.604 ], [ -74.363, -12.594 ], [ -74.387, -12.567 ], [ -74.399, -12.503 ], [ -74.415, -12.492 ], [ -74.409, -12.452 ], [ -74.507, -12.448 ], [ -74.549, -12.374 ], [ -74.565, -12.361 ], [ -74.576, -12.373 ], [ -74.581, -12.333 ], [ -74.555, -12.288 ], [ -74.507, -12.312 ], [ -74.474, -12.272 ], [ -74.442, -12.272 ], [ -74.416, -12.305 ], [ -74.385, -12.272 ], [ -74.394, -12.252 ], [ -74.376, -12.229 ], [ -74.387, -12.188 ], [ -74.349, -12.168 ], [ -74.322, -12.23 ], [ -74.291, -12.223 ], [ -74.218, -12.278 ], [ -74.219, -12.302 ], [ -74.147, -12.324 ], [ -74.131, -12.315 ], [ -74.125, -12.334 ], [ -74.097, -12.284 ], [ -74.04, -12.261 ], [ -74.0, -12.284 ], [ -73.98, -12.243 ], [ -73.97, -12.348 ], [ -73.948, -12.351 ], [ -73.886, -12.406 ], [ -73.854, -12.489 ], [ -73.853, -12.534 ], [ -73.824, -12.533 ], [ -73.801, -12.615 ], [ -73.765, -12.648 ], [ -73.725, -12.637 ], [ -73.626, -12.765 ], [ -73.627, -12.788 ], [ -73.59, -12.824 ], [ -73.582, -12.859 ], [ -73.524, -12.899 ], [ -73.53, -12.932 ], [ -73.497, -12.933 ], [ -73.508, -12.972 ], [ -73.53, -12.985 ], [ -73.505, -13.011 ], [ -73.477, -13.001 ], [ -73.49, -13.066 ], [ -73.478, -13.056 ], [ -73.449, -13.08 ], [ -73.455, -13.121 ], [ -73.415, -13.145 ], [ -73.41, -13.212 ], [ -73.382, -13.225 ], [ -73.364, -13.269 ], [ -73.346, -13.278 ], [ -73.348, -13.302 ], [ -73.311, -13.326 ], [ -73.287, -13.373 ], [ -73.211, -13.421 ], [ -73.235, -13.477 ], [ -73.312, -13.447 ], [ -73.332, -13.456 ], [ -73.347, -13.435 ], [ -73.404, -13.445 ], [ -73.481, -13.431 ], [ -73.507, -13.384 ], [ -73.571, -13.363 ], [ -73.574, -13.339 ], [ -73.608, -13.332 ], [ -73.698, -13.265 ], [ -73.728, -13.268 ], [ -73.74, -13.211 ], [ -73.729, -13.187 ], [ -73.753, -13.171 ], [ -73.793, -13.194 ], [ -73.824, -13.248 ], [ -73.806, -13.313 ], [ -73.832, -13.33 ], [ -73.847, -13.401 ], [ -73.827, -13.434 ], [ -73.839, -13.456 ], [ -73.804, -13.555 ], [ -73.806, -13.615 ], [ -73.792, -13.641 ], [ -73.728, -13.668 ], [ -73.715, -13.705 ], [ -73.67, -13.734 ], [ -73.74, -13.756 ], [ -73.742, -13.792 ], [ -73.698, -13.847 ], [ -73.68, -13.915 ], [ -73.656, -13.931 ], [ -73.619, -14.017 ], [ -73.611, -14.09 ], [ -73.587, -14.11 ], [ -73.512, -14.268 ], [ -73.554, -14.401 ], [ -73.582, -14.416 ], [ -73.571, -14.457 ], [ -73.551, -14.465 ], [ -73.555, -14.481 ], [ -73.507, -14.544 ], [ -73.534, -14.584 ], [ -73.514, -14.659 ], [ -73.575, -14.695 ], [ -73.563, -14.779 ], [ -73.513, -14.826 ], [ -73.465, -14.84 ], [ -73.44, -14.787 ], [ -73.405, -14.765 ], [ -73.364, -14.682 ], [ -73.351, -14.704 ], [ -73.284, -14.734 ], [ -73.264, -14.71 ], [ -73.19, -14.706 ], [ -73.153, -14.674 ], [ -73.11, -14.692 ], [ -73.098, -14.651 ], [ -73.063, -14.666 ], [ -73.043, -14.657 ], [ -73.043, -14.623 ], [ -73.015, -14.631 ], [ -72.998, -14.663 ], [ -72.975, -14.652 ], [ -72.936, -14.695 ], [ -72.918, -14.685 ], [ -72.867, -14.708 ], [ -72.847, -14.76 ], [ -72.885, -14.772 ], [ -72.93, -14.758 ], [ -73.003, -14.815 ], [ -73.032, -14.897 ], [ -72.983, -14.982 ], [ -73.005, -15.008 ], [ -73.022, -15.132 ], [ -73.048, -15.134 ], [ -73.112, -15.187 ], [ -73.121, -15.231 ], [ -73.172, -15.306 ], [ -73.246, -15.286 ], [ -73.285, -15.295 ], [ -73.278, -15.318 ], [ -73.294, -15.359 ], [ -73.276, -15.394 ], [ -73.336, -15.405 ], [ -73.366, -15.387 ], [ -73.391, -15.399 ], [ -73.43, -15.379 ], [ -73.442, -15.356 ], [ -73.556, -15.408 ], [ -73.653, -15.417 ], [ -73.686, -15.438 ], [ -73.759, -15.385 ], [ -73.776, -15.339 ], [ -73.865, -15.324 ], [ -73.884, -15.337 ], [ -73.872, -15.433 ], [ -73.94, -15.483 ], [ -73.969, -15.533 ], [ -74.01, -15.559 ], [ -74.02, -15.6 ], [ -74.063, -15.63 ], [ -74.085, -15.619 ], [ -74.067, -15.539 ], [ -74.079, -15.516 ], [ -74.043, -15.491 ], [ -74.037, -15.456 ], [ -74.059, -15.409 ], [ -74.089, -15.391 ], [ -74.133, -15.415 ], [ -74.151, -15.429 ], [ -74.166, -15.484 ], [ -74.301, -15.478 ], [ -74.329, -15.394 ], [ -74.309, -15.36 ], [ -74.415, -15.299 ], [ -74.388, -15.252 ], [ -74.399, -15.181 ] ], [ [ -73.741, -15.265 ], [ -73.739, -15.309 ], [ -73.685, -15.334 ], [ -73.639, -15.29 ], [ -73.666, -15.271 ], [ -73.687, -15.276 ], [ -73.701, -15.247 ], [ -73.741, -15.265 ] ] ] } },
{ "type": "Feature", "properties": { }, "geometry": { "type": "Polygon", "coordinates": [ [ [ -79.073, -7.469 ], [ -79.154, -7.439 ], [ -79.194, -7.373 ], [ -79.232, -7.391 ], [ -79.283, -7.349 ], [ -79.316, -7.36 ], [ -79.369, -7.324 ], [ -79.307, -7.284 ], [ -79.269, -7.278 ], [ -79.276, -7.216 ], [ -79.252, -7.198 ], [ -79.305, -7.147 ], [ -79.296, -7.13 ], [ -79.33, -7.076 ], [ -79.323, -7.026 ], [ -79.297, -7.001 ], [ -79.311, -6.901 ], [ -79.263, -6.859 ], [ -79.225, -6.858 ], [ -79.207, -6.821 ], [ -79.121, -6.777 ], [ -79.143, -6.7 ], [ -79.188, -6.717 ], [ -79.229, -6.671 ], [ -79.296, -6.676 ], [ -79.304, -6.652 ], [ -79.362, -6.635 ], [ -79.336, -6.602 ], [ -79.361, -6.569 ], [ -79.37, -6.521 ], [ -79.404, -6.541 ], [ -79.422, -6.533 ], [ -79.417, -6.505 ], [ -79.434, -6.481 ], [ -79.423, -6.452 ], [ -79.459, -6.372 ], [ -79.423, -6.31 ], [ -79.353, -6.304 ], [ -79.329, -6.266 ], [ -79.3, -6.267 ], [ -79.279, -6.229 ], [ -79.249, -6.224 ], [ -79.273, -6.148 ], [ -79.235, -6.094 ], [ -79.182, -6.089 ], [ -79.189, -6.059 ], [ -79.176, -6.041 ], [ -79.204, -6.024 ], [ -79.225, -6.055 ], [ -79.241, -6.029 ], [ -79.266, -6.025 ], [ -79.263, -6.003 ], [ -79.3, -5.985 ], [ -79.322, -5.999 ], [ -79.317, -6.043 ], [ -79.349, -5.98 ], [ -79.396, -5.977 ], [ -79.418, -6.003 ], [ -79.421, -5.972 ], [ -79.362, -5.933 ], [ -79.335, -5.894 ], [ -79.399, -5.771 ], [ -79.399, -5.703 ], [ -79.371, -5.603 ], [ -79.399, -5.533 ], [ -79.276, -5.52 ], [ -79.308, -5.365 ], [ -79.326, -5.348 ], [ -79.328, -5.316 ], [ -79.359, -5.289 ], [ -79.348, -5.234 ], [ -79.378, -5.19 ], [ -79.342, -5.164 ], [ -79.33, -5.124 ], [ -79.296, -5.112 ], [ -79.273, -5.059 ], [ -79.226, -5.048 ], [ -79.208, -4.964 ], [ -79.111, -4.979 ], [ -79.076, -4.971 ], [ -79.071, -4.991 ], [ -79.015, -5.015 ], [ -78.972, -4.895 ], [ -78.892, -4.887 ], [ -78.912, -4.852 ], [ -78.892, -4.808 ], [ -78.915, -4.781 ], [ -78.89, -4.764 ], [ -78.89, -4.717 ], [ -78.862, -4.675 ], [ -78.805, -4.638 ], [ -78.706, -4.624 ], [ -78.665, -4.656 ], [ -78.638, -4.656 ], [ -78.645, -4.735 ], [ -78.628, -4.74 ], [ -78.621, -4.768 ], [ -78.642, -4.802 ], [ -78.632, -4.836 ], [ -78.645, -4.907 ], [ -78.678, -4.968 ], [ -78.651, -4.979 ], [ -78.641, -5.034 ], [ -78.696, -5.093 ], [ -78.711, -5.156 ], [ -78.685, -5.266 ], [ -78.654, -5.274 ], [ -78.638, -5.305 ], [ -78.581, -5.308 ], [ -78.504, -5.412 ], [ -78.448, -5.398 ], [ -78.454, -5.426 ], [ -78.558, -5.495 ], [ -78.55, -5.533 ], [ -78.583, -5.551 ], [ -78.625, -5.639 ], [ -78.685, -5.697 ], [ -78.651, -5.726 ], [ -78.692, -5.751 ], [ -78.712, -5.829 ], [ -78.696, -5.889 ], [ -78.611, -6.017 ], [ -78.6, -6.066 ], [ -78.583, -6.079 ], [ -78.51, -6.077 ], [ -78.418, -6.191 ], [ -78.415, -6.213 ], [ -78.37, -6.239 ], [ -78.369, -6.273 ], [ -78.335, -6.319 ], [ -78.333, -6.352 ], [ -78.291, -6.373 ], [ -78.277, -6.399 ], [ -78.243, -6.402 ], [ -78.21, -6.458 ], [ -78.19, -6.457 ], [ -78.174, -6.494 ], [ -78.152, -6.5 ], [ -78.138, -6.563 ], [ -78.117, -6.578 ], [ -78.107, -6.643 ], [ -78.045, -6.692 ], [ -78.014, -6.821 ], [ -78.031, -6.848 ], [ -78.001, -6.867 ], [ -78.014, -6.932 ], [ -77.988, -6.975 ], [ -78.001, -6.989 ], [ -77.93, -7.106 ], [ -77.926, -7.155 ], [ -77.898, -7.167 ], [ -77.882, -7.221 ], [ -77.849, -7.236 ], [ -77.857, -7.283 ], [ -77.833, -7.305 ], [ -77.825, -7.379 ], [ -77.772, -7.419 ], [ -77.741, -7.467 ], [ -77.857, -7.524 ], [ -77.868, -7.583 ], [ -77.922, -7.6 ], [ -77.913, -7.626 ], [ -77.941, -7.641 ], [ -77.937, -7.657 ], [ -77.96, -7.655 ], [ -77.963, -7.674 ], [ -78.05, -7.679 ], [ -78.081, -7.696 ], [ -78.128, -7.653 ], [ -78.171, -7.713 ], [ -78.219, -7.724 ], [ -78.222, -7.763 ], [ -78.281, -7.747 ], [ -78.276, -7.72 ], [ -78.348, -7.686 ], [ -78.36, -7.645 ], [ -78.383, -7.63 ], [ -78.378, -7.594 ], [ -78.357, -7.574 ], [ -78.361, -7.53 ], [ -78.349, -7.511 ], [ -78.326, -7.51 ], [ -78.331, -7.496 ], [ -78.416, -7.485 ], [ -78.491, -7.555 ], [ -78.625, -7.549 ], [ -78.65, -7.528 ], [ -78.628, -7.453 ], [ -78.664, -7.404 ], [ -78.734, -7.421 ], [ -78.76, -7.402 ], [ -78.781, -7.424 ], [ -78.79, -7.395 ], [ -78.887, -7.484 ], [ -78.851, -7.522 ], [ -78.913, -7.551 ], [ -78.944, -7.598 ], [ -78.954, -7.65 ], [ -78.992, -7.661 ], [ -79.041, -7.6 ], [ -79.039, -7.562 ], [ -79.06, -7.547 ], [ -79.073, -7.469 ] ] ] } },
{ "type": "Feature", "properties": { }, "geometry": { "type": "Polygon", "coordinates": [ [ [ -77.078, -12.047 ], [ -77.111, -12.08 ], [ -77.171, -12.072 ], [ -77.141, -12.046 ], [ -77.155, -12.046 ], [ -77.133, -11.969 ], [ -77.146, -11.902 ], [ -77.185, -11.826 ], [ -77.127, -11.818 ], [ -77.095, -11.875 ], [ -77.095, -11.95 ], [ -77.129, -11.938 ], [ -77.11, -11.976 ], [ -77.118, -11.995 ], [ -77.089, -12.012 ], [ -77.096, -12.034 ], [ -77.078, -12.047 ] ] ] } },
{ "type": "Feature", "properties": { }, "geometry": { "type": "Polygon", "coordinates": [ [ [ -71.894, -14.79 ], [ -71.929, -14.785 ], [ -71.933, -14.756 ], [ -71.959, -14.733 ], [ -71.952, -14.704 ], [ -71.929, -14.689 ], [ -71.989, -14.633 ], [ -72.013, -14.646 ], [ -72.044, -14.703 ], [ -72.041, -14.81 ], [ -72.025, -14.829 ], [ -72.04, -14.839 ], [ -72.047, -14.887 ], [ -72.077, -14.884 ], [ -72.131, -14.828 ], [ -72.145, -14.778 ], [ -72.189, -14.778 ], [ -72.212, -14.803 ], [ -72.253, -14.804 ], [ -72.315, -14.834 ], [ -72.406, -14.827 ], [ -72.435, -14.79 ], [ -72.469, -14.787 ], [ -72.487, -14.741 ], [ -72.487, -14.714 ], [ -72.46, -14.676 ], [ -72.472, -14.661 ], [ -72.462, -14.606 ], [ -72.503, -14.553 ], [ -72.492, -14.534 ], [ -72.44, -14.482 ], [ -72.399, -14.484 ], [ -72.365, -14.462 ], [ -72.358, -14.436 ], [ -72.341, -14.428 ], [ -72.317, -14.441 ], [ -72.29, -14.424 ], [ -72.295, -14.411 ], [ -72.25, -14.403 ], [ -72.24, -14.348 ], [ -72.187, -14.313 ], [ -72.161, -14.264 ], [ -72.126, -14.254 ], [ -72.076, -14.207 ], [ -72.095, -14.173 ], [ -72.057, -14.129 ], [ -72.068, -14.077 ], [ -72.051, -14.027 ], [ -72.056, -13.931 ], [ -72.091, -13.885 ], [ -72.132, -13.787 ], [ -72.166, -13.748 ], [ -72.232, -13.722 ], [ -72.245, -13.687 ], [ -72.277, -13.684 ], [ -72.312, -13.708 ], [ -72.369, -13.666 ], [ -72.403, -13.659 ], [ -72.4, -13.634 ], [ -72.421, -13.606 ], [ -72.489, -13.592 ], [ -72.551, -13.554 ], [ -72.593, -13.562 ], [ -72.601, -13.544 ], [ -72.637, -13.542 ], [ -72.656, -13.513 ], [ -72.672, -13.522 ], [ -72.748, -13.481 ], [ -72.771, -13.449 ], [ -72.793, -13.457 ], [ -72.798, -13.422 ], [ -72.884, -13.417 ], [ -72.895, -13.389 ], [ -72.926, -13.383 ], [ -72.977, -13.388 ], [ -73.015, -13.427 ], [ -73.044, -13.412 ], [ -73.06, -13.438 ], [ -73.097, -13.449 ], [ -73.144, -13.419 ], [ -73.17, -13.452 ], [ -73.187, -13.416 ], [ -73.249, -13.404 ], [ -73.287, -13.373 ], [ -73.313, -13.325 ], [ -73.342, -13.311 ], [ -73.382, -13.225 ], [ -73.41, -13.212 ], [ -73.415, -13.145 ], [ -73.455, -13.121 ], [ -73.449, -13.08 ], [ -73.478, -13.056 ], [ -73.49, -13.067 ], [ -73.477, -13.001 ], [ -73.505, -13.011 ], [ -73.53, -12.985 ], [ -73.508, -12.972 ], [ -73.496, -12.933 ], [ -73.53, -12.932 ], [ -73.524, -12.899 ], [ -73.582, -12.859 ], [ -73.59, -12.824 ], [ -73.627, -12.788 ], [ -73.626, -12.765 ], [ -73.725, -12.637 ], [ -73.757, -12.651 ], [ -73.8, -12.615 ], [ -73.824, -12.533 ], [ -73.854, -12.532 ], [ -73.854, -12.489 ], [ -73.886, -12.406 ], [ -73.948, -12.351 ], [ -73.97, -12.348 ], [ -73.972, -12.294 ], [ -73.838, -12.243 ], [ -73.796, -12.262 ], [ -73.762, -12.253 ], [ -73.705, -12.269 ], [ -73.66, -12.329 ], [ -73.658, -12.36 ], [ -73.599, -12.386 ], [ -73.574, -12.277 ], [ -73.47, -12.237 ], [ -73.44, -12.152 ], [ -73.362, -12.136 ], [ -73.356, -12.111 ], [ -73.401, -12.091 ], [ -73.398, -12.021 ], [ -73.436, -11.996 ], [ -73.443, -11.939 ], [ -73.507, -11.865 ], [ -73.578, -11.836 ], [ -73.572, -11.743 ], [ -73.613, -11.676 ], [ -73.56, -11.592 ], [ -73.502, -11.563 ], [ -73.487, -11.535 ], [ -73.45, -11.533 ], [ -73.477, -11.458 ], [ -73.342, -11.311 ], [ -73.256, -11.313 ], [ -73.206, -11.29 ], [ -73.132, -11.294 ], [ -73.082, -11.273 ], [ -73.065, -11.284 ], [ -72.977, -11.212 ], [ -72.968, -11.266 ], [ -72.936, -11.291 ], [ -72.956, -11.305 ], [ -72.932, -11.307 ], [ -72.94, -11.323 ], [ -72.944, -11.31 ], [ -72.96, -11.314 ], [ -72.962, -11.335 ], [ -72.924, -11.327 ], [ -72.933, -11.35 ], [ -72.895, -11.358 ], [ -72.89, -11.343 ], [ -72.823, -11.39 ], [ -72.816, -11.375 ], [ -72.8, -11.386 ], [ -72.797, -11.364 ], [ -72.795, -11.385 ], [ -72.738, -11.347 ], [ -72.718, -11.362 ], [ -72.712, -11.347 ], [ -72.692, -11.396 ], [ -72.666, -11.386 ], [ -72.646, -11.413 ], [ -72.617, -11.418 ], [ -72.61, -11.44 ], [ -72.6, -11.419 ], [ -72.596, -11.44 ], [ -72.554, -11.432 ], [ -72.548, -11.448 ], [ -72.535, -11.425 ], [ -72.534, -11.439 ], [ -72.517, -11.432 ], [ -72.499, -11.395 ], [ -72.449, -11.386 ], [ -72.449, -11.371 ], [ -72.379, -11.333 ], [ -72.334, -11.316 ], [ -72.323, -11.325 ], [ -72.308, -11.307 ], [ -72.284, -11.317 ], [ -72.28, -11.34 ], [ -72.252, -11.33 ], [ -72.239, -11.345 ], [ -72.248, -11.385 ], [ -72.293, -11.433 ], [ -72.308, -11.588 ], [ -72.39, -11.651 ], [ -72.428, -11.705 ], [ -72.425, -11.733 ], [ -72.371, -11.785 ], [ -72.391, -11.828 ], [ -72.332, -11.856 ], [ -72.348, -11.891 ], [ -72.34, -11.966 ], [ -72.286, -11.975 ], [ -72.282, -11.996 ], [ -72.259, -12.006 ], [ -72.269, -12.054 ], [ -72.174, -12.06 ], [ -72.094, -12.085 ], [ -72.088, -12.143 ], [ -72.106, -12.239 ], [ -72.043, -12.255 ], [ -72.029, -12.287 ], [ -71.946, -12.33 ], [ -71.967, -12.348 ], [ -71.977, -12.399 ], [ -72.061, -12.438 ], [ -72.079, -12.499 ], [ -72.029, -12.526 ], [ -71.981, -12.58 ], [ -71.984, -12.608 ], [ -71.965, -12.615 ], [ -71.956, -12.654 ], [ -71.979, -12.683 ], [ -71.918, -12.699 ], [ -71.9, -12.733 ], [ -71.812, -12.744 ], [ -71.8, -12.766 ], [ -71.765, -12.767 ], [ -71.748, -12.796 ], [ -71.708, -12.773 ], [ -71.695, -12.739 ], [ -71.639, -12.709 ], [ -71.553, -12.709 ], [ -71.547, -12.735 ], [ -71.513, -12.744 ], [ -71.446, -12.827 ], [ -71.449, -12.863 ], [ -71.416, -12.894 ], [ -71.397, -12.883 ], [ -71.375, -12.901 ], [ -71.359, -12.881 ], [ -71.271, -12.962 ], [ -71.162, -12.967 ], [ -71.179, -12.998 ], [ -71.167, -13.018 ], [ -71.174, -13.055 ], [ -71.132, -13.22 ], [ -71.036, -13.27 ], [ -71.012, -13.265 ], [ -70.977, -13.17 ], [ -70.942, -13.156 ], [ -70.921, -13.111 ], [ -70.887, -13.103 ], [ -70.899, -13.07 ], [ -70.863, -13.08 ], [ -70.817, -13.07 ], [ -70.76, -13.108 ], [ -70.685, -13.107 ], [ -70.66, -13.088 ], [ -70.599, -13.099 ], [ -70.549, -13.153 ], [ -70.464, -13.16 ], [ -70.385, -13.199 ], [ -70.39, -13.231 ], [ -70.423, -13.255 ], [ -70.371, -13.276 ], [ -70.346, -13.313 ], [ -70.396, -13.317 ], [ -70.4, -13.372 ], [ -70.42, -13.359 ], [ -70.451, -13.365 ], [ -70.443, -13.395 ], [ -70.472, -13.44 ], [ -70.453, -13.448 ], [ -70.489, -13.5 ], [ -70.539, -13.531 ], [ -70.544, -13.578 ], [ -70.616, -13.609 ], [ -70.663, -13.661 ], [ -70.715, -13.663 ], [ -70.735, -13.735 ], [ -70.699, -13.803 ], [ -70.709, -13.843 ], [ -70.768, -13.814 ], [ -70.828, -13.828 ], [ -70.854, -13.799 ], [ -70.88, -13.817 ], [ -70.875, -13.839 ], [ -70.832, -13.857 ], [ -70.831, -13.895 ], [ -70.81, -13.912 ], [ -70.846, -13.964 ], [ -70.853, -13.998 ], [ -70.84, -14.008 ], [ -70.86, -14.031 ], [ -70.829, -14.076 ], [ -70.818, -14.068 ], [ -70.79, -14.081 ], [ -70.821, -14.141 ], [ -70.887, -14.172 ], [ -70.9, -14.233 ], [ -70.88, -14.27 ], [ -70.913, -14.303 ], [ -70.912, -14.341 ], [ -70.986, -14.38 ], [ -70.962, -14.445 ], [ -70.988, -14.455 ], [ -70.987, -14.499 ], [ -70.999, -14.503 ], [ -70.966, -14.568 ], [ -70.978, -14.583 ], [ -71.015, -14.578 ], [ -71.01, -14.598 ], [ -71.031, -14.593 ], [ -71.118, -14.648 ], [ -71.053, -14.754 ], [ -71.028, -14.76 ], [ -71.013, -14.74 ], [ -70.975, -14.766 ], [ -70.978, -14.824 ], [ -70.997, -14.844 ], [ -70.985, -14.946 ], [ -71.004, -14.999 ], [ -70.963, -15.216 ], [ -70.985, -15.249 ], [ -70.95, -15.302 ], [ -70.959, -15.319 ], [ -70.985, -15.317 ], [ -71.006, -15.335 ], [ -71.072, -15.451 ], [ -71.094, -15.458 ], [ -71.12, -15.427 ], [ -71.15, -15.441 ], [ -71.174, -15.424 ], [ -71.151, -15.356 ], [ -71.164, -15.291 ], [ -71.195, -15.271 ], [ -71.202, -15.245 ], [ -71.16, -15.208 ], [ -71.185, -15.17 ], [ -71.143, -15.122 ], [ -71.197, -15.089 ], [ -71.207, -15.051 ], [ -71.227, -15.07 ], [ -71.266, -15.063 ], [ -71.261, -15.078 ], [ -71.319, -15.12 ], [ -71.417, -15.034 ], [ -71.448, -14.98 ], [ -71.505, -14.976 ], [ -71.51, -15.005 ], [ -71.486, -15.059 ], [ -71.513, -15.08 ], [ -71.572, -15.062 ], [ -71.588, -15.128 ], [ -71.615, -15.146 ], [ -71.636, -15.139 ], [ -71.674, -15.089 ], [ -71.773, -15.082 ], [ -71.801, -15.067 ], [ -71.835, -15.077 ], [ -71.849, -15.045 ], [ -71.766, -15.01 ], [ -71.77, -14.982 ], [ -71.746, -14.94 ], [ -71.793, -14.896 ], [ -71.826, -14.907 ], [ -71.827, -14.889 ], [ -71.86, -14.884 ], [ -71.855, -14.855 ], [ -71.894, -14.79 ] ], [ [ -71.221, -14.503 ], [ -71.17, -14.524 ], [ -71.156, -14.497 ], [ -71.248, -14.439 ], [ -71.284, -14.436 ], [ -71.221, -14.503 ] ] ] } },
{ "type": "Feature", "properties": { }, "geometry": { "type": "Polygon", "coordinates": [ [ [ -75.187, -14.054 ], [ -75.261, -14.04 ], [ -75.233, -14.003 ], [ -75.329, -14.018 ], [ -75.356, -13.996 ], [ -75.359, -13.971 ], [ -75.434, -13.914 ], [ -75.546, -13.889 ], [ -75.56, -13.871 ], [ -75.563, -13.841 ], [ -75.525, -13.818 ], [ -75.538, -13.762 ], [ -75.555, -13.75 ], [ -75.531, -13.743 ], [ -75.485, -13.655 ], [ -75.52, -13.604 ], [ -75.477, -13.525 ], [ -75.495, -13.524 ], [ -75.47, -13.484 ], [ -75.466, -13.434 ], [ -75.5, -13.389 ], [ -75.501, -13.355 ], [ -75.538, -13.405 ], [ -75.599, -13.39 ], [ -75.615, -13.417 ], [ -75.633, -13.411 ], [ -75.689, -13.44 ], [ -75.719, -13.413 ], [ -75.809, -13.397 ], [ -75.788, -13.335 ], [ -75.706, -13.288 ], [ -75.702, -13.227 ], [ -75.689, -13.214 ], [ -75.706, -13.188 ], [ -75.694, -13.147 ], [ -75.719, -13.11 ], [ -75.687, -13.043 ], [ -75.676, -13.044 ], [ -75.681, -13.07 ], [ -75.658, -13.082 ], [ -75.629, -13.057 ], [ -75.639, -13.031 ], [ -75.603, -12.98 ], [ -75.636, -12.916 ], [ -75.613, -12.859 ], [ -75.57, -12.843 ], [ -75.56, -12.817 ], [ -75.53, -12.822 ], [ -75.508, -12.78 ], [ -75.577, -12.716 ], [ -75.554, -12.704 ], [ -75.551, -12.684 ], [ -75.58, -12.641 ], [ -75.525, -12.618 ], [ -75.467, -12.683 ], [ -75.453, -12.657 ], [ -75.461, -12.631 ], [ -75.443, -12.618 ], [ -75.415, -12.628 ], [ -75.409, -12.585 ], [ -75.319, -12.515 ], [ -75.325, -12.486 ], [ -75.216, -12.463 ], [ -75.22, -12.39 ], [ -75.182, -12.36 ], [ -75.154, -12.396 ], [ -75.131, -12.379 ], [ -75.14, -12.341 ], [ -75.099, -12.285 ], [ -75.1, -12.251 ], [ -75.049, -12.201 ], [ -75.049, -12.168 ], [ -75.077, -12.147 ], [ -75.063, -12.135 ], [ -75.065, -12.092 ], [ -75.086, -12.053 ], [ -75.049, -11.999 ], [ -74.998, -12.021 ], [ -74.939, -12.018 ], [ -74.871, -12.066 ], [ -74.837, -12.071 ], [ -74.819, -12.054 ], [ -74.745, -12.041 ], [ -74.717, -12.059 ], [ -74.683, -12.038 ], [ -74.658, -11.993 ], [ -74.624, -11.985 ], [ -74.603, -12.0 ], [ -74.572, -11.985 ], [ -74.488, -12.034 ], [ -74.454, -12.034 ], [ -74.414, -12.076 ], [ -74.41, -12.106 ], [ -74.351, -12.138 ], [ -74.361, -12.155 ], [ -74.343, -12.171 ], [ -74.387, -12.188 ], [ -74.376, -12.229 ], [ -74.394, -12.252 ], [ -74.385, -12.272 ], [ -74.416, -12.305 ], [ -74.442, -12.272 ], [ -74.474, -12.272 ], [ -74.507, -12.312 ], [ -74.555, -12.288 ], [ -74.581, -12.333 ], [ -74.576, -12.373 ], [ -74.565, -12.361 ], [ -74.549, -12.374 ], [ -74.507, -12.448 ], [ -74.409, -12.452 ], [ -74.415, -12.492 ], [ -74.399, -12.503 ], [ -74.387, -12.567 ], [ -74.363, -12.594 ], [ -74.324, -12.604 ], [ -74.342, -12.625 ], [ -74.327, -12.68 ], [ -74.349, -12.717 ], [ -74.328, -12.744 ], [ -74.294, -12.751 ], [ -74.285, -12.788 ], [ -74.295, -12.83 ], [ -74.33, -12.836 ], [ -74.319, -12.887 ], [ -74.33, -12.915 ], [ -74.326, -12.93 ], [ -74.295, -12.937 ], [ -74.272, -13.069 ], [ -74.31, -13.06 ], [ -74.346, -13.026 ], [ -74.38, -13.024 ], [ -74.411, -13.079 ], [ -74.411, -13.12 ], [ -74.389, -13.13 ], [ -74.396, -13.169 ], [ -74.42, -13.16 ], [ -74.458, -13.19 ], [ -74.542, -13.201 ], [ -74.572, -13.185 ], [ -74.645, -13.274 ], [ -74.686, -13.286 ], [ -74.667, -13.327 ], [ -74.633, -13.345 ], [ -74.718, -13.364 ], [ -74.76, -13.325 ], [ -74.77, -13.346 ], [ -74.869, -13.36 ], [ -74.898, -13.395 ], [ -74.902, -13.466 ], [ -74.862, -13.482 ], [ -74.832, -13.532 ], [ -74.8, -13.547 ], [ -74.771, -13.606 ], [ -74.775, -13.711 ], [ -74.754, -13.737 ], [ -74.762, -13.782 ], [ -74.779, -13.785 ], [ -74.76, -13.831 ], [ -74.785, -13.888 ], [ -74.768, -13.979 ], [ -74.785, -13.99 ], [ -74.763, -14.084 ], [ -74.825, -14.092 ], [ -74.861, -14.067 ], [ -74.896, -14.104 ], [ -75.015, -14.069 ], [ -75.03, -14.073 ], [ -75.058, -14.13 ], [ -75.064, -14.088 ], [ -75.089, -14.082 ], [ -75.109, -14.033 ], [ -75.166, -14.073 ], [ -75.187, -14.054 ] ] ] } },
{ "type": "Feature", "properties": { }, "geometry": { "type": "Polygon", "coordinates": [ [ [ -76.808, -10.393 ], [ -76.832, -10.393 ], [ -76.841, -10.363 ], [ -76.866, -10.375 ], [ -76.916, -10.218 ], [ -76.915, -10.12 ], [ -76.88, -10.117 ], [ -76.871, -10.094 ], [ -76.854, -10.102 ], [ -76.843, -10.087 ], [ -76.807, -10.084 ], [ -76.825, -10.009 ], [ -76.814, -9.96 ], [ -76.842, -9.931 ], [ -76.898, -9.809 ], [ -76.902, -9.77 ], [ -76.941, -9.706 ], [ -76.981, -9.725 ], [ -76.974, -9.76 ], [ -77.021, -9.711 ], [ -77.049, -9.648 ], [ -77.029, -9.613 ], [ -76.995, -9.603 ], [ -76.98, -9.564 ], [ -76.955, -9.559 ], [ -76.938, -9.525 ], [ -76.953, -9.467 ], [ -76.93, -9.433 ], [ -76.935, -9.399 ], [ -76.87, -9.314 ], [ -76.868, -9.291 ], [ -76.836, -9.264 ], [ -76.815, -9.326 ], [ -76.765, -9.367 ], [ -76.741, -9.33 ], [ -76.728, -9.233 ], [ -76.79, -9.136 ], [ -76.87, -9.114 ], [ -76.929, -9.071 ], [ -76.98, -9.063 ], [ -77.036, -9.0 ], [ -77.11, -8.97 ], [ -77.106, -8.949 ], [ -77.165, -8.889 ], [ -77.174, -8.834 ], [ -77.248, -8.727 ], [ -77.261, -8.649 ], [ -77.294, -8.635 ], [ -77.289, -8.59 ], [ -77.317, -8.53 ], [ -77.283, -8.506 ], [ -77.264, -8.468 ], [ -77.203, -8.485 ], [ -77.134, -8.44 ], [ -77.14, -8.48 ], [ -77.082, -8.487 ], [ -77.092, -8.517 ], [ -77.05, -8.554 ], [ -77.012, -8.538 ], [ -76.977, -8.561 ], [ -76.949, -8.546 ], [ -76.919, -8.57 ], [ -76.887, -8.555 ], [ -76.865, -8.566 ], [ -76.843, -8.525 ], [ -76.804, -8.511 ], [ -76.768, -8.527 ], [ -76.728, -8.515 ], [ -76.697, -8.532 ], [ -76.548, -8.498 ], [ -76.495, -8.55 ], [ -76.493, -8.576 ], [ -76.466, -8.57 ], [ -76.417, -8.444 ], [ -76.367, -8.412 ], [ -76.333, -8.431 ], [ -76.312, -8.501 ], [ -76.325, -8.524 ], [ -76.3, -8.557 ], [ -76.306, -8.573 ], [ -76.28, -8.574 ], [ -76.287, -8.585 ], [ -76.264, -8.61 ], [ -76.269, -8.652 ], [ -76.253, -8.665 ], [ -76.257, -8.707 ], [ -76.229, -8.745 ], [ -76.245, -8.751 ], [ -76.226, -8.786 ], [ -76.199, -8.77 ], [ -76.203, -8.753 ], [ -76.167, -8.757 ], [ -76.139, -8.667 ], [ -76.107, -8.649 ], [ -76.135, -8.573 ], [ -76.131, -8.468 ], [ -76.108, -8.399 ], [ -76.128, -8.358 ], [ -76.107, -8.332 ], [ -76.056, -8.329 ], [ -76.042, -8.342 ], [ -75.997, -8.306 ], [ -75.946, -8.399 ], [ -75.968, -8.46 ], [ -75.955, -8.499 ], [ -75.971, -8.512 ], [ -75.979, -8.653 ], [ -75.922, -8.781 ], [ -75.928, -8.845 ], [ -75.884, -8.973 ], [ -75.892, -9.002 ], [ -75.838, -9.062 ], [ -75.796, -9.203 ], [ -75.764, -9.217 ], [ -75.764, -9.238 ], [ -75.72, -9.277 ], [ -75.669, -9.418 ], [ -75.601, -9.414 ], [ -75.494, -9.377 ], [ -75.452, -9.296 ], [ -75.372, -9.31 ], [ -75.334, -9.289 ], [ -75.304, -9.297 ], [ -75.272, -9.268 ], [ -75.272, -9.233 ], [ -75.242, -9.221 ], [ -75.212, -9.176 ], [ -75.241, -9.101 ], [ -75.206, -9.101 ], [ -75.201, -9.064 ], [ -75.162, -9.034 ], [ -75.174, -9.012 ], [ -75.12, -8.984 ], [ -75.135, -8.946 ], [ -75.108, -8.922 ], [ -75.122, -8.881 ], [ -74.941, -8.858 ], [ -74.852, -8.763 ], [ -74.847, -8.662 ], [ -74.664, -8.562 ], [ -74.59, -8.549 ], [ -74.547, -8.585 ], [ -74.527, -8.755 ], [ -74.532, -8.776 ], [ -74.618, -8.832 ], [ -74.624, -8.889 ], [ -74.644, -8.919 ], [ -74.648, -8.996 ], [ -74.669, -9.02 ], [ -74.651, -9.049 ], [ -74.678, -9.094 ], [ -74.637, -9.126 ], [ -74.624, -9.216 ], [ -74.587, -9.297 ], [ -74.627, -9.365 ], [ -74.654, -9.369 ], [ -74.709, -9.422 ], [ -74.676, -9.447 ], [ -74.729, -9.472 ], [ -74.751, -9.525 ], [ -74.736, -9.574 ], [ -74.772, -9.612 ], [ -74.765, -9.636 ], [ -74.787, -9.666 ], [ -74.822, -9.677 ], [ -74.817, -9.736 ], [ -74.844, -9.749 ], [ -74.847, -9.78 ], [ -74.816, -9.795 ], [ -74.836, -9.82 ], [ -74.835, -9.847 ], [ -74.882, -9.82 ], [ -74.986, -9.864 ], [ -74.994, -9.84 ], [ -75.058, -9.819 ], [ -75.094, -9.844 ], [ -75.16, -9.84 ], [ -75.255, -9.779 ], [ -75.311, -9.775 ], [ -75.279, -9.838 ], [ -75.283, -9.865 ], [ -75.4, -9.878 ], [ -75.411, -9.888 ], [ -75.396, -9.913 ], [ -75.405, -9.93 ], [ -75.446, -9.938 ], [ -75.473, -9.992 ], [ -75.509, -9.977 ], [ -75.548, -9.984 ], [ -75.56, -9.964 ], [ -75.596, -9.954 ], [ -75.602, -10.025 ], [ -75.645, -10.027 ], [ -75.676, -10.054 ], [ -75.709, -10.215 ], [ -75.785, -10.252 ], [ -75.813, -10.244 ], [ -75.84, -10.257 ], [ -75.856, -10.302 ], [ -75.925, -10.357 ], [ -75.925, -10.407 ], [ -75.961, -10.461 ], [ -76.002, -10.489 ], [ -76.011, -10.455 ], [ -76.057, -10.465 ], [ -76.078, -10.452 ], [ -76.078, -10.434 ], [ -76.172, -10.412 ], [ -76.207, -10.389 ], [ -76.204, -10.377 ], [ -76.231, -10.372 ], [ -76.226, -10.397 ], [ -76.269, -10.369 ], [ -76.285, -10.416 ], [ -76.306, -10.413 ], [ -76.336, -10.286 ], [ -76.364, -10.299 ], [ -76.387, -10.289 ], [ -76.425, -10.319 ], [ -76.494, -10.311 ], [ -76.473, -10.338 ], [ -76.491, -10.379 ], [ -76.558, -10.393 ], [ -76.579, -10.376 ], [ -76.593, -10.401 ], [ -76.697, -10.442 ], [ -76.727, -10.479 ], [ -76.8, -10.44 ], [ -76.808, -10.393 ] ] ] } },
{ "type": "Feature", "properties": { }, "geometry": { "type": "Polygon", "coordinates": [ [ [ -75.856, -14.715 ], [ -75.855, -14.696 ], [ -75.927, -14.643 ], [ -75.93, -14.574 ], [ -75.975, -14.525 ], [ -75.974, -14.468 ], [ -76.039, -14.425 ], [ -76.066, -14.387 ], [ -76.137, -14.349 ], [ -76.145, -14.33 ], [ -76.111, -14.329 ], [ -76.105, -14.314 ], [ -76.14, -14.232 ], [ -76.19, -14.198 ], [ -76.226, -14.15 ], [ -76.271, -14.142 ], [ -76.253, -14.16 ], [ -76.272, -14.2 ], [ -76.293, -14.163 ], [ -76.279, -14.152 ], [ -76.292, -14.089 ], [ -76.261, -14.056 ], [ -76.263, -14.02 ], [ -76.286, -13.997 ], [ -76.27, -13.981 ], [ -76.295, -13.928 ], [ -76.283, -13.909 ], [ -76.312, -13.892 ], [ -76.328, -13.925 ], [ -76.356, -13.923 ], [ -76.396, -13.909 ], [ -76.398, -13.892 ], [ -76.358, -13.801 ], [ -76.296, -13.793 ], [ -76.312, -13.847 ], [ -76.298, -13.838 ], [ -76.263, -13.869 ], [ -76.251, -13.854 ], [ -76.258, -13.839 ], [ -76.185, -13.527 ], [ -76.193, -13.423 ], [ -76.245, -13.324 ], [ -76.203, -13.302 ], [ -76.155, -13.192 ], [ -76.012, -13.085 ], [ -75.943, -12.992 ], [ -75.85, -13.036 ], [ -75.824, -13.031 ], [ -75.801, -13.06 ], [ -75.765, -13.018 ], [ -75.723, -13.039 ], [ -75.691, -13.035 ], [ -75.666, -13.016 ], [ -75.667, -12.997 ], [ -75.614, -12.965 ], [ -75.609, -13.004 ], [ -75.639, -13.032 ], [ -75.629, -13.057 ], [ -75.658, -13.082 ], [ -75.681, -13.07 ], [ -75.676, -13.044 ], [ -75.687, -13.043 ], [ -75.719, -13.11 ], [ -75.694, -13.147 ], [ -75.706, -13.188 ], [ -75.689, -13.214 ], [ -75.702, -13.227 ], [ -75.706, -13.288 ], [ -75.788, -13.335 ], [ -75.809, -13.397 ], [ -75.719, -13.413 ], [ -75.689, -13.44 ], [ -75.633, -13.411 ], [ -75.615, -13.417 ], [ -75.599, -13.39 ], [ -75.538, -13.405 ], [ -75.501, -13.355 ], [ -75.5, -13.389 ], [ -75.466, -13.434 ], [ -75.47, -13.484 ], [ -75.495, -13.524 ], [ -75.477, -13.525 ], [ -75.52, -13.604 ], [ -75.485, -13.655 ], [ -75.531, -13.743 ], [ -75.555, -13.75 ], [ -75.538, -13.762 ], [ -75.525, -13.818 ], [ -75.563, -13.841 ], [ -75.56, -13.871 ], [ -75.546, -13.889 ], [ -75.434, -13.914 ], [ -75.359, -13.971 ], [ -75.356, -13.996 ], [ -75.329, -14.018 ], [ -75.252, -13.998 ], [ -75.232, -14.006 ], [ -75.259, -14.043 ], [ -75.187, -14.054 ], [ -75.166, -14.073 ], [ -75.109, -14.033 ], [ -75.089, -14.082 ], [ -75.07, -14.08 ], [ -75.057, -14.124 ], [ -75.089, -14.229 ], [ -75.032, -14.266 ], [ -75.094, -14.312 ], [ -75.14, -14.416 ], [ -75.106, -14.434 ], [ -75.053, -14.431 ], [ -75.098, -14.485 ], [ -75.087, -14.53 ], [ -75.067, -14.529 ], [ -75.08, -14.569 ], [ -75.066, -14.574 ], [ -75.06, -14.623 ], [ -74.959, -14.606 ], [ -74.897, -14.545 ], [ -74.876, -14.553 ], [ -74.884, -14.576 ], [ -74.859, -14.608 ], [ -74.788, -14.616 ], [ -74.847, -14.666 ], [ -74.845, -14.709 ], [ -74.803, -14.752 ], [ -74.716, -14.71 ], [ -74.765, -14.79 ], [ -74.748, -14.813 ], [ -74.714, -14.818 ], [ -74.755, -14.835 ], [ -74.733, -14.847 ], [ -74.694, -14.838 ], [ -74.681, -14.854 ], [ -74.662, -14.9 ], [ -74.685, -14.93 ], [ -74.646, -14.978 ], [ -74.666, -14.998 ], [ -74.669, -15.054 ], [ -74.929, -15.192 ], [ -74.964, -15.254 ], [ -74.968, -15.299 ], [ -75.017, -15.351 ], [ -75.046, -15.43 ], [ -75.075, -15.443 ], [ -75.082, -15.424 ], [ -75.14, -15.407 ], [ -75.162, -15.378 ], [ -75.195, -15.368 ], [ -75.157, -15.356 ], [ -75.152, -15.335 ], [ -75.169, -15.307 ], [ -75.229, -15.286 ], [ -75.264, -15.251 ], [ -75.218, -15.249 ], [ -75.234, -15.201 ], [ -75.317, -15.15 ], [ -75.349, -15.158 ], [ -75.358, -15.14 ], [ -75.372, -15.152 ], [ -75.371, -15.128 ], [ -75.443, -15.001 ], [ -75.503, -14.962 ], [ -75.492, -14.934 ], [ -75.51, -14.911 ], [ -75.856, -14.715 ] ] ] } },
{ "type": "Feature", "properties": { }, "geometry": { "type": "Polygon", "coordinates": [ [ [ -75.628, -12.14 ], [ -75.635, -12.115 ], [ -75.688, -12.082 ], [ -75.674, -12.058 ], [ -75.694, -12.043 ], [ -75.742, -12.037 ], [ -75.766, -12.06 ], [ -75.819, -12.014 ], [ -75.834, -12.025 ], [ -75.843, -12.006 ], [ -75.884, -11.994 ], [ -76.014, -11.984 ], [ -76.053, -11.948 ], [ -76.059, -11.879 ], [ -76.137, -11.781 ], [ -76.154, -11.781 ], [ -76.199, -11.736 ], [ -76.208, -11.7 ], [ -76.193, -11.673 ], [ -76.205, -11.66 ], [ -76.188, -11.643 ], [ -76.197, -11.622 ], [ -76.18, -11.613 ], [ -76.189, -11.59 ], [ -76.229, -11.554 ], [ -76.298, -11.596 ], [ -76.304, -11.568 ], [ -76.35, -11.542 ], [ -76.351, -11.52 ], [ -76.377, -11.501 ], [ -76.377, -11.444 ], [ -76.396, -11.442 ], [ -76.423, -11.355 ], [ -76.451, -11.344 ], [ -76.478, -11.292 ], [ -76.457, -11.273 ], [ -76.491, -11.247 ], [ -76.492, -11.189 ], [ -76.519, -11.117 ], [ -76.447, -11.071 ], [ -76.392, -11.07 ], [ -76.351, -11.094 ], [ -76.337, -11.082 ], [ -76.319, -11.091 ], [ -76.308, -11.133 ], [ -76.215, -11.15 ], [ -76.25, -11.105 ], [ -76.24, -11.049 ], [ -76.26, -11.027 ], [ -76.277, -10.919 ], [ -76.253, -10.928 ], [ -76.191, -11.029 ], [ -76.096, -11.121 ], [ -76.096, -11.108 ], [ -76.067, -11.114 ], [ -76.064, -11.095 ], [ -76.03, -11.087 ], [ -76.011, -11.032 ], [ -76.045, -11.025 ], [ -76.073, -10.974 ], [ -76.123, -10.962 ], [ -76.082, -10.895 ], [ -76.046, -10.881 ], [ -75.996, -10.821 ], [ -75.937, -10.872 ], [ -75.936, -10.89 ], [ -75.876, -10.867 ], [ -75.837, -10.886 ], [ -75.789, -10.825 ], [ -75.759, -10.83 ], [ -75.733, -10.809 ], [ -75.693, -10.817 ], [ -75.679, -10.84 ], [ -75.607, -10.823 ], [ -75.584, -10.802 ], [ -75.568, -10.727 ], [ -75.557, -10.744 ], [ -75.49, -10.757 ], [ -75.478, -10.781 ], [ -75.461, -10.75 ], [ -75.395, -10.759 ], [ -75.391, -10.832 ], [ -75.411, -10.862 ], [ -75.396, -10.853 ], [ -75.386, -10.865 ], [ -75.363, -10.85 ], [ -75.348, -10.8 ], [ -75.285, -10.842 ], [ -75.248, -10.803 ], [ -75.244, -10.764 ], [ -75.204, -10.765 ], [ -75.19, -10.78 ], [ -75.177, -10.75 ], [ -75.157, -10.762 ], [ -75.11, -10.724 ], [ -75.065, -10.653 ], [ -75.036, -10.682 ], [ -75.012, -10.68 ], [ -75.006, -10.719 ], [ -74.983, -10.75 ], [ -74.956, -10.733 ], [ -74.885, -10.771 ], [ -74.866, -10.759 ], [ -74.888, -10.711 ], [ -74.878, -10.701 ], [ -74.795, -10.83 ], [ -74.733, -10.834 ], [ -74.691, -10.887 ], [ -74.64, -10.869 ], [ -74.614, -10.905 ], [ -74.562, -10.914 ], [ -74.508, -10.95 ], [ -74.496, -11.0 ], [ -74.45, -11.002 ], [ -74.374, -11.057 ], [ -74.256, -11.018 ], [ -74.203, -11.021 ], [ -74.191, -10.986 ], [ -74.156, -10.999 ], [ -74.007, -10.991 ], [ -73.976, -11.125 ], [ -73.955, -11.15 ], [ -73.916, -11.143 ], [ -73.873, -11.17 ], [ -73.853, -11.164 ], [ -73.862, -10.977 ], [ -73.823, -10.921 ], [ -73.818, -10.814 ], [ -73.782, -10.786 ], [ -73.782, -10.751 ], [ -73.742, -10.734 ], [ -73.61, -10.847 ], [ -73.561, -10.859 ], [ -73.573, -10.954 ], [ -73.543, -11.047 ], [ -73.483, -11.065 ], [ -73.471, -11.088 ], [ -73.45, -11.237 ], [ -73.485, -11.35 ], [ -73.468, -11.344 ], [ -73.42, -11.384 ], [ -73.48, -11.47 ], [ -73.45, -11.533 ], [ -73.487, -11.535 ], [ -73.502, -11.563 ], [ -73.56, -11.592 ], [ -73.613, -11.678 ], [ -73.572, -11.743 ], [ -73.578, -11.836 ], [ -73.491, -11.878 ], [ -73.442, -11.941 ], [ -73.436, -11.997 ], [ -73.398, -12.021 ], [ -73.401, -12.091 ], [ -73.355, -12.113 ], [ -73.365, -12.138 ], [ -73.441, -12.154 ], [ -73.47, -12.237 ], [ -73.574, -12.277 ], [ -73.599, -12.386 ], [ -73.658, -12.36 ], [ -73.66, -12.329 ], [ -73.705, -12.269 ], [ -73.762, -12.253 ], [ -73.796, -12.262 ], [ -73.834, -12.243 ], [ -73.872, -12.245 ], [ -73.925, -12.283 ], [ -73.972, -12.294 ], [ -73.98, -12.243 ], [ -74.0, -12.284 ], [ -74.04, -12.261 ], [ -74.097, -12.284 ], [ -74.121, -12.334 ], [ -74.131, -12.315 ], [ -74.184, -12.317 ], [ -74.188, -12.303 ], [ -74.219, -12.302 ], [ -74.218, -12.278 ], [ -74.291, -12.223 ], [ -74.33, -12.222 ], [ -74.352, -12.178 ], [ -74.343, -12.169 ], [ -74.361, -12.155 ], [ -74.352, -12.137 ], [ -74.41, -12.106 ], [ -74.414, -12.076 ], [ -74.454, -12.034 ], [ -74.488, -12.034 ], [ -74.572, -11.985 ], [ -74.603, -12.0 ], [ -74.624, -11.985 ], [ -74.658, -11.993 ], [ -74.683, -12.038 ], [ -74.717, -12.059 ], [ -74.745, -12.041 ], [ -74.819, -12.054 ], [ -74.837, -12.071 ], [ -74.871, -12.066 ], [ -74.939, -12.018 ], [ -74.998, -12.021 ], [ -75.048, -11.999 ], [ -75.086, -12.053 ], [ -75.065, -12.092 ], [ -75.063, -12.135 ], [ -75.077, -12.147 ], [ -75.049, -12.168 ], [ -75.049, -12.201 ], [ -75.1, -12.251 ], [ -75.099, -12.285 ], [ -75.14, -12.341 ], [ -75.131, -12.379 ], [ -75.154, -12.396 ], [ -75.182, -12.36 ], [ -75.22, -12.39 ], [ -75.216, -12.463 ], [ -75.325, -12.486 ], [ -75.319, -12.515 ], [ -75.409, -12.585 ], [ -75.415, -12.628 ], [ -75.443, -12.618 ], [ -75.461, -12.631 ], [ -75.453, -12.657 ], [ -75.469, -12.684 ], [ -75.525, -12.618 ], [ -75.58, -12.64 ], [ -75.572, -12.564 ], [ -75.536, -12.519 ], [ -75.567, -12.412 ], [ -75.549, -12.364 ], [ -75.671, -12.192 ], [ -75.628, -12.14 ] ] ] } },
{ "type": "Feature", "properties": { }, "geometry": { "type": "Polygon", "coordinates": [ [ [ -78.957, -8.293 ], [ -78.963, -8.262 ], [ -78.994, -8.236 ], [ -78.981, -8.227 ], [ -78.988, -8.208 ], [ -79.116, -8.097 ], [ -79.13, -8.06 ], [ -79.308, -7.925 ], [ -79.374, -7.844 ], [ -79.39, -7.791 ], [ -79.465, -7.717 ], [ -79.438, -7.698 ], [ -79.438, -7.671 ], [ -79.577, -7.462 ], [ -79.589, -7.415 ], [ -79.57, -7.39 ], [ -79.599, -7.287 ], [ -79.691, -7.177 ], [ -79.508, -6.97 ], [ -79.469, -6.967 ], [ -79.455, -6.946 ], [ -79.401, -6.957 ], [ -79.323, -7.026 ], [ -79.33, -7.076 ], [ -79.296, -7.13 ], [ -79.305, -7.147 ], [ -79.252, -7.198 ], [ -79.276, -7.216 ], [ -79.269, -7.278 ], [ -79.307, -7.284 ], [ -79.366, -7.331 ], [ -79.316, -7.36 ], [ -79.283, -7.349 ], [ -79.231, -7.391 ], [ -79.194, -7.373 ], [ -79.154, -7.439 ], [ -79.065, -7.473 ], [ -79.072, -7.505 ], [ -79.06, -7.547 ], [ -79.039, -7.562 ], [ -79.041, -7.6 ], [ -78.993, -7.661 ], [ -78.954, -7.65 ], [ -78.944, -7.598 ], [ -78.913, -7.551 ], [ -78.851, -7.522 ], [ -78.887, -7.484 ], [ -78.794, -7.397 ], [ -78.781, -7.424 ], [ -78.76, -7.402 ], [ -78.734, -7.421 ], [ -78.664, -7.404 ], [ -78.628, -7.453 ], [ -78.65, -7.528 ], [ -78.625, -7.549 ], [ -78.491, -7.555 ], [ -78.416, -7.485 ], [ -78.328, -7.497 ], [ -78.326, -7.51 ], [ -78.349, -7.511 ], [ -78.361, -7.53 ], [ -78.357, -7.574 ], [ -78.378, -7.594 ], [ -78.383, -7.63 ], [ -78.36, -7.645 ], [ -78.348, -7.686 ], [ -78.276, -7.72 ], [ -78.281, -7.747 ], [ -78.222, -7.763 ], [ -78.219, -7.724 ], [ -78.171, -7.713 ], [ -78.128, -7.653 ], [ -78.081, -7.696 ], [ -78.05, -7.679 ], [ -77.963, -7.674 ], [ -77.96, -7.655 ], [ -77.937, -7.657 ], [ -77.941, -7.641 ], [ -77.913, -7.626 ], [ -77.922, -7.6 ], [ -77.868, -7.583 ], [ -77.857, -7.524 ], [ -77.746, -7.479 ], [ -77.772, -7.419 ], [ -77.825, -7.379 ], [ -77.833, -7.305 ], [ -77.857, -7.283 ], [ -77.849, -7.236 ], [ -77.882, -7.221 ], [ -77.898, -7.167 ], [ -77.926, -7.155 ], [ -77.93, -7.106 ], [ -78.001, -6.987 ], [ -77.986, -6.963 ], [ -77.929, -6.987 ], [ -77.88, -6.963 ], [ -77.842, -6.977 ], [ -77.834, -6.957 ], [ -77.802, -6.966 ], [ -77.779, -6.941 ], [ -77.747, -6.986 ], [ -77.739, -7.037 ], [ -77.707, -7.069 ], [ -77.713, -7.108 ], [ -77.616, -7.178 ], [ -77.606, -7.219 ], [ -77.647, -7.242 ], [ -77.628, -7.321 ], [ -77.639, -7.344 ], [ -77.622, -7.397 ], [ -77.631, -7.414 ], [ -77.56, -7.464 ], [ -77.539, -7.507 ], [ -77.521, -7.51 ], [ -77.54, -7.577 ], [ -77.497, -7.583 ], [ -77.486, -7.604 ], [ -77.528, -7.616 ], [ -77.523, -7.633 ], [ -77.538, -7.65 ], [ -77.512, -7.657 ], [ -77.498, -7.686 ], [ -77.467, -7.675 ], [ -77.459, -7.687 ], [ -77.483, -7.698 ], [ -77.483, -7.72 ], [ -77.526, -7.754 ], [ -77.525, -7.768 ], [ -77.443, -7.814 ], [ -77.411, -7.901 ], [ -77.377, -7.909 ], [ -77.407, -7.992 ], [ -77.375, -8.032 ], [ -77.385, -8.055 ], [ -77.297, -8.063 ], [ -77.26, -8.048 ], [ -77.232, -8.012 ], [ -77.151, -8.032 ], [ -77.102, -8.027 ], [ -77.021, -8.052 ], [ -76.985, -8.114 ], [ -76.93, -8.138 ], [ -76.907, -8.171 ], [ -76.926, -8.218 ], [ -76.901, -8.283 ], [ -76.932, -8.343 ], [ -76.927, -8.359 ], [ -76.968, -8.371 ], [ -76.977, -8.396 ], [ -77.0, -8.382 ], [ -77.034, -8.405 ], [ -77.07, -8.397 ], [ -77.105, -8.445 ], [ -77.134, -8.44 ], [ -77.186, -8.48 ], [ -77.264, -8.467 ], [ -77.293, -8.517 ], [ -77.334, -8.533 ], [ -77.4, -8.483 ], [ -77.405, -8.441 ], [ -77.438, -8.422 ], [ -77.459, -8.336 ], [ -77.478, -8.326 ], [ -77.491, -8.283 ], [ -77.528, -8.267 ], [ -77.531, -8.243 ], [ -77.575, -8.231 ], [ -77.557, -8.194 ], [ -77.637, -8.109 ], [ -77.619, -8.08 ], [ -77.647, -8.05 ], [ -77.786, -8.079 ], [ -77.852, -8.075 ], [ -77.868, -8.056 ], [ -77.896, -8.062 ], [ -77.933, -8.197 ], [ -78.019, -8.224 ], [ -78.037, -8.256 ], [ -78.119, -8.314 ], [ -78.108, -8.338 ], [ -78.137, -8.369 ], [ -78.157, -8.479 ], [ -78.217, -8.557 ], [ -78.194, -8.6 ], [ -78.205, -8.631 ], [ -78.246, -8.658 ], [ -78.355, -8.673 ], [ -78.438, -8.733 ], [ -78.552, -8.775 ], [ -78.588, -8.859 ], [ -78.576, -8.889 ], [ -78.59, -8.943 ], [ -78.63, -8.971 ], [ -78.645, -8.969 ], [ -78.654, -8.91 ], [ -78.761, -8.774 ], [ -78.737, -8.712 ], [ -78.761, -8.595 ], [ -78.813, -8.533 ], [ -78.935, -8.436 ], [ -78.901, -8.414 ], [ -78.903, -8.367 ], [ -78.957, -8.293 ] ], [ [ -79.034, -8.061 ], [ -79.033, -8.061 ], [ -79.034, -8.055 ], [ -79.034, -8.061 ] ] ] } },
{ "type": "Feature", "properties": { }, "geometry": { "type": "Polygon", "coordinates": [ [ [ -79.686, -7.12 ], [ -79.932, -6.873 ], [ -79.94, -6.826 ], [ -79.979, -6.756 ], [ -80.064, -6.684 ], [ -80.256, -6.561 ], [ -80.627, -6.372 ], [ -80.425, -6.028 ], [ -80.388, -5.996 ], [ -80.328, -6.006 ], [ -80.35, -5.978 ], [ -80.287, -5.921 ], [ -80.171, -5.88 ], [ -80.124, -5.891 ], [ -80.12, -5.872 ], [ -80.058, -5.819 ], [ -80.092, -5.795 ], [ -80.103, -5.761 ], [ -80.095, -5.703 ], [ -80.061, -5.684 ], [ -80.07, -5.646 ], [ -80.051, -5.541 ], [ -79.939, -5.517 ], [ -79.898, -5.48 ], [ -79.854, -5.531 ], [ -79.864, -5.563 ], [ -79.833, -5.645 ], [ -79.766, -5.662 ], [ -79.768, -5.685 ], [ -79.753, -5.691 ], [ -79.766, -5.708 ], [ -79.717, -5.74 ], [ -79.736, -5.83 ], [ -79.689, -5.848 ], [ -79.663, -5.835 ], [ -79.612, -5.941 ], [ -79.554, -5.938 ], [ -79.484, -5.888 ], [ -79.424, -5.927 ], [ -79.335, -5.894 ], [ -79.362, -5.933 ], [ -79.421, -5.972 ], [ -79.417, -6.005 ], [ -79.396, -5.977 ], [ -79.357, -5.977 ], [ -79.319, -6.043 ], [ -79.322, -5.999 ], [ -79.3, -5.985 ], [ -79.263, -6.003 ], [ -79.266, -6.025 ], [ -79.241, -6.029 ], [ -79.225, -6.055 ], [ -79.204, -6.024 ], [ -79.176, -6.037 ], [ -79.189, -6.059 ], [ -79.182, -6.089 ], [ -79.235, -6.094 ], [ -79.273, -6.148 ], [ -79.249, -6.224 ], [ -79.279, -6.229 ], [ -79.3, -6.267 ], [ -79.329, -6.266 ], [ -79.353, -6.304 ], [ -79.423, -6.31 ], [ -79.459, -6.372 ], [ -79.423, -6.452 ], [ -79.434, -6.481 ], [ -79.417, -6.505 ], [ -79.422, -6.533 ], [ -79.404, -6.541 ], [ -79.37, -6.521 ], [ -79.361, -6.569 ], [ -79.336, -6.602 ], [ -79.362, -6.635 ], [ -79.304, -6.652 ], [ -79.296, -6.676 ], [ -79.229, -6.671 ], [ -79.188, -6.717 ], [ -79.143, -6.7 ], [ -79.121, -6.777 ], [ -79.207, -6.821 ], [ -79.225, -6.858 ], [ -79.263, -6.859 ], [ -79.311, -6.901 ], [ -79.297, -7.001 ], [ -79.321, -7.025 ], [ -79.401, -6.957 ], [ -79.455, -6.946 ], [ -79.469, -6.967 ], [ -79.508, -6.97 ], [ -79.691, -7.177 ], [ -79.686, -7.12 ] ] ] } },
{ "type": "Feature", "properties": { }, "geometry": { "type": "MultiPolygon", "coordinates": [ [ [ [ -77.111, -12.08 ], [ -77.078, -12.049 ], [ -77.096, -12.034 ], [ -77.089, -12.012 ], [ -77.118, -11.995 ], [ -77.11, -11.976 ], [ -77.129, -11.938 ], [ -77.095, -11.95 ], [ -77.095, -11.875 ], [ -77.127, -11.818 ], [ -77.188, -11.829 ], [ -77.178, -11.802 ], [ -77.198, -11.768 ], [ -77.175, -11.772 ], [ -77.171, -11.735 ], [ -77.2, -11.693 ], [ -77.208, -11.648 ], [ -77.283, -11.587 ], [ -77.271, -11.572 ], [ -77.305, -11.512 ], [ -77.364, -11.458 ], [ -77.654, -11.292 ], [ -77.64, -11.276 ], [ -77.647, -11.222 ], [ -77.602, -11.214 ], [ -77.592, -11.182 ], [ -77.62, -11.127 ], [ -77.613, -11.112 ], [ -77.634, -11.094 ], [ -77.633, -11.055 ], [ -77.662, -11.013 ], [ -77.647, -10.998 ], [ -77.658, -10.947 ], [ -77.702, -10.886 ], [ -77.706, -10.854 ], [ -77.751, -10.819 ], [ -77.744, -10.795 ], [ -77.762, -10.763 ], [ -77.886, -10.612 ], [ -77.84, -10.568 ], [ -77.8, -10.585 ], [ -77.771, -10.572 ], [ -77.771, -10.516 ], [ -77.799, -10.477 ], [ -77.75, -10.407 ], [ -77.752, -10.322 ], [ -77.692, -10.321 ], [ -77.651, -10.345 ], [ -77.631, -10.322 ], [ -77.598, -10.365 ], [ -77.623, -10.405 ], [ -77.687, -10.434 ], [ -77.711, -10.504 ], [ -77.738, -10.521 ], [ -77.747, -10.553 ], [ -77.734, -10.568 ], [ -77.728, -10.553 ], [ -77.71, -10.56 ], [ -77.694, -10.54 ], [ -77.651, -10.53 ], [ -77.625, -10.502 ], [ -77.601, -10.509 ], [ -77.645, -10.583 ], [ -77.62, -10.614 ], [ -77.605, -10.59 ], [ -77.574, -10.588 ], [ -77.591, -10.646 ], [ -77.563, -10.709 ], [ -77.591, -10.786 ], [ -77.524, -10.735 ], [ -77.491, -10.746 ], [ -77.395, -10.718 ], [ -77.395, -10.662 ], [ -77.311, -10.568 ], [ -77.252, -10.545 ], [ -77.191, -10.552 ], [ -77.167, -10.508 ], [ -77.175, -10.465 ], [ -77.112, -10.405 ], [ -77.072, -10.338 ], [ -77.025, -10.328 ], [ -77.004, -10.282 ], [ -76.965, -10.305 ], [ -76.936, -10.279 ], [ -76.906, -10.274 ], [ -76.875, -10.321 ], [ -76.866, -10.375 ], [ -76.84, -10.363 ], [ -76.832, -10.393 ], [ -76.806, -10.392 ], [ -76.8, -10.44 ], [ -76.729, -10.476 ], [ -76.704, -10.589 ], [ -76.686, -10.581 ], [ -76.656, -10.647 ], [ -76.671, -10.678 ], [ -76.628, -10.766 ], [ -76.633, -10.785 ], [ -76.584, -10.854 ], [ -76.565, -10.964 ], [ -76.582, -10.985 ], [ -76.579, -11.015 ], [ -76.533, -11.034 ], [ -76.491, -11.089 ], [ -76.496, -11.11 ], [ -76.519, -11.118 ], [ -76.492, -11.189 ], [ -76.491, -11.247 ], [ -76.457, -11.273 ], [ -76.478, -11.292 ], [ -76.451, -11.344 ], [ -76.423, -11.355 ], [ -76.401, -11.403 ], [ -76.412, -11.416 ], [ -76.394, -11.445 ], [ -76.377, -11.444 ], [ -76.377, -11.501 ], [ -76.351, -11.52 ], [ -76.35, -11.542 ], [ -76.304, -11.568 ], [ -76.298, -11.596 ], [ -76.229, -11.554 ], [ -76.189, -11.59 ], [ -76.18, -11.613 ], [ -76.197, -11.622 ], [ -76.188, -11.643 ], [ -76.205, -11.66 ], [ -76.193, -11.673 ], [ -76.208, -11.7 ], [ -76.199, -11.736 ], [ -76.154, -11.781 ], [ -76.137, -11.781 ], [ -76.059, -11.879 ], [ -76.053, -11.948 ], [ -76.014, -11.984 ], [ -75.884, -11.994 ], [ -75.843, -12.006 ], [ -75.834, -12.025 ], [ -75.819, -12.014 ], [ -75.766, -12.06 ], [ -75.742, -12.037 ], [ -75.694, -12.043 ], [ -75.674, -12.058 ], [ -75.688, -12.082 ], [ -75.634, -12.115 ], [ -75.628, -12.142 ], [ -75.671, -12.192 ], [ -75.549, -12.364 ], [ -75.567, -12.412 ], [ -75.536, -12.519 ], [ -75.579, -12.595 ], [ -75.578, -12.654 ], [ -75.551, -12.684 ], [ -75.554, -12.704 ], [ -75.577, -12.716 ], [ -75.509, -12.783 ], [ -75.53, -12.822 ], [ -75.56, -12.817 ], [ -75.57, -12.843 ], [ -75.613, -12.859 ], [ -75.636, -12.915 ], [ -75.614, -12.965 ], [ -75.667, -12.997 ], [ -75.67, -13.023 ], [ -75.71, -13.04 ], [ -75.765, -13.018 ], [ -75.802, -13.06 ], [ -75.827, -13.029 ], [ -75.852, -13.035 ], [ -75.938, -12.991 ], [ -75.958, -12.999 ], [ -75.969, -13.041 ], [ -76.012, -13.085 ], [ -76.155, -13.192 ], [ -76.203, -13.302 ], [ -76.245, -13.324 ], [ -76.49, -13.03 ], [ -76.483, -13.016 ], [ -76.516, -12.955 ], [ -76.506, -12.926 ], [ -76.52, -12.85 ], [ -76.638, -12.745 ], [ -76.63, -12.721 ], [ -76.656, -12.699 ], [ -76.672, -12.628 ], [ -76.71, -12.575 ], [ -76.804, -12.509 ], [ -76.803, -12.48 ], [ -76.791, -12.478 ], [ -76.775, -12.438 ], [ -76.779, -12.392 ], [ -76.855, -12.3 ], [ -77.038, -12.206 ], [ -77.025, -12.148 ], [ -77.111, -12.08 ] ] ], [ [ [ -76.797, -12.476 ], [ -76.798, -12.477 ], [ -76.8, -12.479 ], [ -76.803, -12.476 ], [ -76.797, -12.476 ] ] ] ] } },
{ "type": "Feature", "properties": { }, "geometry": { "type": "Polygon", "coordinates": [ [ [ -74.502, -7.266 ], [ -74.536, -7.294 ], [ -74.58, -7.41 ], [ -74.616, -7.435 ], [ -74.643, -7.5 ], [ -74.643, -7.562 ], [ -74.576, -7.637 ], [ -74.582, -7.706 ], [ -74.559, -7.747 ], [ -74.524, -7.757 ], [ -74.516, -7.778 ], [ -74.57, -7.816 ], [ -74.628, -7.94 ], [ -74.668, -7.946 ], [ -74.728, -7.981 ], [ -74.779, -8.042 ], [ -74.888, -8.084 ], [ -74.982, -7.969 ], [ -75.033, -7.95 ], [ -75.144, -7.979 ], [ -75.149, -8.002 ], [ -75.186, -8.018 ], [ -75.189, -8.079 ], [ -75.235, -8.151 ], [ -75.288, -8.125 ], [ -75.324, -8.139 ], [ -75.346, -8.129 ], [ -75.376, -8.139 ], [ -75.398, -8.168 ], [ -75.439, -8.175 ], [ -75.438, -8.195 ], [ -75.503, -8.289 ], [ -75.494, -8.329 ], [ -75.51, -8.335 ], [ -75.483, -8.345 ], [ -75.477, -8.386 ], [ -75.42, -8.452 ], [ -75.511, -8.432 ], [ -75.572, -8.445 ], [ -75.618, -8.408 ], [ -75.687, -8.423 ], [ -75.716, -8.487 ], [ -75.785, -8.494 ], [ -75.799, -8.512 ], [ -75.778, -8.546 ], [ -75.817, -8.636 ], [ -75.834, -8.652 ], [ -75.891, -8.66 ], [ -75.946, -8.715 ], [ -75.98, -8.636 ], [ -75.965, -8.58 ], [ -75.971, -8.512 ], [ -75.955, -8.499 ], [ -75.968, -8.46 ], [ -75.946, -8.399 ], [ -75.986, -8.324 ], [ -75.927, -8.307 ], [ -75.913, -8.256 ], [ -75.941, -8.186 ], [ -75.934, -8.134 ], [ -75.952, -8.101 ], [ -75.921, -8.073 ], [ -75.845, -8.06 ], [ -75.829, -7.973 ], [ -75.859, -7.921 ], [ -75.928, -7.957 ], [ -75.939, -7.946 ], [ -75.967, -7.96 ], [ -75.994, -7.954 ], [ -75.976, -7.909 ], [ -76.006, -7.891 ], [ -76.008, -7.856 ], [ -76.044, -7.792 ], [ -76.084, -7.763 ], [ -76.087, -7.729 ], [ -76.102, -7.723 ], [ -76.101, -7.65 ], [ -76.082, -7.632 ], [ -76.094, -7.61 ], [ -76.08, -7.584 ], [ -76.091, -7.56 ], [ -76.116, -7.563 ], [ -76.122, -7.526 ], [ -76.167, -7.493 ], [ -76.204, -7.431 ], [ -76.215, -7.395 ], [ -76.196, -7.334 ], [ -76.213, -7.31 ], [ -76.167, -7.268 ], [ -76.144, -7.204 ], [ -76.06, -7.161 ], [ -76.011, -7.078 ], [ -76.008, -7.002 ], [ -76.036, -6.993 ], [ -76.052, -6.938 ], [ -76.016, -6.914 ], [ -76.011, -6.89 ], [ -76.035, -6.865 ], [ -76.051, -6.811 ], [ -75.965, -6.788 ], [ -75.844, -6.797 ], [ -75.814, -6.825 ], [ -75.794, -6.821 ], [ -75.781, -6.848 ], [ -75.725, -6.851 ], [ -75.701, -6.869 ], [ -75.66, -6.819 ], [ -75.642, -6.816 ], [ -75.633, -6.843 ], [ -75.61, -6.839 ], [ -75.502, -6.77 ], [ -75.51, -6.492 ], [ -75.539, -6.435 ], [ -75.55, -6.348 ], [ -75.496, -6.281 ], [ -75.487, -6.203 ], [ -75.527, -6.162 ], [ -75.533, -6.096 ], [ -75.569, -6.0 ], [ -75.621, -6.029 ], [ -75.636, -6.089 ], [ -75.68, -6.095 ], [ -75.719, -6.141 ], [ -75.77, -6.148 ], [ -75.77, -6.125 ], [ -75.807, -6.102 ], [ -75.852, -6.102 ], [ -75.84, -6.141 ], [ -75.919, -6.141 ], [ -75.958, -6.098 ], [ -76.014, -6.084 ], [ -76.088, -6.108 ], [ -76.146, -6.147 ], [ -76.247, -6.126 ], [ -76.318, -6.086 ], [ -76.315, -6.054 ], [ -76.4, -5.954 ], [ -76.43, -6.003 ], [ -76.481, -6.014 ], [ -76.75, -6.003 ], [ -76.747, -5.954 ], [ -76.82, -5.859 ], [ -76.816, -5.808 ], [ -76.835, -5.746 ], [ -76.893, -5.748 ], [ -76.973, -5.699 ], [ -76.996, -5.667 ], [ -77.127, -5.651 ], [ -77.142, -5.625 ], [ -77.179, -5.641 ], [ -77.202, -5.634 ], [ -77.232, -5.595 ], [ -77.266, -5.614 ], [ -77.28, -5.601 ], [ -77.337, -5.604 ], [ -77.372, -5.567 ], [ -77.404, -5.574 ], [ -77.411, -5.59 ], [ -77.461, -5.585 ], [ -77.473, -5.555 ], [ -77.507, -5.553 ], [ -77.492, -5.52 ], [ -77.558, -5.426 ], [ -77.595, -5.464 ], [ -77.672, -5.409 ], [ -77.696, -5.411 ], [ -77.684, -5.296 ], [ -77.699, -5.254 ], [ -77.74, -5.212 ], [ -77.695, -5.165 ], [ -77.774, -5.097 ], [ -77.822, -5.082 ], [ -77.812, -5.056 ], [ -77.825, -5.032 ], [ -77.758, -4.95 ], [ -77.76, -4.909 ], [ -77.799, -4.825 ], [ -77.79, -4.745 ], [ -77.673, -4.63 ], [ -77.653, -4.575 ], [ -77.655, -4.519 ], [ -77.641, -4.497 ], [ -77.589, -4.48 ], [ -77.568, -4.421 ], [ -77.586, -4.251 ], [ -77.538, -4.029 ], [ -77.538, -3.962 ], [ -77.569, -3.893 ], [ -77.561, -3.876 ], [ -77.652, -3.781 ], [ -77.616, -3.708 ], [ -77.62, -3.622 ], [ -77.643, -3.619 ], [ -77.667, -3.572 ], [ -77.716, -3.542 ], [ -77.715, -3.515 ], [ -77.773, -3.429 ], [ -77.788, -3.075 ], [ -77.813, -2.991 ], [ -76.632, -2.59 ], [ -76.043, -2.127 ], [ -75.583, -1.547 ], [ -75.558, -1.56 ], [ -75.387, -0.93 ], [ -75.3, -0.987 ], [ -75.274, -0.97 ], [ -75.188, -0.97 ], [ -75.229, -0.941 ], [ -75.223, -0.871 ], [ -75.25, -0.835 ], [ -75.241, -0.802 ], [ -75.264, -0.788 ], [ -75.251, -0.763 ], [ -75.273, -0.729 ], [ -75.248, -0.696 ], [ -75.271, -0.664 ], [ -75.256, -0.643 ], [ -75.231, -0.647 ], [ -75.223, -0.628 ], [ -75.24, -0.601 ], [ -75.227, -0.551 ], [ -75.244, -0.547 ], [ -75.247, -0.519 ], [ -75.268, -0.53 ], [ -75.27, -0.503 ], [ -75.313, -0.494 ], [ -75.325, -0.453 ], [ -75.349, -0.464 ], [ -75.388, -0.434 ], [ -75.474, -0.297 ], [ -75.482, -0.237 ], [ -75.531, -0.181 ], [ -75.611, -0.192 ], [ -75.61, -0.113 ], [ -75.564, -0.131 ], [ -75.516, -0.114 ], [ -75.406, -0.17 ], [ -75.368, -0.163 ], [ -75.364, -0.146 ], [ -75.352, -0.164 ], [ -75.312, -0.16 ], [ -75.259, -0.127 ], [ -75.215, -0.049 ], [ -75.184, -0.039 ], [ -75.077, -0.084 ], [ -75.017, -0.146 ], [ -74.973, -0.154 ], [ -74.959, -0.194 ], [ -74.928, -0.22 ], [ -74.911, -0.204 ], [ -74.892, -0.237 ], [ -74.848, -0.234 ], [ -74.809, -0.189 ], [ -74.782, -0.201 ], [ -74.731, -0.29 ], [ -74.727, -0.344 ], [ -74.711, -0.35 ], [ -74.682, -0.33 ], [ -74.684, -0.359 ], [ -74.661, -0.374 ], [ -74.609, -0.351 ], [ -74.615, -0.378 ], [ -74.576, -0.392 ], [ -74.528, -0.467 ], [ -74.499, -0.462 ], [ -74.498, -0.488 ], [ -74.476, -0.474 ], [ -74.423, -0.499 ], [ -74.424, -0.553 ], [ -74.395, -0.542 ], [ -74.388, -0.591 ], [ -74.361, -0.624 ], [ -74.373, -0.653 ], [ -74.338, -0.683 ], [ -74.345, -0.705 ], [ -74.376, -0.717 ], [ -74.373, -0.735 ], [ -74.344, -0.759 ], [ -74.313, -0.756 ], [ -74.317, -0.793 ], [ -74.283, -0.778 ], [ -74.285, -0.825 ], [ -74.245, -0.818 ], [ -74.268, -0.847 ], [ -74.269, -0.879 ], [ -74.305, -0.865 ], [ -74.32, -0.88 ], [ -74.313, -0.895 ], [ -74.278, -0.9 ], [ -74.267, -0.982 ], [ -74.064, -1.053 ], [ -74.023, -1.005 ], [ -74.011, -1.093 ], [ -73.988, -1.103 ], [ -73.962, -1.083 ], [ -73.951, -1.098 ], [ -73.962, -1.129 ], [ -73.909, -1.122 ], [ -73.857, -1.232 ], [ -73.81, -1.249 ], [ -73.788, -1.24 ], [ -73.774, -1.259 ], [ -73.745, -1.2 ], [ -73.732, -1.246 ], [ -73.681, -1.238 ], [ -73.647, -1.267 ], [ -73.621, -1.26 ], [ -73.611, -1.319 ], [ -73.57, -1.322 ], [ -73.579, -1.36 ], [ -73.55, -1.407 ], [ -73.585, -1.423 ], [ -73.534, -1.433 ], [ -73.526, -1.468 ], [ -73.489, -1.483 ], [ -73.495, -1.51 ], [ -73.478, -1.53 ], [ -73.49, -1.569 ], [ -73.457, -1.574 ], [ -73.504, -1.623 ], [ -73.537, -1.686 ], [ -73.53, -1.707 ], [ -73.5, -1.731 ], [ -73.459, -1.736 ], [ -73.432, -1.789 ], [ -73.383, -1.775 ], [ -73.327, -1.805 ], [ -73.317, -1.826 ], [ -73.295, -1.777 ], [ -73.25, -1.78 ], [ -73.257, -1.803 ], [ -73.234, -1.802 ], [ -73.221, -1.749 ], [ -73.186, -1.808 ], [ -73.147, -1.803 ], [ -73.15, -1.861 ], [ -73.107, -1.886 ], [ -73.123, -1.981 ], [ -73.12, -2.013 ], [ -73.094, -2.035 ], [ -73.107, -2.075 ], [ -73.07, -2.088 ], [ -73.114, -2.131 ], [ -73.13, -2.182 ], [ -73.17, -2.192 ], [ -73.168, -2.229 ], [ -73.118, -2.287 ], [ -73.123, -2.324 ], [ -73.068, -2.315 ], [ -73.062, -2.359 ], [ -73.044, -2.353 ], [ -73.034, -2.315 ], [ -73.005, -2.358 ], [ -72.964, -2.341 ], [ -72.952, -2.401 ], [ -72.923, -2.419 ], [ -72.934, -2.455 ], [ -72.895, -2.434 ], [ -72.852, -2.436 ], [ -72.776, -2.384 ], [ -72.746, -2.427 ], [ -72.727, -2.391 ], [ -72.708, -2.389 ], [ -72.681, -2.452 ], [ -72.637, -2.389 ], [ -72.641, -2.363 ], [ -72.62, -2.356 ], [ -72.517, -2.426 ], [ -72.472, -2.42 ], [ -72.428, -2.437 ], [ -72.409, -2.414 ], [ -72.372, -2.489 ], [ -72.298, -2.474 ], [ -72.286, -2.454 ], [ -72.26, -2.459 ], [ -72.262, -2.436 ], [ -72.249, -2.431 ], [ -72.22, -2.448 ], [ -72.169, -2.432 ], [ -72.166, -2.464 ], [ -72.15, -2.47 ], [ -72.137, -2.449 ], [ -72.145, -2.406 ], [ -72.049, -2.335 ], [ -72.01, -2.369 ], [ -71.95, -2.356 ], [ -71.922, -2.378 ], [ -71.935, -2.312 ], [ -71.885, -2.312 ], [ -71.833, -2.19 ], [ -71.799, -2.204 ], [ -71.767, -2.158 ], [ -71.732, -2.14 ], [ -71.719, -2.16 ], [ -71.723, -2.227 ], [ -71.648, -2.2 ], [ -71.587, -2.238 ], [ -71.519, -2.249 ], [ -71.52, -2.302 ], [ -71.5, -2.352 ], [ -71.479, -2.34 ], [ -71.495, -2.278 ], [ -71.458, -2.274 ], [ -71.396, -2.347 ], [ -71.407, -2.388 ], [ -71.395, -2.407 ], [ -71.321, -2.378 ], [ -71.307, -2.347 ], [ -71.272, -2.333 ], [ -71.268, -2.358 ], [ -71.235, -2.337 ], [ -71.2, -2.375 ], [ -71.176, -2.379 ], [ -71.167, -2.338 ], [ -71.13, -2.337 ], [ -71.143, -2.302 ], [ -71.12, -2.281 ], [ -71.053, -2.271 ], [ -70.996, -2.303 ], [ -70.99, -2.287 ], [ -71.018, -2.237 ], [ -71.005, -2.209 ], [ -70.973, -2.214 ], [ -70.937, -2.254 ], [ -70.9, -2.225 ], [ -70.872, -2.223 ], [ -70.836, -2.291 ], [ -70.778, -2.293 ], [ -70.751, -2.328 ], [ -70.666, -2.354 ], [ -70.678, -2.402 ], [ -70.665, -2.41 ], [ -70.628, -2.395 ], [ -70.641, -2.456 ], [ -70.627, -2.476 ], [ -70.599, -2.484 ], [ -70.554, -2.468 ], [ -70.558, -2.443 ], [ -70.596, -2.426 ], [ -70.574, -2.417 ], [ -70.545, -2.429 ], [ -70.511, -2.472 ], [ -70.469, -2.456 ], [ -70.429, -2.525 ], [ -70.362, -2.49 ], [ -70.304, -2.501 ], [ -70.298, -2.523 ], [ -70.354, -2.545 ], [ -70.352, -2.569 ], [ -70.318, -2.579 ], [ -70.271, -2.545 ], [ -70.251, -2.547 ], [ -70.231, -2.571 ], [ -70.211, -2.655 ], [ -70.166, -2.636 ], [ -70.154, -2.657 ], [ -70.162, -2.688 ], [ -70.135, -2.703 ], [ -70.118, -2.699 ], [ -70.093, -2.648 ], [ -70.066, -2.684 ], [ -70.06, -2.759 ], [ -70.074, -2.791 ], [ -70.713, -3.794 ], [ -70.685, -3.793 ], [ -70.653, -3.829 ], [ -70.619, -3.84 ], [ -70.577, -3.828 ], [ -70.511, -3.875 ], [ -70.45, -3.857 ], [ -70.414, -3.822 ], [ -70.388, -3.829 ], [ -70.354, -3.799 ], [ -70.292, -3.821 ], [ -70.254, -3.884 ], [ -70.187, -3.918 ], [ -70.174, -3.97 ], [ -70.114, -4.05 ], [ -70.068, -4.076 ], [ -70.034, -4.134 ], [ -69.956, -4.208 ], [ -69.95, -4.279 ], [ -69.98, -4.34 ], [ -70.044, -4.374 ], [ -70.043, -4.332 ], [ -70.079, -4.312 ], [ -70.04, -4.295 ], [ -70.096, -4.288 ], [ -70.109, -4.256 ], [ -70.121, -4.285 ], [ -70.156, -4.275 ], [ -70.171, -4.305 ], [ -70.153, -4.33 ], [ -70.196, -4.36 ], [ -70.214, -4.298 ], [ -70.225, -4.317 ], [ -70.26, -4.309 ], [ -70.268, -4.296 ], [ -70.248, -4.273 ], [ -70.29, -4.288 ], [ -70.284, -4.273 ], [ -70.307, -4.259 ], [ -70.279, -4.229 ], [ -70.287, -4.167 ], [ -70.32, -4.143 ], [ -70.339, -4.179 ], [ -70.377, -4.135 ], [ -70.433, -4.131 ], [ -70.435, -4.163 ], [ -70.454, -4.159 ], [ -70.465, -4.176 ], [ -70.485, -4.161 ], [ -70.506, -4.199 ], [ -70.508, -4.151 ], [ -70.551, -4.136 ], [ -70.541, -4.155 ], [ -70.572, -4.211 ], [ -70.564, -4.174 ], [ -70.622, -4.192 ], [ -70.635, -4.173 ], [ -70.617, -4.129 ], [ -70.645, -4.127 ], [ -70.65, -4.164 ], [ -70.67, -4.144 ], [ -70.682, -4.207 ], [ -70.69, -4.188 ], [ -70.724, -4.186 ], [ -70.758, -4.159 ], [ -70.843, -4.217 ], [ -70.845, -4.231 ], [ -70.826, -4.219 ], [ -70.817, -4.229 ], [ -70.834, -4.254 ], [ -70.864, -4.251 ], [ -70.846, -4.279 ], [ -70.878, -4.293 ], [ -70.876, -4.322 ], [ -70.9, -4.326 ], [ -70.914, -4.359 ], [ -70.934, -4.356 ], [ -70.937, -4.383 ], [ -70.969, -4.378 ], [ -70.994, -4.345 ], [ -70.997, -4.386 ], [ -71.018, -4.38 ], [ -71.04, -4.399 ], [ -71.051, -4.367 ], [ -71.078, -4.394 ], [ -71.077, -4.374 ], [ -71.091, -4.373 ], [ -71.108, -4.379 ], [ -71.115, -4.408 ], [ -71.148, -4.381 ], [ -71.15, -4.402 ], [ -71.182, -4.394 ], [ -71.194, -4.423 ], [ -71.201, -4.378 ], [ -71.215, -4.378 ], [ -71.222, -4.406 ], [ -71.23, -4.383 ], [ -71.269, -4.384 ], [ -71.28, -4.397 ], [ -71.261, -4.394 ], [ -71.261, -4.425 ], [ -71.275, -4.438 ], [ -71.319, -4.418 ], [ -71.301, -4.444 ], [ -71.308, -4.462 ], [ -71.313, -4.443 ], [ -71.34, -4.44 ], [ -71.346, -4.426 ], [ -71.391, -4.427 ], [ -71.434, -4.476 ], [ -71.431, -4.447 ], [ -71.412, -4.435 ], [ -71.436, -4.428 ], [ -71.438, -4.449 ], [ -71.451, -4.432 ], [ -71.478, -4.434 ], [ -71.483, -4.457 ], [ -71.507, -4.437 ], [ -71.494, -4.485 ], [ -71.517, -4.461 ], [ -71.537, -4.463 ], [ -71.536, -4.482 ], [ -71.558, -4.478 ], [ -71.567, -4.506 ], [ -71.603, -4.528 ], [ -71.634, -4.511 ], [ -71.614, -4.467 ], [ -71.645, -4.502 ], [ -71.657, -4.471 ], [ -71.658, -4.501 ], [ -71.707, -4.51 ], [ -71.737, -4.496 ], [ -71.752, -4.468 ], [ -71.749, -4.491 ], [ -71.768, -4.504 ], [ -71.785, -4.482 ], [ -71.783, -4.497 ], [ -71.794, -4.484 ], [ -71.807, -4.504 ], [ -71.832, -4.496 ], [ -71.83, -4.514 ], [ -71.839, -4.505 ], [ -71.865, -4.526 ], [ -71.906, -4.515 ], [ -71.885, -4.537 ], [ -71.918, -4.529 ], [ -71.919, -4.563 ], [ -71.95, -4.58 ], [ -71.947, -4.608 ], [ -71.994, -4.609 ], [ -71.981, -4.626 ], [ -72.002, -4.629 ], [ -72.006, -4.645 ], [ -72.042, -4.623 ], [ -72.038, -4.643 ], [ -72.068, -4.659 ], [ -72.06, -4.673 ], [ -72.08, -4.669 ], [ -72.127, -4.735 ], [ -72.14, -4.712 ], [ -72.193, -4.746 ], [ -72.192, -4.763 ], [ -72.209, -4.747 ], [ -72.244, -4.781 ], [ -72.256, -4.765 ], [ -72.255, -4.792 ], [ -72.283, -4.797 ], [ -72.28, -4.771 ], [ -72.307, -4.79 ], [ -72.31, -4.774 ], [ -72.328, -4.781 ], [ -72.325, -4.813 ], [ -72.339, -4.793 ], [ -72.345, -4.807 ], [ -72.37, -4.804 ], [ -72.359, -4.823 ], [ -72.389, -4.834 ], [ -72.375, -4.838 ], [ -72.382, -4.873 ], [ -72.406, -4.889 ], [ -72.422, -4.876 ], [ -72.415, -4.9 ], [ -72.431, -4.911 ], [ -72.47, -4.891 ], [ -72.451, -4.916 ], [ -72.474, -4.925 ], [ -72.482, -4.951 ], [ -72.488, -4.933 ], [ -72.497, -4.95 ], [ -72.521, -4.933 ], [ -72.522, -4.96 ], [ -72.552, -4.956 ], [ -72.585, -4.998 ], [ -72.598, -4.984 ], [ -72.621, -5.052 ], [ -72.629, -5.038 ], [ -72.641, -5.063 ], [ -72.642, -5.045 ], [ -72.657, -5.064 ], [ -72.671, -5.047 ], [ -72.692, -5.061 ], [ -72.728, -5.052 ], [ -72.74, -5.089 ], [ -72.756, -5.077 ], [ -72.768, -5.099 ], [ -72.784, -5.093 ], [ -72.786, -5.113 ], [ -72.817, -5.102 ], [ -72.815, -5.139 ], [ -72.851, -5.136 ], [ -72.887, -5.163 ], [ -72.88, -5.187 ], [ -72.869, -5.179 ], [ -72.873, -5.249 ], [ -72.862, -5.248 ], [ -72.861, -5.271 ], [ -72.904, -5.334 ], [ -72.89, -5.351 ], [ -72.92, -5.376 ], [ -72.959, -5.466 ], [ -72.949, -5.48 ], [ -72.961, -5.522 ], [ -72.953, -5.545 ], [ -72.939, -5.541 ], [ -72.974, -5.613 ], [ -72.959, -5.657 ], [ -72.986, -5.661 ], [ -73.0, -5.729 ], [ -73.028, -5.733 ], [ -73.019, -5.741 ], [ -73.046, -5.759 ], [ -73.053, -5.795 ], [ -73.08, -5.801 ], [ -73.089, -5.83 ], [ -73.114, -5.833 ], [ -73.117, -5.864 ], [ -73.152, -5.868 ], [ -73.187, -5.945 ], [ -73.187, -6.005 ], [ -73.209, -6.009 ], [ -73.238, -6.044 ], [ -73.228, -6.044 ], [ -73.227, -6.077 ], [ -73.248, -6.108 ], [ -73.247, -6.149 ], [ -73.216, -6.183 ], [ -73.22, -6.22 ], [ -73.161, -6.277 ], [ -73.136, -6.38 ], [ -73.105, -6.407 ], [ -73.121, -6.432 ], [ -73.111, -6.454 ], [ -73.13, -6.464 ], [ -73.134, -6.508 ], [ -73.152, -6.527 ], [ -73.188, -6.523 ], [ -73.176, -6.535 ], [ -73.2, -6.547 ], [ -73.207, -6.577 ], [ -73.219, -6.564 ], [ -73.238, -6.593 ], [ -73.251, -6.581 ], [ -73.297, -6.597 ], [ -73.353, -6.593 ], [ -73.391, -6.642 ], [ -73.536, -6.683 ], [ -73.562, -6.722 ], [ -73.638, -6.754 ], [ -73.666, -6.806 ], [ -73.71, -6.84 ], [ -73.762, -6.939 ], [ -73.744, -6.964 ], [ -73.761, -6.978 ], [ -73.76, -7.058 ], [ -73.8, -7.117 ], [ -73.756, -7.174 ], [ -73.742, -7.219 ], [ -73.717, -7.228 ], [ -73.7, -7.322 ], [ -73.755, -7.354 ], [ -73.762, -7.337 ], [ -73.789, -7.348 ], [ -73.821, -7.339 ], [ -73.854, -7.354 ], [ -73.864, -7.389 ], [ -73.904, -7.386 ], [ -73.922, -7.362 ], [ -73.935, -7.377 ], [ -73.951, -7.357 ], [ -73.91, -7.473 ], [ -73.942, -7.533 ], [ -73.983, -7.534 ], [ -74.036, -7.481 ], [ -74.039, -7.449 ], [ -74.133, -7.401 ], [ -74.142, -7.378 ], [ -74.254, -7.344 ], [ -74.284, -7.354 ], [ -74.344, -7.345 ], [ -74.37, -7.317 ], [ -74.445, -7.307 ], [ -74.502, -7.266 ] ] ] } },
{ "type": "Feature", "properties": { }, "geometry": { "type": "Polygon", "coordinates": [ [ [ -70.403, -13.117 ], [ -70.418, -13.133 ], [ -70.39, -13.132 ], [ -70.401, -13.153 ], [ -70.386, -13.167 ], [ -70.388, -13.192 ], [ -70.464, -13.16 ], [ -70.549, -13.153 ], [ -70.586, -13.104 ], [ -70.628, -13.092 ], [ -70.76, -13.108 ], [ -70.817, -13.07 ], [ -70.863, -13.08 ], [ -70.899, -13.07 ], [ -70.887, -13.103 ], [ -70.921, -13.111 ], [ -70.942, -13.156 ], [ -70.977, -13.17 ], [ -71.012, -13.265 ], [ -71.036, -13.27 ], [ -71.132, -13.22 ], [ -71.174, -13.055 ], [ -71.167, -13.018 ], [ -71.179, -12.998 ], [ -71.162, -12.967 ], [ -71.271, -12.962 ], [ -71.359, -12.881 ], [ -71.375, -12.901 ], [ -71.397, -12.883 ], [ -71.416, -12.894 ], [ -71.449, -12.863 ], [ -71.446, -12.827 ], [ -71.513, -12.744 ], [ -71.547, -12.735 ], [ -71.553, -12.709 ], [ -71.639, -12.709 ], [ -71.695, -12.739 ], [ -71.708, -12.773 ], [ -71.748, -12.796 ], [ -71.765, -12.767 ], [ -71.8, -12.766 ], [ -71.812, -12.744 ], [ -71.9, -12.733 ], [ -71.918, -12.699 ], [ -71.968, -12.692 ], [ -71.978, -12.679 ], [ -71.957, -12.639 ], [ -71.966, -12.613 ], [ -71.984, -12.608 ], [ -71.981, -12.58 ], [ -72.029, -12.526 ], [ -72.079, -12.499 ], [ -72.061, -12.438 ], [ -71.977, -12.399 ], [ -71.967, -12.348 ], [ -71.946, -12.33 ], [ -72.029, -12.287 ], [ -72.043, -12.255 ], [ -72.106, -12.239 ], [ -72.088, -12.143 ], [ -72.094, -12.085 ], [ -72.174, -12.06 ], [ -72.269, -12.054 ], [ -72.259, -12.006 ], [ -72.282, -11.996 ], [ -72.286, -11.975 ], [ -72.34, -11.966 ], [ -72.348, -11.891 ], [ -72.332, -11.856 ], [ -72.391, -11.828 ], [ -72.371, -11.785 ], [ -72.423, -11.738 ], [ -72.429, -11.709 ], [ -72.376, -11.633 ], [ -72.356, -11.635 ], [ -72.308, -11.588 ], [ -72.293, -11.433 ], [ -72.248, -11.385 ], [ -72.239, -11.345 ], [ -72.205, -11.347 ], [ -72.219, -11.297 ], [ -72.187, -11.185 ], [ -72.207, -11.172 ], [ -72.12, -11.119 ], [ -72.148, -11.088 ], [ -72.183, -11.093 ], [ -72.193, -11.05 ], [ -72.176, -11.039 ], [ -72.176, -10.997 ], [ -72.158, -11.005 ], [ -72.128, -10.98 ], [ -72.125, -10.996 ], [ -72.054, -11.011 ], [ -72.011, -10.988 ], [ -71.938, -11.004 ], [ -71.847, -10.996 ], [ -71.828, -11.012 ], [ -71.78, -10.988 ], [ -71.729, -10.984 ], [ -71.716, -10.998 ], [ -71.702, -10.974 ], [ -71.662, -10.983 ], [ -71.532, -10.952 ], [ -71.508, -10.966 ], [ -71.354, -10.95 ], [ -71.308, -10.878 ], [ -71.273, -10.853 ], [ -71.259, -10.785 ], [ -71.222, -10.777 ], [ -71.216, -10.715 ], [ -71.231, -10.685 ], [ -71.206, -10.652 ], [ -71.221, -10.637 ], [ -71.196, -10.58 ], [ -71.165, -10.57 ], [ -71.165, -10.531 ], [ -71.147, -10.531 ], [ -71.129, -10.505 ], [ -71.025, -10.478 ], [ -71.005, -10.431 ], [ -70.958, -10.39 ], [ -70.968, -10.336 ], [ -70.889, -10.335 ], [ -70.874, -10.301 ], [ -70.881, -10.262 ], [ -70.803, -10.251 ], [ -70.706, -10.161 ], [ -70.698, -10.118 ], [ -70.65, -10.079 ], [ -70.652, -10.04 ], [ -70.672, -10.023 ], [ -70.657, -10.0 ], [ -70.668, -9.971 ], [ -70.649, -9.952 ], [ -70.64, -9.884 ], [ -70.614, -9.873 ], [ -70.614, -11.0 ], [ -70.522, -10.934 ], [ -70.452, -10.997 ], [ -70.438, -11.039 ], [ -70.308, -11.071 ], [ -70.242, -11.047 ], [ -70.158, -11.042 ], [ -70.093, -10.987 ], [ -70.065, -10.994 ], [ -69.933, -10.922 ], [ -69.921, -10.934 ], [ -69.901, -10.921 ], [ -69.858, -10.934 ], [ -69.77, -10.93 ], [ -69.738, -10.975 ], [ -69.576, -10.942 ], [ -69.103, -11.681 ], [ -68.652, -12.503 ], [ -68.656, -12.535 ], [ -68.681, -12.525 ], [ -68.674, -12.553 ], [ -68.691, -12.557 ], [ -68.694, -12.587 ], [ -68.701, -12.579 ], [ -68.741, -12.633 ], [ -68.734, -12.667 ], [ -68.72, -12.661 ], [ -68.728, -12.671 ], [ -68.712, -12.68 ], [ -68.742, -12.708 ], [ -68.728, -12.713 ], [ -68.804, -12.757 ], [ -68.818, -12.791 ], [ -68.808, -12.809 ], [ -68.824, -12.805 ], [ -68.839, -12.824 ], [ -68.835, -12.858 ], [ -68.871, -12.87 ], [ -68.875, -12.919 ], [ -68.861, -12.927 ], [ -68.877, -12.929 ], [ -68.86, -12.948 ], [ -68.879, -12.942 ], [ -68.876, -12.978 ], [ -68.862, -12.981 ], [ -68.877, -12.987 ], [ -68.872, -13.004 ], [ -69.647, -13.341 ], [ -70.403, -13.117 ] ] ] } },
{ "type": "Feature", "properties": { }, "geometry": { "type": "Polygon", "coordinates": [ [ [ -70.88, -17.556 ], [ -70.912, -17.687 ], [ -70.993, -17.679 ], [ -71.017, -17.709 ], [ -71.082, -17.717 ], [ -71.139, -17.821 ], [ -71.191, -17.777 ], [ -71.349, -17.693 ], [ -71.381, -17.707 ], [ -71.341, -17.637 ], [ -71.366, -17.545 ], [ -71.363, -17.489 ], [ -71.394, -17.389 ], [ -71.433, -17.367 ], [ -71.445, -17.332 ], [ -71.477, -17.323 ], [ -71.473, -17.297 ], [ -71.491, -17.285 ], [ -71.466, -17.255 ], [ -71.424, -17.237 ], [ -71.302, -17.094 ], [ -71.339, -17.022 ], [ -71.386, -17.021 ], [ -71.405, -16.957 ], [ -71.464, -16.956 ], [ -71.46, -16.937 ], [ -71.424, -16.919 ], [ -71.444, -16.805 ], [ -71.423, -16.738 ], [ -71.364, -16.72 ], [ -71.327, -16.752 ], [ -71.289, -16.726 ], [ -71.279, -16.616 ], [ -71.26, -16.605 ], [ -71.237, -16.515 ], [ -71.242, -16.463 ], [ -71.14, -16.475 ], [ -71.125, -16.461 ], [ -71.047, -16.454 ], [ -71.037, -16.486 ], [ -71.013, -16.499 ], [ -70.956, -16.473 ], [ -70.986, -16.31 ], [ -70.944, -16.314 ], [ -70.916, -16.282 ], [ -70.881, -16.285 ], [ -70.844, -16.236 ], [ -70.867, -16.225 ], [ -70.854, -16.197 ], [ -70.879, -16.167 ], [ -70.867, -16.128 ], [ -70.896, -16.106 ], [ -70.857, -16.056 ], [ -70.805, -16.055 ], [ -70.829, -15.999 ], [ -70.82, -15.978 ], [ -70.808, -15.988 ], [ -70.8, -15.976 ], [ -70.776, -16.013 ], [ -70.722, -16.034 ], [ -70.641, -15.988 ], [ -70.625, -16.003 ], [ -70.563, -15.982 ], [ -70.507, -16.038 ], [ -70.466, -16.05 ], [ -70.44, -16.037 ], [ -70.434, -16.062 ], [ -70.403, -16.087 ], [ -70.402, -16.149 ], [ -70.361, -16.208 ], [ -70.329, -16.205 ], [ -70.327, -16.232 ], [ -70.345, -16.256 ], [ -70.346, -16.348 ], [ -70.382, -16.386 ], [ -70.357, -16.4 ], [ -70.361, -16.411 ], [ -70.325, -16.418 ], [ -70.301, -16.479 ], [ -70.185, -16.538 ], [ -70.166, -16.613 ], [ -70.088, -16.655 ], [ -70.049, -16.628 ], [ -70.013, -16.64 ], [ -69.995, -16.729 ], [ -70.036, -16.743 ], [ -70.058, -16.788 ], [ -70.09, -16.811 ], [ -70.094, -16.891 ], [ -70.116, -16.922 ], [ -70.147, -16.939 ], [ -70.148, -16.922 ], [ -70.174, -16.912 ], [ -70.227, -16.959 ], [ -70.252, -16.945 ], [ -70.259, -16.902 ], [ -70.241, -16.857 ], [ -70.184, -16.835 ], [ -70.183, -16.817 ], [ -70.247, -16.802 ], [ -70.267, -16.771 ], [ -70.311, -16.773 ], [ -70.441, -16.84 ], [ -70.442, -16.892 ], [ -70.465, -16.944 ], [ -70.443, -16.964 ], [ -70.463, -17.004 ], [ -70.439, -17.05 ], [ -70.449, -17.081 ], [ -70.491, -17.09 ], [ -70.555, -17.198 ], [ -70.684, -17.224 ], [ -70.716, -17.274 ], [ -70.706, -17.291 ], [ -70.747, -17.351 ], [ -70.752, -17.381 ], [ -70.737, -17.408 ], [ -70.88, -17.556 ] ] ] } },
{ "type": "Feature", "properties": { }, "geometry": { "type": "Polygon", "coordinates": [ [ [ -76.189, -10.96 ], [ -76.21, -10.919 ], [ -76.282, -10.914 ], [ -76.26, -11.027 ], [ -76.24, -11.049 ], [ -76.25, -11.105 ], [ -76.215, -11.15 ], [ -76.227, -11.156 ], [ -76.308, -11.133 ], [ -76.318, -11.092 ], [ -76.336, -11.083 ], [ -76.351, -11.094 ], [ -76.389, -11.071 ], [ -76.447, -11.071 ], [ -76.494, -11.089 ], [ -76.533, -11.034 ], [ -76.578, -11.016 ], [ -76.582, -10.985 ], [ -76.565, -10.964 ], [ -76.584, -10.854 ], [ -76.633, -10.785 ], [ -76.628, -10.766 ], [ -76.671, -10.678 ], [ -76.656, -10.647 ], [ -76.686, -10.581 ], [ -76.704, -10.589 ], [ -76.73, -10.508 ], [ -76.729, -10.479 ], [ -76.697, -10.443 ], [ -76.593, -10.401 ], [ -76.578, -10.376 ], [ -76.558, -10.393 ], [ -76.491, -10.379 ], [ -76.473, -10.338 ], [ -76.494, -10.311 ], [ -76.425, -10.319 ], [ -76.387, -10.289 ], [ -76.364, -10.299 ], [ -76.342, -10.286 ], [ -76.326, -10.306 ], [ -76.306, -10.413 ], [ -76.285, -10.416 ], [ -76.269, -10.369 ], [ -76.226, -10.397 ], [ -76.231, -10.372 ], [ -76.205, -10.377 ], [ -76.207, -10.389 ], [ -76.167, -10.414 ], [ -76.143, -10.409 ], [ -76.13, -10.431 ], [ -76.078, -10.434 ], [ -76.058, -10.465 ], [ -76.012, -10.455 ], [ -76.003, -10.489 ], [ -75.977, -10.48 ], [ -75.925, -10.407 ], [ -75.925, -10.357 ], [ -75.856, -10.302 ], [ -75.84, -10.257 ], [ -75.813, -10.244 ], [ -75.785, -10.252 ], [ -75.709, -10.215 ], [ -75.676, -10.054 ], [ -75.645, -10.027 ], [ -75.602, -10.025 ], [ -75.595, -9.953 ], [ -75.56, -9.964 ], [ -75.548, -9.984 ], [ -75.468, -9.989 ], [ -75.45, -9.942 ], [ -75.405, -9.93 ], [ -75.396, -9.913 ], [ -75.411, -9.888 ], [ -75.4, -9.878 ], [ -75.282, -9.865 ], [ -75.279, -9.838 ], [ -75.31, -9.774 ], [ -75.255, -9.779 ], [ -75.16, -9.84 ], [ -75.094, -9.844 ], [ -75.058, -9.819 ], [ -74.994, -9.84 ], [ -74.986, -9.864 ], [ -74.882, -9.82 ], [ -74.836, -9.848 ], [ -74.836, -9.82 ], [ -74.816, -9.795 ], [ -74.846, -9.785 ], [ -74.845, -9.751 ], [ -74.817, -9.736 ], [ -74.821, -9.675 ], [ -74.787, -9.666 ], [ -74.765, -9.636 ], [ -74.772, -9.612 ], [ -74.736, -9.574 ], [ -74.751, -9.525 ], [ -74.729, -9.472 ], [ -74.687, -9.446 ], [ -74.581, -9.477 ], [ -74.593, -9.507 ], [ -74.575, -9.573 ], [ -74.492, -9.595 ], [ -74.49, -9.685 ], [ -74.447, -9.777 ], [ -74.453, -9.864 ], [ -74.411, -9.915 ], [ -74.425, -9.985 ], [ -74.412, -10.041 ], [ -74.39, -10.051 ], [ -74.367, -10.113 ], [ -74.315, -10.113 ], [ -74.303, -10.165 ], [ -74.228, -10.194 ], [ -74.227, -10.277 ], [ -74.252, -10.305 ], [ -74.237, -10.322 ], [ -74.263, -10.364 ], [ -74.242, -10.383 ], [ -74.253, -10.417 ], [ -74.179, -10.489 ], [ -74.133, -10.605 ], [ -74.136, -10.671 ], [ -74.16, -10.641 ], [ -74.23, -10.635 ], [ -74.228, -10.652 ], [ -74.253, -10.659 ], [ -74.259, -10.68 ], [ -74.287, -10.67 ], [ -74.35, -10.755 ], [ -74.384, -10.747 ], [ -74.374, -10.789 ], [ -74.387, -10.813 ], [ -74.431, -10.813 ], [ -74.483, -10.835 ], [ -74.487, -10.889 ], [ -74.55, -10.892 ], [ -74.57, -10.916 ], [ -74.614, -10.905 ], [ -74.643, -10.868 ], [ -74.691, -10.887 ], [ -74.733, -10.834 ], [ -74.795, -10.83 ], [ -74.879, -10.7 ], [ -74.888, -10.711 ], [ -74.866, -10.759 ], [ -74.885, -10.771 ], [ -74.956, -10.733 ], [ -74.983, -10.75 ], [ -75.006, -10.719 ], [ -75.012, -10.68 ], [ -75.036, -10.682 ], [ -75.065, -10.653 ], [ -75.11, -10.724 ], [ -75.157, -10.762 ], [ -75.177, -10.75 ], [ -75.19, -10.78 ], [ -75.204, -10.765 ], [ -75.244, -10.764 ], [ -75.248, -10.803 ], [ -75.285, -10.842 ], [ -75.345, -10.799 ], [ -75.363, -10.85 ], [ -75.411, -10.862 ], [ -75.391, -10.832 ], [ -75.395, -10.759 ], [ -75.461, -10.75 ], [ -75.478, -10.781 ], [ -75.49, -10.757 ], [ -75.557, -10.744 ], [ -75.568, -10.727 ], [ -75.584, -10.802 ], [ -75.607, -10.823 ], [ -75.679, -10.84 ], [ -75.693, -10.817 ], [ -75.733, -10.809 ], [ -75.759, -10.83 ], [ -75.789, -10.825 ], [ -75.837, -10.886 ], [ -75.876, -10.867 ], [ -75.936, -10.89 ], [ -75.937, -10.872 ], [ -75.995, -10.821 ], [ -76.046, -10.881 ], [ -76.082, -10.895 ], [ -76.123, -10.963 ], [ -76.145, -10.946 ], [ -76.189, -10.96 ] ] ] } },
{ "type": "Feature", "properties": { }, "geometry": { "type": "Polygon", "coordinates": [ [ [ -80.884, -5.547 ], [ -80.958, -5.423 ], [ -81.064, -5.323 ], [ -81.108, -5.315 ], [ -81.138, -5.264 ], [ -81.193, -5.217 ], [ -81.167, -5.167 ], [ -81.18, -5.133 ], [ -81.16, -5.123 ], [ -81.168, -5.082 ], [ -81.132, -5.07 ], [ -81.087, -5.08 ], [ -81.061, -5.047 ], [ -81.064, -5.012 ], [ -81.088, -4.965 ], [ -81.328, -4.682 ], [ -81.274, -4.571 ], [ -81.305, -4.48 ], [ -81.253, -4.396 ], [ -81.253, -4.274 ], [ -81.042, -4.083 ], [ -81.019, -4.113 ], [ -80.971, -4.127 ], [ -80.968, -4.173 ], [ -80.924, -4.169 ], [ -80.883, -4.193 ], [ -80.735, -4.178 ], [ -80.623, -4.232 ], [ -80.59, -4.214 ], [ -80.523, -4.105 ], [ -80.487, -4.083 ], [ -80.467, -4.128 ], [ -80.447, -4.121 ], [ -80.449, -4.209 ], [ -80.431, -4.196 ], [ -80.409, -4.219 ], [ -80.368, -4.197 ], [ -80.353, -4.221 ], [ -80.31, -4.204 ], [ -80.453, -4.383 ], [ -80.449, -4.448 ], [ -80.39, -4.486 ], [ -80.292, -4.437 ], [ -80.277, -4.404 ], [ -80.262, -4.41 ], [ -80.232, -4.373 ], [ -80.22, -4.378 ], [ -80.218, -4.353 ], [ -80.196, -4.351 ], [ -80.205, -4.339 ], [ -80.187, -4.335 ], [ -80.179, -4.298 ], [ -80.165, -4.29 ], [ -80.155, -4.304 ], [ -80.136, -4.285 ], [ -80.135, -4.296 ], [ -80.104, -4.291 ], [ -80.061, -4.31 ], [ -80.034, -4.349 ], [ -79.963, -4.394 ], [ -79.919, -4.385 ], [ -79.871, -4.413 ], [ -79.813, -4.491 ], [ -79.706, -4.472 ], [ -79.656, -4.434 ], [ -79.628, -4.439 ], [ -79.562, -4.515 ], [ -79.488, -4.531 ], [ -79.477, -4.57 ], [ -79.494, -4.582 ], [ -79.489, -4.625 ], [ -79.464, -4.652 ], [ -79.457, -4.703 ], [ -79.394, -4.836 ], [ -79.368, -4.835 ], [ -79.352, -4.88 ], [ -79.307, -4.898 ], [ -79.266, -4.967 ], [ -79.21, -4.966 ], [ -79.226, -5.048 ], [ -79.273, -5.059 ], [ -79.296, -5.112 ], [ -79.33, -5.124 ], [ -79.342, -5.164 ], [ -79.378, -5.19 ], [ -79.348, -5.234 ], [ -79.359, -5.289 ], [ -79.328, -5.316 ], [ -79.326, -5.348 ], [ -79.308, -5.365 ], [ -79.276, -5.52 ], [ -79.331, -5.535 ], [ -79.387, -5.522 ], [ -79.4, -5.538 ], [ -79.371, -5.603 ], [ -79.399, -5.703 ], [ -79.399, -5.771 ], [ -79.335, -5.894 ], [ -79.424, -5.927 ], [ -79.484, -5.888 ], [ -79.554, -5.938 ], [ -79.612, -5.941 ], [ -79.663, -5.835 ], [ -79.689, -5.848 ], [ -79.736, -5.83 ], [ -79.717, -5.74 ], [ -79.766, -5.708 ], [ -79.753, -5.691 ], [ -79.768, -5.685 ], [ -79.766, -5.662 ], [ -79.833, -5.645 ], [ -79.864, -5.563 ], [ -79.854, -5.531 ], [ -79.902, -5.481 ], [ -79.939, -5.517 ], [ -80.051, -5.541 ], [ -80.07, -5.646 ], [ -80.061, -5.684 ], [ -80.095, -5.703 ], [ -80.103, -5.761 ], [ -80.092, -5.795 ], [ -80.058, -5.819 ], [ -80.12, -5.872 ], [ -80.124, -5.891 ], [ -80.171, -5.88 ], [ -80.287, -5.921 ], [ -80.35, -5.978 ], [ -80.328, -6.006 ], [ -80.388, -5.996 ], [ -80.425, -6.028 ], [ -80.627, -6.372 ], [ -80.784, -6.299 ], [ -80.895, -6.203 ], [ -81.092, -6.082 ], [ -81.149, -5.983 ], [ -81.149, -5.89 ], [ -81.124, -5.843 ], [ -81.097, -5.838 ], [ -81.084, -5.792 ], [ -81.068, -5.786 ], [ -81.024, -5.83 ], [ -80.954, -5.846 ], [ -80.889, -5.806 ], [ -80.86, -5.745 ], [ -80.85, -5.664 ], [ -80.884, -5.547 ] ] ] } },
{ "type": "Feature", "properties": { }, "geometry": { "type": "MultiPolygon", "coordinates": [ [ [ [ -70.361, -16.208 ], [ -70.402, -16.149 ], [ -70.403, -16.087 ], [ -70.443, -16.034 ], [ -70.466, -16.05 ], [ -70.507, -16.038 ], [ -70.563, -15.982 ], [ -70.625, -16.003 ], [ -70.641, -15.988 ], [ -70.722, -16.034 ], [ -70.776, -16.013 ], [ -70.8, -15.976 ], [ -70.808, -15.988 ], [ -70.841, -15.972 ], [ -70.832, -15.949 ], [ -70.843, -15.923 ], [ -70.866, -15.889 ], [ -70.893, -15.888 ], [ -70.89, -15.852 ], [ -70.942, -15.775 ], [ -70.9, -15.718 ], [ -70.918, -15.644 ], [ -70.982, -15.598 ], [ -71.018, -15.529 ], [ -71.016, -15.491 ], [ -70.993, -15.461 ], [ -71.027, -15.432 ], [ -71.036, -15.392 ], [ -71.006, -15.335 ], [ -70.985, -15.317 ], [ -70.959, -15.319 ], [ -70.95, -15.3 ], [ -70.985, -15.249 ], [ -70.963, -15.216 ], [ -71.004, -14.999 ], [ -70.985, -14.946 ], [ -70.997, -14.844 ], [ -70.978, -14.824 ], [ -70.975, -14.766 ], [ -71.013, -14.74 ], [ -71.028, -14.76 ], [ -71.053, -14.754 ], [ -71.118, -14.648 ], [ -71.031, -14.593 ], [ -71.01, -14.598 ], [ -71.015, -14.578 ], [ -70.978, -14.583 ], [ -70.966, -14.568 ], [ -70.999, -14.503 ], [ -70.987, -14.499 ], [ -70.988, -14.455 ], [ -70.962, -14.445 ], [ -70.986, -14.38 ], [ -70.912, -14.341 ], [ -70.913, -14.303 ], [ -70.88, -14.27 ], [ -70.9, -14.233 ], [ -70.887, -14.172 ], [ -70.821, -14.141 ], [ -70.79, -14.081 ], [ -70.818, -14.068 ], [ -70.829, -14.076 ], [ -70.86, -14.031 ], [ -70.84, -14.008 ], [ -70.853, -13.998 ], [ -70.846, -13.964 ], [ -70.81, -13.912 ], [ -70.831, -13.895 ], [ -70.832, -13.857 ], [ -70.875, -13.839 ], [ -70.879, -13.816 ], [ -70.854, -13.799 ], [ -70.828, -13.828 ], [ -70.768, -13.814 ], [ -70.709, -13.843 ], [ -70.699, -13.803 ], [ -70.735, -13.735 ], [ -70.715, -13.662 ], [ -70.663, -13.661 ], [ -70.616, -13.609 ], [ -70.544, -13.578 ], [ -70.539, -13.531 ], [ -70.489, -13.5 ], [ -70.453, -13.448 ], [ -70.472, -13.44 ], [ -70.443, -13.395 ], [ -70.451, -13.365 ], [ -70.42, -13.359 ], [ -70.4, -13.372 ], [ -70.396, -13.317 ], [ -70.346, -13.313 ], [ -70.371, -13.276 ], [ -70.423, -13.255 ], [ -70.391, -13.232 ], [ -70.384, -13.205 ], [ -70.386, -13.167 ], [ -70.401, -13.153 ], [ -70.39, -13.132 ], [ -70.418, -13.133 ], [ -70.403, -13.114 ], [ -69.65, -13.342 ], [ -68.872, -13.004 ], [ -68.871, -13.019 ], [ -68.853, -13.016 ], [ -68.867, -13.031 ], [ -68.85, -13.048 ], [ -68.863, -13.047 ], [ -68.859, -13.113 ], [ -68.873, -13.113 ], [ -68.878, -13.136 ], [ -68.858, -13.151 ], [ -68.871, -13.168 ], [ -68.857, -13.17 ], [ -68.861, -13.183 ], [ -68.872, -13.181 ], [ -68.845, -13.247 ], [ -68.86, -13.256 ], [ -68.849, -13.27 ], [ -68.862, -13.271 ], [ -68.859, -13.312 ], [ -68.879, -13.329 ], [ -68.869, -13.359 ], [ -68.892, -13.383 ], [ -68.889, -13.435 ], [ -68.899, -13.447 ], [ -68.906, -13.437 ], [ -68.896, -13.461 ], [ -68.906, -13.457 ], [ -68.917, -13.484 ], [ -68.919, -13.525 ], [ -68.941, -13.522 ], [ -68.952, -13.604 ], [ -69.005, -13.624 ], [ -68.99, -13.635 ], [ -68.996, -13.652 ], [ -69.047, -13.645 ], [ -69.067, -13.687 ], [ -69.026, -13.739 ], [ -68.974, -13.761 ], [ -68.994, -13.788 ], [ -68.917, -13.814 ], [ -68.951, -13.879 ], [ -68.983, -13.895 ], [ -68.983, -13.93 ], [ -68.963, -13.949 ], [ -68.979, -13.977 ], [ -68.936, -14.026 ], [ -68.89, -14.047 ], [ -68.871, -14.111 ], [ -68.833, -14.145 ], [ -68.856, -14.163 ], [ -68.827, -14.216 ], [ -68.962, -14.22 ], [ -68.985, -14.237 ], [ -68.979, -14.266 ], [ -69.015, -14.315 ], [ -68.985, -14.375 ], [ -69.028, -14.425 ], [ -69.082, -14.444 ], [ -69.118, -14.508 ], [ -69.154, -14.522 ], [ -69.15, -14.58 ], [ -69.221, -14.582 ], [ -69.228, -14.654 ], [ -69.258, -14.684 ], [ -69.225, -14.739 ], [ -69.24, -14.759 ], [ -69.301, -14.765 ], [ -69.354, -14.802 ], [ -69.344, -14.883 ], [ -69.365, -14.931 ], [ -69.361, -14.961 ], [ -69.323, -15.005 ], [ -69.277, -15.11 ], [ -69.243, -15.112 ], [ -69.191, -15.159 ], [ -69.12, -15.259 ], [ -69.176, -15.261 ], [ -69.195, -15.315 ], [ -69.216, -15.317 ], [ -69.26, -15.374 ], [ -69.25, -15.427 ], [ -69.232, -15.442 ], [ -69.241, -15.46 ], [ -69.254, -15.469 ], [ -69.29, -15.437 ], [ -69.331, -15.538 ], [ -69.391, -15.507 ], [ -69.377, -15.482 ], [ -69.363, -15.514 ], [ -69.35, -15.511 ], [ -69.376, -15.471 ], [ -69.433, -15.478 ], [ -69.415, -15.498 ], [ -69.432, -15.506 ], [ -69.44, -15.463 ], [ -69.532, -15.387 ], [ -69.522, -15.37 ], [ -69.553, -15.376 ], [ -69.567, -15.348 ], [ -69.589, -15.373 ], [ -69.622, -15.344 ], [ -69.634, -15.353 ], [ -69.63, -15.331 ], [ -69.654, -15.298 ], [ -69.633, -15.313 ], [ -69.642, -15.283 ], [ -69.668, -15.275 ], [ -69.655, -15.269 ], [ -69.677, -15.243 ], [ -69.689, -15.255 ], [ -69.687, -15.238 ], [ -69.709, -15.233 ], [ -69.759, -15.257 ], [ -69.735, -15.271 ], [ -69.741, -15.279 ], [ -69.714, -15.278 ], [ -69.699, -15.31 ], [ -69.751, -15.283 ], [ -69.752, -15.303 ], [ -69.781, -15.32 ], [ -69.815, -15.274 ], [ -69.831, -15.282 ], [ -69.818, -15.307 ], [ -69.837, -15.279 ], [ -69.856, -15.303 ], [ -69.895, -15.295 ], [ -69.876, -15.309 ], [ -69.903, -15.303 ], [ -69.895, -15.325 ], [ -69.857, -15.347 ], [ -69.893, -15.341 ], [ -69.874, -15.351 ], [ -69.872, -15.367 ], [ -69.861, -15.362 ], [ -69.874, -15.377 ], [ -69.876, -15.36 ], [ -69.905, -15.356 ], [ -69.926, -15.384 ], [ -69.933, -15.361 ], [ -69.938, -15.415 ], [ -69.86, -15.558 ], [ -69.811, -15.608 ], [ -69.805, -15.654 ], [ -69.771, -15.658 ], [ -69.761, -15.682 ], [ -69.803, -15.675 ], [ -69.744, -15.723 ], [ -69.79, -15.726 ], [ -69.821, -15.708 ], [ -69.851, -15.676 ], [ -69.855, -15.625 ], [ -69.906, -15.565 ], [ -69.943, -15.557 ], [ -69.915, -15.569 ], [ -69.933, -15.589 ], [ -69.918, -15.591 ], [ -69.931, -15.618 ], [ -69.918, -15.613 ], [ -69.916, -15.628 ], [ -69.948, -15.675 ], [ -69.967, -15.665 ], [ -69.955, -15.687 ], [ -69.965, -15.702 ], [ -70.018, -15.692 ], [ -70.036, -15.754 ], [ -69.989, -15.819 ], [ -70.018, -15.83 ], [ -70.015, -15.851 ], [ -69.995, -15.864 ], [ -69.964, -15.851 ], [ -69.892, -15.882 ], [ -69.86, -15.932 ], [ -69.845, -15.933 ], [ -69.846, -15.91 ], [ -69.836, -15.923 ], [ -69.834, -15.91 ], [ -69.784, -15.928 ], [ -69.778, -15.917 ], [ -69.808, -15.869 ], [ -69.817, -15.882 ], [ -69.827, -15.86 ], [ -69.849, -15.861 ], [ -69.843, -15.808 ], [ -69.806, -15.783 ], [ -69.766, -15.833 ], [ -69.779, -15.856 ], [ -69.763, -15.908 ], [ -69.741, -15.919 ], [ -69.736, -15.901 ], [ -69.725, -15.915 ], [ -69.701, -15.92 ], [ -69.684, -15.952 ], [ -69.664, -15.97 ], [ -69.598, -15.99 ], [ -69.537, -15.976 ], [ -69.496, -16.015 ], [ -69.479, -16.004 ], [ -69.462, -16.017 ], [ -69.474, -16.005 ], [ -69.507, -15.983 ], [ -69.557, -15.963 ], [ -69.672, -15.96 ], [ -69.689, -15.913 ], [ -69.672, -15.957 ], [ -69.563, -15.959 ], [ -69.452, -15.994 ], [ -69.423, -16.047 ], [ -69.426, -16.078 ], [ -69.453, -16.114 ], [ -69.432, -16.08 ], [ -69.435, -16.053 ], [ -69.455, -16.046 ], [ -69.439, -16.054 ], [ -69.456, -16.061 ], [ -69.469, -16.113 ], [ -69.505, -16.144 ], [ -69.492, -16.16 ], [ -69.505, -16.175 ], [ -69.517, -16.161 ], [ -69.494, -16.208 ], [ -69.434, -16.181 ], [ -69.404, -16.19 ], [ -69.389, -16.18 ], [ -69.399, -16.207 ], [ -69.376, -16.236 ], [ -69.355, -16.251 ], [ -69.295, -16.254 ], [ -69.282, -16.287 ], [ -69.257, -16.3 ], [ -69.235, -16.262 ], [ -69.097, -16.244 ], [ -69.103, -16.224 ], [ -69.055, -16.197 ], [ -69.013, -16.22 ], [ -68.984, -16.19 ], [ -68.957, -16.196 ], [ -68.959, -16.227 ], [ -68.996, -16.274 ], [ -69.006, -16.271 ], [ -68.99, -16.236 ], [ -69.031, -16.275 ], [ -69.055, -16.249 ], [ -69.077, -16.259 ], [ -69.078, -16.276 ], [ -69.05, -16.283 ], [ -69.022, -16.332 ], [ -69.023, -16.404 ], [ -69.098, -16.491 ], [ -69.037, -16.56 ], [ -69.031, -16.606 ], [ -68.996, -16.657 ], [ -69.043, -16.688 ], [ -69.17, -16.728 ], [ -69.186, -16.798 ], [ -69.305, -16.916 ], [ -69.335, -16.98 ], [ -69.369, -16.99 ], [ -69.394, -17.021 ], [ -69.374, -17.073 ], [ -69.406, -17.1 ], [ -69.433, -17.11 ], [ -69.449, -17.098 ], [ -69.512, -17.146 ], [ -69.557, -17.159 ], [ -69.641, -17.287 ], [ -69.655, -17.271 ], [ -69.731, -17.295 ], [ -69.762, -17.28 ], [ -69.788, -17.236 ], [ -69.851, -17.244 ], [ -69.943, -17.198 ], [ -70.025, -17.122 ], [ -70.04, -17.128 ], [ -70.042, -17.059 ], [ -70.146, -16.943 ], [ -70.094, -16.891 ], [ -70.09, -16.811 ], [ -70.058, -16.788 ], [ -70.036, -16.743 ], [ -69.996, -16.73 ], [ -70.012, -16.688 ], [ -70.001, -16.657 ], [ -70.049, -16.628 ], [ -70.088, -16.655 ], [ -70.166, -16.613 ], [ -70.185, -16.538 ], [ -70.301, -16.479 ], [ -70.325, -16.418 ], [ -70.361, -16.411 ], [ -70.357, -16.4 ], [ -70.382, -16.386 ], [ -70.357, -16.368 ], [ -70.339, -16.326 ], [ -70.345, -16.256 ], [ -70.324, -16.22 ], [ -70.335, -16.202 ], [ -70.361, -16.208 ] ], [ [ -69.911, -15.196 ], [ -69.931, -15.149 ], [ -69.95, -15.152 ], [ -69.956, -15.175 ], [ -69.989, -15.109 ], [ -69.99, -15.168 ], [ -70.016, -15.145 ], [ -70.026, -15.158 ], [ -70.044, -15.111 ], [ -70.118, -15.149 ], [ -70.116, -15.168 ], [ -70.064, -15.194 ], [ -69.949, -15.221 ], [ -69.966, -15.195 ], [ -69.949, -15.21 ], [ -69.947, -15.192 ], [ -69.932, -15.223 ], [ -69.888, -15.205 ], [ -69.911, -15.196 ] ], [ [ -70.142, -15.749 ], [ -70.164, -15.719 ], [ -70.15, -15.712 ], [ -70.188, -15.726 ], [ -70.2, -15.7 ], [ -70.201, -15.772 ], [ -70.142, -15.749 ] ] ], [ [ [ -69.844, -15.353 ], [ -69.845, -15.33 ], [ -69.839, -15.35 ], [ -69.791, -15.352 ], [ -69.861, -15.362 ], [ -69.844, -15.353 ] ] ], [ [ [ -69.673, -15.909 ], [ -69.667, -15.915 ], [ -69.688, -15.908 ], [ -69.711, -15.916 ], [ -69.704, -15.895 ], [ -69.673, -15.909 ] ] ], [ [ [ -69.833, -15.887 ], [ -69.825, -15.878 ], [ -69.823, -15.891 ], [ -69.833, -15.887 ] ] ], [ [ [ -69.675, -15.791 ], [ -69.682, -15.798 ], [ -69.696, -15.754 ], [ -69.682, -15.754 ], [ -69.675, -15.791 ] ] ], [ [ [ -69.693, -15.663 ], [ -69.717, -15.68 ], [ -69.727, -15.663 ], [ -69.705, -15.651 ], [ -69.693, -15.663 ] ] ], [ [ [ -68.918, -16.233 ], [ -68.814, -16.32 ], [ -68.814, -16.348 ], [ -68.918, -16.404 ], [ -68.918, -16.233 ] ] ], [ [ [ -68.947, -16.244 ], [ -68.953, -16.226 ], [ -68.945, -16.227 ], [ -68.936, -16.238 ], [ -68.947, -16.244 ] ] ] ] } },
{ "type": "Feature", "properties": { }, "geometry": { "type": "Polygon", "coordinates": [ [ [ -76.732, -8.516 ], [ -76.768, -8.527 ], [ -76.797, -8.511 ], [ -76.831, -8.516 ], [ -76.865, -8.566 ], [ -76.887, -8.555 ], [ -76.921, -8.57 ], [ -76.949, -8.546 ], [ -76.977, -8.561 ], [ -77.012, -8.538 ], [ -77.05, -8.554 ], [ -77.092, -8.517 ], [ -77.082, -8.487 ], [ -77.14, -8.48 ], [ -77.134, -8.44 ], [ -77.105, -8.445 ], [ -77.085, -8.406 ], [ -77.034, -8.405 ], [ -77.0, -8.382 ], [ -76.977, -8.396 ], [ -76.968, -8.371 ], [ -76.927, -8.359 ], [ -76.932, -8.343 ], [ -76.901, -8.283 ], [ -76.926, -8.218 ], [ -76.912, -8.159 ], [ -76.985, -8.114 ], [ -77.024, -8.049 ], [ -77.111, -8.025 ], [ -77.151, -8.032 ], [ -77.232, -8.012 ], [ -77.26, -8.048 ], [ -77.297, -8.063 ], [ -77.373, -8.065 ], [ -77.386, -8.055 ], [ -77.375, -8.032 ], [ -77.407, -7.993 ], [ -77.377, -7.909 ], [ -77.411, -7.901 ], [ -77.443, -7.814 ], [ -77.525, -7.768 ], [ -77.526, -7.754 ], [ -77.483, -7.72 ], [ -77.483, -7.698 ], [ -77.459, -7.687 ], [ -77.467, -7.675 ], [ -77.498, -7.686 ], [ -77.512, -7.657 ], [ -77.538, -7.65 ], [ -77.523, -7.633 ], [ -77.528, -7.616 ], [ -77.486, -7.604 ], [ -77.497, -7.583 ], [ -77.54, -7.577 ], [ -77.522, -7.507 ], [ -77.539, -7.507 ], [ -77.56, -7.464 ], [ -77.631, -7.414 ], [ -77.622, -7.397 ], [ -77.639, -7.344 ], [ -77.628, -7.321 ], [ -77.647, -7.242 ], [ -77.606, -7.219 ], [ -77.616, -7.178 ], [ -77.713, -7.109 ], [ -77.707, -7.069 ], [ -77.745, -7.021 ], [ -77.759, -6.965 ], [ -77.707, -6.908 ], [ -77.765, -6.8 ], [ -77.732, -6.783 ], [ -77.748, -6.746 ], [ -77.746, -6.665 ], [ -77.739, -6.646 ], [ -77.702, -6.677 ], [ -77.68, -6.674 ], [ -77.643, -6.622 ], [ -77.612, -6.612 ], [ -77.569, -6.638 ], [ -77.544, -6.677 ], [ -77.456, -6.681 ], [ -77.406, -6.726 ], [ -77.382, -6.698 ], [ -77.438, -6.603 ], [ -77.394, -6.603 ], [ -77.381, -6.569 ], [ -77.345, -6.547 ], [ -77.326, -6.468 ], [ -77.273, -6.407 ], [ -77.287, -6.331 ], [ -77.244, -6.338 ], [ -77.221, -6.381 ], [ -77.172, -6.381 ], [ -77.132, -6.305 ], [ -77.212, -6.216 ], [ -77.219, -6.194 ], [ -77.202, -6.18 ], [ -77.223, -6.147 ], [ -77.28, -6.142 ], [ -77.346, -6.114 ], [ -77.359, -6.073 ], [ -77.381, -6.08 ], [ -77.395, -6.039 ], [ -77.419, -6.032 ], [ -77.432, -6.062 ], [ -77.477, -6.0 ], [ -77.489, -6.029 ], [ -77.537, -6.064 ], [ -77.567, -6.028 ], [ -77.596, -6.033 ], [ -77.598, -6.004 ], [ -77.639, -6.001 ], [ -77.669, -5.98 ], [ -77.652, -5.935 ], [ -77.683, -5.878 ], [ -77.682, -5.849 ], [ -77.746, -5.835 ], [ -77.77, -5.788 ], [ -77.759, -5.73 ], [ -77.775, -5.69 ], [ -77.736, -5.609 ], [ -77.772, -5.492 ], [ -77.749, -5.46 ], [ -77.768, -5.436 ], [ -77.745, -5.407 ], [ -77.672, -5.409 ], [ -77.595, -5.464 ], [ -77.558, -5.426 ], [ -77.492, -5.52 ], [ -77.507, -5.553 ], [ -77.473, -5.555 ], [ -77.461, -5.585 ], [ -77.411, -5.59 ], [ -77.404, -5.574 ], [ -77.372, -5.567 ], [ -77.337, -5.604 ], [ -77.28, -5.601 ], [ -77.266, -5.614 ], [ -77.232, -5.595 ], [ -77.202, -5.634 ], [ -77.179, -5.641 ], [ -77.142, -5.625 ], [ -77.127, -5.651 ], [ -76.996, -5.667 ], [ -76.973, -5.699 ], [ -76.893, -5.748 ], [ -76.835, -5.746 ], [ -76.816, -5.808 ], [ -76.82, -5.859 ], [ -76.747, -5.954 ], [ -76.75, -6.003 ], [ -76.481, -6.014 ], [ -76.43, -6.003 ], [ -76.4, -5.954 ], [ -76.315, -6.054 ], [ -76.318, -6.086 ], [ -76.247, -6.126 ], [ -76.146, -6.147 ], [ -76.088, -6.108 ], [ -76.014, -6.084 ], [ -75.958, -6.098 ], [ -75.919, -6.141 ], [ -75.84, -6.141 ], [ -75.852, -6.102 ], [ -75.807, -6.102 ], [ -75.77, -6.125 ], [ -75.77, -6.148 ], [ -75.719, -6.141 ], [ -75.68, -6.095 ], [ -75.636, -6.089 ], [ -75.621, -6.029 ], [ -75.569, -6.0 ], [ -75.533, -6.096 ], [ -75.527, -6.162 ], [ -75.488, -6.199 ], [ -75.49, -6.267 ], [ -75.55, -6.348 ], [ -75.503, -6.552 ], [ -75.508, -6.78 ], [ -75.617, -6.841 ], [ -75.633, -6.843 ], [ -75.643, -6.816 ], [ -75.66, -6.819 ], [ -75.701, -6.869 ], [ -75.725, -6.851 ], [ -75.781, -6.848 ], [ -75.794, -6.821 ], [ -75.814, -6.825 ], [ -75.844, -6.797 ], [ -75.965, -6.788 ], [ -76.051, -6.811 ], [ -76.035, -6.865 ], [ -76.011, -6.89 ], [ -76.016, -6.914 ], [ -76.052, -6.938 ], [ -76.036, -6.993 ], [ -76.008, -7.002 ], [ -76.011, -7.078 ], [ -76.06, -7.161 ], [ -76.144, -7.204 ], [ -76.167, -7.268 ], [ -76.213, -7.31 ], [ -76.196, -7.334 ], [ -76.215, -7.395 ], [ -76.204, -7.431 ], [ -76.167, -7.493 ], [ -76.122, -7.526 ], [ -76.116, -7.563 ], [ -76.091, -7.56 ], [ -76.08, -7.584 ], [ -76.094, -7.61 ], [ -76.082, -7.632 ], [ -76.101, -7.65 ], [ -76.102, -7.723 ], [ -76.087, -7.729 ], [ -76.084, -7.763 ], [ -76.044, -7.792 ], [ -76.008, -7.856 ], [ -76.006, -7.891 ], [ -75.976, -7.909 ], [ -75.994, -7.954 ], [ -75.967, -7.96 ], [ -75.939, -7.946 ], [ -75.928, -7.957 ], [ -75.859, -7.921 ], [ -75.829, -7.973 ], [ -75.845, -8.06 ], [ -75.921, -8.073 ], [ -75.952, -8.101 ], [ -75.934, -8.134 ], [ -75.941, -8.186 ], [ -75.913, -8.256 ], [ -75.921, -8.3 ], [ -75.984, -8.322 ], [ -76.004, -8.306 ], [ -76.043, -8.342 ], [ -76.056, -8.329 ], [ -76.107, -8.332 ], [ -76.128, -8.358 ], [ -76.108, -8.399 ], [ -76.131, -8.468 ], [ -76.135, -8.567 ], [ -76.109, -8.654 ], [ -76.139, -8.667 ], [ -76.167, -8.757 ], [ -76.203, -8.753 ], [ -76.2, -8.771 ], [ -76.23, -8.783 ], [ -76.241, -8.768 ], [ -76.23, -8.758 ], [ -76.245, -8.749 ], [ -76.229, -8.745 ], [ -76.257, -8.707 ], [ -76.249, -8.681 ], [ -76.269, -8.652 ], [ -76.264, -8.61 ], [ -76.287, -8.585 ], [ -76.28, -8.574 ], [ -76.306, -8.573 ], [ -76.3, -8.557 ], [ -76.325, -8.524 ], [ -76.312, -8.501 ], [ -76.333, -8.431 ], [ -76.367, -8.412 ], [ -76.436, -8.47 ], [ -76.47, -8.571 ], [ -76.495, -8.576 ], [ -76.495, -8.55 ], [ -76.548, -8.498 ], [ -76.697, -8.532 ], [ -76.732, -8.516 ] ] ] } },
{ "type": "Feature", "properties": { }, "geometry": { "type": "Polygon", "coordinates": [ [ [ -70.335, -18.316 ], [ -70.377, -18.351 ], [ -70.498, -18.263 ], [ -70.68, -18.162 ], [ -70.813, -18.04 ], [ -70.888, -18.009 ], [ -70.89, -17.969 ], [ -70.943, -17.914 ], [ -71.009, -17.877 ], [ -71.096, -17.868 ], [ -71.105, -17.843 ], [ -71.139, -17.821 ], [ -71.082, -17.717 ], [ -71.017, -17.709 ], [ -70.993, -17.679 ], [ -70.912, -17.687 ], [ -70.88, -17.556 ], [ -70.737, -17.408 ], [ -70.752, -17.381 ], [ -70.747, -17.351 ], [ -70.706, -17.291 ], [ -70.716, -17.274 ], [ -70.684, -17.224 ], [ -70.555, -17.198 ], [ -70.491, -17.09 ], [ -70.449, -17.081 ], [ -70.439, -17.05 ], [ -70.463, -17.004 ], [ -70.443, -16.964 ], [ -70.465, -16.944 ], [ -70.442, -16.892 ], [ -70.442, -16.841 ], [ -70.356, -16.79 ], [ -70.268, -16.77 ], [ -70.247, -16.802 ], [ -70.181, -16.818 ], [ -70.184, -16.835 ], [ -70.244, -16.86 ], [ -70.259, -16.904 ], [ -70.247, -16.952 ], [ -70.227, -16.959 ], [ -70.193, -16.941 ], [ -70.174, -16.912 ], [ -70.148, -16.922 ], [ -70.146, -16.943 ], [ -70.095, -16.986 ], [ -70.1, -17.006 ], [ -70.042, -17.059 ], [ -70.04, -17.128 ], [ -70.025, -17.122 ], [ -69.899, -17.221 ], [ -69.85, -17.244 ], [ -69.791, -17.235 ], [ -69.762, -17.28 ], [ -69.731, -17.295 ], [ -69.655, -17.271 ], [ -69.645, -17.288 ], [ -69.575, -17.293 ], [ -69.467, -17.374 ], [ -69.468, -17.504 ], [ -69.665, -17.66 ], [ -69.796, -17.646 ], [ -69.821, -17.686 ], [ -69.822, -17.744 ], [ -69.8, -17.762 ], [ -69.796, -17.862 ], [ -69.747, -17.944 ], [ -69.752, -17.986 ], [ -69.813, -18.114 ], [ -69.854, -18.165 ], [ -69.98, -18.27 ], [ -70.051, -18.269 ], [ -70.15, -18.318 ], [ -70.335, -18.316 ] ] ] } },
{ "type": "Feature", "properties": { }, "geometry": { "type": "Polygon", "coordinates": [ [ [ -80.365, -3.982 ], [ -80.446, -3.997 ], [ -80.451, -4.031 ], [ -80.48, -4.055 ], [ -80.474, -4.08 ], [ -80.517, -4.098 ], [ -80.59, -4.214 ], [ -80.623, -4.232 ], [ -80.735, -4.178 ], [ -80.883, -4.193 ], [ -80.924, -4.169 ], [ -80.968, -4.173 ], [ -80.971, -4.127 ], [ -81.019, -4.113 ], [ -81.042, -4.083 ], [ -80.964, -3.959 ], [ -80.834, -3.876 ], [ -80.787, -3.748 ], [ -80.575, -3.631 ], [ -80.498, -3.499 ], [ -80.461, -3.506 ], [ -80.456, -3.5 ], [ -80.427, -3.487 ], [ -80.407, -3.485 ], [ -80.399, -3.486 ], [ -80.441, -3.495 ], [ -80.416, -3.496 ], [ -80.421, -3.513 ], [ -80.379, -3.495 ], [ -80.395, -3.492 ], [ -80.327, -3.44 ], [ -80.318, -3.382 ], [ -80.29, -3.41 ], [ -80.222, -3.436 ], [ -80.245, -3.486 ], [ -80.216, -3.5 ], [ -80.205, -3.552 ], [ -80.219, -3.574 ], [ -80.188, -3.598 ], [ -80.199, -3.689 ], [ -80.18, -3.735 ], [ -80.193, -3.775 ], [ -80.16, -3.802 ], [ -80.159, -3.87 ], [ -80.127, -3.895 ], [ -80.217, -3.957 ], [ -80.234, -3.948 ], [ -80.262, -3.999 ], [ -80.298, -4.017 ], [ -80.365, -3.982 ] ] ] } },
{ "type": "Feature", "properties": { }, "geometry": { "type": "Polygon", "coordinates": [ [ [ -75.72, -9.277 ], [ -75.796, -9.203 ], [ -75.838, -9.062 ], [ -75.892, -9.002 ], [ -75.884, -8.973 ], [ -75.928, -8.846 ], [ -75.922, -8.781 ], [ -75.944, -8.71 ], [ -75.891, -8.66 ], [ -75.834, -8.652 ], [ -75.817, -8.636 ], [ -75.778, -8.546 ], [ -75.799, -8.512 ], [ -75.785, -8.494 ], [ -75.716, -8.487 ], [ -75.687, -8.423 ], [ -75.618, -8.408 ], [ -75.572, -8.445 ], [ -75.511, -8.432 ], [ -75.42, -8.452 ], [ -75.477, -8.386 ], [ -75.483, -8.345 ], [ -75.51, -8.335 ], [ -75.494, -8.329 ], [ -75.503, -8.289 ], [ -75.438, -8.195 ], [ -75.439, -8.175 ], [ -75.398, -8.168 ], [ -75.376, -8.139 ], [ -75.346, -8.129 ], [ -75.324, -8.139 ], [ -75.288, -8.125 ], [ -75.235, -8.151 ], [ -75.189, -8.079 ], [ -75.186, -8.018 ], [ -75.149, -8.002 ], [ -75.144, -7.979 ], [ -75.033, -7.95 ], [ -74.982, -7.969 ], [ -74.888, -8.084 ], [ -74.779, -8.042 ], [ -74.728, -7.981 ], [ -74.668, -7.946 ], [ -74.628, -7.94 ], [ -74.57, -7.816 ], [ -74.516, -7.778 ], [ -74.524, -7.757 ], [ -74.559, -7.747 ], [ -74.582, -7.706 ], [ -74.576, -7.637 ], [ -74.643, -7.562 ], [ -74.643, -7.5 ], [ -74.616, -7.435 ], [ -74.58, -7.41 ], [ -74.536, -7.294 ], [ -74.5, -7.262 ], [ -74.472, -7.275 ], [ -74.464, -7.299 ], [ -74.37, -7.317 ], [ -74.344, -7.345 ], [ -74.284, -7.354 ], [ -74.254, -7.344 ], [ -74.142, -7.378 ], [ -74.133, -7.401 ], [ -74.039, -7.449 ], [ -74.036, -7.481 ], [ -73.983, -7.534 ], [ -73.979, -7.561 ], [ -73.889, -7.604 ], [ -73.9, -7.64 ], [ -73.868, -7.675 ], [ -73.839, -7.667 ], [ -73.818, -7.717 ], [ -73.715, -7.742 ], [ -73.712, -7.761 ], [ -73.688, -7.767 ], [ -73.678, -7.858 ], [ -73.735, -7.879 ], [ -73.762, -7.861 ], [ -73.755, -7.892 ], [ -73.772, -7.909 ], [ -73.74, -7.93 ], [ -73.748, -7.947 ], [ -73.727, -7.966 ], [ -73.706, -7.955 ], [ -73.668, -8.013 ], [ -73.639, -8.007 ], [ -73.617, -8.034 ], [ -73.626, -8.057 ], [ -73.584, -8.129 ], [ -73.596, -8.165 ], [ -73.571, -8.224 ], [ -73.587, -8.241 ], [ -73.526, -8.271 ], [ -73.542, -8.35 ], [ -73.441, -8.425 ], [ -73.407, -8.431 ], [ -73.388, -8.47 ], [ -73.332, -8.474 ], [ -73.341, -8.617 ], [ -73.319, -8.611 ], [ -73.255, -8.69 ], [ -73.167, -8.698 ], [ -73.115, -8.784 ], [ -73.112, -8.819 ], [ -73.078, -8.842 ], [ -73.059, -8.906 ], [ -73.0, -8.918 ], [ -72.968, -8.981 ], [ -72.941, -8.984 ], [ -72.963, -9.012 ], [ -72.947, -9.033 ], [ -72.94, -9.093 ], [ -72.958, -9.143 ], [ -73.026, -9.178 ], [ -73.003, -9.195 ], [ -73.009, -9.222 ], [ -73.074, -9.235 ], [ -73.107, -9.275 ], [ -73.101, -9.308 ], [ -73.131, -9.318 ], [ -73.148, -9.354 ], [ -73.189, -9.363 ], [ -73.186, -9.397 ], [ -73.2, -9.411 ], [ -72.716, -9.412 ], [ -72.695, -9.439 ], [ -72.577, -9.456 ], [ -72.52, -9.491 ], [ -72.407, -9.477 ], [ -72.357, -9.495 ], [ -72.319, -9.544 ], [ -72.283, -9.54 ], [ -72.288, -9.603 ], [ -72.253, -9.616 ], [ -72.26, -9.642 ], [ -72.245, -9.659 ], [ -72.263, -9.751 ], [ -72.151, -9.797 ], [ -72.163, -9.83 ], [ -72.136, -9.875 ], [ -72.174, -9.931 ], [ -72.15, -9.966 ], [ -72.18, -10.0 ], [ -71.375, -10.0 ], [ -71.343, -9.967 ], [ -71.298, -9.992 ], [ -71.254, -9.977 ], [ -71.253, -9.963 ], [ -71.221, -9.97 ], [ -71.14, -9.857 ], [ -71.102, -9.853 ], [ -71.051, -9.816 ], [ -70.994, -9.817 ], [ -70.963, -9.749 ], [ -70.924, -9.741 ], [ -70.836, -9.643 ], [ -70.793, -9.638 ], [ -70.786, -9.614 ], [ -70.757, -9.604 ], [ -70.751, -9.56 ], [ -70.73, -9.57 ], [ -70.715, -9.547 ], [ -70.663, -9.526 ], [ -70.596, -9.442 ], [ -70.546, -9.428 ], [ -70.526, -9.438 ], [ -70.507, -9.424 ], [ -70.494, -9.433 ], [ -70.512, -9.448 ], [ -70.506, -9.464 ], [ -70.525, -9.46 ], [ -70.506, -9.505 ], [ -70.514, -9.493 ], [ -70.544, -9.514 ], [ -70.542, -9.538 ], [ -70.571, -9.533 ], [ -70.556, -9.573 ], [ -70.588, -9.567 ], [ -70.589, -9.549 ], [ -70.599, -9.556 ], [ -70.586, -9.576 ], [ -70.598, -9.608 ], [ -70.585, -9.641 ], [ -70.525, -9.715 ], [ -70.546, -9.779 ], [ -70.56, -9.789 ], [ -70.578, -9.778 ], [ -70.623, -9.821 ], [ -70.614, -9.873 ], [ -70.64, -9.884 ], [ -70.649, -9.952 ], [ -70.668, -9.971 ], [ -70.657, -10.0 ], [ -70.672, -10.023 ], [ -70.652, -10.04 ], [ -70.65, -10.079 ], [ -70.698, -10.118 ], [ -70.706, -10.161 ], [ -70.803, -10.251 ], [ -70.881, -10.262 ], [ -70.874, -10.301 ], [ -70.889, -10.335 ], [ -70.968, -10.336 ], [ -70.958, -10.39 ], [ -71.005, -10.431 ], [ -71.025, -10.478 ], [ -71.129, -10.505 ], [ -71.147, -10.531 ], [ -71.165, -10.531 ], [ -71.165, -10.57 ], [ -71.196, -10.58 ], [ -71.221, -10.637 ], [ -71.206, -10.652 ], [ -71.231, -10.685 ], [ -71.216, -10.715 ], [ -71.222, -10.777 ], [ -71.259, -10.785 ], [ -71.273, -10.853 ], [ -71.308, -10.878 ], [ -71.353, -10.949 ], [ -71.508, -10.966 ], [ -71.532, -10.952 ], [ -71.662, -10.983 ], [ -71.702, -10.974 ], [ -71.716, -10.998 ], [ -71.729, -10.984 ], [ -71.78, -10.988 ], [ -71.828, -11.012 ], [ -71.847, -10.996 ], [ -71.938, -11.004 ], [ -72.011, -10.988 ], [ -72.054, -11.011 ], [ -72.125, -10.996 ], [ -72.128, -10.98 ], [ -72.158, -11.005 ], [ -72.174, -10.996 ], [ -72.185, -11.009 ], [ -72.176, -11.039 ], [ -72.193, -11.05 ], [ -72.183, -11.093 ], [ -72.148, -11.088 ], [ -72.12, -11.118 ], [ -72.207, -11.172 ], [ -72.187, -11.185 ], [ -72.219, -11.297 ], [ -72.205, -11.347 ], [ -72.246, -11.346 ], [ -72.255, -11.33 ], [ -72.28, -11.34 ], [ -72.284, -11.317 ], [ -72.308, -11.307 ], [ -72.315, -11.322 ], [ -72.338, -11.317 ], [ -72.403, -11.357 ], [ -72.424, -11.355 ], [ -72.449, -11.386 ], [ -72.499, -11.395 ], [ -72.517, -11.432 ], [ -72.534, -11.439 ], [ -72.535, -11.425 ], [ -72.548, -11.448 ], [ -72.554, -11.432 ], [ -72.596, -11.44 ], [ -72.6, -11.419 ], [ -72.61, -11.44 ], [ -72.617, -11.418 ], [ -72.646, -11.413 ], [ -72.666, -11.386 ], [ -72.692, -11.396 ], [ -72.712, -11.347 ], [ -72.718, -11.362 ], [ -72.738, -11.347 ], [ -72.795, -11.385 ], [ -72.797, -11.364 ], [ -72.8, -11.386 ], [ -72.816, -11.375 ], [ -72.823, -11.39 ], [ -72.89, -11.343 ], [ -72.895, -11.358 ], [ -72.933, -11.35 ], [ -72.924, -11.327 ], [ -72.962, -11.335 ], [ -72.96, -11.314 ], [ -72.944, -11.31 ], [ -72.94, -11.323 ], [ -72.932, -11.307 ], [ -72.956, -11.305 ], [ -72.936, -11.291 ], [ -72.968, -11.266 ], [ -72.977, -11.212 ], [ -73.065, -11.284 ], [ -73.082, -11.273 ], [ -73.132, -11.294 ], [ -73.206, -11.29 ], [ -73.256, -11.313 ], [ -73.342, -11.311 ], [ -73.409, -11.386 ], [ -73.468, -11.344 ], [ -73.482, -11.354 ], [ -73.484, -11.319 ], [ -73.459, -11.301 ], [ -73.45, -11.237 ], [ -73.471, -11.088 ], [ -73.483, -11.065 ], [ -73.543, -11.047 ], [ -73.573, -10.954 ], [ -73.56, -10.861 ], [ -73.61, -10.847 ], [ -73.742, -10.734 ], [ -73.782, -10.751 ], [ -73.787, -10.794 ], [ -73.814, -10.8 ], [ -73.813, -10.889 ], [ -73.862, -10.979 ], [ -73.853, -11.164 ], [ -73.863, -11.169 ], [ -73.891, -11.17 ], [ -73.916, -11.143 ], [ -73.955, -11.15 ], [ -73.976, -11.125 ], [ -74.007, -10.991 ], [ -74.156, -10.999 ], [ -74.191, -10.986 ], [ -74.203, -11.021 ], [ -74.256, -11.018 ], [ -74.373, -11.057 ], [ -74.45, -11.002 ], [ -74.496, -11.0 ], [ -74.508, -10.95 ], [ -74.57, -10.915 ], [ -74.548, -10.891 ], [ -74.487, -10.889 ], [ -74.483, -10.835 ], [ -74.431, -10.813 ], [ -74.387, -10.813 ], [ -74.374, -10.789 ], [ -74.384, -10.747 ], [ -74.35, -10.755 ], [ -74.287, -10.67 ], [ -74.259, -10.68 ], [ -74.253, -10.659 ], [ -74.228, -10.652 ], [ -74.23, -10.635 ], [ -74.16, -10.641 ], [ -74.136, -10.672 ], [ -74.131, -10.655 ], [ -74.134, -10.599 ], [ -74.179, -10.489 ], [ -74.253, -10.417 ], [ -74.242, -10.383 ], [ -74.263, -10.364 ], [ -74.237, -10.322 ], [ -74.252, -10.305 ], [ -74.227, -10.277 ], [ -74.231, -10.186 ], [ -74.303, -10.165 ], [ -74.315, -10.113 ], [ -74.367, -10.113 ], [ -74.39, -10.051 ], [ -74.419, -10.026 ], [ -74.411, -9.915 ], [ -74.453, -9.864 ], [ -74.447, -9.777 ], [ -74.49, -9.685 ], [ -74.494, -9.592 ], [ -74.575, -9.573 ], [ -74.593, -9.507 ], [ -74.581, -9.477 ], [ -74.663, -9.455 ], [ -74.709, -9.422 ], [ -74.654, -9.369 ], [ -74.627, -9.365 ], [ -74.587, -9.297 ], [ -74.624, -9.216 ], [ -74.637, -9.126 ], [ -74.678, -9.094 ], [ -74.651, -9.049 ], [ -74.669, -9.02 ], [ -74.648, -8.996 ], [ -74.644, -8.919 ], [ -74.624, -8.889 ], [ -74.618, -8.832 ], [ -74.532, -8.776 ], [ -74.525, -8.749 ], [ -74.544, -8.594 ], [ -74.578, -8.554 ], [ -74.654, -8.558 ], [ -74.847, -8.662 ], [ -74.852, -8.763 ], [ -74.941, -8.858 ], [ -75.123, -8.881 ], [ -75.108, -8.922 ], [ -75.135, -8.946 ], [ -75.12, -8.984 ], [ -75.174, -9.012 ], [ -75.162, -9.034 ], [ -75.201, -9.064 ], [ -75.206, -9.101 ], [ -75.241, -9.101 ], [ -75.212, -9.176 ], [ -75.242, -9.221 ], [ -75.272, -9.233 ], [ -75.272, -9.268 ], [ -75.306, -9.298 ], [ -75.334, -9.289 ], [ -75.372, -9.31 ], [ -75.452, -9.296 ], [ -75.494, -9.377 ], [ -75.601, -9.414 ], [ -75.669, -9.418 ], [ -75.72, -9.277 ] ] ] } }
]
}
