{
"type": "FeatureCollection",
"name": "distritos",
"crs": { "type": "name", "properties": { "name": "urn:ogc:def:crs:OGC:1.3:CRS84" } },
"xy_coordinate_resolution": 0.0001,
"features": [
{ "type": "Feature", "properties": { "ubigeo_inei": "030706" }, "geometry": { "type": "Polygon", "coordinates": [ [ [ -72.6123, -14.0624 ], [ -72.5959, -14.078 ], [ -72.5944, -14.088 ], [ -72.5954, -14.0956 ], [ -72.5886, -14.1058 ], [ -72.5719, -14.1109 ], [ -72.5672, -14.11 ], [ -72.5674, -14.115 ], [ -72.5631, -14.1189 ], [ -72.5547, -14.1177 ], [ -72.5465, -14.1207 ], [ -72.5427, -14.1235 ], [ -72.5408, -14.1299 ], [ -72.542, -14.1409 ], [ -72.541, -14.1442 ], [ -72.5315, -14.1438 ], [ -72.5256, -14.1515 ], [ -72.5177, -14.1549 ], [ -72.5068, -14.1626 ], [ -72.4986, -14.1642 ], [ -72.4967, -14.1667 ], [ -72.4962, -14.173 ], [ -72.4842, -14.1889 ], [ -72.4859, -14.1942 ], [ -72.4843, -14.2002 ], [ -72.4912, -14.2032 ], [ -72.4942, -14.2083 ], [ -72.5077, -14.2072 ], [ -72.5083, -14.1986 ], [ -72.5099, -14.1959 ], [ -72.5238, -14.1936 ], [ -72.5301, -14.1879 ], [ -72.5415, -14.1855 ], [ -72.5435, -14.1815 ], [ -72.5518, -14.176 ], [ -72.5679, -14.1735 ], [ -72.5731, -14.169 ], [ -72.5788, -14.1685 ], [ -72.5887, -14.164 ], [ -72.5983, -14.1562 ], [ -72.6169, -14.1531 ], [ -72.6283, -14.1541 ], [ -72.6305, -14.1565 ], [ -72.6341, -14.154 ], [ -72.639, -14.1544 ], [ -72.6426, -14.1526 ], [ -72.6433, -14.1517 ], [ -72.6395, -14.1479 ], [ -72.639, -14.145 ], [ -72.639, -14.1408 ], [ -72.642, -14.1351 ], [ -72.6405, -14.1309 ], [ -72.6429, -14.1238 ], [ -72.6417, -14.1195 ], [ -72.6426, -14.1169 ], [ -72.6391, -14.1077 ], [ -72.6352, -14.1041 ], [ -72.6361, -14.0914 ], [ -72.6255, -14.083 ], [ -72.6231, -14.0786 ], [ -72.6224, -14.0725 ], [ -72.617, -14.07 ], [ -72.6167, -14.0642 ], [ -72.6123, -14.0624 ] ] ] } },
{ "type": "Feature", "properties": { "ubigeo_inei": "050604" }, "geometry": { "type": "Polygon", "coordinates": [ [ [ -73.935, -14.3216 ], [ -73.928, -14.324 ], [ -73.9217, -14.3224 ], [ -73.9198, -14.3246 ], [ -73.9191, -14.334 ], [ -73.922, -14.3399 ], [ -73.9118, -14.3516 ], [ -73.9105, -14.372 ], [ -73.9237, -14.3808 ], [ -73.9214, -14.3961 ], [ -73.9179, -14.4021 ], [ -73.911, -14.4064 ], [ -73.9106, -14.4107 ], [ -73.9045, -14.415 ], [ -73.9062, -14.4199 ], [ -73.9083, -14.4214 ], [ -73.9015, -14.4268 ], [ -73.8988, -14.4327 ], [ -73.8887, -14.428 ], [ -73.8837, -14.4361 ], [ -73.879, -14.4358 ], [ -73.8736, -14.4329 ], [ -73.8683, -14.4328 ], [ -73.8624, -14.438 ], [ -73.8567, -14.4387 ], [ -73.859, -14.4463 ], [ -73.8641, -14.4505 ], [ -73.8641, -14.4676 ], [ -73.8619, -14.482 ], [ -73.8636, -14.4902 ], [ -73.8725, -14.5012 ], [ -73.8779, -14.5057 ], [ -73.8841, -14.5078 ], [ -73.8858, -14.5125 ], [ -73.8787, -14.508 ], [ -73.8767, -14.5083 ], [ -73.8711, -14.5138 ], [ -73.8727, -14.5187 ], [ -73.8723, -14.5249 ], [ -73.8792, -14.5347 ], [ -73.8916, -14.539 ], [ -73.9007, -14.5497 ], [ -73.907, -14.5538 ], [ -73.9325, -14.5775 ], [ -73.9371, -14.5792 ], [ -73.9434, -14.5773 ], [ -73.9466, -14.5753 ], [ -73.9503, -14.5696 ], [ -73.957, -14.5746 ], [ -73.9606, -14.581 ], [ -73.9673, -14.5839 ], [ -73.9843, -14.5784 ], [ -73.9873, -14.5717 ], [ -73.992, -14.5671 ], [ -73.9949, -14.5597 ], [ -73.9939, -14.5526 ], [ -73.9997, -14.5527 ], [ -74.0078, -14.5437 ], [ -74.0096, -14.5383 ], [ -74.0146, -14.534 ], [ -74.0129, -14.5277 ], [ -74.0134, -14.5234 ], [ -74.0239, -14.5178 ], [ -74.0381, -14.5273 ], [ -74.0437, -14.5265 ], [ -74.0485, -14.5302 ], [ -74.0532, -14.5316 ], [ -74.0584, -14.5306 ], [ -74.0665, -14.5335 ], [ -74.0861, -14.5329 ], [ -74.1006, -14.5172 ], [ -74.1126, -14.5129 ], [ -74.1292, -14.5195 ], [ -74.144, -14.5169 ], [ -74.1461, -14.5147 ], [ -74.1446, -14.5097 ], [ -74.1465, -14.4931 ], [ -74.1524, -14.4871 ], [ -74.1585, -14.4855 ], [ -74.1496, -14.4775 ], [ -74.1437, -14.4759 ], [ -74.1285, -14.4654 ], [ -74.1146, -14.4608 ], [ -74.1083, -14.4494 ], [ -74.102, -14.4482 ], [ -74.0952, -14.443 ], [ -74.0841, -14.4501 ], [ -74.085, -14.4552 ], [ -74.0818, -14.4578 ], [ -74.0808, -14.4565 ], [ -74.0753, -14.4574 ], [ -74.062, -14.4519 ], [ -74.0582, -14.4471 ], [ -74.0549, -14.4311 ], [ -74.0474, -14.4289 ], [ -74.0285, -14.409 ], [ -74.0259, -14.4009 ], [ -74.0214, -14.3944 ], [ -74.0143, -14.395 ], [ -74.013, -14.3934 ], [ -74.0063, -14.3805 ], [ -74.0082, -14.3632 ], [ -74.0063, -14.3591 ], [ -74.0019, -14.3567 ], [ -73.9968, -14.3498 ], [ -73.9912, -14.3502 ], [ -73.9795, -14.3468 ], [ -73.9755, -14.3404 ], [ -73.9722, -14.3399 ], [ -73.969, -14.3357 ], [ -73.9654, -14.3356 ], [ -73.9555, -14.3277 ], [ -73.9514, -14.3265 ], [ -73.9455, -14.3275 ], [ -73.935, -14.3216 ] ] ] } },
{ "type": "Feature", "properties": { "ubigeo_inei": "051006" }, "geometry": { "type": "Polygon", "coordinates": [ [ [ -73.9799, -13.7479 ], [ -73.9762, -13.7538 ], [ -73.9722, -13.7551 ], [ -73.9657, -13.7735 ], [ -73.96, -13.7783 ], [ -73.958, -13.7888 ], [ -73.9516, -13.7907 ], [ -73.9463, -13.7992 ], [ -73.9371, -13.8005 ], [ -73.9411, -13.8064 ], [ -73.9422, -13.8158 ], [ -73.9497, -13.8228 ], [ -73.953, -13.8345 ], [ -73.9582, -13.84 ], [ -73.9664, -13.8362 ], [ -73.9713, -13.838 ], [ -73.9797, -13.8331 ], [ -73.9833, -13.8289 ], [ -73.9897, -13.828 ], [ -73.9944, -13.8217 ], [ -73.9991, -13.8194 ], [ -74.007, -13.8238 ], [ -74.0092, -13.8198 ], [ -74.0133, -13.8184 ], [ -74.0164, -13.8079 ], [ -74.0207, -13.8014 ], [ -74.027, -13.7974 ], [ -74.0272, -13.7937 ], [ -74.0321, -13.7862 ], [ -74.0316, -13.7819 ], [ -74.0341, -13.7775 ], [ -74.0324, -13.7729 ], [ -74.0324, -13.7635 ], [ -74.0386, -13.7545 ], [ -74.0325, -13.7486 ], [ -74.0293, -13.748 ], [ -74.0252, -13.7512 ], [ -74.0207, -13.7487 ], [ -74.0136, -13.7484 ], [ -74.0108, -13.7513 ], [ -74.0094, -13.7594 ], [ -73.9991, -13.7648 ], [ -73.9863, -13.7592 ], [ -73.9799, -13.7479 ] ] ] } },
{ "type": "Feature", "properties": { "ubigeo_inei": "051007" }, "geometry": { "type": "Polygon", "coordinates": [ [ [ -74.1013, -13.6666 ], [ -74.0987, -13.6709 ], [ -74.0835, -13.6742 ], [ -74.0766, -13.6787 ], [ -74.0712, -13.679 ], [ -74.0664, -13.6819 ], [ -74.0612, -13.6817 ], [ -74.0569, -13.6848 ], [ -74.0517, -13.6818 ], [ -74.0411, -13.6851 ], [ -74.0401, -13.6823 ], [ -74.0379, -13.6823 ], [ -74.0363, -13.6837 ], [ -74.0359, -13.6885 ], [ -74.0295, -13.6873 ], [ -74.0239, -13.6884 ], [ -74.0196, -13.6921 ], [ -74.0116, -13.6932 ], [ -74.0051, -13.6966 ], [ -73.998, -13.7078 ], [ -74.0002, -13.7123 ], [ -73.9969, -13.7158 ], [ -73.9996, -13.7226 ], [ -73.992, -13.7308 ], [ -73.9888, -13.7408 ], [ -73.9802, -13.7475 ], [ -73.9849, -13.7577 ], [ -73.9915, -13.7621 ], [ -73.9991, -13.7648 ], [ -74.0094, -13.7594 ], [ -74.0108, -13.7513 ], [ -74.0136, -13.7484 ], [ -74.0207, -13.7487 ], [ -74.0252, -13.7512 ], [ -74.0315, -13.748 ], [ -74.039, -13.7541 ], [ -74.0455, -13.7478 ], [ -74.0461, -13.7399 ], [ -74.0493, -13.7375 ], [ -74.0538, -13.7294 ], [ -74.0634, -13.7228 ], [ -74.0648, -13.7169 ], [ -74.0747, -13.712 ], [ -74.0804, -13.7038 ], [ -74.0904, -13.701 ], [ -74.0992, -13.6964 ], [ -74.1004, -13.6933 ], [ -74.0977, -13.6876 ], [ -74.1021, -13.6801 ], [ -74.1043, -13.6793 ], [ -74.1055, -13.6731 ], [ -74.1043, -13.6684 ], [ -74.1013, -13.6666 ] ] ] } },
{ "type": "Feature", "properties": { "ubigeo_inei": "180302" }, "geometry": { "type": "Polygon", "coordinates": [ [ [ -71.2741, -17.4272 ], [ -71.2573, -17.4407 ], [ -71.2433, -17.4389 ], [ -71.2312, -17.4352 ], [ -71.2159, -17.4347 ], [ -71.2112, -17.4367 ], [ -71.1978, -17.4473 ], [ -71.1854, -17.4487 ], [ -71.1736, -17.4535 ], [ -71.1576, -17.4533 ], [ -71.1488, -17.4382 ], [ -71.1445, -17.4368 ], [ -71.1408, -17.4399 ], [ -71.1332, -17.4559 ], [ -71.1253, -17.4625 ], [ -71.1159, -17.4748 ], [ -71.1127, -17.476 ], [ -71.1077, -17.4747 ], [ -71.0895, -17.4833 ], [ -71.0828, -17.4826 ], [ -71.0768, -17.4848 ], [ -71.074, -17.4875 ], [ -71.0725, -17.5258 ], [ -71.0516, -17.5411 ], [ -71.0378, -17.5553 ], [ -71.0354, -17.561 ], [ -71.0312, -17.5857 ], [ -71.0228, -17.5977 ], [ -71.0165, -17.601 ], [ -70.9945, -17.622 ], [ -70.9563, -17.6316 ], [ -70.9464, -17.6328 ], [ -70.9339, -17.6381 ], [ -70.9299, -17.6444 ], [ -70.9183, -17.6495 ], [ -70.9078, -17.6472 ], [ -70.9096, -17.6547 ], [ -70.9072, -17.6608 ], [ -70.91, -17.6656 ], [ -70.9091, -17.6696 ], [ -70.9125, -17.6874 ], [ -70.9314, -17.6875 ], [ -70.9563, -17.676 ], [ -70.9646, -17.676 ], [ -70.9714, -17.6809 ], [ -70.9832, -17.6846 ], [ -70.9897, -17.6793 ], [ -70.993, -17.6791 ], [ -71.0033, -17.6837 ], [ -71.0051, -17.6926 ], [ -71.0171, -17.7092 ], [ -71.0202, -17.7088 ], [ -71.0269, -17.7039 ], [ -71.0358, -17.7097 ], [ -71.0494, -17.7088 ], [ -71.0579, -17.7181 ], [ -71.0605, -17.7186 ], [ -71.0735, -17.7138 ], [ -71.0822, -17.7167 ], [ -71.0841, -17.7213 ], [ -71.0878, -17.7216 ], [ -71.0994, -17.7174 ], [ -71.0972, -17.7128 ], [ -71.0999, -17.7093 ], [ -71.0983, -17.6988 ], [ -71.1043, -17.6956 ], [ -71.106, -17.6921 ], [ -71.1164, -17.6941 ], [ -71.1302, -17.6913 ], [ -71.1392, -17.6923 ], [ -71.1412, -17.6881 ], [ -71.1398, -17.6811 ], [ -71.147, -17.6749 ], [ -71.1514, -17.6722 ], [ -71.1603, -17.6737 ], [ -71.1635, -17.6728 ], [ -71.1729, -17.6652 ], [ -71.1938, -17.6635 ], [ -71.2074, -17.6674 ], [ -71.2155, -17.6665 ], [ -71.2232, -17.6709 ], [ -71.2278, -17.6699 ], [ -71.234, -17.6728 ], [ -71.2663, -17.6674 ], [ -71.2722, -17.6711 ], [ -71.291, -17.6759 ], [ -71.2978, -17.6622 ], [ -71.2963, -17.6568 ], [ -71.3032, -17.6561 ], [ -71.3185, -17.628 ], [ -71.3217, -17.6272 ], [ -71.3212, -17.6204 ], [ -71.319, -17.617 ], [ -71.3033, -17.606 ], [ -71.3002, -17.5986 ], [ -71.2818, -17.5923 ], [ -71.2735, -17.5852 ], [ -71.273, -17.5826 ], [ -71.2674, -17.5803 ], [ -71.2584, -17.5425 ], [ -71.2615, -17.5359 ], [ -71.2586, -17.5329 ], [ -71.2623, -17.528 ], [ -71.2635, -17.5181 ], [ -71.2653, -17.5155 ], [ -71.2635, -17.5089 ], [ -71.2681, -17.5013 ], [ -71.28, -17.4926 ], [ -71.2877, -17.4916 ], [ -71.2909, -17.4691 ], [ -71.3054, -17.4632 ], [ -71.3101, -17.4582 ], [ -71.3119, -17.4525 ], [ -71.3115, -17.4496 ], [ -71.3083, -17.4456 ], [ -71.3, -17.4429 ], [ -71.2786, -17.4278 ], [ -71.2741, -17.4272 ] ] ] } },
{ "type": "Feature", "properties": { "ubigeo_inei": "230108" }, "geometry": { "type": "Polygon", "coordinates": [ [ [ -69.9322, -17.9261 ], [ -69.9067, -17.9537 ], [ -69.9047, -17.9583 ], [ -69.9116, -17.9584 ], [ -69.9289, -17.9659 ], [ -69.9336, -17.9709 ], [ -69.9436, -17.9879 ], [ -69.9531, -17.9924 ], [ -69.971, -18.0084 ], [ -69.9773, -18.0083 ], [ -69.982, -18.0109 ], [ -69.9843, -18.0149 ], [ -69.9879, -18.0163 ], [ -69.9981, -18.0254 ], [ -69.9999, -18.031 ], [ -70.0108, -18.0354 ], [ -70.0193, -18.0481 ], [ -70.0231, -18.0504 ], [ -70.0312, -18.0615 ], [ -70.0411, -18.0638 ], [ -70.0457, -18.0592 ], [ -70.075, -18.0565 ], [ -70.0857, -18.062 ], [ -70.0966, -18.0595 ], [ -70.1131, -18.0605 ], [ -70.1185, -18.0633 ], [ -70.1284, -18.0787 ], [ -70.1325, -18.0806 ], [ -70.138, -18.0881 ], [ -70.1441, -18.0931 ], [ -70.1828, -18.0514 ], [ -70.2187, -18.0342 ], [ -70.2371, -18.0225 ], [ -70.222, -18.0164 ], [ -70.2331, -18.0036 ], [ -70.229, -18.0008 ], [ -70.235, -17.9923 ], [ -70.2287, -17.9903 ], [ -70.2277, -17.9854 ], [ -70.2217, -17.9745 ], [ -70.2254, -17.9697 ], [ -70.2234, -17.9652 ], [ -70.2235, -17.9584 ], [ -70.21, -17.9747 ], [ -70.2043, -17.9854 ], [ -70.1963, -17.9924 ], [ -70.1724, -18.0057 ], [ -70.1654, -18.0016 ], [ -70.1482, -17.9971 ], [ -70.1366, -17.9894 ], [ -70.1239, -17.9886 ], [ -70.1133, -17.984 ], [ -70.092, -17.9803 ], [ -70.0835, -17.9768 ], [ -70.0691, -17.9797 ], [ -70.0597, -17.9769 ], [ -70.0454, -17.9709 ], [ -70.0376, -17.9634 ], [ -70.0289, -17.9606 ], [ -70.0152, -17.9524 ], [ -70.0072, -17.9542 ], [ -70.0016, -17.9516 ], [ -69.999, -17.9479 ], [ -69.9937, -17.9471 ], [ -69.9877, -17.9427 ], [ -69.9815, -17.9419 ], [ -69.9649, -17.9296 ], [ -69.9582, -17.9302 ], [ -69.9465, -17.9275 ], [ -69.941, -17.929 ], [ -69.9322, -17.9261 ] ] ] } },
{ "type": "Feature", "properties": { "ubigeo_inei": "230402" }, "geometry": { "type": "Polygon", "coordinates": [ [ [ -70.2488, -17.3847 ], [ -70.244, -17.3893 ], [ -70.2407, -17.4049 ], [ -70.2232, -17.4128 ], [ -70.2205, -17.4161 ], [ -70.2214, -17.4209 ], [ -70.2167, -17.4348 ], [ -70.2159, -17.4422 ], [ -70.2097, -17.4465 ], [ -70.2047, -17.4463 ], [ -70.1989, -17.4503 ], [ -70.1987, -17.4593 ], [ -70.1933, -17.461 ], [ -70.1928, -17.4647 ], [ -70.1889, -17.4707 ], [ -70.1841, -17.4684 ], [ -70.179, -17.4685 ], [ -70.1738, -17.4704 ], [ -70.17, -17.4742 ], [ -70.1618, -17.4696 ], [ -70.1527, -17.4616 ], [ -70.1463, -17.459 ], [ -70.1429, -17.4592 ], [ -70.1425, -17.4632 ], [ -70.1405, -17.4656 ], [ -70.1301, -17.4585 ], [ -70.1244, -17.4581 ], [ -70.1197, -17.4544 ], [ -70.1077, -17.4633 ], [ -70.0893, -17.4588 ], [ -70.0862, -17.46 ], [ -70.0843, -17.4679 ], [ -70.0848, -17.4768 ], [ -70.0797, -17.4855 ], [ -70.0809, -17.4888 ], [ -70.0743, -17.4942 ], [ -70.0666, -17.5056 ], [ -70.0684, -17.5138 ], [ -70.0734, -17.5167 ], [ -70.0761, -17.5217 ], [ -70.071, -17.536 ], [ -70.0746, -17.5382 ], [ -70.0759, -17.5443 ], [ -70.0867, -17.5537 ], [ -70.0886, -17.5575 ], [ -70.0953, -17.5499 ], [ -70.1059, -17.5539 ], [ -70.1125, -17.5539 ], [ -70.1179, -17.5495 ], [ -70.1227, -17.5502 ], [ -70.132, -17.5419 ], [ -70.1329, -17.5462 ], [ -70.1416, -17.5509 ], [ -70.1437, -17.5549 ], [ -70.1485, -17.5572 ], [ -70.1503, -17.5598 ], [ -70.1579, -17.5626 ], [ -70.1591, -17.5649 ], [ -70.1577, -17.57 ], [ -70.1635, -17.5699 ], [ -70.1643, -17.5727 ], [ -70.1635, -17.5755 ], [ -70.1603, -17.5774 ], [ -70.17, -17.5882 ], [ -70.1733, -17.5869 ], [ -70.1847, -17.5894 ], [ -70.2125, -17.5885 ], [ -70.2257, -17.5918 ], [ -70.2362, -17.5901 ], [ -70.2597, -17.5783 ], [ -70.2658, -17.5709 ], [ -70.2719, -17.5688 ], [ -70.2747, -17.5653 ], [ -70.2799, -17.5626 ], [ -70.2876, -17.5376 ], [ -70.29, -17.5372 ], [ -70.2962, -17.54 ], [ -70.3032, -17.539 ], [ -70.3051, -17.5365 ], [ -70.3059, -17.529 ], [ -70.3096, -17.5268 ], [ -70.3129, -17.5196 ], [ -70.3214, -17.5162 ], [ -70.3318, -17.5093 ], [ -70.3346, -17.4973 ], [ -70.3332, -17.496 ], [ -70.3365, -17.4939 ], [ -70.3407, -17.4861 ], [ -70.342, -17.478 ], [ -70.3406, -17.4719 ], [ -70.3458, -17.4607 ], [ -70.3258, -17.4468 ], [ -70.3241, -17.4394 ], [ -70.3217, -17.4363 ], [ -70.3147, -17.4331 ], [ -70.3072, -17.4243 ], [ -70.3021, -17.4229 ], [ -70.2951, -17.417 ], [ -70.2921, -17.4097 ], [ -70.2811, -17.4104 ], [ -70.2775, -17.4086 ], [ -70.2759, -17.404 ], [ -70.2835, -17.3978 ], [ -70.2798, -17.3932 ], [ -70.2746, -17.3893 ], [ -70.2699, -17.3899 ], [ -70.2646, -17.3881 ], [ -70.2597, -17.3901 ], [ -70.2488, -17.3847 ] ] ] } },
{ "type": "Feature", "properties": { "ubigeo_inei": "040807" }, "geometry": { "type": "Polygon", "coordinates": [ [ [ -73.0338, -15.23 ], [ -73.0278, -15.244 ], [ -73.0204, -15.2518 ], [ -73.0151, -15.2609 ], [ -73.0027, -15.2569 ], [ -72.9992, -15.2527 ], [ -72.9907, -15.2513 ], [ -72.983, -15.2451 ], [ -72.978, -15.2463 ], [ -72.9708, -15.2446 ], [ -72.9653, -15.2415 ], [ -72.9587, -15.2417 ], [ -72.9652, -15.2449 ], [ -72.9674, -15.2579 ], [ -72.9743, -15.2592 ], [ -72.9816, -15.2634 ], [ -72.9771, -15.273 ], [ -72.9776, -15.2806 ], [ -72.9812, -15.2923 ], [ -72.9839, -15.2906 ], [ -72.992, -15.2898 ], [ -72.9986, -15.2925 ], [ -73.0037, -15.2916 ], [ -73.0098, -15.2859 ], [ -73.0117, -15.2785 ], [ -73.0138, -15.2758 ], [ -73.0129, -15.2808 ], [ -73.0166, -15.2923 ], [ -73.0159, -15.298 ], [ -73.0205, -15.3028 ], [ -73.0313, -15.3056 ], [ -73.0285, -15.3093 ], [ -73.028, -15.315 ], [ -73.0352, -15.316 ], [ -73.045, -15.3229 ], [ -73.0427, -15.3379 ], [ -73.0431, -15.3423 ], [ -73.0445, -15.3435 ], [ -73.0525, -15.3465 ], [ -73.0619, -15.3414 ], [ -73.0716, -15.3408 ], [ -73.0822, -15.3423 ], [ -73.0888, -15.3354 ], [ -73.095, -15.3364 ], [ -73.1009, -15.3347 ], [ -73.1069, -15.3368 ], [ -73.1123, -15.3354 ], [ -73.1209, -15.3315 ], [ -73.1251, -15.3266 ], [ -73.1276, -15.3167 ], [ -73.1273, -15.3113 ], [ -73.1306, -15.3059 ], [ -73.1374, -15.3047 ], [ -73.1424, -15.308 ], [ -73.1484, -15.307 ], [ -73.1556, -15.311 ], [ -73.158, -15.3144 ], [ -73.162, -15.3147 ], [ -73.1642, -15.314 ], [ -73.166, -15.3094 ], [ -73.1721, -15.3061 ], [ -73.1635, -15.2958 ], [ -73.1628, -15.2909 ], [ -73.16, -15.2864 ], [ -73.153, -15.2831 ], [ -73.1495, -15.2737 ], [ -73.1507, -15.2613 ], [ -73.147, -15.2578 ], [ -73.138, -15.26 ], [ -73.1312, -15.2658 ], [ -73.1273, -15.2641 ], [ -73.1178, -15.255 ], [ -73.1063, -15.2564 ], [ -73.1019, -15.2587 ], [ -73.0983, -15.2578 ], [ -73.0926, -15.2616 ], [ -73.0892, -15.2679 ], [ -73.0847, -15.272 ], [ -73.0731, -15.2742 ], [ -73.0637, -15.2675 ], [ -73.0602, -15.26 ], [ -73.0525, -15.2536 ], [ -73.0489, -15.2414 ], [ -73.043, -15.2367 ], [ -73.0394, -15.2358 ], [ -73.0338, -15.23 ] ] ] } },
{ "type": "Feature", "properties": { "ubigeo_inei": "040119" }, "geometry": { "type": "Polygon", "coordinates": [ [ [ -70.8446, -15.9219 ], [ -70.8431, -15.9239 ], [ -70.8433, -15.9287 ], [ -70.8398, -15.9335 ], [ -70.8401, -15.9379 ], [ -70.8367, -15.9403 ], [ -70.8391, -15.9451 ], [ -70.8344, -15.9465 ], [ -70.8322, -15.9491 ], [ -70.8327, -15.9517 ], [ -70.8384, -15.9551 ], [ -70.8409, -15.9588 ], [ -70.8425, -15.9693 ], [ -70.8372, -15.9747 ], [ -70.8344, -15.9744 ], [ -70.828, -15.9783 ], [ -70.8202, -15.9785 ], [ -70.8275, -15.9892 ], [ -70.8286, -15.9992 ], [ -70.8166, -16.0028 ], [ -70.8149, -16.0122 ], [ -70.8177, -16.0155 ], [ -70.8181, -16.0223 ], [ -70.8209, -16.0298 ], [ -70.8186, -16.0334 ], [ -70.8074, -16.0408 ], [ -70.8041, -16.0538 ], [ -70.8052, -16.0556 ], [ -70.8126, -16.054 ], [ -70.8237, -16.056 ], [ -70.8495, -16.0551 ], [ -70.8567, -16.0563 ], [ -70.8659, -16.0697 ], [ -70.8668, -16.0801 ], [ -70.8781, -16.0814 ], [ -70.8751, -16.0946 ], [ -70.8848, -16.1009 ], [ -70.8873, -16.0993 ], [ -70.8904, -16.1004 ], [ -70.8955, -16.1052 ], [ -70.8954, -16.107 ], [ -70.89, -16.1107 ], [ -70.8861, -16.1181 ], [ -70.8671, -16.1285 ], [ -70.8712, -16.1348 ], [ -70.872, -16.1412 ], [ -70.8717, -16.1432 ], [ -70.8672, -16.1471 ], [ -70.8678, -16.1539 ], [ -70.8778, -16.1638 ], [ -70.8786, -16.1666 ], [ -70.8743, -16.171 ], [ -70.8661, -16.1723 ], [ -70.8602, -16.1756 ], [ -70.8564, -16.1845 ], [ -70.8539, -16.1967 ], [ -70.8544, -16.2053 ], [ -70.8584, -16.2112 ], [ -70.8665, -16.2184 ], [ -70.867, -16.2246 ], [ -70.8648, -16.2266 ], [ -70.8596, -16.2258 ], [ -70.8505, -16.228 ], [ -70.8477, -16.2293 ], [ -70.8445, -16.2347 ], [ -70.8464, -16.2381 ], [ -70.8561, -16.2437 ], [ -70.8676, -16.2586 ], [ -70.872, -16.2657 ], [ -70.8765, -16.2816 ], [ -70.8808, -16.2845 ], [ -70.8861, -16.2853 ], [ -70.8937, -16.2806 ], [ -70.9034, -16.2776 ], [ -70.9174, -16.2832 ], [ -70.921, -16.2877 ], [ -70.9391, -16.2989 ], [ -70.9404, -16.3103 ], [ -70.9436, -16.3144 ], [ -70.9511, -16.3097 ], [ -70.957, -16.3084 ], [ -70.9863, -16.3099 ], [ -70.985, -16.3136 ], [ -70.9863, -16.3231 ], [ -70.98, -16.3318 ], [ -70.9787, -16.3472 ], [ -70.9728, -16.3537 ], [ -70.9758, -16.3617 ], [ -70.9694, -16.3696 ], [ -70.973, -16.3773 ], [ -70.9751, -16.391 ], [ -70.9738, -16.3942 ], [ -70.9652, -16.3974 ], [ -70.9638, -16.3997 ], [ -70.968, -16.4082 ], [ -70.9748, -16.4108 ], [ -70.9756, -16.4183 ], [ -70.9737, -16.4259 ], [ -70.9649, -16.4365 ], [ -70.9657, -16.4407 ], [ -70.9637, -16.4494 ], [ -70.9559, -16.4559 ], [ -70.9529, -16.461 ], [ -70.9554, -16.4716 ], [ -70.9659, -16.4807 ], [ -70.9795, -16.4806 ], [ -70.99, -16.4935 ], [ -70.9957, -16.4975 ], [ -71.0011, -16.4984 ], [ -71.0062, -16.4955 ], [ -71.0132, -16.4985 ], [ -71.0192, -16.4869 ], [ -71.0373, -16.4857 ], [ -71.0378, -16.4794 ], [ -71.0427, -16.4771 ], [ -71.0448, -16.4696 ], [ -71.0418, -16.4659 ], [ -71.0475, -16.4604 ], [ -71.0462, -16.4549 ], [ -71.0472, -16.4544 ], [ -71.0538, -16.4622 ], [ -71.0649, -16.4618 ], [ -71.0727, -16.4658 ], [ -71.0751, -16.4645 ], [ -71.0778, -16.459 ], [ -71.0819, -16.4569 ], [ -71.0852, -16.4587 ], [ -71.0912, -16.4572 ], [ -71.0934, -16.4623 ], [ -71.0992, -16.4642 ], [ -71.1055, -16.4612 ], [ -71.1085, -16.4657 ], [ -71.1247, -16.4611 ], [ -71.1354, -16.4679 ], [ -71.1369, -16.474 ], [ -71.1395, -16.475 ], [ -71.1579, -16.471 ], [ -71.1827, -16.4726 ], [ -71.197, -16.4717 ], [ -71.2063, -16.4638 ], [ -71.2191, -16.4606 ], [ -71.2257, -16.4608 ], [ -71.2295, -16.4619 ], [ -71.2318, -16.4651 ], [ -71.237, -16.4658 ], [ -71.2426, -16.4625 ], [ -71.2446, -16.4543 ], [ -71.2433, -16.4491 ], [ -71.2387, -16.4448 ], [ -71.2402, -16.424 ], [ -71.2533, -16.4059 ], [ -71.2759, -16.3676 ], [ -71.3214, -16.3085 ], [ -71.3383, -16.3106 ], [ -71.3517, -16.31 ], [ -71.3565, -16.3084 ], [ -71.3601, -16.3039 ], [ -71.3647, -16.3023 ], [ -71.4056, -16.2995 ], [ -71.4106, -16.2962 ], [ -71.409, -16.2951 ], [ -71.4021, -16.2967 ], [ -71.397, -16.2958 ], [ -71.3821, -16.2882 ], [ -71.3558, -16.2533 ], [ -71.351, -16.2502 ], [ -71.3499, -16.2468 ], [ -71.346, -16.2467 ], [ -71.34, -16.2403 ], [ -71.3386, -16.2257 ], [ -71.3353, -16.2229 ], [ -71.3299, -16.2094 ], [ -71.3256, -16.2055 ], [ -71.3252, -16.1912 ], [ -71.3221, -16.1853 ], [ -71.3228, -16.1827 ], [ -71.319, -16.1803 ], [ -71.3195, -16.1768 ], [ -71.3164, -16.173 ], [ -71.3172, -16.1683 ], [ -71.3217, -16.1657 ], [ -71.323, -16.1592 ], [ -71.314, -16.1438 ], [ -71.3121, -16.1327 ], [ -71.3146, -16.1272 ], [ -71.3175, -16.1269 ], [ -71.3232, -16.1227 ], [ -71.3226, -16.1196 ], [ -71.3284, -16.1174 ], [ -71.3344, -16.1115 ], [ -71.3347, -16.1079 ], [ -71.3378, -16.1076 ], [ -71.3429, -16.0998 ], [ -71.3431, -16.0959 ], [ -71.3449, -16.0952 ], [ -71.3448, -16.0931 ], [ -71.3426, -16.0912 ], [ -71.3455, -16.0854 ], [ -71.3528, -16.081 ], [ -71.3618, -16.0792 ], [ -71.3642, -16.0703 ], [ -71.3619, -16.0598 ], [ -71.3599, -16.0578 ], [ -71.3621, -16.0454 ], [ -71.3598, -16.0365 ], [ -71.3522, -16.0311 ], [ -71.3459, -16.0323 ], [ -71.343, -16.0313 ], [ -71.3408, -16.0276 ], [ -71.3343, -16.0276 ], [ -71.3264, -16.0298 ], [ -71.3213, -16.0278 ], [ -71.3185, -16.0286 ], [ -71.3108, -16.0218 ], [ -71.3003, -16.019 ], [ -71.2999, -16.0142 ], [ -71.2977, -16.0106 ], [ -71.2872, -16.0033 ], [ -71.2886, -15.9996 ], [ -71.2952, -15.9935 ], [ -71.2961, -15.9871 ], [ -71.3054, -15.9794 ], [ -71.3083, -15.9741 ], [ -71.3151, -15.9681 ], [ -71.3086, -15.9549 ], [ -71.3018, -15.9511 ], [ -71.2955, -15.9514 ], [ -71.2882, -15.9568 ], [ -71.2742, -15.9544 ], [ -71.2731, -15.9569 ], [ -71.274, -15.9658 ], [ -71.2689, -15.974 ], [ -71.2688, -15.9816 ], [ -71.2664, -15.9822 ], [ -71.2484, -15.9985 ], [ -71.2316, -16.0019 ], [ -71.2081, -16.0236 ], [ -71.2004, -16.0255 ], [ -71.1949, -16.0159 ], [ -71.1878, -16.012 ], [ -71.1803, -16.0103 ], [ -71.1761, -16.0069 ], [ -71.1672, -16.008 ], [ -71.1526, -16.0019 ], [ -71.1513, -15.9934 ], [ -71.1452, -15.9875 ], [ -71.1435, -15.9832 ], [ -71.1389, -15.9826 ], [ -71.1305, -15.9864 ], [ -71.1222, -15.9846 ], [ -71.1159, -15.9882 ], [ -71.1085, -15.987 ], [ -71.103, -15.9841 ], [ -71.0971, -15.9855 ], [ -71.0871, -15.9809 ], [ -71.0853, -15.9837 ], [ -71.0869, -15.9973 ], [ -71.0813, -15.9996 ], [ -71.078, -16.0039 ], [ -71.0677, -16.0042 ], [ -71.0616, -15.9982 ], [ -71.0553, -15.9956 ], [ -71.0439, -15.981 ], [ -71.0361, -15.9802 ], [ -71.0308, -15.9753 ], [ -71.0119, -15.972 ], [ -71.002, -15.968 ], [ -70.9613, -15.9696 ], [ -70.957, -15.9634 ], [ -70.9543, -15.9622 ], [ -70.9494, -15.9615 ], [ -70.9395, -15.9635 ], [ -70.9359, -15.9622 ], [ -70.9231, -15.9543 ], [ -70.9189, -15.9481 ], [ -70.9063, -15.9433 ], [ -70.9004, -15.9462 ], [ -70.878, -15.948 ], [ -70.8755, -15.9473 ], [ -70.8682, -15.9397 ], [ -70.8683, -15.9327 ], [ -70.8652, -15.9284 ], [ -70.8446, -15.9219 ] ], [ [ -71.1438, -16.3233 ], [ -71.1468, -16.3251 ], [ -71.1491, -16.3298 ], [ -71.1473, -16.3338 ], [ -71.1364, -16.3423 ], [ -71.1404, -16.3498 ], [ -71.1439, -16.3518 ], [ -71.1629, -16.3519 ], [ -71.1719, -16.3509 ], [ -71.1761, -16.3487 ], [ -71.1811, -16.3535 ], [ -71.1963, -16.356 ], [ -71.203, -16.3654 ], [ -71.2024, -16.3729 ], [ -71.1978, -16.3759 ], [ -71.1973, -16.3815 ], [ -71.1916, -16.3864 ], [ -71.1832, -16.384 ], [ -71.179, -16.38 ], [ -71.1716, -16.3769 ], [ -71.1642, -16.3828 ], [ -71.1534, -16.3826 ], [ -71.1377, -16.399 ], [ -71.1288, -16.398 ], [ -71.1163, -16.3997 ], [ -71.1056, -16.4079 ], [ -71.0954, -16.4091 ], [ -71.0873, -16.4022 ], [ -71.0858, -16.3975 ], [ -71.0884, -16.3953 ], [ -71.0896, -16.4 ], [ -71.0921, -16.4017 ], [ -71.0956, -16.3985 ], [ -71.0921, -16.3949 ], [ -71.0908, -16.3959 ], [ -71.0904, -16.393 ], [ -71.0881, -16.393 ], [ -71.0873, -16.389 ], [ -71.09, -16.3893 ], [ -71.0885, -16.3875 ], [ -71.0903, -16.3869 ], [ -71.0887, -16.386 ], [ -71.0876, -16.3811 ], [ -71.0907, -16.3829 ], [ -71.0914, -16.3813 ], [ -71.0911, -16.3773 ], [ -71.094, -16.3719 ], [ -71.0912, -16.3711 ], [ -71.0937, -16.3696 ], [ -71.0957, -16.3581 ], [ -71.0979, -16.3556 ], [ -71.0964, -16.3508 ], [ -71.1016, -16.3414 ], [ -71.104, -16.3409 ], [ -71.1038, -16.3391 ], [ -71.1085, -16.3361 ], [ -71.1123, -16.3362 ], [ -71.1221, -16.327 ], [ -71.1308, -16.3277 ], [ -71.1438, -16.3233 ] ] ] } },
{ "type": "Feature", "properties": { "ubigeo_inei": "040127" }, "geometry": { "type": "Polygon", "coordinates": [ [ [ -71.5741, -16.4911 ], [ -71.5666, -16.4965 ], [ -71.5602, -16.4941 ], [ -71.5528, -16.4973 ], [ -71.5458, -16.494 ], [ -71.5421, -16.5027 ], [ -71.5394, -16.5053 ], [ -71.5288, -16.5049 ], [ -71.5247, -16.5081 ], [ -71.5208, -16.5071 ], [ -71.5205, -16.5033 ], [ -71.5171, -16.5018 ], [ -71.5166, -16.506 ], [ -71.5134, -16.5065 ], [ -71.5099, -16.5131 ], [ -71.4929, -16.5197 ], [ -71.4936, -16.5241 ], [ -71.4895, -16.5256 ], [ -71.4898, -16.5363 ], [ -71.4765, -16.5421 ], [ -71.4741, -16.5465 ], [ -71.4694, -16.5497 ], [ -71.4683, -16.5539 ], [ -71.4652, -16.5546 ], [ -71.4625, -16.558 ], [ -71.4522, -16.5643 ], [ -71.4356, -16.5653 ], [ -71.4318, -16.5639 ], [ -71.4243, -16.5675 ], [ -71.4214, -16.5666 ], [ -71.4108, -16.5718 ], [ -71.4054, -16.5686 ], [ -71.4017, -16.5688 ], [ -71.4041, -16.575 ], [ -71.4053, -16.5852 ], [ -71.4043, -16.592 ], [ -71.4065, -16.5997 ], [ -71.4111, -16.603 ], [ -71.4177, -16.6033 ], [ -71.4241, -16.6068 ], [ -71.4252, -16.6175 ], [ -71.4318, -16.6248 ], [ -71.4468, -16.6334 ], [ -71.444, -16.6422 ], [ -71.4453, -16.6449 ], [ -71.4487, -16.6487 ], [ -71.4529, -16.6483 ], [ -71.4561, -16.6529 ], [ -71.4622, -16.6551 ], [ -71.464, -16.661 ], [ -71.4708, -16.6651 ], [ -71.4711, -16.6694 ], [ -71.4752, -16.6784 ], [ -71.482, -16.6838 ], [ -71.4815, -16.6901 ], [ -71.4747, -16.7049 ], [ -71.4748, -16.7084 ], [ -71.4831, -16.7279 ], [ -71.4828, -16.7313 ], [ -71.4776, -16.7404 ], [ -71.4779, -16.7527 ], [ -71.48, -16.763 ], [ -71.4927, -16.7679 ], [ -71.5018, -16.7661 ], [ -71.507, -16.7598 ], [ -71.5103, -16.7587 ], [ -71.5149, -16.7522 ], [ -71.5129, -16.745 ], [ -71.5154, -16.7406 ], [ -71.5217, -16.7359 ], [ -71.5293, -16.734 ], [ -71.5315, -16.7263 ], [ -71.5299, -16.7171 ], [ -71.531, -16.7126 ], [ -71.5345, -16.7104 ], [ -71.5355, -16.7008 ], [ -71.5451, -16.6893 ], [ -71.5538, -16.6844 ], [ -71.5652, -16.6956 ], [ -71.5726, -16.6999 ], [ -71.5748, -16.696 ], [ -71.5937, -16.6866 ], [ -71.5988, -16.6878 ], [ -71.6035, -16.6859 ], [ -71.6055, -16.6834 ], [ -71.6103, -16.6839 ], [ -71.6204, -16.6819 ], [ -71.6295, -16.6845 ], [ -71.6319, -16.692 ], [ -71.6378, -16.6989 ], [ -71.6388, -16.7044 ], [ -71.6406, -16.7059 ], [ -71.6416, -16.7005 ], [ -71.6491, -16.695 ], [ -71.6596, -16.7012 ], [ -71.667, -16.7016 ], [ -71.6704, -16.6982 ], [ -71.6695, -16.6886 ], [ -71.6747, -16.6718 ], [ -71.6732, -16.6693 ], [ -71.6755, -16.6598 ], [ -71.6687, -16.6573 ], [ -71.6701, -16.6501 ], [ -71.6662, -16.6427 ], [ -71.6696, -16.6358 ], [ -71.6597, -16.6338 ], [ -71.6495, -16.6249 ], [ -71.6437, -16.6264 ], [ -71.6391, -16.6242 ], [ -71.6372, -16.6216 ], [ -71.6378, -16.6155 ], [ -71.6363, -16.611 ], [ -71.6331, -16.6084 ], [ -71.6324, -16.5992 ], [ -71.6244, -16.5952 ], [ -71.6242, -16.5902 ], [ -71.6253, -16.5868 ], [ -71.6279, -16.586 ], [ -71.6313, -16.5885 ], [ -71.6388, -16.5879 ], [ -71.642, -16.5848 ], [ -71.6529, -16.5844 ], [ -71.6636, -16.5892 ], [ -71.6674, -16.5945 ], [ -71.6791, -16.5993 ], [ -71.6892, -16.5927 ], [ -71.6938, -16.5928 ], [ -71.6993, -16.5885 ], [ -71.6998, -16.5862 ], [ -71.6967, -16.5849 ], [ -71.6868, -16.5681 ], [ -71.6999, -16.5589 ], [ -71.699, -16.5515 ], [ -71.7039, -16.5465 ], [ -71.7054, -16.5415 ], [ -71.6991, -16.541 ], [ -71.6645, -16.5557 ], [ -71.649, -16.5581 ], [ -71.6319, -16.5472 ], [ -71.6318, -16.5452 ], [ -71.6238, -16.5415 ], [ -71.6221, -16.5391 ], [ -71.6232, -16.531 ], [ -71.6206, -16.5226 ], [ -71.6134, -16.5246 ], [ -71.608, -16.5226 ], [ -71.5972, -16.522 ], [ -71.5972, -16.5203 ], [ -71.5925, -16.5186 ], [ -71.587, -16.5102 ], [ -71.5825, -16.5079 ], [ -71.5817, -16.5046 ], [ -71.5837, -16.4973 ], [ -71.5741, -16.4911 ] ] ] } },
{ "type": "Feature", "properties": { "ubigeo_inei": "040205" }, "geometry": { "type": "Polygon", "coordinates": [ [ [ -72.4819, -16.3572 ], [ -72.4812, -16.3633 ], [ -72.4787, -16.368 ], [ -72.4766, -16.3704 ], [ -72.4739, -16.3707 ], [ -72.4734, -16.3736 ], [ -72.4664, -16.3832 ], [ -72.4698, -16.3861 ], [ -72.4847, -16.4511 ], [ -72.5009, -16.4791 ], [ -72.512, -16.4914 ], [ -72.5334, -16.4932 ], [ -72.5395, -16.507 ], [ -72.5439, -16.5089 ], [ -72.5462, -16.5128 ], [ -72.5716, -16.5121 ], [ -72.6047, -16.5372 ], [ -72.613, -16.532 ], [ -72.6196, -16.5325 ], [ -72.63, -16.5399 ], [ -72.6483, -16.5451 ], [ -72.6543, -16.5512 ], [ -72.6598, -16.5506 ], [ -72.6712, -16.555 ], [ -72.6761, -16.5611 ], [ -72.6768, -16.5675 ], [ -72.6812, -16.579 ], [ -72.6935, -16.5829 ], [ -72.7007, -16.5881 ], [ -72.7045, -16.5884 ], [ -72.7072, -16.5862 ], [ -72.7067, -16.5906 ], [ -72.7118, -16.5919 ], [ -72.714, -16.586 ], [ -72.7213, -16.588 ], [ -72.7294, -16.5851 ], [ -72.7296, -16.579 ], [ -72.7411, -16.579 ], [ -72.7483, -16.575 ], [ -72.7512, -16.5759 ], [ -72.751, -16.5714 ], [ -72.7543, -16.5601 ], [ -72.7517, -16.5508 ], [ -72.7535, -16.5378 ], [ -72.7553, -16.5375 ], [ -72.7576, -16.5398 ], [ -72.7625, -16.5501 ], [ -72.7718, -16.5459 ], [ -72.7723, -16.5354 ], [ -72.7651, -16.5043 ], [ -72.7666, -16.5012 ], [ -72.7642, -16.4933 ], [ -72.7549, -16.4824 ], [ -72.7449, -16.4625 ], [ -72.7396, -16.4557 ], [ -72.7317, -16.4513 ], [ -72.7295, -16.4485 ], [ -72.728, -16.44 ], [ -72.7311, -16.4378 ], [ -72.734, -16.4318 ], [ -72.7304, -16.4198 ], [ -72.7223, -16.414 ], [ -72.7198, -16.407 ], [ -72.7153, -16.401 ], [ -72.7123, -16.3996 ], [ -72.707, -16.4014 ], [ -72.7024, -16.3931 ], [ -72.6988, -16.3919 ], [ -72.6999, -16.3876 ], [ -72.7016, -16.388 ], [ -72.7041, -16.3856 ], [ -72.7062, -16.379 ], [ -72.7003, -16.3849 ], [ -72.6969, -16.3914 ], [ -72.69, -16.3944 ], [ -72.6821, -16.4016 ], [ -72.6702, -16.4241 ], [ -72.6632, -16.4266 ], [ -72.6599, -16.4312 ], [ -72.6447, -16.4398 ], [ -72.6409, -16.4476 ], [ -72.6343, -16.4496 ], [ -72.625, -16.4566 ], [ -72.6167, -16.4552 ], [ -72.6033, -16.4618 ], [ -72.5968, -16.4478 ], [ -72.5971, -16.4361 ], [ -72.5936, -16.4305 ], [ -72.5881, -16.4288 ], [ -72.5829, -16.4222 ], [ -72.5734, -16.421 ], [ -72.572, -16.4187 ], [ -72.5721, -16.4123 ], [ -72.5597, -16.3975 ], [ -72.549, -16.3976 ], [ -72.5335, -16.4098 ], [ -72.523, -16.4101 ], [ -72.5201, -16.4035 ], [ -72.5115, -16.3996 ], [ -72.5074, -16.3954 ], [ -72.5047, -16.3891 ], [ -72.5053, -16.3851 ], [ -72.502, -16.3816 ], [ -72.5019, -16.3778 ], [ -72.4928, -16.3695 ], [ -72.4848, -16.3586 ], [ -72.4819, -16.3572 ] ] ] } },
{ "type": "Feature", "properties": { "ubigeo_inei": "090310" }, "geometry": { "type": "Polygon", "coordinates": [ [ [ -74.4045, -13.0386 ], [ -74.3953, -13.0417 ], [ -74.3895, -13.0419 ], [ -74.4009, -13.0544 ], [ -74.408, -13.0685 ], [ -74.4067, -13.0717 ], [ -74.4113, -13.0794 ], [ -74.4093, -13.0822 ], [ -74.4099, -13.0884 ], [ -74.4203, -13.0933 ], [ -74.4241, -13.0977 ], [ -74.4379, -13.0944 ], [ -74.4428, -13.0878 ], [ -74.4519, -13.0886 ], [ -74.4549, -13.0917 ], [ -74.4561, -13.0875 ], [ -74.4625, -13.0802 ], [ -74.4637, -13.072 ], [ -74.4633, -13.0609 ], [ -74.459, -13.0519 ], [ -74.4472, -13.0477 ], [ -74.4409, -13.0398 ], [ -74.4336, -13.0386 ], [ -74.4307, -13.0424 ], [ -74.4277, -13.0429 ], [ -74.4231, -13.0406 ], [ -74.4045, -13.0386 ] ] ] } },
{ "type": "Feature", "properties": { "ubigeo_inei": "090303" }, "geometry": { "type": "Polygon", "coordinates": [ [ [ -74.6238, -12.8424 ], [ -74.6166, -12.8472 ], [ -74.6129, -12.8591 ], [ -74.6069, -12.8672 ], [ -74.6029, -12.87 ], [ -74.6028, -12.882 ], [ -74.5968, -12.8884 ], [ -74.6068, -12.8956 ], [ -74.6078, -12.9021 ], [ -74.6106, -12.9064 ], [ -74.618, -12.9005 ], [ -74.6217, -12.9024 ], [ -74.634, -12.901 ], [ -74.6353, -12.9058 ], [ -74.6387, -12.9077 ], [ -74.6391, -12.9111 ], [ -74.6423, -12.9124 ], [ -74.6491, -12.9213 ], [ -74.6444, -12.9096 ], [ -74.6425, -12.9025 ], [ -74.6432, -12.8984 ], [ -74.641, -12.8932 ], [ -74.6433, -12.8878 ], [ -74.6489, -12.8839 ], [ -74.6491, -12.8798 ], [ -74.6412, -12.8707 ], [ -74.6343, -12.8543 ], [ -74.6342, -12.8478 ], [ -74.6238, -12.8424 ] ] ] } },
{ "type": "Feature", "properties": { "ubigeo_inei": "120804" }, "geometry": { "type": "Polygon", "coordinates": [ [ [ -76.1882, -11.2388 ], [ -76.1865, -11.2402 ], [ -76.1811, -11.239 ], [ -76.1774, -11.2424 ], [ -76.1722, -11.252 ], [ -76.1721, -11.2548 ], [ -76.1676, -11.258 ], [ -76.1676, -11.2633 ], [ -76.165, -11.2708 ], [ -76.1566, -11.2786 ], [ -76.1529, -11.287 ], [ -76.1467, -11.2889 ], [ -76.1411, -11.2943 ], [ -76.1387, -11.306 ], [ -76.1352, -11.3077 ], [ -76.134, -11.3101 ], [ -76.137, -11.3146 ], [ -76.1295, -11.3192 ], [ -76.1242, -11.3258 ], [ -76.122, -11.3248 ], [ -76.1183, -11.3296 ], [ -76.112, -11.3318 ], [ -76.1081, -11.3355 ], [ -76.1054, -11.353 ], [ -76.0967, -11.3612 ], [ -76.0949, -11.3723 ], [ -76.0867, -11.38 ], [ -76.0824, -11.388 ], [ -76.0861, -11.3915 ], [ -76.0863, -11.3992 ], [ -76.0892, -11.4023 ], [ -76.0899, -11.4092 ], [ -76.0925, -11.415 ], [ -76.1027, -11.4311 ], [ -76.1048, -11.4383 ], [ -76.1086, -11.4441 ], [ -76.1148, -11.4496 ], [ -76.1209, -11.4583 ], [ -76.1351, -11.4665 ], [ -76.1385, -11.4709 ], [ -76.1533, -11.4822 ], [ -76.1558, -11.4927 ], [ -76.159, -11.4965 ], [ -76.1638, -11.4985 ], [ -76.168, -11.5043 ], [ -76.1814, -11.5053 ], [ -76.1884, -11.5113 ], [ -76.1948, -11.514 ], [ -76.1956, -11.5169 ], [ -76.2056, -11.5287 ], [ -76.2066, -11.5339 ], [ -76.209, -11.5342 ], [ -76.2183, -11.5412 ], [ -76.2198, -11.55 ], [ -76.2321, -11.5564 ], [ -76.2327, -11.5617 ], [ -76.2374, -11.569 ], [ -76.2429, -11.5665 ], [ -76.2545, -11.569 ], [ -76.2647, -11.5672 ], [ -76.2697, -11.5724 ], [ -76.2731, -11.582 ], [ -76.2825, -11.5867 ], [ -76.2868, -11.5912 ], [ -76.2929, -11.5888 ], [ -76.2977, -11.5962 ], [ -76.2975, -11.5915 ], [ -76.3016, -11.5831 ], [ -76.3, -11.5752 ], [ -76.3044, -11.5675 ], [ -76.3092, -11.5637 ], [ -76.3148, -11.5641 ], [ -76.3175, -11.5627 ], [ -76.3213, -11.5532 ], [ -76.3258, -11.5521 ], [ -76.3257, -11.5473 ], [ -76.3279, -11.5443 ], [ -76.3328, -11.5424 ], [ -76.3378, -11.5429 ], [ -76.3394, -11.5445 ], [ -76.35, -11.5423 ], [ -76.3486, -11.5288 ], [ -76.3506, -11.5204 ], [ -76.3594, -11.5229 ], [ -76.3619, -11.5197 ], [ -76.3618, -11.5146 ], [ -76.3734, -11.5023 ], [ -76.3768, -11.5015 ], [ -76.3765, -11.4977 ], [ -76.381, -11.486 ], [ -76.3794, -11.482 ], [ -76.3737, -11.4806 ], [ -76.3715, -11.4765 ], [ -76.373, -11.4664 ], [ -76.3753, -11.4619 ], [ -76.3774, -11.4442 ], [ -76.388, -11.4464 ], [ -76.3943, -11.445 ], [ -76.4068, -11.4215 ], [ -76.4116, -11.4159 ], [ -76.4108, -11.4136 ], [ -76.4043, -11.4092 ], [ -76.4014, -11.4029 ], [ -76.408, -11.3904 ], [ -76.4134, -11.3849 ], [ -76.4141, -11.3796 ], [ -76.4201, -11.3751 ], [ -76.4227, -11.3549 ], [ -76.4278, -11.3515 ], [ -76.4304, -11.3459 ], [ -76.4434, -11.3473 ], [ -76.4483, -11.3459 ], [ -76.4527, -11.3415 ], [ -76.4573, -11.3326 ], [ -76.4561, -11.3307 ], [ -76.4502, -11.3285 ], [ -76.4455, -11.3302 ], [ -76.4256, -11.3249 ], [ -76.4222, -11.3185 ], [ -76.4262, -11.3144 ], [ -76.4279, -11.3096 ], [ -76.4224, -11.3031 ], [ -76.4168, -11.3032 ], [ -76.4139, -11.3006 ], [ -76.402, -11.3038 ], [ -76.3968, -11.3155 ], [ -76.3918, -11.3176 ], [ -76.3821, -11.3136 ], [ -76.3747, -11.3132 ], [ -76.3648, -11.3078 ], [ -76.3579, -11.3134 ], [ -76.349, -11.3097 ], [ -76.3419, -11.3092 ], [ -76.3384, -11.3066 ], [ -76.335, -11.3074 ], [ -76.3239, -11.2957 ], [ -76.3155, -11.2933 ], [ -76.309, -11.2935 ], [ -76.3028, -11.2995 ], [ -76.2886, -11.3035 ], [ -76.2851, -11.2966 ], [ -76.2748, -11.2908 ], [ -76.2673, -11.2824 ], [ -76.2631, -11.2825 ], [ -76.2591, -11.2783 ], [ -76.2522, -11.2755 ], [ -76.2504, -11.2698 ], [ -76.2528, -11.2619 ], [ -76.2485, -11.2545 ], [ -76.2433, -11.2554 ], [ -76.2366, -11.2507 ], [ -76.2264, -11.2505 ], [ -76.2201, -11.2469 ], [ -76.2141, -11.2458 ], [ -76.2089, -11.2421 ], [ -76.1979, -11.2422 ], [ -76.1882, -11.2388 ] ] ] } },
{ "type": "Feature", "properties": { "ubigeo_inei": "151011" }, "geometry": { "type": "Polygon", "coordinates": [ [ [ -75.8966, -12.4709 ], [ -75.895, -12.4758 ], [ -75.8836, -12.4889 ], [ -75.8702, -12.4915 ], [ -75.8624, -12.4904 ], [ -75.8572, -12.4868 ], [ -75.8457, -12.4828 ], [ -75.839, -12.4822 ], [ -75.8328, -12.4789 ], [ -75.8132, -12.4794 ], [ -75.8085, -12.4817 ], [ -75.8099, -12.4932 ], [ -75.8052, -12.5018 ], [ -75.7992, -12.5056 ], [ -75.7981, -12.5134 ], [ -75.7935, -12.5156 ], [ -75.7902, -12.5198 ], [ -75.7905, -12.5242 ], [ -75.7881, -12.5313 ], [ -75.7833, -12.5372 ], [ -75.7845, -12.5494 ], [ -75.7869, -12.5504 ], [ -75.7873, -12.5528 ], [ -75.7816, -12.5536 ], [ -75.7779, -12.5575 ], [ -75.7705, -12.561 ], [ -75.7695, -12.5631 ], [ -75.7695, -12.5682 ], [ -75.7761, -12.5719 ], [ -75.7768, -12.5772 ], [ -75.7895, -12.5839 ], [ -75.7895, -12.5855 ], [ -75.7696, -12.5924 ], [ -75.7653, -12.5958 ], [ -75.7629, -12.5989 ], [ -75.7632, -12.6068 ], [ -75.743, -12.6067 ], [ -75.731, -12.6039 ], [ -75.7281, -12.6018 ], [ -75.722, -12.6146 ], [ -75.7144, -12.6194 ], [ -75.7145, -12.6241 ], [ -75.7118, -12.6264 ], [ -75.7093, -12.6338 ], [ -75.7017, -12.6418 ], [ -75.6945, -12.6455 ], [ -75.7225, -12.6494 ], [ -75.7253, -12.6532 ], [ -75.7406, -12.6528 ], [ -75.7482, -12.6562 ], [ -75.7472, -12.6449 ], [ -75.7534, -12.642 ], [ -75.7567, -12.6371 ], [ -75.7641, -12.6339 ], [ -75.7694, -12.6369 ], [ -75.774, -12.6364 ], [ -75.7801, -12.6428 ], [ -75.7856, -12.6436 ], [ -75.7854, -12.6477 ], [ -75.7887, -12.6512 ], [ -75.7889, -12.6578 ], [ -75.7961, -12.6717 ], [ -75.8009, -12.6709 ], [ -75.8127, -12.6752 ], [ -75.8168, -12.6788 ], [ -75.8224, -12.6771 ], [ -75.8273, -12.6802 ], [ -75.8312, -12.675 ], [ -75.8387, -12.6702 ], [ -75.8422, -12.671 ], [ -75.8496, -12.6769 ], [ -75.853, -12.6695 ], [ -75.858, -12.6652 ], [ -75.8841, -12.6541 ], [ -75.9074, -12.6463 ], [ -75.9113, -12.6422 ], [ -75.9234, -12.6398 ], [ -75.9287, -12.6351 ], [ -75.9378, -12.6337 ], [ -75.9488, -12.6241 ], [ -75.9529, -12.6222 ], [ -75.9662, -12.6191 ], [ -75.9713, -12.6204 ], [ -75.9747, -12.6122 ], [ -75.9735, -12.6064 ], [ -75.9656, -12.6047 ], [ -75.9656, -12.5993 ], [ -75.9602, -12.5922 ], [ -75.9599, -12.5891 ], [ -75.9535, -12.5887 ], [ -75.9493, -12.5865 ], [ -75.9387, -12.589 ], [ -75.9364, -12.588 ], [ -75.9347, -12.5834 ], [ -75.9368, -12.5776 ], [ -75.9344, -12.5718 ], [ -75.924, -12.5634 ], [ -75.9247, -12.5568 ], [ -75.9144, -12.5467 ], [ -75.9128, -12.5327 ], [ -75.9156, -12.5222 ], [ -75.9128, -12.5186 ], [ -75.9161, -12.5088 ], [ -75.9112, -12.4983 ], [ -75.9112, -12.4922 ], [ -75.9052, -12.4897 ], [ -75.9031, -12.4868 ], [ -75.9025, -12.4756 ], [ -75.8966, -12.4709 ] ] ] } },
{ "type": "Feature", "properties": { "ubigeo_inei": "150605" }, "geometry": { "type": "Polygon", "coordinates": [ [ [ -77.324, -11.3855 ], [ -77.3173, -11.3935 ], [ -77.3165, -11.3962 ], [ -77.3184, -11.4024 ], [ -77.3093, -11.4181 ], [ -77.3086, -11.424 ], [ -77.3027, -11.4292 ], [ -77.305, -11.4414 ], [ -77.3035, -11.4496 ], [ -77.2997, -11.4533 ], [ -77.2963, -11.4533 ], [ -77.2933, -11.4555 ], [ -77.2872, -11.4657 ], [ -77.2864, -11.4776 ], [ -77.2834, -11.4829 ], [ -77.2857, -11.4903 ], [ -77.2793, -11.5015 ], [ -77.2697, -11.4987 ], [ -77.2595, -11.5093 ], [ -77.2535, -11.5077 ], [ -77.25, -11.5098 ], [ -77.2334, -11.5259 ], [ -77.2197, -11.5364 ], [ -77.2176, -11.5411 ], [ -77.2177, -11.5499 ], [ -77.2146, -11.5579 ], [ -77.204, -11.5623 ], [ -77.2095, -11.5759 ], [ -77.2098, -11.5807 ], [ -77.2165, -11.5881 ], [ -77.2196, -11.5942 ], [ -77.2247, -11.5969 ], [ -77.2325, -11.6054 ], [ -77.2406, -11.6079 ], [ -77.2482, -11.6143 ], [ -77.2793, -11.5879 ], [ -77.2828, -11.5868 ], [ -77.2811, -11.5847 ], [ -77.2777, -11.5871 ], [ -77.2751, -11.5843 ], [ -77.2733, -11.5854 ], [ -77.2718, -11.5844 ], [ -77.2714, -11.572 ], [ -77.2764, -11.5595 ], [ -77.2814, -11.5518 ], [ -77.2837, -11.5507 ], [ -77.2836, -11.5481 ], [ -77.296, -11.5372 ], [ -77.2977, -11.5327 ], [ -77.2956, -11.5281 ], [ -77.3048, -11.5122 ], [ -77.3198, -11.4996 ], [ -77.333, -11.4909 ], [ -77.3423, -11.487 ], [ -77.3445, -11.4838 ], [ -77.3425, -11.4821 ], [ -77.3437, -11.4789 ], [ -77.3429, -11.4742 ], [ -77.3517, -11.4674 ], [ -77.3563, -11.467 ], [ -77.3602, -11.4644 ], [ -77.3603, -11.4605 ], [ -77.3638, -11.4578 ], [ -77.3827, -11.4472 ], [ -77.3824, -11.4427 ], [ -77.3774, -11.4356 ], [ -77.3779, -11.4282 ], [ -77.375, -11.4263 ], [ -77.3735, -11.4201 ], [ -77.37, -11.4147 ], [ -77.3546, -11.4029 ], [ -77.3449, -11.4024 ], [ -77.3343, -11.3985 ], [ -77.3278, -11.392 ], [ -77.324, -11.3855 ] ] ] } },
{ "type": "Feature", "properties": { "ubigeo_inei": "150126" }, "geometry": { "type": "Polygon", "coordinates": [ [ [ -76.662, -12.178 ], [ -76.6527, -12.1926 ], [ -76.6486, -12.2082 ], [ -76.6456, -12.2118 ], [ -76.6472, -12.2138 ], [ -76.6511, -12.2138 ], [ -76.6537, -12.2159 ], [ -76.6542, -12.2212 ], [ -76.6617, -12.2305 ], [ -76.6614, -12.235 ], [ -76.6656, -12.2438 ], [ -76.6752, -12.2545 ], [ -76.6935, -12.2698 ], [ -76.701, -12.2718 ], [ -76.7176, -12.2846 ], [ -76.7266, -12.295 ], [ -76.7432, -12.2961 ], [ -76.7546, -12.3094 ], [ -76.7625, -12.3066 ], [ -76.764, -12.3114 ], [ -76.7705, -12.3153 ], [ -76.7745, -12.3213 ], [ -76.792, -12.3266 ], [ -76.8072, -12.3401 ], [ -76.8162, -12.3454 ], [ -76.8175, -12.3411 ], [ -76.8221, -12.3384 ], [ -76.8268, -12.3428 ], [ -76.825, -12.34 ], [ -76.8283, -12.3385 ], [ -76.8283, -12.3363 ], [ -76.8309, -12.3343 ], [ -76.8307, -12.3313 ], [ -76.8348, -12.3294 ], [ -76.8349, -12.3255 ], [ -76.8377, -12.3243 ], [ -76.8357, -12.3202 ], [ -76.8366, -12.3162 ], [ -76.8399, -12.3129 ], [ -76.8436, -12.3131 ], [ -76.8279, -12.292 ], [ -76.8192, -12.2828 ], [ -76.8052, -12.2774 ], [ -76.7907, -12.2645 ], [ -76.7874, -12.2633 ], [ -76.7803, -12.2641 ], [ -76.7681, -12.2606 ], [ -76.7637, -12.2524 ], [ -76.7593, -12.2502 ], [ -76.7569, -12.253 ], [ -76.7521, -12.2518 ], [ -76.7407, -12.2537 ], [ -76.735, -12.2518 ], [ -76.7309, -12.2461 ], [ -76.7232, -12.2439 ], [ -76.7211, -12.2417 ], [ -76.7212, -12.235 ], [ -76.7145, -12.2248 ], [ -76.7077, -12.223 ], [ -76.6979, -12.2173 ], [ -76.6941, -12.2104 ], [ -76.695, -12.208 ], [ -76.6901, -12.2023 ], [ -76.6838, -12.1981 ], [ -76.6824, -12.194 ], [ -76.6796, -12.1939 ], [ -76.6651, -12.1853 ], [ -76.662, -12.178 ] ] ] } },
{ "type": "Feature", "properties": { "ubigeo_inei": "150719" }, "geometry": { "type": "Polygon", "coordinates": [ [ [ -76.5008, -11.6715 ], [ -76.486, -11.6757 ], [ -76.4791, -11.6756 ], [ -76.4731, -11.6802 ], [ -76.4642, -11.6766 ], [ -76.4593, -11.6773 ], [ -76.4544, -11.6824 ], [ -76.4362, -11.6886 ], [ -76.419, -11.6988 ], [ -76.4148, -11.6991 ], [ -76.4077, -11.6968 ], [ -76.3992, -11.7086 ], [ -76.3938, -11.7096 ], [ -76.3885, -11.7078 ], [ -76.3843, -11.7115 ], [ -76.3827, -11.7191 ], [ -76.3839, -11.7217 ], [ -76.3869, -11.724 ], [ -76.3908, -11.7242 ], [ -76.3951, -11.7298 ], [ -76.4069, -11.7368 ], [ -76.4097, -11.741 ], [ -76.4117, -11.7491 ], [ -76.409, -11.7656 ], [ -76.4125, -11.7702 ], [ -76.422, -11.7699 ], [ -76.4263, -11.7734 ], [ -76.4337, -11.7706 ], [ -76.4375, -11.7737 ], [ -76.4436, -11.7746 ], [ -76.447, -11.7777 ], [ -76.458, -11.7791 ], [ -76.4652, -11.7748 ], [ -76.473, -11.7651 ], [ -76.4734, -11.7546 ], [ -76.4762, -11.7484 ], [ -76.4886, -11.7418 ], [ -76.4943, -11.7347 ], [ -76.5061, -11.7338 ], [ -76.5157, -11.7355 ], [ -76.5232, -11.7316 ], [ -76.5357, -11.7352 ], [ -76.543, -11.7316 ], [ -76.5484, -11.7131 ], [ -76.5507, -11.6989 ], [ -76.5564, -11.692 ], [ -76.5528, -11.6872 ], [ -76.5418, -11.6801 ], [ -76.5335, -11.6798 ], [ -76.5169, -11.6726 ], [ -76.5008, -11.6715 ] ] ] } },
{ "type": "Feature", "properties": { "ubigeo_inei": "151008" }, "geometry": { "type": "Polygon", "coordinates": [ [ [ -75.8374, -12.671 ], [ -75.8312, -12.675 ], [ -75.8273, -12.6802 ], [ -75.8264, -12.6881 ], [ -75.8171, -12.6959 ], [ -75.8209, -12.7037 ], [ -75.8237, -12.7053 ], [ -75.8291, -12.7015 ], [ -75.8389, -12.7017 ], [ -75.8595, -12.7099 ], [ -75.8697, -12.7251 ], [ -75.8766, -12.7295 ], [ -75.8885, -12.7321 ], [ -75.8925, -12.7356 ], [ -75.896, -12.7399 ], [ -75.8982, -12.7465 ], [ -75.9017, -12.7501 ], [ -75.888, -12.7525 ], [ -75.8831, -12.7639 ], [ -75.8742, -12.7944 ], [ -75.8597, -12.7915 ], [ -75.8557, -12.7869 ], [ -75.8546, -12.7826 ], [ -75.8517, -12.7813 ], [ -75.8419, -12.7785 ], [ -75.8263, -12.7777 ], [ -75.8073, -12.771 ], [ -75.7966, -12.7715 ], [ -75.7804, -12.7642 ], [ -75.7711, -12.7646 ], [ -75.7669, -12.7632 ], [ -75.7644, -12.7609 ], [ -75.7616, -12.754 ], [ -75.7566, -12.7549 ], [ -75.7431, -12.7495 ], [ -75.7381, -12.7517 ], [ -75.7452, -12.7558 ], [ -75.7527, -12.7641 ], [ -75.7639, -12.7695 ], [ -75.7762, -12.7708 ], [ -75.7808, -12.7774 ], [ -75.7888, -12.7794 ], [ -75.8016, -12.7916 ], [ -75.8182, -12.7958 ], [ -75.8236, -12.8004 ], [ -75.8342, -12.801 ], [ -75.8415, -12.8055 ], [ -75.8615, -12.806 ], [ -75.8654, -12.8049 ], [ -75.8708, -12.7997 ], [ -75.8788, -12.8031 ], [ -75.8809, -12.8078 ], [ -75.8833, -12.8087 ], [ -75.8919, -12.8054 ], [ -75.9005, -12.8099 ], [ -75.8931, -12.8005 ], [ -75.8923, -12.7935 ], [ -75.8961, -12.7917 ], [ -75.9014, -12.7929 ], [ -75.9092, -12.7907 ], [ -75.9127, -12.7885 ], [ -75.9169, -12.7816 ], [ -75.9217, -12.7807 ], [ -75.9246, -12.7772 ], [ -75.942, -12.7714 ], [ -75.9468, -12.7643 ], [ -75.9472, -12.7568 ], [ -75.9434, -12.7483 ], [ -75.944, -12.742 ], [ -75.9522, -12.7195 ], [ -75.9568, -12.7155 ], [ -75.9653, -12.7126 ], [ -75.9683, -12.7061 ], [ -75.9678, -12.705 ], [ -75.9523, -12.7051 ], [ -75.9415, -12.6981 ], [ -75.9329, -12.6953 ], [ -75.9223, -12.6947 ], [ -75.912, -12.6976 ], [ -75.9049, -12.6959 ], [ -75.8994, -12.6972 ], [ -75.8889, -12.6924 ], [ -75.8792, -12.694 ], [ -75.8599, -12.6827 ], [ -75.8522, -12.68 ], [ -75.8422, -12.671 ], [ -75.8374, -12.671 ] ] ] } },
{ "type": "Feature", "properties": { "ubigeo_inei": "151006" }, "geometry": { "type": "Polygon", "coordinates": [ [ [ -75.6925, -12.6625 ], [ -75.6637, -12.664 ], [ -75.6581, -12.6663 ], [ -75.6454, -12.6768 ], [ -75.6365, -12.6738 ], [ -75.6238, -12.6727 ], [ -75.6205, -12.6764 ], [ -75.6135, -12.6772 ], [ -75.6089, -12.6673 ], [ -75.6023, -12.666 ], [ -75.5941, -12.6739 ], [ -75.5845, -12.6759 ], [ -75.575, -12.6866 ], [ -75.5673, -12.6834 ], [ -75.5611, -12.6776 ], [ -75.5573, -12.6776 ], [ -75.5536, -12.6792 ], [ -75.5516, -12.6825 ], [ -75.5549, -12.6912 ], [ -75.5537, -12.7042 ], [ -75.5572, -12.7066 ], [ -75.5695, -12.7097 ], [ -75.5771, -12.7157 ], [ -75.5866, -12.7028 ], [ -75.5931, -12.6987 ], [ -75.5948, -12.6913 ], [ -75.6024, -12.6888 ], [ -75.6063, -12.695 ], [ -75.6141, -12.6969 ], [ -75.6165, -12.6995 ], [ -75.6253, -12.7027 ], [ -75.6342, -12.7109 ], [ -75.639, -12.7277 ], [ -75.6565, -12.7402 ], [ -75.6603, -12.7416 ], [ -75.6827, -12.7411 ], [ -75.6907, -12.7395 ], [ -75.7036, -12.7409 ], [ -75.7056, -12.7459 ], [ -75.7099, -12.7502 ], [ -75.7168, -12.7663 ], [ -75.7285, -12.7799 ], [ -75.7673, -12.8074 ], [ -75.7752, -12.8069 ], [ -75.7762, -12.8131 ], [ -75.7863, -12.8227 ], [ -75.7869, -12.8366 ], [ -75.7808, -12.8604 ], [ -75.8061, -12.8597 ], [ -75.8138, -12.8612 ], [ -75.825, -12.8598 ], [ -75.8292, -12.8634 ], [ -75.8432, -12.8595 ], [ -75.8507, -12.8541 ], [ -75.8601, -12.8555 ], [ -75.8708, -12.8549 ], [ -75.8751, -12.8524 ], [ -75.8811, -12.8437 ], [ -75.8837, -12.8424 ], [ -75.8939, -12.8453 ], [ -75.8978, -12.8497 ], [ -75.9146, -12.8486 ], [ -75.9225, -12.8497 ], [ -75.9263, -12.8525 ], [ -75.9301, -12.8529 ], [ -75.9348, -12.8512 ], [ -75.9435, -12.8423 ], [ -75.9456, -12.842 ], [ -75.9429, -12.8419 ], [ -75.937, -12.8449 ], [ -75.9299, -12.8361 ], [ -75.9183, -12.8291 ], [ -75.914, -12.8183 ], [ -75.9096, -12.8154 ], [ -75.9042, -12.8146 ], [ -75.9005, -12.8099 ], [ -75.8924, -12.8055 ], [ -75.8833, -12.8087 ], [ -75.8809, -12.8078 ], [ -75.8788, -12.8031 ], [ -75.8708, -12.7997 ], [ -75.8654, -12.8049 ], [ -75.8615, -12.806 ], [ -75.8415, -12.8055 ], [ -75.8342, -12.801 ], [ -75.8236, -12.8004 ], [ -75.8182, -12.7958 ], [ -75.8016, -12.7916 ], [ -75.7888, -12.7794 ], [ -75.7808, -12.7774 ], [ -75.7762, -12.7708 ], [ -75.7639, -12.7695 ], [ -75.7527, -12.7641 ], [ -75.7452, -12.7558 ], [ -75.7381, -12.7517 ], [ -75.7243, -12.7508 ], [ -75.7222, -12.7431 ], [ -75.7285, -12.7329 ], [ -75.7268, -12.7302 ], [ -75.7216, -12.7295 ], [ -75.7191, -12.7266 ], [ -75.7294, -12.7071 ], [ -75.7291, -12.7045 ], [ -75.724, -12.6981 ], [ -75.7193, -12.6954 ], [ -75.7083, -12.694 ], [ -75.6918, -12.696 ], [ -75.6889, -12.6898 ], [ -75.6874, -12.6756 ], [ -75.6894, -12.6697 ], [ -75.6934, -12.6646 ], [ -75.6925, -12.6625 ] ] ] } },
{ "type": "Feature", "properties": { "ubigeo_inei": "151009" }, "geometry": { "type": "Polygon", "coordinates": [ [ [ -75.9804, -12.8387 ], [ -75.9709, -12.8411 ], [ -75.9586, -12.8491 ], [ -75.9449, -12.8422 ], [ -75.9387, -12.855 ], [ -75.9348, -12.8583 ], [ -75.9271, -12.861 ], [ -75.9181, -12.8618 ], [ -75.9101, -12.8693 ], [ -75.9021, -12.8725 ], [ -75.8875, -12.8731 ], [ -75.8802, -12.8775 ], [ -75.8785, -12.8804 ], [ -75.8618, -12.8826 ], [ -75.8505, -12.8959 ], [ -75.8463, -12.9057 ], [ -75.8446, -12.9159 ], [ -75.8387, -12.9244 ], [ -75.8417, -12.9266 ], [ -75.8572, -12.9264 ], [ -75.8507, -12.9412 ], [ -75.8461, -12.959 ], [ -75.8481, -12.9636 ], [ -75.8506, -12.965 ], [ -75.8666, -12.9637 ], [ -75.875, -12.9666 ], [ -75.8772, -12.9691 ], [ -75.879, -12.9734 ], [ -75.8798, -12.984 ], [ -75.8781, -12.9893 ], [ -75.8736, -12.9933 ], [ -75.873, -12.9981 ], [ -75.874, -13.0058 ], [ -75.8788, -13.016 ], [ -75.8983, -13.0133 ], [ -75.9029, -13.0096 ], [ -75.9139, -13.0069 ], [ -75.9167, -13.0029 ], [ -75.9217, -13.0017 ], [ -75.9393, -12.991 ], [ -75.9511, -12.9982 ], [ -75.9547, -12.9981 ], [ -75.9614, -13.0014 ], [ -75.9602, -12.982 ], [ -75.9574, -12.9699 ], [ -75.9619, -12.9573 ], [ -75.9734, -12.9393 ], [ -75.9727, -12.924 ], [ -75.9746, -12.9232 ], [ -75.9832, -12.9264 ], [ -75.9883, -12.9258 ], [ -75.99, -12.9221 ], [ -76.0039, -12.9224 ], [ -75.9944, -12.9059 ], [ -75.993, -12.896 ], [ -75.9999, -12.8787 ], [ -76.0012, -12.8686 ], [ -76.008, -12.859 ], [ -76.0085, -12.853 ], [ -76.002, -12.8401 ], [ -75.9966, -12.8429 ], [ -75.9888, -12.8429 ], [ -75.9851, -12.8394 ], [ -75.9804, -12.8387 ] ] ] } },
{ "type": "Feature", "properties": { "ubigeo_inei": "151032" }, "geometry": { "type": "Polygon", "coordinates": [ [ [ -75.9435, -12.8423 ], [ -75.9326, -12.8525 ], [ -75.9263, -12.8525 ], [ -75.9225, -12.8497 ], [ -75.9103, -12.8483 ], [ -75.8978, -12.8497 ], [ -75.8939, -12.8453 ], [ -75.8837, -12.8424 ], [ -75.8811, -12.8437 ], [ -75.8751, -12.8524 ], [ -75.8708, -12.8549 ], [ -75.8601, -12.8555 ], [ -75.8507, -12.8541 ], [ -75.8432, -12.8595 ], [ -75.8292, -12.8634 ], [ -75.825, -12.8598 ], [ -75.8138, -12.8612 ], [ -75.8061, -12.8597 ], [ -75.7794, -12.8606 ], [ -75.7664, -12.8689 ], [ -75.7577, -12.8696 ], [ -75.7493, -12.8669 ], [ -75.7423, -12.8678 ], [ -75.7318, -12.8646 ], [ -75.718, -12.8742 ], [ -75.7025, -12.877 ], [ -75.6973, -12.8723 ], [ -75.6969, -12.8675 ], [ -75.6949, -12.8649 ], [ -75.6858, -12.8656 ], [ -75.682, -12.8635 ], [ -75.6807, -12.8589 ], [ -75.6846, -12.8527 ], [ -75.6772, -12.8481 ], [ -75.6689, -12.8512 ], [ -75.6629, -12.8458 ], [ -75.6569, -12.8488 ], [ -75.652, -12.854 ], [ -75.6417, -12.8509 ], [ -75.6312, -12.8557 ], [ -75.6265, -12.8543 ], [ -75.6191, -12.8558 ], [ -75.6129, -12.8595 ], [ -75.6121, -12.8615 ], [ -75.6131, -12.867 ], [ -75.6213, -12.8688 ], [ -75.629, -12.8669 ], [ -75.6465, -12.8718 ], [ -75.6533, -12.876 ], [ -75.6661, -12.878 ], [ -75.6701, -12.8802 ], [ -75.6758, -12.8836 ], [ -75.6811, -12.8929 ], [ -75.6953, -12.9042 ], [ -75.7037, -12.919 ], [ -75.7138, -12.9251 ], [ -75.7239, -12.9283 ], [ -75.7325, -12.9383 ], [ -75.7405, -12.9428 ], [ -75.7468, -12.9446 ], [ -75.7506, -12.9476 ], [ -75.7615, -12.9482 ], [ -75.7666, -12.9432 ], [ -75.7693, -12.9369 ], [ -75.7735, -12.9359 ], [ -75.7791, -12.9386 ], [ -75.7839, -12.9382 ], [ -75.7976, -12.9242 ], [ -75.8174, -12.9172 ], [ -75.8253, -12.9082 ], [ -75.8278, -12.8965 ], [ -75.8336, -12.8888 ], [ -75.8389, -12.8889 ], [ -75.8512, -12.8847 ], [ -75.857, -12.8853 ], [ -75.8612, -12.8816 ], [ -75.8785, -12.8804 ], [ -75.8802, -12.8775 ], [ -75.8875, -12.8731 ], [ -75.9013, -12.8727 ], [ -75.9066, -12.8709 ], [ -75.9181, -12.8618 ], [ -75.9271, -12.861 ], [ -75.9354, -12.8579 ], [ -75.9387, -12.855 ], [ -75.9422, -12.8459 ], [ -75.9456, -12.842 ], [ -75.9435, -12.8423 ] ] ] } },
{ "type": "Feature", "properties": { "ubigeo_inei": "150607" }, "geometry": { "type": "Polygon", "coordinates": [ [ [ -76.8368, -11.1417 ], [ -76.8302, -11.1458 ], [ -76.8246, -11.1529 ], [ -76.8116, -11.1591 ], [ -76.8086, -11.1643 ], [ -76.8068, -11.1724 ], [ -76.8079, -11.1898 ], [ -76.8111, -11.1932 ], [ -76.819, -11.1971 ], [ -76.8225, -11.2052 ], [ -76.8222, -11.2073 ], [ -76.8184, -11.2087 ], [ -76.8133, -11.2158 ], [ -76.8076, -11.2182 ], [ -76.8035, -11.223 ], [ -76.8133, -11.2468 ], [ -76.817, -11.2493 ], [ -76.8184, -11.2575 ], [ -76.831, -11.2601 ], [ -76.834, -11.2728 ], [ -76.8374, -11.2764 ], [ -76.8337, -11.2816 ], [ -76.8365, -11.2857 ], [ -76.8501, -11.2987 ], [ -76.8636, -11.3075 ], [ -76.8706, -11.3171 ], [ -76.876, -11.3188 ], [ -76.8779, -11.3234 ], [ -76.8834, -11.3277 ], [ -76.8936, -11.3282 ], [ -76.905, -11.3328 ], [ -76.9217, -11.3361 ], [ -76.934, -11.3417 ], [ -76.9464, -11.3425 ], [ -76.9439, -11.3338 ], [ -76.9387, -11.3318 ], [ -76.9372, -11.3285 ], [ -76.9307, -11.3236 ], [ -76.9309, -11.3143 ], [ -76.9218, -11.3004 ], [ -76.9172, -11.2879 ], [ -76.9098, -11.28 ], [ -76.9082, -11.2734 ], [ -76.9, -11.2623 ], [ -76.9013, -11.2495 ], [ -76.8947, -11.2388 ], [ -76.8969, -11.2244 ], [ -76.8943, -11.2165 ], [ -76.8886, -11.2114 ], [ -76.8866, -11.2044 ], [ -76.8805, -11.1991 ], [ -76.8657, -11.1904 ], [ -76.8638, -11.1811 ], [ -76.8606, -11.1767 ], [ -76.8528, -11.1739 ], [ -76.851, -11.1708 ], [ -76.8508, -11.1656 ], [ -76.8393, -11.1561 ], [ -76.8409, -11.1448 ], [ -76.8368, -11.1417 ] ] ] } },
{ "type": "Feature", "properties": { "ubigeo_inei": "150609" }, "geometry": { "type": "Polygon", "coordinates": [ [ [ -76.8184, -11.2575 ], [ -76.8189, -11.2695 ], [ -76.816, -11.2733 ], [ -76.8149, -11.269 ], [ -76.8095, -11.2683 ], [ -76.8041, -11.2649 ], [ -76.7767, -11.266 ], [ -76.7734, -11.2685 ], [ -76.7695, -11.2757 ], [ -76.759, -11.2792 ], [ -76.7413, -11.2938 ], [ -76.7213, -11.3058 ], [ -76.7114, -11.3037 ], [ -76.7061, -11.3051 ], [ -76.7007, -11.3097 ], [ -76.7001, -11.3179 ], [ -76.7022, -11.3202 ], [ -76.7108, -11.3238 ], [ -76.7169, -11.3294 ], [ -76.7228, -11.3279 ], [ -76.7277, -11.3304 ], [ -76.7339, -11.329 ], [ -76.7382, -11.3208 ], [ -76.7573, -11.3129 ], [ -76.7766, -11.2989 ], [ -76.7831, -11.2977 ], [ -76.7907, -11.2934 ], [ -76.8107, -11.2889 ], [ -76.8257, -11.2817 ], [ -76.8304, -11.2778 ], [ -76.8337, -11.2816 ], [ -76.8374, -11.2772 ], [ -76.834, -11.2728 ], [ -76.8318, -11.261 ], [ -76.8275, -11.2584 ], [ -76.8184, -11.2575 ] ] ] } },
{ "type": "Feature", "properties": { "ubigeo_inei": "151010" }, "geometry": { "type": "Polygon", "coordinates": [ [ [ -76.17, -12.2602 ], [ -76.1574, -12.2779 ], [ -76.1559, -12.29 ], [ -76.1546, -12.2904 ], [ -76.1526, -12.298 ], [ -76.156, -12.3042 ], [ -76.1578, -12.3048 ], [ -76.1668, -12.3007 ], [ -76.1764, -12.3048 ], [ -76.1833, -12.3055 ], [ -76.1869, -12.3086 ], [ -76.2002, -12.3098 ], [ -76.2036, -12.3085 ], [ -76.2052, -12.3043 ], [ -76.2124, -12.302 ], [ -76.2142, -12.2998 ], [ -76.2241, -12.2991 ], [ -76.2306, -12.3014 ], [ -76.2336, -12.309 ], [ -76.2389, -12.3102 ], [ -76.2422, -12.3087 ], [ -76.2469, -12.309 ], [ -76.246, -12.3046 ], [ -76.2484, -12.2989 ], [ -76.2336, -12.2857 ], [ -76.23, -12.2801 ], [ -76.2205, -12.2755 ], [ -76.2174, -12.2712 ], [ -76.2169, -12.2643 ], [ -76.2155, -12.2628 ], [ -76.2039, -12.2608 ], [ -76.1963, -12.2637 ], [ -76.1806, -12.2594 ], [ -76.17, -12.2602 ] ] ] } },
{ "type": "Feature", "properties": { "ubigeo_inei": "151018" }, "geometry": { "type": "Polygon", "coordinates": [ [ [ -75.6153, -12.2925 ], [ -75.6076, -12.296 ], [ -75.6015, -12.3067 ], [ -75.5939, -12.3134 ], [ -75.5886, -12.325 ], [ -75.5842, -12.328 ], [ -75.5702, -12.3301 ], [ -75.5655, -12.3346 ], [ -75.5562, -12.3531 ], [ -75.5545, -12.3594 ], [ -75.5487, -12.3642 ], [ -75.5512, -12.3758 ], [ -75.5616, -12.3901 ], [ -75.5598, -12.3973 ], [ -75.5659, -12.4034 ], [ -75.567, -12.4111 ], [ -75.565, -12.4134 ], [ -75.5596, -12.4107 ], [ -75.5589, -12.4121 ], [ -75.5601, -12.42 ], [ -75.5554, -12.4312 ], [ -75.5574, -12.4566 ], [ -75.5556, -12.4591 ], [ -75.5551, -12.4643 ], [ -75.5512, -12.4682 ], [ -75.5501, -12.4739 ], [ -75.5552, -12.4746 ], [ -75.5675, -12.4801 ], [ -75.5859, -12.4968 ], [ -75.5986, -12.5115 ], [ -75.6101, -12.5204 ], [ -75.613, -12.5183 ], [ -75.6144, -12.5106 ], [ -75.6183, -12.506 ], [ -75.6186, -12.499 ], [ -75.6161, -12.4967 ], [ -75.6141, -12.4868 ], [ -75.6178, -12.4788 ], [ -75.628, -12.4665 ], [ -75.629, -12.4549 ], [ -75.6313, -12.4531 ], [ -75.6351, -12.4397 ], [ -75.6344, -12.4288 ], [ -75.6372, -12.4247 ], [ -75.6419, -12.4228 ], [ -75.6473, -12.4162 ], [ -75.6548, -12.4154 ], [ -75.6603, -12.4212 ], [ -75.665, -12.4211 ], [ -75.6685, -12.4341 ], [ -75.6704, -12.4347 ], [ -75.6739, -12.4404 ], [ -75.6841, -12.4445 ], [ -75.6869, -12.45 ], [ -75.6845, -12.457 ], [ -75.6906, -12.4586 ], [ -75.6911, -12.4627 ], [ -75.6932, -12.4645 ], [ -75.708, -12.443 ], [ -75.716, -12.438 ], [ -75.7218, -12.4403 ], [ -75.7275, -12.4367 ], [ -75.7313, -12.4387 ], [ -75.732, -12.4435 ], [ -75.7422, -12.4491 ], [ -75.7419, -12.4395 ], [ -75.7514, -12.4306 ], [ -75.7551, -12.4209 ], [ -75.7616, -12.4184 ], [ -75.7682, -12.4114 ], [ -75.7768, -12.4097 ], [ -75.7827, -12.3948 ], [ -75.7883, -12.3923 ], [ -75.7913, -12.3879 ], [ -75.7947, -12.3876 ], [ -75.7942, -12.3837 ], [ -75.8011, -12.3737 ], [ -75.8047, -12.3788 ], [ -75.8118, -12.3806 ], [ -75.8154, -12.3848 ], [ -75.8192, -12.3851 ], [ -75.8409, -12.3982 ], [ -75.8495, -12.3937 ], [ -75.8482, -12.3912 ], [ -75.8492, -12.3866 ], [ -75.845, -12.3811 ], [ -75.8457, -12.3775 ], [ -75.8318, -12.3665 ], [ -75.8343, -12.3588 ], [ -75.8328, -12.3548 ], [ -75.8246, -12.3502 ], [ -75.828, -12.3405 ], [ -75.8252, -12.3369 ], [ -75.8244, -12.3328 ], [ -75.8281, -12.3258 ], [ -75.8201, -12.3206 ], [ -75.8179, -12.3109 ], [ -75.8136, -12.311 ], [ -75.8134, -12.2972 ], [ -75.8102, -12.2936 ], [ -75.8071, -12.2928 ], [ -75.802, -12.2982 ], [ -75.7781, -12.3029 ], [ -75.7632, -12.3148 ], [ -75.7521, -12.3079 ], [ -75.7483, -12.3072 ], [ -75.7394, -12.3156 ], [ -75.727, -12.319 ], [ -75.7254, -12.3254 ], [ -75.7137, -12.3388 ], [ -75.7074, -12.3413 ], [ -75.703, -12.3379 ], [ -75.6899, -12.3455 ], [ -75.6832, -12.3427 ], [ -75.6783, -12.3367 ], [ -75.6784, -12.3331 ], [ -75.6746, -12.3278 ], [ -75.6684, -12.3251 ], [ -75.6651, -12.3214 ], [ -75.6599, -12.3211 ], [ -75.6504, -12.3143 ], [ -75.6458, -12.3142 ], [ -75.6388, -12.31 ], [ -75.6305, -12.3077 ], [ -75.6257, -12.2973 ], [ -75.6218, -12.2979 ], [ -75.6153, -12.2925 ] ] ] } },
{ "type": "Feature", "properties": { "ubigeo_inei": "151028" }, "geometry": { "type": "Polygon", "coordinates": [ [ [ -75.9739, -11.984 ], [ -75.9706, -11.9843 ], [ -75.9645, -11.9889 ], [ -75.9605, -11.9877 ], [ -75.9592, -11.9852 ], [ -75.9507, -11.9883 ], [ -75.9491, -11.994 ], [ -75.9477, -11.9943 ], [ -75.9468, -12.0008 ], [ -75.9437, -12.0048 ], [ -75.9404, -12.0063 ], [ -75.9299, -12.0069 ], [ -75.9167, -12.0198 ], [ -75.9162, -12.0271 ], [ -75.9207, -12.0418 ], [ -75.9264, -12.0498 ], [ -75.9304, -12.0629 ], [ -75.9298, -12.0702 ], [ -75.9353, -12.0716 ], [ -75.9393, -12.0752 ], [ -75.9422, -12.0913 ], [ -75.9415, -12.0999 ], [ -75.9387, -12.1039 ], [ -75.945, -12.1118 ], [ -75.9544, -12.1127 ], [ -75.959, -12.1221 ], [ -75.9657, -12.1286 ], [ -75.964, -12.1318 ], [ -75.9583, -12.1355 ], [ -75.958, -12.1404 ], [ -75.9517, -12.1456 ], [ -75.9487, -12.1515 ], [ -75.9437, -12.1525 ], [ -75.9417, -12.1556 ], [ -75.9356, -12.1546 ], [ -75.9335, -12.1584 ], [ -75.9213, -12.1635 ], [ -75.9165, -12.1713 ], [ -75.9129, -12.1874 ], [ -75.9185, -12.1922 ], [ -75.9203, -12.2019 ], [ -75.9235, -12.2029 ], [ -75.925, -12.2062 ], [ -75.9377, -12.2173 ], [ -75.937, -12.2299 ], [ -75.9329, -12.2347 ], [ -75.9464, -12.2444 ], [ -75.9477, -12.2481 ], [ -75.9587, -12.2596 ], [ -75.9606, -12.2583 ], [ -75.9706, -12.2575 ], [ -75.984, -12.2645 ], [ -75.9859, -12.2606 ], [ -75.9924, -12.254 ], [ -75.9973, -12.252 ], [ -76.0046, -12.252 ], [ -76.0138, -12.2479 ], [ -76.0267, -12.2487 ], [ -76.0337, -12.2384 ], [ -76.0345, -12.2334 ], [ -76.042, -12.231 ], [ -76.0438, -12.2277 ], [ -76.0442, -12.2249 ], [ -76.0425, -12.2224 ], [ -76.0441, -12.219 ], [ -76.0432, -12.2103 ], [ -76.0553, -12.2016 ], [ -76.0556, -12.1949 ], [ -76.0669, -12.1907 ], [ -76.0688, -12.1846 ], [ -76.0765, -12.1818 ], [ -76.0815, -12.1683 ], [ -76.0862, -12.1604 ], [ -76.0787, -12.1496 ], [ -76.0729, -12.1462 ], [ -76.0696, -12.1413 ], [ -76.0655, -12.14 ], [ -76.0568, -12.1327 ], [ -76.0725, -12.1097 ], [ -76.0667, -12.1019 ], [ -76.0619, -12.0891 ], [ -76.0553, -12.0907 ], [ -76.0522, -12.0863 ], [ -76.0442, -12.0845 ], [ -76.0339, -12.07 ], [ -76.0203, -12.064 ], [ -76.0205, -12.0561 ], [ -76.0185, -12.0486 ], [ -76.0125, -12.0441 ], [ -76.0127, -12.0395 ], [ -76.0093, -12.033 ], [ -76.0108, -12.0282 ], [ -76.0097, -12.0237 ], [ -75.9992, -12.0201 ], [ -75.9976, -12.0179 ], [ -76.0002, -12.0127 ], [ -75.9997, -12.0077 ], [ -76.0018, -12.0039 ], [ -76.0002, -11.9966 ], [ -75.998, -11.9948 ], [ -75.9922, -11.9947 ], [ -75.9873, -11.9895 ], [ -75.9813, -11.9882 ], [ -75.9739, -11.984 ] ] ] } },
{ "type": "Feature", "properties": { "ubigeo_inei": "151029" }, "geometry": { "type": "Polygon", "coordinates": [ [ [ -76.1389, -12.5233 ], [ -76.1292, -12.5311 ], [ -76.1281, -12.5419 ], [ -76.1229, -12.549 ], [ -76.1227, -12.5534 ], [ -76.1088, -12.5677 ], [ -76.1141, -12.5757 ], [ -76.1178, -12.5856 ], [ -76.1159, -12.597 ], [ -76.1062, -12.5988 ], [ -76.0973, -12.6163 ], [ -76.0873, -12.6205 ], [ -76.0889, -12.6267 ], [ -76.0962, -12.6376 ], [ -76.0971, -12.649 ], [ -76.0952, -12.6674 ], [ -76.0843, -12.6749 ], [ -76.0763, -12.6916 ], [ -76.0731, -12.7028 ], [ -76.0766, -12.7107 ], [ -76.0754, -12.7242 ], [ -76.0813, -12.7305 ], [ -76.0836, -12.7427 ], [ -76.0894, -12.7534 ], [ -76.0954, -12.7551 ], [ -76.1002, -12.7594 ], [ -76.1094, -12.7567 ], [ -76.1183, -12.7607 ], [ -76.1223, -12.7836 ], [ -76.1254, -12.7866 ], [ -76.1298, -12.7869 ], [ -76.1321, -12.7895 ], [ -76.1416, -12.7934 ], [ -76.1438, -12.802 ], [ -76.1425, -12.8111 ], [ -76.144, -12.8189 ], [ -76.1471, -12.8226 ], [ -76.1549, -12.825 ], [ -76.1539, -12.8378 ], [ -76.1614, -12.8378 ], [ -76.1627, -12.8414 ], [ -76.166, -12.8435 ], [ -76.1644, -12.8478 ], [ -76.1652, -12.85 ], [ -76.1773, -12.8544 ], [ -76.185, -12.8452 ], [ -76.1914, -12.8326 ], [ -76.1896, -12.8265 ], [ -76.1905, -12.8238 ], [ -76.1994, -12.8135 ], [ -76.2064, -12.8087 ], [ -76.2112, -12.8077 ], [ -76.2153, -12.802 ], [ -76.2233, -12.7999 ], [ -76.2337, -12.7913 ], [ -76.2413, -12.7908 ], [ -76.2432, -12.7726 ], [ -76.2472, -12.7555 ], [ -76.257, -12.7506 ], [ -76.2825, -12.7525 ], [ -76.2895, -12.7453 ], [ -76.2911, -12.7385 ], [ -76.296, -12.7338 ], [ -76.296, -12.7241 ], [ -76.2995, -12.7137 ], [ -76.2929, -12.7001 ], [ -76.2901, -12.6882 ], [ -76.2846, -12.6833 ], [ -76.2847, -12.6775 ], [ -76.2892, -12.6649 ], [ -76.2881, -12.6545 ], [ -76.275, -12.6513 ], [ -76.2731, -12.6494 ], [ -76.2695, -12.643 ], [ -76.268, -12.6357 ], [ -76.2647, -12.6326 ], [ -76.2662, -12.6286 ], [ -76.2628, -12.6187 ], [ -76.2559, -12.6092 ], [ -76.2525, -12.5955 ], [ -76.2489, -12.5924 ], [ -76.2416, -12.5921 ], [ -76.24, -12.587 ], [ -76.2292, -12.575 ], [ -76.2266, -12.5701 ], [ -76.2162, -12.5638 ], [ -76.2067, -12.5533 ], [ -76.1983, -12.5476 ], [ -76.1916, -12.5516 ], [ -76.1854, -12.5516 ], [ -76.1813, -12.5438 ], [ -76.171, -12.5394 ], [ -76.1652, -12.5346 ], [ -76.1474, -12.5303 ], [ -76.1389, -12.5233 ] ] ] } },
{ "type": "Feature", "properties": { "ubigeo_inei": "150132" }, "geometry": { "type": "Polygon", "coordinates": [ [ [ -76.9423, -11.8609 ], [ -76.9368, -11.8692 ], [ -76.9307, -11.8706 ], [ -76.9118, -11.8649 ], [ -76.8961, -11.8641 ], [ -76.8949, -11.8657 ], [ -76.8975, -11.8704 ], [ -76.8974, -11.8807 ], [ -76.9031, -11.8852 ], [ -76.9121, -11.8893 ], [ -76.918, -11.9065 ], [ -76.9166, -11.9129 ], [ -76.9183, -11.9197 ], [ -76.9151, -11.9236 ], [ -76.915, -11.9271 ], [ -76.9275, -11.9341 ], [ -76.9324, -11.9447 ], [ -76.9381, -11.9483 ], [ -76.9409, -11.9523 ], [ -76.9481, -11.9521 ], [ -76.9502, -11.9538 ], [ -76.9508, -11.9626 ], [ -76.9535, -11.9694 ], [ -76.9694, -11.9949 ], [ -76.9696, -11.9992 ], [ -76.9674, -12.0043 ], [ -76.9601, -12.0066 ], [ -76.9559, -12.0102 ], [ -76.954, -12.0128 ], [ -76.9544, -12.0153 ], [ -76.9522, -12.0172 ], [ -76.9524, -12.0214 ], [ -76.9683, -12.0266 ], [ -76.9812, -12.0255 ], [ -76.9998, -12.0278 ], [ -77.0108, -12.0312 ], [ -77.0129, -12.0373 ], [ -77.0169, -12.0361 ], [ -77.0225, -12.0276 ], [ -77.0195, -12.0212 ], [ -77.0202, -12.0156 ], [ -77.0223, -12.013 ], [ -77.0226, -12.0097 ], [ -77.0253, -12.009 ], [ -77.0283, -11.9994 ], [ -77.0309, -11.9968 ], [ -77.0305, -11.9857 ], [ -77.0286, -11.9824 ], [ -77.0298, -11.9741 ], [ -77.0274, -11.9661 ], [ -77.0283, -11.9607 ], [ -77.0179, -11.9498 ], [ -77.0154, -11.9412 ], [ -77.0172, -11.9373 ], [ -77.0067, -11.9312 ], [ -77.003, -11.9257 ], [ -77.0, -11.9245 ], [ -76.9993, -11.921 ], [ -76.9957, -11.9173 ], [ -76.9884, -11.9163 ], [ -76.9906, -11.9085 ], [ -76.988, -11.8971 ], [ -76.9746, -11.8896 ], [ -76.9632, -11.874 ], [ -76.9564, -11.8701 ], [ -76.9527, -11.8655 ], [ -76.9423, -11.8609 ] ] ] } },
{ "type": "Feature", "properties": { "ubigeo_inei": "120805" }, "geometry": { "type": "Polygon", "coordinates": [ [ [ -76.0826, -11.3889 ], [ -76.0852, -11.4191 ], [ -76.0839, -11.4249 ], [ -76.0942, -11.4407 ], [ -76.0951, -11.448 ], [ -76.0928, -11.4507 ], [ -76.0824, -11.4547 ], [ -76.0665, -11.4717 ], [ -76.0661, -11.4762 ], [ -76.0695, -11.4826 ], [ -76.0627, -11.5063 ], [ -76.0675, -11.5375 ], [ -76.0579, -11.5418 ], [ -76.058, -11.5472 ], [ -76.0602, -11.5507 ], [ -76.0532, -11.5521 ], [ -76.0491, -11.555 ], [ -76.0439, -11.5646 ], [ -76.0369, -11.5633 ], [ -76.0327, -11.5657 ], [ -76.0308, -11.5725 ], [ -76.0337, -11.5777 ], [ -76.0333, -11.5809 ], [ -76.0364, -11.583 ], [ -76.0351, -11.5932 ], [ -76.0382, -11.6042 ], [ -76.0484, -11.6094 ], [ -76.0636, -11.6092 ], [ -76.067, -11.6063 ], [ -76.0691, -11.5985 ], [ -76.0722, -11.5976 ], [ -76.09, -11.6121 ], [ -76.0913, -11.618 ], [ -76.1035, -11.6268 ], [ -76.117, -11.6216 ], [ -76.1197, -11.6267 ], [ -76.1247, -11.631 ], [ -76.1322, -11.6295 ], [ -76.1414, -11.6323 ], [ -76.1492, -11.6253 ], [ -76.1551, -11.6265 ], [ -76.161, -11.6191 ], [ -76.1665, -11.6157 ], [ -76.171, -11.6155 ], [ -76.1726, -11.614 ], [ -76.1807, -11.6144 ], [ -76.1803, -11.6101 ], [ -76.1879, -11.6023 ], [ -76.1873, -11.5943 ], [ -76.1894, -11.5904 ], [ -76.1926, -11.5875 ], [ -76.1994, -11.5884 ], [ -76.2048, -11.5797 ], [ -76.2055, -11.5744 ], [ -76.2135, -11.5711 ], [ -76.2173, -11.5715 ], [ -76.217, -11.566 ], [ -76.2251, -11.5614 ], [ -76.2273, -11.5539 ], [ -76.2192, -11.5491 ], [ -76.2192, -11.5431 ], [ -76.2174, -11.5399 ], [ -76.2066, -11.5339 ], [ -76.2056, -11.5287 ], [ -76.1956, -11.5169 ], [ -76.1948, -11.514 ], [ -76.1884, -11.5113 ], [ -76.1814, -11.5053 ], [ -76.168, -11.5043 ], [ -76.1638, -11.4985 ], [ -76.159, -11.4965 ], [ -76.1558, -11.4927 ], [ -76.1533, -11.4822 ], [ -76.1385, -11.4709 ], [ -76.1351, -11.4665 ], [ -76.1209, -11.4583 ], [ -76.1165, -11.4537 ], [ -76.1148, -11.4496 ], [ -76.1122, -11.4485 ], [ -76.1066, -11.4412 ], [ -76.1027, -11.4311 ], [ -76.0925, -11.415 ], [ -76.0899, -11.4092 ], [ -76.0892, -11.4023 ], [ -76.0863, -11.3992 ], [ -76.0861, -11.3915 ], [ -76.0846, -11.3887 ], [ -76.0826, -11.3889 ] ] ] } },
{ "type": "Feature", "properties": { "ubigeo_inei": "080910" }, "geometry": { "type": "Polygon", "coordinates": [ [ [ -73.7618, -12.2529 ], [ -73.7512, -12.2558 ], [ -73.7417, -12.2618 ], [ -73.7375, -12.2666 ], [ -73.7299, -12.2665 ], [ -73.7208, -12.2638 ], [ -73.7155, -12.2669 ], [ -73.7078, -12.2679 ], [ -73.7031, -12.2705 ], [ -73.6909, -12.291 ], [ -73.6891, -12.2994 ], [ -73.6823, -12.3049 ], [ -73.6817, -12.3083 ], [ -73.6779, -12.3103 ], [ -73.6751, -12.3149 ], [ -73.665, -12.3211 ], [ -73.6599, -12.3287 ], [ -73.6608, -12.3367 ], [ -73.656, -12.3517 ], [ -73.658, -12.3591 ], [ -73.6513, -12.361 ], [ -73.651, -12.3638 ], [ -73.6461, -12.3681 ], [ -73.6445, -12.372 ], [ -73.6473, -12.377 ], [ -73.656, -12.3843 ], [ -73.66, -12.3869 ], [ -73.6684, -12.3887 ], [ -73.6678, -12.3942 ], [ -73.6735, -12.4029 ], [ -73.6743, -12.412 ], [ -73.6785, -12.4132 ], [ -73.6836, -12.4243 ], [ -73.701, -12.4333 ], [ -73.7057, -12.4385 ], [ -73.7109, -12.4407 ], [ -73.718, -12.4544 ], [ -73.7186, -12.4609 ], [ -73.7219, -12.4625 ], [ -73.7232, -12.4678 ], [ -73.7254, -12.4689 ], [ -73.7249, -12.4789 ], [ -73.7202, -12.4838 ], [ -73.7194, -12.4898 ], [ -73.7098, -12.5045 ], [ -73.7084, -12.5104 ], [ -73.7247, -12.5171 ], [ -73.736, -12.5142 ], [ -73.7456, -12.5283 ], [ -73.7466, -12.5348 ], [ -73.7493, -12.5374 ], [ -73.7543, -12.5498 ], [ -73.7666, -12.5545 ], [ -73.7739, -12.5506 ], [ -73.7777, -12.5511 ], [ -73.781, -12.5537 ], [ -73.7959, -12.5588 ], [ -73.8001, -12.5662 ], [ -73.8044, -12.5696 ], [ -73.8051, -12.5753 ], [ -73.8088, -12.5692 ], [ -73.8119, -12.5584 ], [ -73.8226, -12.5447 ], [ -73.8224, -12.5373 ], [ -73.8257, -12.532 ], [ -73.8344, -12.5311 ], [ -73.8399, -12.5381 ], [ -73.8442, -12.5395 ], [ -73.8532, -12.5344 ], [ -73.8554, -12.5299 ], [ -73.8529, -12.523 ], [ -73.855, -12.5128 ], [ -73.8521, -12.5027 ], [ -73.8543, -12.4891 ], [ -73.859, -12.4783 ], [ -73.8686, -12.464 ], [ -73.8726, -12.4538 ], [ -73.8849, -12.4082 ], [ -73.8868, -12.4054 ], [ -73.8999, -12.403 ], [ -73.9053, -12.3933 ], [ -73.9097, -12.3916 ], [ -73.921, -12.3825 ], [ -73.9144, -12.3765 ], [ -73.9042, -12.3804 ], [ -73.8993, -12.3773 ], [ -73.8864, -12.3782 ], [ -73.8724, -12.3723 ], [ -73.867, -12.3738 ], [ -73.8554, -12.3815 ], [ -73.8391, -12.3816 ], [ -73.8358, -12.3841 ], [ -73.8308, -12.3827 ], [ -73.8223, -12.3856 ], [ -73.8173, -12.3842 ], [ -73.8129, -12.3806 ], [ -73.8148, -12.3868 ], [ -73.8045, -12.3795 ], [ -73.8, -12.3789 ], [ -73.7919, -12.3873 ], [ -73.7852, -12.3873 ], [ -73.7766, -12.3902 ], [ -73.761, -12.4045 ], [ -73.7493, -12.4058 ], [ -73.7389, -12.4089 ], [ -73.7369, -12.399 ], [ -73.7373, -12.39 ], [ -73.7333, -12.3778 ], [ -73.7262, -12.3742 ], [ -73.725, -12.3688 ], [ -73.7188, -12.3592 ], [ -73.7181, -12.3542 ], [ -73.716, -12.352 ], [ -73.7121, -12.3515 ], [ -73.7135, -12.3426 ], [ -73.7228, -12.3371 ], [ -73.727, -12.3267 ], [ -73.7355, -12.3186 ], [ -73.7627, -12.3076 ], [ -73.768, -12.3031 ], [ -73.7768, -12.3002 ], [ -73.7868, -12.2941 ], [ -73.8106, -12.2858 ], [ -73.8128, -12.2826 ], [ -73.8118, -12.2778 ], [ -73.8085, -12.2762 ], [ -73.7956, -12.2623 ], [ -73.779, -12.2628 ], [ -73.7618, -12.2529 ] ] ] } },
{ "type": "Feature", "properties": { "ubigeo_inei": "100110" }, "geometry": { "type": "Polygon", "coordinates": [ [ [ -76.4252, -9.918 ], [ -76.4141, -9.9233 ], [ -76.4045, -9.9256 ], [ -76.4027, -9.9276 ], [ -76.3976, -9.9259 ], [ -76.3919, -9.9285 ], [ -76.3781, -9.9408 ], [ -76.3748, -9.9468 ], [ -76.3872, -9.954 ], [ -76.3889, -9.9568 ], [ -76.4034, -9.9592 ], [ -76.406, -9.9616 ], [ -76.4165, -9.9639 ], [ -76.4219, -9.9606 ], [ -76.4276, -9.963 ], [ -76.4313, -9.9681 ], [ -76.4332, -9.9751 ], [ -76.4418, -9.9814 ], [ -76.441, -9.99 ], [ -76.4444, -9.9954 ], [ -76.4529, -9.9992 ], [ -76.4603, -10.0064 ], [ -76.4666, -10.0066 ], [ -76.4765, -9.9982 ], [ -76.4783, -9.9942 ], [ -76.4842, -9.9941 ], [ -76.4874, -9.9915 ], [ -76.4828, -9.9843 ], [ -76.4817, -9.9735 ], [ -76.4757, -9.9615 ], [ -76.4758, -9.9569 ], [ -76.4737, -9.9547 ], [ -76.4737, -9.9512 ], [ -76.4778, -9.9462 ], [ -76.4808, -9.9362 ], [ -76.478, -9.9358 ], [ -76.4754, -9.9329 ], [ -76.4682, -9.931 ], [ -76.4668, -9.9269 ], [ -76.4624, -9.9221 ], [ -76.4584, -9.9219 ], [ -76.4561, -9.9264 ], [ -76.4494, -9.927 ], [ -76.4441, -9.9239 ], [ -76.4324, -9.924 ], [ -76.4252, -9.918 ] ] ] } },
{ "type": "Feature", "properties": { "ubigeo_inei": "100307" }, "geometry": { "type": "Polygon", "coordinates": [ [ [ -76.6587, -9.6069 ], [ -76.6413, -9.613 ], [ -76.6282, -9.6129 ], [ -76.6112, -9.6087 ], [ -76.6028, -9.6105 ], [ -76.5885, -9.6082 ], [ -76.578, -9.6131 ], [ -76.5639, -9.614 ], [ -76.559, -9.6166 ], [ -76.5501, -9.6303 ], [ -76.5429, -9.6307 ], [ -76.5385, -9.6341 ], [ -76.5356, -9.6447 ], [ -76.5366, -9.6506 ], [ -76.5393, -9.6543 ], [ -76.5392, -9.6586 ], [ -76.5375, -9.6611 ], [ -76.5337, -9.6615 ], [ -76.526, -9.6657 ], [ -76.5341, -9.6712 ], [ -76.5359, -9.676 ], [ -76.5426, -9.676 ], [ -76.5497, -9.6807 ], [ -76.5589, -9.6827 ], [ -76.5704, -9.6814 ], [ -76.5803, -9.6786 ], [ -76.5839, -9.6751 ], [ -76.5981, -9.6725 ], [ -76.6066, -9.678 ], [ -76.6096, -9.6784 ], [ -76.6154, -9.6784 ], [ -76.6169, -9.6752 ], [ -76.6188, -9.6754 ], [ -76.6304, -9.6851 ], [ -76.6445, -9.6878 ], [ -76.6609, -9.6807 ], [ -76.6644, -9.6774 ], [ -76.6734, -9.6817 ], [ -76.679, -9.6863 ], [ -76.6867, -9.6993 ], [ -76.6897, -9.7015 ], [ -76.6926, -9.7004 ], [ -76.7021, -9.6941 ], [ -76.7038, -9.6896 ], [ -76.7156, -9.6773 ], [ -76.7182, -9.6661 ], [ -76.7178, -9.6558 ], [ -76.7201, -9.6484 ], [ -76.7235, -9.6442 ], [ -76.7212, -9.6408 ], [ -76.722, -9.6366 ], [ -76.719, -9.63 ], [ -76.7192, -9.623 ], [ -76.7163, -9.618 ], [ -76.7059, -9.6155 ], [ -76.6996, -9.6176 ], [ -76.694, -9.6168 ], [ -76.6851, -9.6125 ], [ -76.6796, -9.6128 ], [ -76.6648, -9.6072 ], [ -76.6587, -9.6069 ] ] ] } },
{ "type": "Feature", "properties": { "ubigeo_inei": "100321" }, "geometry": { "type": "Polygon", "coordinates": [ [ [ -76.7978, -9.7138 ], [ -76.7953, -9.7152 ], [ -76.7938, -9.7188 ], [ -76.7777, -9.7291 ], [ -76.7741, -9.738 ], [ -76.7831, -9.7477 ], [ -76.7903, -9.7589 ], [ -76.8014, -9.7649 ], [ -76.8057, -9.7845 ], [ -76.8127, -9.7873 ], [ -76.8181, -9.7872 ], [ -76.8226, -9.7844 ], [ -76.8255, -9.7803 ], [ -76.828, -9.7721 ], [ -76.8315, -9.774 ], [ -76.8393, -9.7739 ], [ -76.8415, -9.7655 ], [ -76.841, -9.7591 ], [ -76.8452, -9.7528 ], [ -76.84, -9.7524 ], [ -76.8373, -9.7487 ], [ -76.8322, -9.7461 ], [ -76.8334, -9.7411 ], [ -76.8228, -9.7369 ], [ -76.8249, -9.7327 ], [ -76.8183, -9.7276 ], [ -76.8109, -9.7246 ], [ -76.808, -9.7212 ], [ -76.8018, -9.7221 ], [ -76.801, -9.7146 ], [ -76.7978, -9.7138 ] ] ] } },
{ "type": "Feature", "properties": { "ubigeo_inei": "101102" }, "geometry": { "type": "Polygon", "coordinates": [ [ [ -76.6411, -9.8279 ], [ -76.6379, -9.8375 ], [ -76.6342, -9.8408 ], [ -76.6333, -9.8453 ], [ -76.6278, -9.8467 ], [ -76.6223, -9.8507 ], [ -76.6226, -9.8588 ], [ -76.6175, -9.8624 ], [ -76.6063, -9.8825 ], [ -76.6211, -9.8845 ], [ -76.64, -9.8835 ], [ -76.6478, -9.8721 ], [ -76.6615, -9.8681 ], [ -76.6672, -9.8724 ], [ -76.6696, -9.8774 ], [ -76.6762, -9.8805 ], [ -76.6783, -9.8846 ], [ -76.6785, -9.891 ], [ -76.6761, -9.8977 ], [ -76.6801, -9.9053 ], [ -76.6869, -9.902 ], [ -76.6876, -9.8939 ], [ -76.6857, -9.8835 ], [ -76.6882, -9.8692 ], [ -76.6852, -9.86 ], [ -76.6847, -9.8517 ], [ -76.6774, -9.857 ], [ -76.6654, -9.8612 ], [ -76.6624, -9.8602 ], [ -76.66, -9.8565 ], [ -76.6624, -9.8521 ], [ -76.6622, -9.8434 ], [ -76.6505, -9.8361 ], [ -76.6411, -9.8279 ] ] ] } },
{ "type": "Feature", "properties": { "ubigeo_inei": "130606" }, "geometry": { "type": "Polygon", "coordinates": [ [ [ -78.6529, -7.8579 ], [ -78.6475, -7.8661 ], [ -78.6544, -7.8796 ], [ -78.6479, -7.8997 ], [ -78.6512, -7.9046 ], [ -78.6565, -7.9074 ], [ -78.6593, -7.9128 ], [ -78.6569, -7.9261 ], [ -78.6644, -7.9291 ], [ -78.6746, -7.9395 ], [ -78.6796, -7.9408 ], [ -78.6835, -7.9445 ], [ -78.6898, -7.9461 ], [ -78.6967, -7.9406 ], [ -78.7172, -7.9303 ], [ -78.7202, -7.9272 ], [ -78.7319, -7.9278 ], [ -78.7336, -7.9162 ], [ -78.7368, -7.9105 ], [ -78.7328, -7.8993 ], [ -78.71, -7.904 ], [ -78.7062, -7.9071 ], [ -78.7022, -7.906 ], [ -78.6934, -7.9098 ], [ -78.6874, -7.9083 ], [ -78.674, -7.8971 ], [ -78.6712, -7.8905 ], [ -78.6707, -7.885 ], [ -78.6733, -7.8789 ], [ -78.6747, -7.8639 ], [ -78.6781, -7.8588 ], [ -78.6711, -7.8581 ], [ -78.6644, -7.8615 ], [ -78.6529, -7.8579 ] ] ] } },
{ "type": "Feature", "properties": { "ubigeo_inei": "131005" }, "geometry": { "type": "Polygon", "coordinates": [ [ [ -77.9066, -8.0728 ], [ -77.8979, -8.0741 ], [ -77.8978, -8.0753 ], [ -77.9054, -8.0949 ], [ -77.9045, -8.105 ], [ -77.9082, -8.1086 ], [ -77.9108, -8.1197 ], [ -77.9142, -8.1214 ], [ -77.9139, -8.1234 ], [ -77.9168, -8.1278 ], [ -77.9165, -8.1323 ], [ -77.9184, -8.1339 ], [ -77.9204, -8.1477 ], [ -77.9267, -8.1574 ], [ -77.9338, -8.1903 ], [ -77.9332, -8.197 ], [ -77.9399, -8.1991 ], [ -77.9502, -8.2053 ], [ -77.9531, -8.2048 ], [ -77.9567, -8.2081 ], [ -77.9656, -8.2082 ], [ -77.9666, -8.2098 ], [ -77.9723, -8.209 ], [ -77.9795, -8.2112 ], [ -77.9829, -8.2096 ], [ -77.9874, -8.2023 ], [ -77.9849, -8.1957 ], [ -77.989, -8.1913 ], [ -77.99, -8.1867 ], [ -77.9897, -8.1853 ], [ -77.9792, -8.1877 ], [ -77.9766, -8.187 ], [ -77.9722, -8.1775 ], [ -77.9677, -8.1743 ], [ -77.9666, -8.1605 ], [ -77.9601, -8.1534 ], [ -77.9605, -8.1464 ], [ -77.9559, -8.142 ], [ -77.9584, -8.1373 ], [ -77.9569, -8.1198 ], [ -77.9612, -8.1133 ], [ -77.9577, -8.1015 ], [ -77.9528, -8.0966 ], [ -77.9539, -8.0903 ], [ -77.9448, -8.0886 ], [ -77.9345, -8.0814 ], [ -77.9304, -8.0821 ], [ -77.918, -8.0798 ], [ -77.9066, -8.0728 ] ] ] } },
{ "type": "Feature", "properties": { "ubigeo_inei": "020514" }, "geometry": { "type": "Polygon", "coordinates": [ [ [ -77.2371, -10.2527 ], [ -77.2125, -10.262 ], [ -77.2043, -10.2705 ], [ -77.195, -10.2733 ], [ -77.1841, -10.2834 ], [ -77.1739, -10.2871 ], [ -77.1719, -10.2903 ], [ -77.1789, -10.2984 ], [ -77.1795, -10.3039 ], [ -77.1788, -10.3064 ], [ -77.1695, -10.3126 ], [ -77.1652, -10.321 ], [ -77.1639, -10.3334 ], [ -77.1708, -10.3272 ], [ -77.1774, -10.3258 ], [ -77.1816, -10.3229 ], [ -77.1894, -10.3216 ], [ -77.1966, -10.3228 ], [ -77.2229, -10.316 ], [ -77.2299, -10.3107 ], [ -77.2352, -10.3089 ], [ -77.2376, -10.306 ], [ -77.241, -10.3059 ], [ -77.236, -10.298 ], [ -77.2382, -10.2942 ], [ -77.2369, -10.2914 ], [ -77.2377, -10.2876 ], [ -77.244, -10.2746 ], [ -77.2438, -10.2672 ], [ -77.2501, -10.2639 ], [ -77.251, -10.2579 ], [ -77.2555, -10.2538 ], [ -77.2371, -10.2527 ] ] ] } },
{ "type": "Feature", "properties": { "ubigeo_inei": "021405" }, "geometry": { "type": "Polygon", "coordinates": [ [ [ -77.4232, -10.5273 ], [ -77.4192, -10.5306 ], [ -77.4202, -10.5412 ], [ -77.4189, -10.5531 ], [ -77.4206, -10.563 ], [ -77.4239, -10.5671 ], [ -77.4221, -10.5755 ], [ -77.4254, -10.585 ], [ -77.424, -10.5976 ], [ -77.4246, -10.6134 ], [ -77.4203, -10.6084 ], [ -77.4068, -10.6065 ], [ -77.4039, -10.6038 ], [ -77.3982, -10.6049 ], [ -77.3862, -10.6107 ], [ -77.38, -10.6114 ], [ -77.3629, -10.6115 ], [ -77.3525, -10.6064 ], [ -77.3469, -10.6064 ], [ -77.3614, -10.6256 ], [ -77.3627, -10.6311 ], [ -77.3673, -10.6383 ], [ -77.3711, -10.6402 ], [ -77.3778, -10.6386 ], [ -77.3801, -10.6394 ], [ -77.3889, -10.6577 ], [ -77.3953, -10.6615 ], [ -77.4023, -10.6776 ], [ -77.4038, -10.691 ], [ -77.3956, -10.7012 ], [ -77.3863, -10.7055 ], [ -77.3857, -10.7078 ], [ -77.3913, -10.7102 ], [ -77.3953, -10.7178 ], [ -77.4154, -10.73 ], [ -77.4224, -10.7284 ], [ -77.4276, -10.7295 ], [ -77.4361, -10.7236 ], [ -77.4527, -10.7289 ], [ -77.4602, -10.7373 ], [ -77.465, -10.7363 ], [ -77.4711, -10.7419 ], [ -77.4859, -10.7451 ], [ -77.495, -10.7461 ], [ -77.5017, -10.7407 ], [ -77.5043, -10.736 ], [ -77.5083, -10.7341 ], [ -77.5239, -10.735 ], [ -77.5398, -10.7459 ], [ -77.5429, -10.7508 ], [ -77.5528, -10.7535 ], [ -77.573, -10.7741 ], [ -77.5912, -10.7864 ], [ -77.593, -10.7775 ], [ -77.5921, -10.7752 ], [ -77.5878, -10.7731 ], [ -77.5886, -10.7713 ], [ -77.5852, -10.7642 ], [ -77.5856, -10.7612 ], [ -77.5888, -10.7577 ], [ -77.5865, -10.7532 ], [ -77.5873, -10.7498 ], [ -77.5847, -10.7415 ], [ -77.5772, -10.7286 ], [ -77.5784, -10.7227 ], [ -77.5757, -10.7169 ], [ -77.5642, -10.7119 ], [ -77.5631, -10.7094 ], [ -77.5745, -10.6943 ], [ -77.5728, -10.6863 ], [ -77.5754, -10.6589 ], [ -77.583, -10.653 ], [ -77.5869, -10.6467 ], [ -77.5906, -10.6456 ], [ -77.583, -10.6389 ], [ -77.5842, -10.6348 ], [ -77.5822, -10.631 ], [ -77.5827, -10.6219 ], [ -77.5775, -10.6198 ], [ -77.5741, -10.6147 ], [ -77.5733, -10.5929 ], [ -77.5767, -10.5837 ], [ -77.575, -10.5803 ], [ -77.5683, -10.5752 ], [ -77.5668, -10.5709 ], [ -77.5595, -10.5677 ], [ -77.5451, -10.5652 ], [ -77.5437, -10.5604 ], [ -77.539, -10.5557 ], [ -77.5323, -10.5561 ], [ -77.5204, -10.563 ], [ -77.5123, -10.5607 ], [ -77.4995, -10.5659 ], [ -77.4914, -10.5619 ], [ -77.4867, -10.5535 ], [ -77.4719, -10.5463 ], [ -77.4672, -10.5409 ], [ -77.4677, -10.5379 ], [ -77.4635, -10.5338 ], [ -77.4594, -10.5327 ], [ -77.453, -10.5344 ], [ -77.441, -10.5295 ], [ -77.4362, -10.5285 ], [ -77.4309, -10.5298 ], [ -77.4232, -10.5273 ] ] ] } },
{ "type": "Feature", "properties": { "ubigeo_inei": "021011" }, "geometry": { "type": "Polygon", "coordinates": [ [ [ -76.9929, -9.2709 ], [ -76.9904, -9.2742 ], [ -76.9781, -9.2746 ], [ -76.9741, -9.2808 ], [ -76.9729, -9.2886 ], [ -76.9701, -9.2923 ], [ -76.9608, -9.2979 ], [ -76.9597, -9.304 ], [ -76.9552, -9.3086 ], [ -76.9488, -9.3193 ], [ -76.9509, -9.3282 ], [ -76.9469, -9.3496 ], [ -76.9482, -9.3536 ], [ -76.9405, -9.3597 ], [ -76.9371, -9.3701 ], [ -76.924, -9.3825 ], [ -76.9241, -9.3915 ], [ -76.9307, -9.3931 ], [ -76.9343, -9.3975 ], [ -76.9361, -9.4059 ], [ -76.939, -9.4044 ], [ -76.9419, -9.4055 ], [ -76.9497, -9.4042 ], [ -76.9544, -9.4092 ], [ -76.9601, -9.4093 ], [ -76.9707, -9.4127 ], [ -76.9769, -9.4126 ], [ -76.9821, -9.4101 ], [ -76.9889, -9.4011 ], [ -76.9956, -9.3986 ], [ -77.0, -9.3947 ], [ -77.0035, -9.3897 ], [ -77.0021, -9.3826 ], [ -77.007, -9.3803 ], [ -77.0203, -9.3799 ], [ -77.0264, -9.383 ], [ -77.0307, -9.3823 ], [ -77.0315, -9.3725 ], [ -77.0392, -9.3568 ], [ -77.0359, -9.3458 ], [ -77.0385, -9.3357 ], [ -77.0391, -9.3247 ], [ -77.0312, -9.3177 ], [ -77.0285, -9.3176 ], [ -77.0269, -9.3131 ], [ -77.0229, -9.3112 ], [ -77.0227, -9.3085 ], [ -77.0177, -9.3021 ], [ -77.0118, -9.2983 ], [ -77.0083, -9.2855 ], [ -77.0045, -9.2822 ], [ -77.0, -9.2739 ], [ -76.9967, -9.2738 ], [ -76.9929, -9.2709 ] ] ] } },
{ "type": "Feature", "properties": { "ubigeo_inei": "021016" }, "geometry": { "type": "Polygon", "coordinates": [ [ [ -76.9473, -9.1363 ], [ -76.9369, -9.1508 ], [ -76.9338, -9.1521 ], [ -76.9243, -9.1654 ], [ -76.9199, -9.1682 ], [ -76.9189, -9.1716 ], [ -76.9075, -9.1783 ], [ -76.8975, -9.1952 ], [ -76.8927, -9.1977 ], [ -76.8908, -9.2014 ], [ -76.879, -9.2121 ], [ -76.8914, -9.2181 ], [ -76.8951, -9.2218 ], [ -76.8999, -9.2228 ], [ -76.9057, -9.2274 ], [ -76.9115, -9.2253 ], [ -76.919, -9.2254 ], [ -76.9203, -9.2227 ], [ -76.9197, -9.2179 ], [ -76.9344, -9.2232 ], [ -76.944, -9.2229 ], [ -76.9613, -9.2173 ], [ -76.97, -9.2203 ], [ -76.9692, -9.2142 ], [ -76.9601, -9.2072 ], [ -76.9625, -9.1984 ], [ -76.9631, -9.1866 ], [ -76.962, -9.1807 ], [ -76.9631, -9.1764 ], [ -76.9592, -9.1696 ], [ -76.9616, -9.1532 ], [ -76.9601, -9.1498 ], [ -76.9557, -9.1468 ], [ -76.9473, -9.1363 ] ] ] } },
{ "type": "Feature", "properties": { "ubigeo_inei": "020601" }, "geometry": { "type": "Polygon", "coordinates": [ [ [ -77.5495, -9.2019 ], [ -77.5319, -9.1994 ], [ -77.5257, -9.2051 ], [ -77.5171, -9.2043 ], [ -77.5157, -9.2104 ], [ -77.5174, -9.2161 ], [ -77.5161, -9.2249 ], [ -77.5176, -9.2359 ], [ -77.528, -9.2459 ], [ -77.5325, -9.2559 ], [ -77.5404, -9.2651 ], [ -77.5441, -9.2733 ], [ -77.5531, -9.2855 ], [ -77.5612, -9.2886 ], [ -77.5798, -9.2875 ], [ -77.5874, -9.2924 ], [ -77.5967, -9.2834 ], [ -77.5981, -9.2711 ], [ -77.6009, -9.2692 ], [ -77.6045, -9.2694 ], [ -77.6092, -9.2733 ], [ -77.618, -9.2745 ], [ -77.6231, -9.277 ], [ -77.6314, -9.277 ], [ -77.6327, -9.2822 ], [ -77.6286, -9.2923 ], [ -77.6324, -9.2943 ], [ -77.6307, -9.2974 ], [ -77.6261, -9.2983 ], [ -77.6212, -9.3035 ], [ -77.6448, -9.3203 ], [ -77.646, -9.3286 ], [ -77.6487, -9.333 ], [ -77.6466, -9.3396 ], [ -77.6472, -9.3454 ], [ -77.6534, -9.3495 ], [ -77.6543, -9.3575 ], [ -77.657, -9.3622 ], [ -77.6565, -9.3665 ], [ -77.6602, -9.369 ], [ -77.6617, -9.373 ], [ -77.6645, -9.3737 ], [ -77.6689, -9.3801 ], [ -77.6793, -9.3812 ], [ -77.6839, -9.3836 ], [ -77.6921, -9.3776 ], [ -77.7015, -9.3815 ], [ -77.7137, -9.3796 ], [ -77.719, -9.3824 ], [ -77.7281, -9.3785 ], [ -77.7316, -9.3785 ], [ -77.734, -9.3747 ], [ -77.7442, -9.3707 ], [ -77.7427, -9.3594 ], [ -77.7477, -9.3504 ], [ -77.7574, -9.3443 ], [ -77.7443, -9.3378 ], [ -77.7403, -9.3316 ], [ -77.7323, -9.3284 ], [ -77.7272, -9.3243 ], [ -77.7254, -9.3205 ], [ -77.7265, -9.3123 ], [ -77.7229, -9.2961 ], [ -77.7203, -9.2946 ], [ -77.7198, -9.2924 ], [ -77.7202, -9.2856 ], [ -77.7133, -9.283 ], [ -77.7096, -9.2761 ], [ -77.7048, -9.2739 ], [ -77.6965, -9.2739 ], [ -77.6841, -9.2778 ], [ -77.675, -9.275 ], [ -77.6677, -9.2764 ], [ -77.6623, -9.2712 ], [ -77.6564, -9.271 ], [ -77.6546, -9.2736 ], [ -77.6489, -9.2727 ], [ -77.6365, -9.2669 ], [ -77.6336, -9.254 ], [ -77.6055, -9.2334 ], [ -77.6006, -9.2246 ], [ -77.5879, -9.2174 ], [ -77.578, -9.2209 ], [ -77.5631, -9.2072 ], [ -77.5495, -9.2019 ] ] ] } },
{ "type": "Feature", "properties": { "ubigeo_inei": "020104" }, "geometry": { "type": "Polygon", "coordinates": [ [ [ -77.7661, -9.6654 ], [ -77.7549, -9.675 ], [ -77.7537, -9.6794 ], [ -77.7448, -9.6783 ], [ -77.7406, -9.6879 ], [ -77.7325, -9.6894 ], [ -77.7268, -9.6981 ], [ -77.7269, -9.7054 ], [ -77.7337, -9.7134 ], [ -77.7308, -9.7161 ], [ -77.7301, -9.7199 ], [ -77.7338, -9.7372 ], [ -77.7438, -9.7453 ], [ -77.7487, -9.7526 ], [ -77.7511, -9.7591 ], [ -77.7523, -9.7727 ], [ -77.7547, -9.7751 ], [ -77.759, -9.7866 ], [ -77.7666, -9.7909 ], [ -77.7743, -9.791 ], [ -77.7758, -9.7954 ], [ -77.7808, -9.8007 ], [ -77.7862, -9.7989 ], [ -77.7948, -9.7913 ], [ -77.8029, -9.7908 ], [ -77.8101, -9.7928 ], [ -77.817, -9.785 ], [ -77.8184, -9.7808 ], [ -77.831, -9.7772 ], [ -77.8352, -9.7743 ], [ -77.8409, -9.7729 ], [ -77.8454, -9.7691 ], [ -77.849, -9.7698 ], [ -77.8535, -9.7665 ], [ -77.8658, -9.7638 ], [ -77.8685, -9.764 ], [ -77.8742, -9.7682 ], [ -77.8839, -9.7697 ], [ -77.8986, -9.7671 ], [ -77.9038, -9.7703 ], [ -77.9102, -9.7677 ], [ -77.9266, -9.7676 ], [ -77.9432, -9.7735 ], [ -77.9538, -9.7716 ], [ -77.9612, -9.7797 ], [ -77.9629, -9.7785 ], [ -77.963, -9.7729 ], [ -77.9501, -9.7615 ], [ -77.947, -9.754 ], [ -77.9437, -9.7538 ], [ -77.9404, -9.749 ], [ -77.9365, -9.7493 ], [ -77.9283, -9.7414 ], [ -77.9195, -9.7423 ], [ -77.9132, -9.7378 ], [ -77.9082, -9.7382 ], [ -77.9053, -9.7311 ], [ -77.9018, -9.7288 ], [ -77.8995, -9.7192 ], [ -77.8962, -9.718 ], [ -77.8937, -9.7135 ], [ -77.8799, -9.7112 ], [ -77.8722, -9.7068 ], [ -77.8624, -9.6903 ], [ -77.8603, -9.6832 ], [ -77.8558, -9.6804 ], [ -77.8515, -9.6736 ], [ -77.8351, -9.6726 ], [ -77.8199, -9.6748 ], [ -77.8008, -9.6699 ], [ -77.7961, -9.6715 ], [ -77.7885, -9.6778 ], [ -77.7828, -9.6699 ], [ -77.7792, -9.6695 ], [ -77.7738, -9.6662 ], [ -77.7661, -9.6654 ] ] ] } },
{ "type": "Feature", "properties": { "ubigeo_inei": "021210" }, "geometry": { "type": "Polygon", "coordinates": [ [ [ -77.7309, -8.6556 ], [ -77.7207, -8.6565 ], [ -77.7163, -8.6635 ], [ -77.7008, -8.6732 ], [ -77.691, -8.6819 ], [ -77.6846, -8.6832 ], [ -77.6717, -8.693 ], [ -77.6726, -8.7008 ], [ -77.6638, -8.705 ], [ -77.6638, -8.7084 ], [ -77.6578, -8.7152 ], [ -77.6557, -8.7235 ], [ -77.6454, -8.7244 ], [ -77.6421, -8.7276 ], [ -77.6418, -8.7317 ], [ -77.6389, -8.734 ], [ -77.6339, -8.7339 ], [ -77.6268, -8.7378 ], [ -77.6213, -8.7461 ], [ -77.615, -8.751 ], [ -77.6092, -8.7453 ], [ -77.6057, -8.7441 ], [ -77.6014, -8.745 ], [ -77.5984, -8.753 ], [ -77.5927, -8.7577 ], [ -77.5897, -8.764 ], [ -77.5812, -8.7711 ], [ -77.5817, -8.774 ], [ -77.5868, -8.7772 ], [ -77.5848, -8.7845 ], [ -77.5897, -8.7933 ], [ -77.5887, -8.8004 ], [ -77.5804, -8.8112 ], [ -77.5808, -8.8173 ], [ -77.5815, -8.8189 ], [ -77.5864, -8.8202 ], [ -77.5895, -8.827 ], [ -77.5976, -8.8338 ], [ -77.5945, -8.8441 ], [ -77.5957, -8.8486 ], [ -77.5949, -8.8548 ], [ -77.5987, -8.8616 ], [ -77.5986, -8.8667 ], [ -77.6012, -8.8708 ], [ -77.6076, -8.8723 ], [ -77.6123, -8.8715 ], [ -77.6177, -8.875 ], [ -77.6264, -8.8771 ], [ -77.6324, -8.878 ], [ -77.6391, -8.8758 ], [ -77.6524, -8.8793 ], [ -77.6549, -8.8771 ], [ -77.6561, -8.8691 ], [ -77.6546, -8.8645 ], [ -77.6572, -8.8537 ], [ -77.6605, -8.8507 ], [ -77.6633, -8.8376 ], [ -77.6688, -8.8342 ], [ -77.6737, -8.825 ], [ -77.6871, -8.8336 ], [ -77.7031, -8.8339 ], [ -77.7067, -8.8306 ], [ -77.717, -8.8278 ], [ -77.7432, -8.8287 ], [ -77.7508, -8.8306 ], [ -77.7583, -8.8342 ], [ -77.7707, -8.8373 ], [ -77.774, -8.8406 ], [ -77.7989, -8.8537 ], [ -77.801, -8.8568 ], [ -77.8072, -8.8579 ], [ -77.8123, -8.8628 ], [ -77.8296, -8.8716 ], [ -77.8306, -8.865 ], [ -77.823, -8.8523 ], [ -77.8225, -8.8436 ], [ -77.8286, -8.8339 ], [ -77.8294, -8.8219 ], [ -77.8389, -8.8127 ], [ -77.8442, -8.8105 ], [ -77.8511, -8.8104 ], [ -77.8548, -8.8131 ], [ -77.8539, -8.8038 ], [ -77.8488, -8.7987 ], [ -77.844, -8.7966 ], [ -77.8526, -8.787 ], [ -77.8528, -8.7793 ], [ -77.8603, -8.7763 ], [ -77.8698, -8.763 ], [ -77.8791, -8.7624 ], [ -77.888, -8.7588 ], [ -77.8936, -8.7583 ], [ -77.8959, -8.7521 ], [ -77.903, -8.7483 ], [ -77.9185, -8.7469 ], [ -77.9154, -8.7401 ], [ -77.9099, -8.7392 ], [ -77.913, -8.7321 ], [ -77.9069, -8.7216 ], [ -77.9051, -8.7149 ], [ -77.8998, -8.7117 ], [ -77.8943, -8.7107 ], [ -77.8899, -8.7066 ], [ -77.8878, -8.6991 ], [ -77.8799, -8.684 ], [ -77.8593, -8.6822 ], [ -77.8507, -8.6786 ], [ -77.8404, -8.6767 ], [ -77.8357, -8.6718 ], [ -77.8313, -8.672 ], [ -77.8121, -8.6628 ], [ -77.8045, -8.663 ], [ -77.8008, -8.6611 ], [ -77.7921, -8.6613 ], [ -77.7824, -8.6685 ], [ -77.7764, -8.6695 ], [ -77.7723, -8.6739 ], [ -77.7632, -8.6699 ], [ -77.7589, -8.6643 ], [ -77.752, -8.6631 ], [ -77.7487, -8.6592 ], [ -77.7411, -8.659 ], [ -77.737, -8.6619 ], [ -77.7309, -8.6556 ] ] ] } },
{ "type": "Feature", "properties": { "ubigeo_inei": "021308" }, "geometry": { "type": "Polygon", "coordinates": [ [ [ -77.2984, -8.8368 ], [ -77.2838, -8.847 ], [ -77.2837, -8.8534 ], [ -77.2854, -8.8558 ], [ -77.2847, -8.8602 ], [ -77.2906, -8.8629 ], [ -77.2938, -8.866 ], [ -77.2952, -8.8708 ], [ -77.3029, -8.8751 ], [ -77.3145, -8.8764 ], [ -77.3204, -8.8791 ], [ -77.3193, -8.888 ], [ -77.3243, -8.8951 ], [ -77.3203, -8.9062 ], [ -77.3236, -8.9105 ], [ -77.3235, -8.9177 ], [ -77.3133, -8.932 ], [ -77.297, -8.9475 ], [ -77.3035, -8.9487 ], [ -77.3187, -8.9454 ], [ -77.3247, -8.9464 ], [ -77.3269, -8.9442 ], [ -77.3283, -8.9389 ], [ -77.339, -8.9306 ], [ -77.3424, -8.9246 ], [ -77.361, -8.9097 ], [ -77.3678, -8.9086 ], [ -77.3549, -8.8869 ], [ -77.3524, -8.8796 ], [ -77.3463, -8.8854 ], [ -77.3386, -8.8826 ], [ -77.3356, -8.877 ], [ -77.3281, -8.8721 ], [ -77.323, -8.8665 ], [ -77.3169, -8.8548 ], [ -77.3076, -8.8436 ], [ -77.3086, -8.8401 ], [ -77.3049, -8.8404 ], [ -77.3009, -8.837 ], [ -77.2984, -8.8368 ] ] ] } },
{ "type": "Feature", "properties": { "ubigeo_inei": "021005" }, "geometry": { "type": "Polygon", "coordinates": [ [ [ -76.9838, -9.2453 ], [ -76.9832, -9.2479 ], [ -76.9759, -9.255 ], [ -76.9688, -9.2588 ], [ -76.9628, -9.2562 ], [ -76.9556, -9.2575 ], [ -76.9481, -9.2555 ], [ -76.936, -9.2551 ], [ -76.928, -9.2609 ], [ -76.9233, -9.2692 ], [ -76.9173, -9.2722 ], [ -76.9167, -9.276 ], [ -76.9077, -9.2852 ], [ -76.8972, -9.289 ], [ -76.8932, -9.2971 ], [ -76.883, -9.3024 ], [ -76.8701, -9.3009 ], [ -76.8662, -9.3053 ], [ -76.8661, -9.3076 ], [ -76.8703, -9.3144 ], [ -76.8782, -9.318 ], [ -76.8787, -9.3231 ], [ -76.8818, -9.3267 ], [ -76.8929, -9.332 ], [ -76.897, -9.3458 ], [ -76.8996, -9.3494 ], [ -76.9006, -9.3591 ], [ -76.9096, -9.3685 ], [ -76.9133, -9.3677 ], [ -76.9179, -9.3695 ], [ -76.924, -9.3825 ], [ -76.9371, -9.3701 ], [ -76.9405, -9.3597 ], [ -76.9482, -9.3536 ], [ -76.9469, -9.3496 ], [ -76.9509, -9.3282 ], [ -76.9488, -9.3193 ], [ -76.9552, -9.3086 ], [ -76.9597, -9.304 ], [ -76.9608, -9.2979 ], [ -76.9701, -9.2923 ], [ -76.9729, -9.2886 ], [ -76.9741, -9.2808 ], [ -76.9781, -9.2746 ], [ -76.9904, -9.2742 ], [ -76.9929, -9.2709 ], [ -76.9893, -9.2646 ], [ -76.9909, -9.2608 ], [ -76.9893, -9.25 ], [ -76.9838, -9.2453 ] ] ] } },
{ "type": "Feature", "properties": { "ubigeo_inei": "021404" }, "geometry": { "type": "Polygon", "coordinates": [ [ [ -77.2631, -10.4354 ], [ -77.2504, -10.4481 ], [ -77.2417, -10.4534 ], [ -77.2334, -10.4562 ], [ -77.2153, -10.4582 ], [ -77.2033, -10.4559 ], [ -77.1903, -10.4597 ], [ -77.1894, -10.4656 ], [ -77.1846, -10.4674 ], [ -77.1859, -10.4737 ], [ -77.1821, -10.4794 ], [ -77.1781, -10.4809 ], [ -77.171, -10.4871 ], [ -77.1678, -10.4945 ], [ -77.1689, -10.4966 ], [ -77.1668, -10.5041 ], [ -77.1676, -10.5093 ], [ -77.1708, -10.5173 ], [ -77.1816, -10.5245 ], [ -77.1806, -10.5333 ], [ -77.183, -10.5382 ], [ -77.1886, -10.5416 ], [ -77.1885, -10.5471 ], [ -77.1911, -10.5523 ], [ -77.1975, -10.5552 ], [ -77.2093, -10.5554 ], [ -77.2201, -10.5518 ], [ -77.2212, -10.5491 ], [ -77.2258, -10.546 ], [ -77.2368, -10.5448 ], [ -77.2421, -10.5477 ], [ -77.2522, -10.5453 ], [ -77.2673, -10.5505 ], [ -77.2693, -10.5536 ], [ -77.2693, -10.5601 ], [ -77.2708, -10.5606 ], [ -77.2821, -10.5365 ], [ -77.2767, -10.5298 ], [ -77.2729, -10.5198 ], [ -77.2661, -10.5123 ], [ -77.2647, -10.5077 ], [ -77.2662, -10.4974 ], [ -77.265, -10.4891 ], [ -77.2686, -10.4718 ], [ -77.2659, -10.469 ], [ -77.2599, -10.4517 ], [ -77.2684, -10.4406 ], [ -77.267, -10.4374 ], [ -77.2631, -10.4354 ] ] ] } },
{ "type": "Feature", "properties": { "ubigeo_inei": "100113" }, "geometry": { "type": "Polygon", "coordinates": [ [ [ -75.916, -9.5603 ], [ -75.9091, -9.5721 ], [ -75.8973, -9.5828 ], [ -75.8949, -9.5908 ], [ -75.8911, -9.5957 ], [ -75.873, -9.6059 ], [ -75.8712, -9.6082 ], [ -75.8725, -9.6124 ], [ -75.8715, -9.6158 ], [ -75.8615, -9.6268 ], [ -75.8567, -9.6295 ], [ -75.8528, -9.6391 ], [ -75.848, -9.6412 ], [ -75.8463, -9.6451 ], [ -75.8401, -9.6508 ], [ -75.8392, -9.6625 ], [ -75.8471, -9.6693 ], [ -75.8522, -9.6834 ], [ -75.843, -9.6886 ], [ -75.8217, -9.7097 ], [ -75.816, -9.7134 ], [ -75.8144, -9.7184 ], [ -75.81, -9.7209 ], [ -75.8091, -9.7254 ], [ -75.805, -9.7319 ], [ -75.8067, -9.7421 ], [ -75.8045, -9.7547 ], [ -75.808, -9.7604 ], [ -75.8092, -9.7673 ], [ -75.8077, -9.7743 ], [ -75.803, -9.7796 ], [ -75.7991, -9.7893 ], [ -75.7983, -9.8019 ], [ -75.7953, -9.8107 ], [ -75.7963, -9.815 ], [ -75.8047, -9.8219 ], [ -75.8132, -9.8223 ], [ -75.8194, -9.83 ], [ -75.8247, -9.8314 ], [ -75.8313, -9.8215 ], [ -75.8384, -9.8183 ], [ -75.8421, -9.8145 ], [ -75.8675, -9.8042 ], [ -75.8704, -9.7962 ], [ -75.8738, -9.7931 ], [ -75.8922, -9.791 ], [ -75.9257, -9.7949 ], [ -75.9329, -9.8007 ], [ -75.9362, -9.801 ], [ -75.9418, -9.8082 ], [ -75.9505, -9.8094 ], [ -75.9637, -9.8146 ], [ -75.9769, -9.8166 ], [ -76.0025, -9.8165 ], [ -76.004, -9.8181 ], [ -76.0224, -9.8219 ], [ -76.0488, -9.8239 ], [ -76.0524, -9.8211 ], [ -76.0506, -9.8142 ], [ -76.0461, -9.8062 ], [ -76.0462, -9.7931 ], [ -76.0426, -9.7851 ], [ -76.0433, -9.7807 ], [ -76.0411, -9.7737 ], [ -76.0424, -9.7677 ], [ -76.0408, -9.7557 ], [ -76.0463, -9.7488 ], [ -76.0481, -9.7425 ], [ -76.0546, -9.7395 ], [ -76.0593, -9.7322 ], [ -76.0769, -9.7218 ], [ -76.0825, -9.7169 ], [ -76.0827, -9.7138 ], [ -76.0791, -9.7091 ], [ -76.0718, -9.7037 ], [ -76.0728, -9.6982 ], [ -76.0711, -9.6843 ], [ -76.0669, -9.677 ], [ -76.0669, -9.6724 ], [ -76.0607, -9.6693 ], [ -76.042, -9.6515 ], [ -76.0368, -9.6513 ], [ -76.0406, -9.6438 ], [ -76.0388, -9.6399 ], [ -76.0247, -9.6384 ], [ -76.0125, -9.6289 ], [ -76.0115, -9.6182 ], [ -76.0091, -9.6142 ], [ -76.0043, -9.6104 ], [ -76.0011, -9.6104 ], [ -75.9901, -9.605 ], [ -75.9893, -9.6022 ], [ -75.9982, -9.5855 ], [ -75.998, -9.5813 ], [ -75.9946, -9.5756 ], [ -75.9907, -9.574 ], [ -75.9811, -9.5758 ], [ -75.9771, -9.572 ], [ -75.9749, -9.5718 ], [ -75.9671, -9.5747 ], [ -75.9612, -9.5749 ], [ -75.9472, -9.571 ], [ -75.93, -9.5701 ], [ -75.9244, -9.5641 ], [ -75.916, -9.5603 ] ] ] } },
{ "type": "Feature", "properties": { "ubigeo_inei": "250307" }, "geometry": { "type": "Polygon", "coordinates": [ [ [ -75.7758, -8.9101 ], [ -75.7652, -8.9128 ], [ -75.7557, -8.9128 ], [ -75.7527, -8.9153 ], [ -75.7448, -8.9149 ], [ -75.7349, -8.9166 ], [ -75.7289, -8.9231 ], [ -75.7224, -8.9266 ], [ -75.7197, -8.9329 ], [ -75.7196, -8.9399 ], [ -75.7109, -8.9512 ], [ -75.7105, -8.9566 ], [ -75.7024, -8.9642 ], [ -75.6906, -8.9633 ], [ -75.6806, -8.957 ], [ -75.6674, -8.9515 ], [ -75.6676, -8.9478 ], [ -75.6646, -8.9477 ], [ -75.6644, -8.9444 ], [ -75.6572, -8.9442 ], [ -75.6547, -8.9462 ], [ -75.6527, -8.9437 ], [ -75.6474, -8.9432 ], [ -75.6425, -8.9404 ], [ -75.6418, -8.9344 ], [ -75.6382, -8.9324 ], [ -75.6374, -8.9274 ], [ -75.6355, -8.9255 ], [ -75.6368, -8.9226 ], [ -75.6317, -8.9166 ], [ -75.633, -8.9135 ], [ -75.6305, -8.912 ], [ -75.6279, -8.9157 ], [ -75.6258, -8.915 ], [ -75.6237, -8.9188 ], [ -75.6261, -8.9241 ], [ -75.6285, -8.924 ], [ -75.6263, -8.9298 ], [ -75.6279, -8.9334 ], [ -75.6269, -8.9373 ], [ -75.6302, -8.9469 ], [ -75.6274, -8.9524 ], [ -75.6308, -8.9588 ], [ -75.6307, -8.965 ], [ -75.6199, -8.9736 ], [ -75.6185, -8.9804 ], [ -75.6128, -8.9776 ], [ -75.6079, -8.9684 ], [ -75.6017, -8.9659 ], [ -75.6019, -8.964 ], [ -75.5987, -8.9622 ], [ -75.5989, -8.9605 ], [ -75.5946, -8.9584 ], [ -75.5935, -8.9557 ], [ -75.5915, -8.9563 ], [ -75.5907, -8.9523 ], [ -75.5924, -8.9508 ], [ -75.5898, -8.9432 ], [ -75.5873, -8.9432 ], [ -75.5899, -8.9496 ], [ -75.5888, -8.9562 ], [ -75.5863, -8.9574 ], [ -75.5859, -8.9596 ], [ -75.5883, -8.9639 ], [ -75.5878, -8.9687 ], [ -75.5942, -8.9743 ], [ -75.6003, -8.9751 ], [ -75.6034, -8.9813 ], [ -75.606, -8.9875 ], [ -75.6045, -8.9925 ], [ -75.6052, -8.9985 ], [ -75.6098, -9.0003 ], [ -75.6083, -9.0019 ], [ -75.6112, -9.0021 ], [ -75.6102, -9.0047 ], [ -75.6257, -9.014 ], [ -75.6297, -9.014 ], [ -75.6357, -9.0217 ], [ -75.6346, -9.0272 ], [ -75.6317, -9.0314 ], [ -75.6233, -9.0367 ], [ -75.617, -9.0622 ], [ -75.6169, -9.0733 ], [ -75.6219, -9.075 ], [ -75.6322, -9.0751 ], [ -75.6585, -9.0663 ], [ -75.6607, -9.0612 ], [ -75.6646, -9.0604 ], [ -75.6694, -9.0669 ], [ -75.6772, -9.0663 ], [ -75.6808, -9.0729 ], [ -75.6856, -9.0741 ], [ -75.691, -9.0724 ], [ -75.696, -9.0732 ], [ -75.6984, -9.0756 ], [ -75.6992, -9.0795 ], [ -75.703, -9.0804 ], [ -75.7078, -9.0845 ], [ -75.7101, -9.0821 ], [ -75.7145, -9.0819 ], [ -75.7164, -9.0849 ], [ -75.7206, -9.0858 ], [ -75.7231, -9.0896 ], [ -75.732, -9.0908 ], [ -75.7342, -9.0897 ], [ -75.7431, -9.1001 ], [ -75.7443, -9.1132 ], [ -75.7474, -9.1194 ], [ -75.7474, -9.1275 ], [ -75.7489, -9.1285 ], [ -75.7483, -9.1313 ], [ -75.7499, -9.1335 ], [ -75.7478, -9.1436 ], [ -75.7494, -9.1451 ], [ -75.7473, -9.1508 ], [ -75.7453, -9.152 ], [ -75.7432, -9.1604 ], [ -75.7407, -9.1608 ], [ -75.7398, -9.1635 ], [ -75.7358, -9.1637 ], [ -75.7352, -9.166 ], [ -75.7326, -9.1658 ], [ -75.7319, -9.1684 ], [ -75.7294, -9.1688 ], [ -75.7278, -9.1759 ], [ -75.7292, -9.1944 ], [ -75.7276, -9.1969 ], [ -75.7275, -9.2075 ], [ -75.7244, -9.2144 ], [ -75.7272, -9.2185 ], [ -75.7398, -9.2214 ], [ -75.7457, -9.2302 ], [ -75.7518, -9.2322 ], [ -75.7556, -9.2306 ], [ -75.7602, -9.2311 ], [ -75.7601, -9.2272 ], [ -75.7638, -9.2171 ], [ -75.7717, -9.2206 ], [ -75.7751, -9.2197 ], [ -75.7843, -9.208 ], [ -75.7895, -9.208 ], [ -75.7961, -9.2027 ], [ -75.7968, -9.1908 ], [ -75.7952, -9.1855 ], [ -75.8009, -9.1703 ], [ -75.7998, -9.1608 ], [ -75.8078, -9.1357 ], [ -75.8215, -9.119 ], [ -75.8216, -9.1113 ], [ -75.8193, -9.1061 ], [ -75.8224, -9.0954 ], [ -75.825, -9.0901 ], [ -75.8309, -9.0897 ], [ -75.8379, -9.0849 ], [ -75.8408, -9.0739 ], [ -75.8386, -9.0704 ], [ -75.8384, -9.0613 ], [ -75.8432, -9.0593 ], [ -75.8496, -9.0511 ], [ -75.8585, -9.0515 ], [ -75.8666, -9.0357 ], [ -75.8747, -9.0316 ], [ -75.879, -9.0176 ], [ -75.8842, -9.0104 ], [ -75.8876, -9.0101 ], [ -75.8907, -9.0048 ], [ -75.8946, -8.9848 ], [ -75.8902, -8.9818 ], [ -75.8857, -8.9811 ], [ -75.8838, -8.9727 ], [ -75.8779, -8.9686 ], [ -75.8743, -8.9635 ], [ -75.8606, -8.9591 ], [ -75.8586, -8.947 ], [ -75.8532, -8.9446 ], [ -75.8386, -8.942 ], [ -75.8359, -8.9432 ], [ -75.8343, -8.9464 ], [ -75.8242, -8.9466 ], [ -75.8195, -8.9448 ], [ -75.8157, -8.9409 ], [ -75.8079, -8.941 ], [ -75.7896, -8.9334 ], [ -75.7844, -8.9288 ], [ -75.7845, -8.9222 ], [ -75.7865, -8.9165 ], [ -75.7854, -8.9126 ], [ -75.7833, -8.9111 ], [ -75.7758, -8.9101 ] ] ] } },
{ "type": "Feature", "properties": { "ubigeo_inei": "010603" }, "geometry": { "type": "Polygon", "coordinates": [ [ [ -77.6176, -6.2808 ], [ -77.6156, -6.2887 ], [ -77.6186, -6.294 ], [ -77.6156, -6.3017 ], [ -77.6133, -6.3036 ], [ -77.6125, -6.3087 ], [ -77.6186, -6.3126 ], [ -77.6156, -6.3201 ], [ -77.6185, -6.3289 ], [ -77.6111, -6.3423 ], [ -77.601, -6.3454 ], [ -77.596, -6.3561 ], [ -77.5896, -6.3622 ], [ -77.5783, -6.3935 ], [ -77.567, -6.3925 ], [ -77.561, -6.3892 ], [ -77.5584, -6.3917 ], [ -77.5606, -6.3993 ], [ -77.5583, -6.4014 ], [ -77.552, -6.4029 ], [ -77.5602, -6.4101 ], [ -77.5676, -6.413 ], [ -77.5873, -6.415 ], [ -77.5955, -6.4112 ], [ -77.6099, -6.4147 ], [ -77.613, -6.4093 ], [ -77.6184, -6.407 ], [ -77.6301, -6.3949 ], [ -77.6333, -6.3798 ], [ -77.6372, -6.3787 ], [ -77.6464, -6.3802 ], [ -77.6433, -6.3836 ], [ -77.6423, -6.3885 ], [ -77.639, -6.3915 ], [ -77.6411, -6.3973 ], [ -77.6459, -6.3993 ], [ -77.6502, -6.3969 ], [ -77.653, -6.3991 ], [ -77.6553, -6.4079 ], [ -77.6471, -6.4199 ], [ -77.648, -6.4261 ], [ -77.651, -6.4296 ], [ -77.654, -6.4292 ], [ -77.6629, -6.4384 ], [ -77.674, -6.4436 ], [ -77.6791, -6.453 ], [ -77.6838, -6.4499 ], [ -77.6888, -6.4503 ], [ -77.6911, -6.4538 ], [ -77.7029, -6.4536 ], [ -77.7045, -6.449 ], [ -77.7313, -6.457 ], [ -77.7328, -6.4559 ], [ -77.7326, -6.4531 ], [ -77.7461, -6.4366 ], [ -77.7435, -6.4207 ], [ -77.7487, -6.4067 ], [ -77.7523, -6.4036 ], [ -77.7443, -6.3846 ], [ -77.7311, -6.3758 ], [ -77.7299, -6.3716 ], [ -77.7175, -6.363 ], [ -77.7043, -6.3615 ], [ -77.7098, -6.3531 ], [ -77.7106, -6.3488 ], [ -77.7087, -6.3414 ], [ -77.7061, -6.3389 ], [ -77.6949, -6.335 ], [ -77.6922, -6.3364 ], [ -77.6794, -6.3366 ], [ -77.6757, -6.3398 ], [ -77.67, -6.3398 ], [ -77.6633, -6.3321 ], [ -77.6592, -6.3317 ], [ -77.6484, -6.3233 ], [ -77.6401, -6.3197 ], [ -77.6391, -6.3163 ], [ -77.6291, -6.3137 ], [ -77.6242, -6.3061 ], [ -77.6226, -6.2876 ], [ -77.6176, -6.2808 ] ] ] } },
{ "type": "Feature", "properties": { "ubigeo_inei": "010118" }, "geometry": { "type": "Polygon", "coordinates": [ [ [ -77.7028, -6.2033 ], [ -77.6895, -6.2085 ], [ -77.6852, -6.2075 ], [ -77.6763, -6.2108 ], [ -77.6762, -6.2141 ], [ -77.6735, -6.2157 ], [ -77.675, -6.224 ], [ -77.6788, -6.2257 ], [ -77.6904, -6.222 ], [ -77.702, -6.2253 ], [ -77.7072, -6.2303 ], [ -77.7149, -6.2459 ], [ -77.7213, -6.2501 ], [ -77.7289, -6.2617 ], [ -77.7341, -6.2612 ], [ -77.7397, -6.256 ], [ -77.7432, -6.2548 ], [ -77.7482, -6.2474 ], [ -77.7546, -6.2459 ], [ -77.7566, -6.247 ], [ -77.7551, -6.2649 ], [ -77.7582, -6.2675 ], [ -77.7642, -6.2691 ], [ -77.7673, -6.2602 ], [ -77.7793, -6.2467 ], [ -77.7801, -6.2309 ], [ -77.7823, -6.2275 ], [ -77.781, -6.2259 ], [ -77.7745, -6.226 ], [ -77.7695, -6.223 ], [ -77.7649, -6.2234 ], [ -77.7637, -6.2259 ], [ -77.7589, -6.225 ], [ -77.758, -6.2229 ], [ -77.7558, -6.2231 ], [ -77.7514, -6.2192 ], [ -77.7325, -6.2156 ], [ -77.7252, -6.2071 ], [ -77.7186, -6.2069 ], [ -77.7168, -6.2087 ], [ -77.7142, -6.205 ], [ -77.7028, -6.2033 ] ] ] } },
{ "type": "Feature", "properties": { "ubigeo_inei": "010105" }, "geometry": { "type": "Polygon", "coordinates": [ [ [ -77.774, -5.996 ], [ -77.7659, -6.0018 ], [ -77.7568, -6.0055 ], [ -77.7512, -6.0132 ], [ -77.7479, -6.0142 ], [ -77.745, -6.0174 ], [ -77.7395, -6.0273 ], [ -77.7291, -6.0317 ], [ -77.7232, -6.0388 ], [ -77.7091, -6.049 ], [ -77.7019, -6.0619 ], [ -77.7017, -6.069 ], [ -77.707, -6.0883 ], [ -77.7063, -6.0931 ], [ -77.7079, -6.101 ], [ -77.7055, -6.111 ], [ -77.7023, -6.1164 ], [ -77.7022, -6.1202 ], [ -77.7201, -6.1338 ], [ -77.7234, -6.1373 ], [ -77.7243, -6.1409 ], [ -77.7422, -6.1455 ], [ -77.7478, -6.1494 ], [ -77.7485, -6.1644 ], [ -77.752, -6.1634 ], [ -77.7558, -6.1585 ], [ -77.7607, -6.1556 ], [ -77.7617, -6.1519 ], [ -77.766, -6.1496 ], [ -77.7704, -6.1443 ], [ -77.7706, -6.1413 ], [ -77.7747, -6.1398 ], [ -77.7804, -6.1312 ], [ -77.7905, -6.1239 ], [ -77.789, -6.1219 ], [ -77.7892, -6.118 ], [ -77.7956, -6.1077 ], [ -77.7961, -6.1024 ], [ -77.8007, -6.0948 ], [ -77.8049, -6.0909 ], [ -77.8055, -6.0844 ], [ -77.8078, -6.0809 ], [ -77.8056, -6.0621 ], [ -77.8079, -6.0531 ], [ -77.8052, -6.0482 ], [ -77.804, -6.0347 ], [ -77.8061, -6.0315 ], [ -77.7971, -6.0256 ], [ -77.7881, -6.0281 ], [ -77.7905, -6.0226 ], [ -77.7802, -5.9955 ], [ -77.774, -5.996 ] ] ] } },
{ "type": "Feature", "properties": { "ubigeo_inei": "010307" }, "geometry": { "type": "Polygon", "coordinates": [ [ [ -78.0526, -5.9039 ], [ -78.0467, -5.9054 ], [ -78.047, -5.9117 ], [ -78.0457, -5.9134 ], [ -78.034, -5.9152 ], [ -78.0268, -5.9133 ], [ -78.0187, -5.9174 ], [ -78.0119, -5.9176 ], [ -78.0, -5.9219 ], [ -77.9935, -5.9225 ], [ -77.9856, -5.9274 ], [ -77.9817, -5.936 ], [ -77.9747, -5.9238 ], [ -77.9703, -5.9226 ], [ -77.9677, -5.9242 ], [ -77.9671, -5.9278 ], [ -77.9715, -5.9333 ], [ -77.9714, -5.9386 ], [ -77.9615, -5.9424 ], [ -77.9592, -5.9473 ], [ -77.9596, -5.9533 ], [ -77.9557, -5.9586 ], [ -77.9581, -5.9654 ], [ -77.9667, -5.9713 ], [ -77.9798, -5.9648 ], [ -77.9807, -5.9672 ], [ -77.9841, -5.9693 ], [ -78.0, -5.9705 ], [ -78.0032, -5.9725 ], [ -78.0056, -5.9779 ], [ -78.0176, -5.975 ], [ -78.0503, -5.9772 ], [ -78.0609, -5.9729 ], [ -78.0657, -5.9664 ], [ -78.0767, -5.9581 ], [ -78.0788, -5.9535 ], [ -78.0756, -5.9457 ], [ -78.0826, -5.9337 ], [ -78.079, -5.9288 ], [ -78.0782, -5.9239 ], [ -78.0743, -5.9218 ], [ -78.0766, -5.9168 ], [ -78.0692, -5.9147 ], [ -78.0575, -5.9175 ], [ -78.0549, -5.9064 ], [ -78.0526, -5.9039 ] ] ] } },
{ "type": "Feature", "properties": { "ubigeo_inei": "160305" }, "geometry": { "type": "Polygon", "coordinates": [ [ [ -76.1712, -3.5702 ], [ -76.1304, -3.5888 ], [ -76.0861, -3.6191 ], [ -76.0538, -3.6346 ], [ -76.0333, -3.6365 ], [ -75.9972, -3.635 ], [ -75.9631, -3.6424 ], [ -75.9274, -3.6536 ], [ -75.8902, -3.672 ], [ -75.8566, -3.6825 ], [ -75.8336, -3.6873 ], [ -75.7902, -3.6922 ], [ -75.7333, -3.7053 ], [ -75.7094, -3.7119 ], [ -75.6806, -3.7245 ], [ -75.6645, -3.7288 ], [ -75.6546, -3.7335 ], [ -75.6384, -3.7342 ], [ -75.6063, -3.7321 ], [ -75.5717, -3.7271 ], [ -75.5582, -3.7272 ], [ -75.5503, -3.729 ], [ -75.524, -3.7428 ], [ -75.5163, -3.7491 ], [ -75.5103, -3.7645 ], [ -75.4772, -3.779 ], [ -75.3782, -3.7777 ], [ -75.3484, -3.7563 ], [ -75.3373, -3.7536 ], [ -75.3263, -3.7592 ], [ -75.2961, -3.7864 ], [ -75.2691, -3.8162 ], [ -75.253, -3.8218 ], [ -75.231, -3.8255 ], [ -75.1916, -3.8524 ], [ -75.1786, -3.8547 ], [ -75.1527, -3.8494 ], [ -75.1454, -3.8585 ], [ -75.1378, -3.8646 ], [ -75.1203, -3.8738 ], [ -75.0607, -3.8864 ], [ -75.0317, -3.8983 ], [ -75.0159, -3.901 ], [ -74.9938, -3.9003 ], [ -74.9781, -3.907 ], [ -74.9431, -3.9388 ], [ -74.9662, -3.9584 ], [ -74.9891, -3.9902 ], [ -74.9918, -4.0069 ], [ -74.9787, -4.0248 ], [ -74.971, -4.0313 ], [ -74.9567, -4.1093 ], [ -74.8822, -4.2224 ], [ -74.8762, -4.2366 ], [ -74.8646, -4.301 ], [ -74.8307, -4.4193 ], [ -74.8343, -4.445 ], [ -74.8328, -4.4584 ], [ -74.8289, -4.4667 ], [ -74.8058, -4.4827 ], [ -74.7802, -4.4924 ], [ -74.7514, -4.4955 ], [ -74.735, -4.5047 ], [ -74.7281, -4.5157 ], [ -74.7276, -4.5638 ], [ -74.7344, -4.6397 ], [ -74.7402, -4.6701 ], [ -74.7473, -4.6849 ], [ -74.7593, -4.6972 ], [ -74.7936, -4.7205 ], [ -74.8159, -4.7332 ], [ -74.8459, -4.7593 ], [ -74.8561, -4.7645 ], [ -74.8649, -4.767 ], [ -74.9073, -4.769 ], [ -74.9288, -4.7794 ], [ -74.9457, -4.7926 ], [ -74.963, -4.815 ], [ -74.9799, -4.8269 ], [ -75.0017, -4.8325 ], [ -75.0356, -4.8302 ], [ -75.0484, -4.834 ], [ -75.0553, -4.8385 ], [ -75.0626, -4.8375 ], [ -75.07, -4.8339 ], [ -75.0963, -4.8312 ], [ -75.1064, -4.8343 ], [ -75.1211, -4.8423 ], [ -75.1245, -4.8457 ], [ -75.13, -4.8618 ], [ -75.1379, -4.8678 ], [ -75.189, -4.8706 ], [ -75.241, -4.8674 ], [ -75.2638, -4.8678 ], [ -75.2838, -4.8716 ], [ -75.3038, -4.8827 ], [ -75.3418, -4.9218 ], [ -75.3524, -4.9304 ], [ -75.3654, -4.9643 ], [ -75.3674, -4.9776 ], [ -75.3736, -4.9983 ], [ -75.3751, -5.0243 ], [ -75.3774, -5.0297 ], [ -75.3789, -5.0457 ], [ -75.3842, -5.0545 ], [ -75.3856, -5.0549 ], [ -75.3987, -5.0226 ], [ -75.4071, -5.008 ], [ -75.4239, -4.9881 ], [ -75.4394, -4.9766 ], [ -75.4786, -4.9563 ], [ -75.5005, -4.947 ], [ -75.5201, -4.9409 ], [ -75.5379, -4.9386 ], [ -75.5644, -4.9404 ], [ -75.5811, -4.939 ], [ -75.5938, -4.9342 ], [ -75.6041, -4.9225 ], [ -75.6117, -4.924 ], [ -75.6267, -4.9304 ], [ -75.6422, -4.931 ], [ -75.6645, -4.93 ], [ -75.6734, -4.9248 ], [ -75.6789, -4.9189 ], [ -75.685, -4.9072 ], [ -75.687, -4.9001 ], [ -75.6875, -4.8894 ], [ -75.6834, -4.8768 ], [ -75.6653, -4.8511 ], [ -75.6634, -4.8441 ], [ -75.6643, -4.8412 ], [ -75.7036, -4.8226 ], [ -75.7234, -4.8158 ], [ -75.7257, -4.8132 ], [ -75.7264, -4.8058 ], [ -75.7208, -4.7979 ], [ -75.7216, -4.7897 ], [ -75.7292, -4.7582 ], [ -75.7403, -4.7378 ], [ -75.7568, -4.7277 ], [ -75.7828, -4.7169 ], [ -75.8037, -4.7037 ], [ -75.8347, -4.6941 ], [ -75.8431, -4.6871 ], [ -75.85, -4.6704 ], [ -75.8522, -4.6587 ], [ -75.8511, -4.6457 ], [ -75.8455, -4.6258 ], [ -75.8519, -4.6 ], [ -75.8581, -4.5934 ], [ -75.8807, -4.5901 ], [ -75.8897, -4.5869 ], [ -75.8917, -4.5842 ], [ -75.885, -4.5622 ], [ -75.8772, -4.5441 ], [ -75.8756, -4.5167 ], [ -75.8789, -4.4904 ], [ -75.8692, -4.4767 ], [ -75.8691, -4.4677 ], [ -75.8633, -4.4552 ], [ -75.863, -4.4512 ], [ -75.8669, -4.444 ], [ -75.8679, -4.4299 ], [ -75.8701, -4.4263 ], [ -75.8894, -4.4123 ], [ -75.9135, -4.4018 ], [ -75.9289, -4.3915 ], [ -75.9382, -4.3886 ], [ -75.9524, -4.3751 ], [ -75.9699, -4.3743 ], [ -75.975, -4.372 ], [ -75.9818, -4.3641 ], [ -75.9931, -4.3583 ], [ -76.0158, -4.3307 ], [ -76.0252, -4.3234 ], [ -76.0295, -4.3095 ], [ -76.0302, -4.2968 ], [ -76.0249, -4.2887 ], [ -76.0163, -4.2823 ], [ -76.0096, -4.2739 ], [ -76.0079, -4.2676 ], [ -76.0094, -4.2578 ], [ -76.0137, -4.2415 ], [ -76.0219, -4.2204 ], [ -76.067, -4.1853 ], [ -76.0703, -4.1797 ], [ -76.0702, -4.1623 ], [ -76.0613, -4.1222 ], [ -76.0654, -4.0892 ], [ -76.0665, -4.0871 ], [ -76.076, -4.0813 ], [ -76.0795, -4.0749 ], [ -76.08, -4.07 ], [ -76.0776, -4.0556 ], [ -76.0785, -4.0494 ], [ -76.0817, -4.0458 ], [ -76.0901, -4.0415 ], [ -76.1113, -4.0392 ], [ -76.12, -4.0356 ], [ -76.1277, -4.0251 ], [ -76.1387, -4.0027 ], [ -76.1397, -3.9951 ], [ -76.1381, -3.9777 ], [ -76.1405, -3.9659 ], [ -76.1445, -3.959 ], [ -76.1612, -3.9502 ], [ -76.1812, -3.9346 ], [ -76.2043, -3.9239 ], [ -76.2019, -3.9012 ], [ -76.2105, -3.8845 ], [ -76.211, -3.8756 ], [ -76.2085, -3.854 ], [ -76.2118, -3.8346 ], [ -76.2162, -3.8219 ], [ -76.2407, -3.8001 ], [ -76.2476, -3.7878 ], [ -76.2489, -3.7448 ], [ -76.2541, -3.7424 ], [ -76.2574, -3.7435 ], [ -76.2663, -3.7556 ], [ -76.273, -3.7614 ], [ -76.2758, -3.7617 ], [ -76.2794, -3.7576 ], [ -76.2803, -3.747 ], [ -76.2738, -3.7359 ], [ -76.2729, -3.7297 ], [ -76.2824, -3.721 ], [ -76.2838, -3.7169 ], [ -76.2829, -3.7078 ], [ -76.2898, -3.6966 ], [ -76.2935, -3.6942 ], [ -76.3033, -3.6984 ], [ -76.3075, -3.6983 ], [ -76.3179, -3.6931 ], [ -76.3238, -3.6853 ], [ -76.3251, -3.6815 ], [ -76.2979, -3.6688 ], [ -76.2805, -3.6559 ], [ -76.2744, -3.6549 ], [ -76.2697, -3.6508 ], [ -76.2506, -3.6404 ], [ -76.2341, -3.6348 ], [ -76.2375, -3.6024 ], [ -76.2474, -3.5979 ], [ -76.2502, -3.584 ], [ -76.2605, -3.5729 ], [ -76.2578, -3.5692 ], [ -76.2508, -3.5656 ], [ -76.2355, -3.5631 ], [ -76.222, -3.5537 ], [ -76.214, -3.5434 ], [ -76.2062, -3.5281 ], [ -76.1712, -3.5702 ] ] ] } },
{ "type": "Feature", "properties": { "ubigeo_inei": "160403" }, "geometry": { "type": "Polygon", "coordinates": [ [ [ -70.6755, -4.0197 ], [ -70.6633, -4.0215 ], [ -70.6436, -4.0287 ], [ -70.6256, -4.0311 ], [ -70.6109, -4.0399 ], [ -70.6008, -4.0433 ], [ -70.5888, -4.0453 ], [ -70.581, -4.0438 ], [ -70.569, -4.037 ], [ -70.5569, -4.0369 ], [ -70.5055, -4.0541 ], [ -70.4734, -4.0526 ], [ -70.4589, -4.0462 ], [ -70.4315, -4.0454 ], [ -70.4129, -4.0514 ], [ -70.4041, -4.0567 ], [ -70.3873, -4.0797 ], [ -70.3693, -4.0954 ], [ -70.3486, -4.108 ], [ -70.28, -4.1199 ], [ -70.2623, -4.1263 ], [ -70.2471, -4.1273 ], [ -70.2338, -4.1217 ], [ -70.2107, -4.1038 ], [ -70.2064, -4.1033 ], [ -70.2023, -4.105 ], [ -70.2004, -4.103 ], [ -70.1973, -4.1079 ], [ -70.1982, -4.1123 ], [ -70.1908, -4.1151 ], [ -70.1865, -4.1207 ], [ -70.1699, -4.1272 ], [ -70.1662, -4.1268 ], [ -70.1607, -4.1236 ], [ -70.156, -4.1177 ], [ -70.1484, -4.096 ], [ -70.1446, -4.0907 ], [ -70.1398, -4.0877 ], [ -70.1335, -4.095 ], [ -70.1268, -4.0992 ], [ -70.0918, -4.1093 ], [ -70.0813, -4.1074 ], [ -70.0674, -4.0981 ], [ -70.0567, -4.0951 ], [ -70.0509, -4.1098 ], [ -70.0341, -4.1344 ], [ -69.9837, -4.1828 ], [ -69.9614, -4.2015 ], [ -69.9522, -4.2138 ], [ -69.949, -4.2333 ], [ -69.9513, -4.2518 ], [ -69.9496, -4.2794 ], [ -69.9515, -4.2874 ], [ -69.9744, -4.3328 ], [ -69.9804, -4.3404 ], [ -69.992, -4.3482 ], [ -70.0121, -4.3491 ], [ -70.0151, -4.3505 ], [ -70.0217, -4.3574 ], [ -70.0272, -4.3704 ], [ -70.0336, -4.3745 ], [ -70.04, -4.3754 ], [ -70.048, -4.371 ], [ -70.0514, -4.3635 ], [ -70.0485, -4.3559 ], [ -70.0403, -4.347 ], [ -70.0402, -4.3415 ], [ -70.043, -4.3322 ], [ -70.052, -4.3249 ], [ -70.0684, -4.323 ], [ -70.0741, -4.3206 ], [ -70.0779, -4.3166 ], [ -70.0791, -4.3121 ], [ -70.0773, -4.307 ], [ -70.0732, -4.3039 ], [ -70.0584, -4.3064 ], [ -70.0486, -4.3051 ], [ -70.0407, -4.2998 ], [ -70.0403, -4.2948 ], [ -70.0451, -4.2915 ], [ -70.0564, -4.295 ], [ -70.0614, -4.2947 ], [ -70.0751, -4.2853 ], [ -70.0894, -4.2888 ], [ -70.096, -4.2878 ], [ -70.0999, -4.2834 ], [ -70.0998, -4.271 ], [ -70.1013, -4.2639 ], [ -70.1067, -4.2567 ], [ -70.1121, -4.2567 ], [ -70.115, -4.2598 ], [ -70.1153, -4.2624 ], [ -70.1133, -4.2773 ], [ -70.1153, -4.281 ], [ -70.121, -4.2854 ], [ -70.1267, -4.2857 ], [ -70.1301, -4.2842 ], [ -70.1395, -4.2758 ], [ -70.1451, -4.2727 ], [ -70.1516, -4.2721 ], [ -70.1564, -4.2747 ], [ -70.162, -4.2908 ], [ -70.1689, -4.299 ], [ -70.1706, -4.3052 ], [ -70.1685, -4.3105 ], [ -70.1521, -4.3213 ], [ -70.1526, -4.33 ], [ -70.1559, -4.3327 ], [ -70.17, -4.3332 ], [ -70.1748, -4.3349 ], [ -70.1774, -4.3398 ], [ -70.178, -4.349 ], [ -70.1808, -4.3554 ], [ -70.1864, -4.36 ], [ -70.1963, -4.3603 ], [ -70.2003, -4.3569 ], [ -70.2004, -4.3436 ], [ -70.2031, -4.3274 ], [ -70.2119, -4.3128 ], [ -70.2117, -4.3028 ], [ -70.2138, -4.2984 ], [ -70.2178, -4.2993 ], [ -70.2179, -4.3092 ], [ -70.2196, -4.3144 ], [ -70.2254, -4.317 ], [ -70.26, -4.3086 ], [ -70.2655, -4.3031 ], [ -70.2681, -4.2958 ], [ -70.2665, -4.2939 ], [ -70.2562, -4.2921 ], [ -70.2473, -4.2868 ], [ -70.245, -4.2794 ], [ -70.2484, -4.2728 ], [ -70.2522, -4.2712 ], [ -70.2581, -4.2717 ], [ -70.2801, -4.2857 ], [ -70.2898, -4.288 ], [ -70.2912, -4.2858 ], [ -70.2846, -4.279 ], [ -70.2843, -4.2725 ], [ -70.2865, -4.2704 ], [ -70.2959, -4.267 ], [ -70.3074, -4.2585 ], [ -70.3094, -4.2535 ], [ -70.3081, -4.2473 ], [ -70.3007, -4.2413 ], [ -70.2823, -4.2359 ], [ -70.2792, -4.2327 ], [ -70.2785, -4.2289 ], [ -70.2801, -4.2181 ], [ -70.2876, -4.1988 ], [ -70.2877, -4.1805 ], [ -70.2857, -4.1723 ], [ -70.2866, -4.1674 ], [ -70.2939, -4.1593 ], [ -70.3033, -4.1588 ], [ -70.3083, -4.1568 ], [ -70.3197, -4.1434 ], [ -70.3239, -4.1424 ], [ -70.3283, -4.1453 ], [ -70.3296, -4.1494 ], [ -70.3276, -4.1683 ], [ -70.3318, -4.1765 ], [ -70.3385, -4.1791 ], [ -70.3464, -4.1758 ], [ -70.355, -4.167 ], [ -70.3619, -4.1554 ], [ -70.3666, -4.1427 ], [ -70.3768, -4.135 ], [ -70.3825, -4.1336 ], [ -70.3987, -4.1374 ], [ -70.4197, -4.135 ], [ -70.4328, -4.1313 ], [ -70.4393, -4.1345 ], [ -70.4424, -4.1394 ], [ -70.4419, -4.1432 ], [ -70.4333, -4.1531 ], [ -70.4327, -4.1587 ], [ -70.4349, -4.1627 ], [ -70.4403, -4.1635 ], [ -70.4478, -4.1587 ], [ -70.4542, -4.1589 ], [ -70.4591, -4.1727 ], [ -70.4649, -4.1759 ], [ -70.4692, -4.1731 ], [ -70.4761, -4.1615 ], [ -70.4798, -4.1599 ], [ -70.4852, -4.1608 ], [ -70.4889, -4.1663 ], [ -70.4927, -4.1916 ], [ -70.5, -4.1988 ], [ -70.5056, -4.1991 ], [ -70.512, -4.1961 ], [ -70.5141, -4.1908 ], [ -70.5036, -4.1688 ], [ -70.5032, -4.1619 ], [ -70.5082, -4.1512 ], [ -70.5234, -4.1364 ], [ -70.526, -4.1361 ], [ -70.532, -4.1446 ], [ -70.5356, -4.1454 ], [ -70.5464, -4.1372 ], [ -70.5511, -4.1363 ], [ -70.5527, -4.137 ], [ -70.5531, -4.141 ], [ -70.5429, -4.148 ], [ -70.541, -4.1548 ], [ -70.5433, -4.1585 ], [ -70.554, -4.1615 ], [ -70.5577, -4.1653 ], [ -70.5587, -4.1708 ], [ -70.5526, -4.1887 ], [ -70.5554, -4.2016 ], [ -70.5621, -4.2091 ], [ -70.5719, -4.2113 ], [ -70.5755, -4.2081 ], [ -70.575, -4.2029 ], [ -70.5636, -4.1867 ], [ -70.5621, -4.1807 ], [ -70.5645, -4.1741 ], [ -70.5682, -4.1725 ], [ -70.5731, -4.1735 ], [ -70.5862, -4.1852 ], [ -70.6008, -4.188 ], [ -70.6162, -4.1935 ], [ -70.6221, -4.1921 ], [ -70.6311, -4.1836 ], [ -70.6352, -4.1735 ], [ -70.6248, -4.1496 ], [ -70.6203, -4.1432 ], [ -70.6173, -4.1339 ], [ -70.6174, -4.1292 ], [ -70.6225, -4.1264 ], [ -70.6446, -4.1269 ], [ -70.648, -4.1303 ], [ -70.6502, -4.1368 ], [ -70.6502, -4.1641 ], [ -70.6535, -4.1627 ], [ -70.6567, -4.1512 ], [ -70.6606, -4.1448 ], [ -70.6665, -4.1424 ], [ -70.6699, -4.1444 ], [ -70.6701, -4.1496 ], [ -70.6659, -4.1623 ], [ -70.6668, -4.1702 ], [ -70.672, -4.1944 ], [ -70.6756, -4.2012 ], [ -70.6823, -4.2069 ], [ -70.6851, -4.2055 ], [ -70.6865, -4.194 ], [ -70.6904, -4.1882 ], [ -70.7016, -4.1865 ], [ -70.7147, -4.188 ], [ -70.7239, -4.186 ], [ -70.7364, -4.175 ], [ -70.747, -4.1612 ], [ -70.7513, -4.1591 ], [ -70.7578, -4.1585 ], [ -70.7688, -4.1634 ], [ -70.7867, -4.1854 ], [ -70.7926, -4.1859 ], [ -70.7976, -4.1819 ], [ -70.801, -4.1818 ], [ -70.803, -4.185 ], [ -70.8043, -4.1932 ], [ -70.8191, -4.1987 ], [ -70.8256, -4.2119 ], [ -70.8432, -4.2171 ], [ -70.8462, -4.2204 ], [ -70.8474, -4.2249 ], [ -70.8468, -4.2287 ], [ -70.8446, -4.2308 ], [ -70.8398, -4.2302 ], [ -70.833, -4.2227 ], [ -70.8261, -4.2193 ], [ -70.8217, -4.2195 ], [ -70.8175, -4.2226 ], [ -70.8162, -4.2251 ], [ -70.8168, -4.2294 ], [ -70.825, -4.2372 ], [ -70.8295, -4.25 ], [ -70.8344, -4.2541 ], [ -70.8398, -4.2545 ], [ -70.851, -4.247 ], [ -70.858, -4.2468 ], [ -70.8639, -4.2506 ], [ -70.8651, -4.2542 ], [ -70.862, -4.2614 ], [ -70.8562, -4.2677 ], [ -70.8469, -4.2722 ], [ -70.8455, -4.2763 ], [ -70.8463, -4.2794 ], [ -70.8485, -4.2813 ], [ -70.8598, -4.2836 ], [ -70.8645, -4.2872 ], [ -70.8766, -4.2915 ], [ -70.88, -4.2995 ], [ -70.876, -4.3136 ], [ -70.8764, -4.3216 ], [ -70.8808, -4.3247 ], [ -70.8927, -4.3228 ], [ -70.9001, -4.3259 ], [ -70.9048, -4.3336 ], [ -70.9118, -4.3559 ], [ -70.9154, -4.36 ], [ -70.9186, -4.3598 ], [ -70.9273, -4.354 ], [ -70.9335, -4.3561 ], [ -70.9363, -4.3697 ], [ -70.9342, -4.3777 ], [ -70.9357, -4.3818 ], [ -70.938, -4.3831 ], [ -70.9483, -4.376 ], [ -70.9601, -4.3792 ], [ -70.969, -4.3776 ], [ -70.9713, -4.3755 ], [ -70.9731, -4.3618 ], [ -70.9754, -4.3568 ], [ -70.9862, -4.3473 ], [ -70.9945, -4.3448 ], [ -70.9974, -4.3458 ], [ -70.9985, -4.3492 ], [ -70.9882, -4.3619 ], [ -70.9879, -4.3766 ], [ -70.9902, -4.3815 ], [ -70.9965, -4.3858 ], [ -71.0065, -4.386 ], [ -71.0179, -4.38 ], [ -71.0198, -4.381 ], [ -71.0214, -4.3878 ], [ -71.0255, -4.3919 ], [ -71.0347, -4.3985 ], [ -71.04, -4.3992 ], [ -71.0438, -4.3965 ], [ -71.0459, -4.391 ], [ -71.0427, -4.3772 ], [ -71.0435, -4.3728 ], [ -71.0476, -4.3681 ], [ -71.0507, -4.3675 ], [ -71.0547, -4.3708 ], [ -71.0551, -4.3816 ], [ -71.057, -4.3858 ], [ -71.0636, -4.39 ], [ -71.0784, -4.3944 ], [ -71.0826, -4.3905 ], [ -71.0766, -4.3814 ], [ -71.0774, -4.3742 ], [ -71.0827, -4.3717 ], [ -71.091, -4.3725 ], [ -71.1058, -4.3763 ], [ -71.1081, -4.3787 ], [ -71.1089, -4.3837 ], [ -71.1062, -4.3994 ], [ -71.1093, -4.4061 ], [ -71.115, -4.4081 ], [ -71.1207, -4.4047 ], [ -71.1294, -4.389 ], [ -71.1411, -4.3813 ], [ -71.1476, -4.3808 ], [ -71.1506, -4.3826 ], [ -71.1514, -4.3859 ], [ -71.1475, -4.3974 ], [ -71.1498, -4.4023 ], [ -71.1522, -4.4036 ], [ -71.1561, -4.4023 ], [ -71.1561, -4.3947 ], [ -71.1578, -4.3912 ], [ -71.161, -4.3908 ], [ -71.1682, -4.3938 ], [ -71.1819, -4.3939 ], [ -71.1847, -4.3964 ], [ -71.186, -4.4004 ], [ -71.1847, -4.4092 ], [ -71.1861, -4.4166 ], [ -71.1903, -4.4215 ], [ -71.1937, -4.4231 ], [ -71.1988, -4.4202 ], [ -71.2014, -4.4098 ], [ -71.2061, -4.3996 ], [ -71.2055, -4.3966 ], [ -71.198, -4.3864 ], [ -71.1981, -4.3821 ], [ -71.2014, -4.3782 ], [ -71.213, -4.3766 ], [ -71.2154, -4.3785 ], [ -71.2183, -4.3878 ], [ -71.2181, -4.4026 ], [ -71.2224, -4.4062 ], [ -71.2275, -4.4045 ], [ -71.2253, -4.3889 ], [ -71.2303, -4.3831 ], [ -71.2338, -4.3827 ], [ -71.2397, -4.388 ], [ -71.2459, -4.3905 ], [ -71.2615, -4.3841 ], [ -71.2692, -4.3838 ], [ -71.2747, -4.3862 ], [ -71.2785, -4.3901 ], [ -71.2796, -4.3969 ], [ -71.2765, -4.3991 ], [ -71.2669, -4.3925 ], [ -71.2607, -4.3942 ], [ -71.2598, -4.3976 ], [ -71.2664, -4.405 ], [ -71.2678, -4.409 ], [ -71.2609, -4.4251 ], [ -71.2632, -4.4292 ], [ -71.2748, -4.4385 ], [ -71.2812, -4.4412 ], [ -71.2885, -4.4402 ], [ -71.2943, -4.4358 ], [ -71.3047, -4.4171 ], [ -71.3115, -4.4142 ], [ -71.3159, -4.415 ], [ -71.3191, -4.4178 ], [ -71.3192, -4.4262 ], [ -71.3041, -4.4396 ], [ -71.3009, -4.4444 ], [ -71.3014, -4.4519 ], [ -71.3082, -4.4623 ], [ -71.3108, -4.4614 ], [ -71.3101, -4.4502 ], [ -71.3135, -4.4427 ], [ -71.3203, -4.44 ], [ -71.3403, -4.4402 ], [ -71.3417, -4.4287 ], [ -71.3459, -4.4255 ], [ -71.3498, -4.4268 ], [ -71.3571, -4.4329 ], [ -71.3606, -4.4336 ], [ -71.3646, -4.4329 ], [ -71.3785, -4.4242 ], [ -71.3833, -4.4242 ], [ -71.3906, -4.4272 ], [ -71.3969, -4.433 ], [ -71.4004, -4.4438 ], [ -71.4092, -4.4487 ], [ -71.4164, -4.4623 ], [ -71.4336, -4.476 ], [ -71.4368, -4.4748 ], [ -71.4379, -4.4708 ], [ -71.4282, -4.4695 ], [ -71.426, -4.4662 ], [ -71.4268, -4.4638 ], [ -71.4328, -4.4586 ], [ -71.4333, -4.454 ], [ -71.4309, -4.4467 ], [ -71.4273, -4.4433 ], [ -71.4176, -4.4423 ], [ -71.4133, -4.4403 ], [ -71.411, -4.4379 ], [ -71.4123, -4.4354 ], [ -71.4227, -4.4373 ], [ -71.4319, -4.4279 ], [ -71.4363, -4.4277 ], [ -71.4387, -4.4314 ], [ -71.433, -4.4439 ], [ -71.435, -4.4482 ], [ -71.4382, -4.4491 ], [ -71.4472, -4.4482 ], [ -71.4512, -4.4455 ], [ -71.4516, -4.4422 ], [ -71.4492, -4.4349 ], [ -71.4509, -4.4317 ], [ -71.4538, -4.4322 ], [ -71.4576, -4.4373 ], [ -71.4615, -4.4392 ], [ -71.4663, -4.4381 ], [ -71.4742, -4.4332 ], [ -71.4777, -4.4335 ], [ -71.4792, -4.436 ], [ -71.4767, -4.4445 ], [ -71.477, -4.45 ], [ -71.4798, -4.4553 ], [ -71.4826, -4.4566 ], [ -71.4867, -4.4555 ], [ -71.5018, -4.4393 ], [ -71.5069, -4.4373 ], [ -71.5099, -4.4417 ], [ -71.5059, -4.4499 ], [ -71.5066, -4.4577 ], [ -71.4988, -4.4639 ], [ -71.4928, -4.4744 ], [ -71.4924, -4.4802 ], [ -71.494, -4.4852 ], [ -71.4971, -4.4857 ], [ -71.5046, -4.4762 ], [ -71.5162, -4.4716 ], [ -71.5176, -4.4686 ], [ -71.5159, -4.4633 ], [ -71.5174, -4.4612 ], [ -71.5253, -4.465 ], [ -71.5323, -4.4627 ], [ -71.5373, -4.4631 ], [ -71.5396, -4.4682 ], [ -71.5352, -4.4772 ], [ -71.5362, -4.4817 ], [ -71.5388, -4.4822 ], [ -71.546, -4.4767 ], [ -71.5539, -4.4762 ], [ -71.5584, -4.4776 ], [ -71.5593, -4.4811 ], [ -71.5528, -4.4821 ], [ -71.5507, -4.4856 ], [ -71.5606, -4.4917 ], [ -71.5669, -4.5058 ], [ -71.5944, -4.5268 ], [ -71.6028, -4.5285 ], [ -71.6189, -4.527 ], [ -71.6263, -4.5217 ], [ -71.6335, -4.5123 ], [ -71.6336, -4.5079 ], [ -71.627, -4.5063 ], [ -71.6205, -4.5013 ], [ -71.6125, -4.4829 ], [ -71.6108, -4.4708 ], [ -71.6136, -4.4675 ], [ -71.6162, -4.467 ], [ -71.6213, -4.4691 ], [ -71.6272, -4.476 ], [ -71.6235, -4.4854 ], [ -71.6247, -4.4889 ], [ -71.6336, -4.4928 ], [ -71.6404, -4.4988 ], [ -71.6479, -4.5027 ], [ -71.6503, -4.5014 ], [ -71.6466, -4.4806 ], [ -71.6497, -4.4741 ], [ -71.6543, -4.4711 ], [ -71.6584, -4.4717 ], [ -71.6605, -4.4747 ], [ -71.6558, -4.4818 ], [ -71.654, -4.4876 ], [ -71.655, -4.4964 ], [ -71.6579, -4.5009 ], [ -71.672, -4.5058 ], [ -71.6756, -4.4999 ], [ -71.6882, -4.497 ], [ -71.6926, -4.4989 ], [ -71.7004, -4.5068 ], [ -71.7068, -4.5099 ], [ -71.7159, -4.5053 ], [ -71.7222, -4.4981 ], [ -71.7333, -4.4972 ], [ -71.7369, -4.4956 ], [ -71.7394, -4.491 ], [ -71.7397, -4.4816 ], [ -71.7439, -4.4719 ], [ -71.7507, -4.4674 ], [ -71.7535, -4.4698 ], [ -71.748, -4.4783 ], [ -71.749, -4.4913 ], [ -71.7529, -4.4965 ], [ -71.7676, -4.5037 ], [ -71.7696, -4.5024 ], [ -71.7691, -4.4928 ], [ -71.7714, -4.4886 ], [ -71.7759, -4.485 ], [ -71.7853, -4.4823 ], [ -71.7885, -4.4842 ], [ -71.7887, -4.4861 ], [ -71.7827, -4.4926 ], [ -71.7834, -4.4966 ], [ -71.7924, -4.4952 ], [ -71.7935, -4.492 ], [ -71.7924, -4.4861 ], [ -71.7938, -4.4837 ], [ -71.7986, -4.4882 ], [ -71.8103, -4.4929 ], [ -71.8105, -4.4945 ], [ -71.8055, -4.5002 ], [ -71.8065, -4.5044 ], [ -71.8137, -4.5011 ], [ -71.8196, -4.5009 ], [ -71.8275, -4.4956 ], [ -71.8321, -4.4958 ], [ -71.8337, -4.4976 ], [ -71.8333, -4.5001 ], [ -71.827, -4.5065 ], [ -71.8302, -4.5144 ], [ -71.8332, -4.5156 ], [ -71.8349, -4.5145 ], [ -71.8361, -4.5061 ], [ -71.8391, -4.5045 ], [ -71.8433, -4.5077 ], [ -71.8566, -4.5114 ], [ -71.8611, -4.523 ], [ -71.865, -4.5265 ], [ -71.8683, -4.5252 ], [ -71.8724, -4.5187 ], [ -71.8793, -4.5153 ], [ -71.8844, -4.5155 ], [ -71.8839, -4.5209 ], [ -71.8853, -4.5219 ], [ -71.8918, -4.5148 ], [ -71.9064, -4.5152 ], [ -71.9082, -4.5182 ], [ -71.9072, -4.5204 ], [ -71.9012, -4.5229 ], [ -71.8942, -4.5222 ], [ -71.8861, -4.5295 ], [ -71.8846, -4.5371 ], [ -71.8871, -4.5391 ], [ -71.8901, -4.539 ], [ -71.8939, -4.5317 ], [ -71.8976, -4.5292 ], [ -71.9098, -4.5302 ], [ -71.9182, -4.5289 ], [ -71.9213, -4.5366 ], [ -71.9184, -4.5398 ], [ -71.9244, -4.5433 ], [ -71.9268, -4.5473 ], [ -71.9213, -4.5519 ], [ -71.9191, -4.5634 ], [ -71.9212, -4.5641 ], [ -71.9269, -4.5608 ], [ -71.9305, -4.5617 ], [ -71.9319, -4.5646 ], [ -71.9276, -4.5677 ], [ -71.9272, -4.5701 ], [ -71.9344, -4.5782 ], [ -71.9456, -4.5775 ], [ -71.95, -4.5803 ], [ -71.9498, -4.5852 ], [ -71.9426, -4.5947 ], [ -71.948, -4.5966 ], [ -71.9504, -4.5991 ], [ -71.9504, -4.602 ], [ -71.9467, -4.6056 ], [ -71.9465, -4.6078 ], [ -71.9547, -4.6091 ], [ -71.9595, -4.605 ], [ -71.9652, -4.6113 ], [ -71.9706, -4.6085 ], [ -71.9768, -4.6114 ], [ -71.9797, -4.6098 ], [ -71.9811, -4.6053 ], [ -71.9839, -4.6035 ], [ -71.9937, -4.609 ], [ -71.9952, -4.6122 ], [ -71.9939, -4.6142 ], [ -71.9879, -4.6122 ], [ -71.9857, -4.6132 ], [ -71.9854, -4.6185 ], [ -71.9817, -4.6224 ], [ -71.9812, -4.626 ], [ -71.9832, -4.6276 ], [ -71.9901, -4.626 ], [ -72.0022, -4.6291 ], [ -72.0049, -4.6344 ], [ -72.0041, -4.6427 ], [ -72.006, -4.6453 ], [ -72.0126, -4.6395 ], [ -72.0155, -4.6311 ], [ -72.0424, -4.6229 ], [ -72.0426, -4.6273 ], [ -72.0369, -4.6384 ], [ -72.0379, -4.6428 ], [ -72.0459, -4.6444 ], [ -72.0447, -4.6508 ], [ -72.0464, -4.6542 ], [ -72.0495, -4.6539 ], [ -72.0544, -4.6497 ], [ -72.0581, -4.6494 ], [ -72.0682, -4.6592 ], [ -72.0678, -4.6614 ], [ -72.0599, -4.6677 ], [ -72.0597, -4.6734 ], [ -72.0625, -4.676 ], [ -72.065, -4.6761 ], [ -72.0672, -4.6668 ], [ -72.0708, -4.6629 ], [ -72.0803, -4.6687 ], [ -72.0819, -4.6735 ], [ -72.0764, -4.6777 ], [ -72.0774, -4.6812 ], [ -72.0823, -4.6838 ], [ -72.0894, -4.6811 ], [ -72.0906, -4.6897 ], [ -72.0985, -4.6973 ], [ -72.1013, -4.7055 ], [ -72.104, -4.7067 ], [ -72.1132, -4.7058 ], [ -72.1146, -4.7084 ], [ -72.1127, -4.712 ], [ -72.1187, -4.7114 ], [ -72.1247, -4.7158 ], [ -72.1251, -4.7185 ], [ -72.1205, -4.7264 ], [ -72.1218, -4.7305 ], [ -72.1251, -4.7336 ], [ -72.1297, -4.7353 ], [ -72.1331, -4.7333 ], [ -72.1334, -4.7288 ], [ -72.1273, -4.7225 ], [ -72.1321, -4.7198 ], [ -72.1382, -4.7121 ], [ -72.1404, -4.7115 ], [ -72.1467, -4.7239 ], [ -72.1545, -4.7254 ], [ -72.1615, -4.7288 ], [ -72.1593, -4.7353 ], [ -72.1719, -4.7339 ], [ -72.1932, -4.7458 ], [ -72.1936, -4.7472 ], [ -72.1894, -4.7478 ], [ -72.1874, -4.7505 ], [ -72.1924, -4.7629 ], [ -72.195, -4.763 ], [ -72.1958, -4.7616 ], [ -72.1925, -4.7563 ], [ -72.1994, -4.7581 ], [ -72.2016, -4.7517 ], [ -72.2093, -4.7475 ], [ -72.2115, -4.753 ], [ -72.2188, -4.7531 ], [ -72.2219, -4.7551 ], [ -72.2206, -4.7587 ], [ -72.2147, -4.7581 ], [ -72.2125, -4.7594 ], [ -72.2127, -4.7632 ], [ -72.2151, -4.767 ], [ -72.2221, -4.7721 ], [ -72.2244, -4.7717 ], [ -72.2266, -4.7685 ], [ -72.2286, -4.7688 ], [ -72.2292, -4.7757 ], [ -72.2365, -4.7755 ], [ -72.2435, -4.7814 ], [ -72.2473, -4.7784 ], [ -72.2499, -4.7666 ], [ -72.253, -4.7649 ], [ -72.2557, -4.7655 ], [ -72.2579, -4.7694 ], [ -72.258, -4.7753 ], [ -72.2614, -4.7808 ], [ -72.2551, -4.7856 ], [ -72.2539, -4.7905 ], [ -72.2551, -4.7921 ], [ -72.2608, -4.7864 ], [ -72.2644, -4.7858 ], [ -72.2668, -4.7881 ], [ -72.2696, -4.7976 ], [ -72.2829, -4.7973 ], [ -72.2835, -4.7939 ], [ -72.2766, -4.7889 ], [ -72.2768, -4.773 ], [ -72.2797, -4.7709 ], [ -72.2818, -4.7822 ], [ -72.2833, -4.7834 ], [ -72.2953, -4.7765 ], [ -72.3014, -4.7754 ], [ -72.3045, -4.7891 ], [ -72.3065, -4.7904 ], [ -72.3108, -4.7887 ], [ -72.3132, -4.7857 ], [ -72.3086, -4.7799 ], [ -72.3087, -4.7765 ], [ -72.3105, -4.7744 ], [ -72.328, -4.781 ], [ -72.329, -4.7842 ], [ -72.3274, -4.787 ], [ -72.3197, -4.7886 ], [ -72.323, -4.7965 ], [ -72.3219, -4.8094 ], [ -72.3249, -4.8132 ], [ -72.3262, -4.8107 ], [ -72.3234, -4.8052 ], [ -72.3253, -4.8017 ], [ -72.3387, -4.8045 ], [ -72.336, -4.7967 ], [ -72.3378, -4.7935 ], [ -72.3419, -4.7949 ], [ -72.3428, -4.8039 ], [ -72.3448, -4.8067 ], [ -72.3514, -4.8052 ], [ -72.3569, -4.8058 ], [ -72.3625, -4.8033 ], [ -72.3681, -4.8029 ], [ -72.3714, -4.8055 ], [ -72.3717, -4.8087 ], [ -72.3665, -4.816 ], [ -72.3595, -4.8199 ], [ -72.3588, -4.8234 ], [ -72.3629, -4.8259 ], [ -72.3715, -4.8217 ], [ -72.3793, -4.8234 ], [ -72.3821, -4.825 ], [ -72.3817, -4.8268 ], [ -72.373, -4.8291 ], [ -72.3717, -4.8319 ], [ -72.3841, -4.831 ], [ -72.3894, -4.8343 ], [ -72.3878, -4.8363 ], [ -72.3786, -4.8348 ], [ -72.3753, -4.8376 ], [ -72.3758, -4.8402 ], [ -72.381, -4.8448 ], [ -72.3837, -4.8496 ], [ -72.3837, -4.8547 ], [ -72.3803, -4.8585 ], [ -72.3897, -4.8618 ], [ -72.3882, -4.8655 ], [ -72.3813, -4.8693 ], [ -72.382, -4.873 ], [ -72.3859, -4.8742 ], [ -72.3905, -4.8687 ], [ -72.3938, -4.8722 ], [ -72.3992, -4.8738 ], [ -72.402, -4.8779 ], [ -72.4015, -4.8855 ], [ -72.4061, -4.8887 ], [ -72.4102, -4.8857 ], [ -72.4108, -4.8789 ], [ -72.4124, -4.8764 ], [ -72.4168, -4.8743 ], [ -72.4219, -4.876 ], [ -72.4234, -4.8781 ], [ -72.423, -4.8814 ], [ -72.415, -4.8871 ], [ -72.4181, -4.8924 ], [ -72.4147, -4.8997 ], [ -72.4157, -4.901 ], [ -72.4202, -4.8995 ], [ -72.4283, -4.9015 ], [ -72.43, -4.9041 ], [ -72.4299, -4.9099 ], [ -72.4312, -4.9109 ], [ -72.4385, -4.9087 ], [ -72.4412, -4.8996 ], [ -72.443, -4.8982 ], [ -72.4547, -4.9008 ], [ -72.4553, -4.8985 ], [ -72.4531, -4.8935 ], [ -72.4545, -4.8915 ], [ -72.4604, -4.8936 ], [ -72.4704, -4.8911 ], [ -72.4711, -4.8935 ], [ -72.4672, -4.8971 ], [ -72.4692, -4.9053 ], [ -72.4632, -4.9027 ], [ -72.4623, -4.9097 ], [ -72.4549, -4.911 ], [ -72.4522, -4.9128 ], [ -72.4513, -4.9157 ], [ -72.4568, -4.9172 ], [ -72.4584, -4.9242 ], [ -72.4699, -4.9221 ], [ -72.4737, -4.9246 ], [ -72.4772, -4.9314 ], [ -72.4739, -4.9404 ], [ -72.482, -4.9508 ], [ -72.4855, -4.9518 ], [ -72.488, -4.9503 ], [ -72.4842, -4.9404 ], [ -72.4848, -4.937 ], [ -72.4877, -4.9334 ], [ -72.4921, -4.9346 ], [ -72.4952, -4.9439 ], [ -72.495, -4.9485 ], [ -72.4968, -4.95 ], [ -72.5067, -4.9451 ], [ -72.5035, -4.9387 ], [ -72.5049, -4.9358 ], [ -72.509, -4.9378 ], [ -72.5212, -4.9329 ], [ -72.5222, -4.9349 ], [ -72.521, -4.9395 ], [ -72.5232, -4.9466 ], [ -72.5213, -4.9575 ], [ -72.5222, -4.96 ], [ -72.524, -4.9592 ], [ -72.525, -4.9544 ], [ -72.5273, -4.9534 ], [ -72.5333, -4.9618 ], [ -72.5388, -4.9641 ], [ -72.5405, -4.9618 ], [ -72.5363, -4.9577 ], [ -72.5369, -4.9537 ], [ -72.5406, -4.953 ], [ -72.5519, -4.9556 ], [ -72.5518, -4.9634 ], [ -72.567, -4.9752 ], [ -72.568, -4.9837 ], [ -72.5739, -4.9834 ], [ -72.5804, -4.9808 ], [ -72.5835, -4.9823 ], [ -72.5827, -4.995 ], [ -72.584, -4.9977 ], [ -72.5874, -4.9978 ], [ -72.5895, -4.9958 ], [ -72.5891, -4.9865 ], [ -72.5946, -4.9829 ], [ -72.5973, -4.9834 ], [ -72.599, -4.9862 ], [ -72.5972, -4.9916 ], [ -72.5978, -4.9949 ], [ -72.6055, -4.993 ], [ -72.6091, -4.9942 ], [ -72.6098, -4.9971 ], [ -72.6085, -4.9986 ], [ -72.6001, -4.9985 ], [ -72.5985, -5.0011 ], [ -72.6019, -5.0048 ], [ -72.6022, -5.0116 ], [ -72.6093, -5.0136 ], [ -72.6122, -5.0166 ], [ -72.6061, -5.0304 ], [ -72.6111, -5.0309 ], [ -72.6171, -5.036 ], [ -72.6173, -5.0454 ], [ -72.6212, -5.0518 ], [ -72.6235, -5.0508 ], [ -72.6239, -5.0424 ], [ -72.6288, -5.0384 ], [ -72.6307, -5.0398 ], [ -72.6277, -5.045 ], [ -72.6284, -5.0509 ], [ -72.6331, -5.0581 ], [ -72.6414, -5.063 ], [ -72.6432, -5.0611 ], [ -72.6382, -5.0531 ], [ -72.642, -5.045 ], [ -72.6459, -5.0491 ], [ -72.6524, -5.0515 ], [ -72.6522, -5.06 ], [ -72.6574, -5.0636 ], [ -72.6603, -5.0614 ], [ -72.6577, -5.0577 ], [ -72.6575, -5.0545 ], [ -72.6595, -5.0539 ], [ -72.6626, -5.0588 ], [ -72.666, -5.0591 ], [ -72.669, -5.0488 ], [ -72.6708, -5.0473 ], [ -72.6718, -5.052 ], [ -72.6834, -5.0516 ], [ -72.6877, -5.059 ], [ -72.6925, -5.0609 ], [ -72.6989, -5.0577 ], [ -72.709, -5.0484 ], [ -72.7112, -5.0488 ], [ -72.7126, -5.0552 ], [ -72.7152, -5.0575 ], [ -72.7205, -5.0567 ], [ -72.7276, -5.052 ], [ -72.7291, -5.0536 ], [ -72.7256, -5.0582 ], [ -72.7262, -5.0617 ], [ -72.7341, -5.0593 ], [ -72.7376, -5.0612 ], [ -72.737, -5.0676 ], [ -72.7307, -5.0693 ], [ -72.7299, -5.0744 ], [ -72.7316, -5.0773 ], [ -72.736, -5.0748 ], [ -72.7381, -5.0755 ], [ -72.7381, -5.0837 ], [ -72.7399, -5.0886 ], [ -72.7435, -5.0876 ], [ -72.7548, -5.0767 ], [ -72.7564, -5.0766 ], [ -72.7564, -5.0826 ], [ -72.7633, -5.0866 ], [ -72.7606, -5.0896 ], [ -72.7605, -5.0924 ], [ -72.768, -5.0992 ], [ -72.7719, -5.0989 ], [ -72.7801, -5.092 ], [ -72.7842, -5.0933 ], [ -72.7842, -5.0953 ], [ -72.7791, -5.102 ], [ -72.7828, -5.1058 ], [ -72.7841, -5.1125 ], [ -72.7859, -5.1134 ], [ -72.7884, -5.1117 ], [ -72.7905, -5.1058 ], [ -72.7927, -5.1058 ], [ -72.7965, -5.1098 ], [ -72.801, -5.1114 ], [ -72.8062, -5.1098 ], [ -72.8146, -5.1022 ], [ -72.8183, -5.1028 ], [ -72.8197, -5.1064 ], [ -72.816, -5.1152 ], [ -72.8175, -5.124 ], [ -72.813, -5.1347 ], [ -72.8167, -5.1396 ], [ -72.8198, -5.1328 ], [ -72.8239, -5.1325 ], [ -72.8246, -5.1352 ], [ -72.8218, -5.1413 ], [ -72.8235, -5.144 ], [ -72.8273, -5.1441 ], [ -72.8336, -5.1385 ], [ -72.8368, -5.1436 ], [ -72.8425, -5.1432 ], [ -72.8501, -5.1458 ], [ -72.8512, -5.1438 ], [ -72.8483, -5.1381 ], [ -72.8493, -5.136 ], [ -72.855, -5.1387 ], [ -72.8672, -5.1338 ], [ -72.8769, -5.1288 ], [ -72.8829, -5.1221 ], [ -72.8998, -5.1235 ], [ -72.9076, -5.1224 ], [ -72.9128, -5.1199 ], [ -72.9198, -5.1138 ], [ -72.9364, -5.1043 ], [ -72.9464, -5.0953 ], [ -72.9523, -5.0881 ], [ -72.9574, -5.078 ], [ -72.9767, -5.0644 ], [ -72.9849, -5.0526 ], [ -72.9879, -5.053 ], [ -72.9939, -5.0589 ], [ -73.0033, -5.0576 ], [ -73.0149, -5.0542 ], [ -73.0269, -5.0477 ], [ -73.0539, -5.0372 ], [ -73.0711, -5.021 ], [ -73.0981, -5.0008 ], [ -73.1143, -4.9978 ], [ -73.1699, -4.998 ], [ -73.1845, -4.9939 ], [ -73.2136, -4.9797 ], [ -73.2362, -4.9706 ], [ -73.1643, -4.8801 ], [ -73.1217, -4.8085 ], [ -73.1022, -4.7898 ], [ -73.1033, -4.7797 ], [ -73.1112, -4.7553 ], [ -73.1257, -4.7198 ], [ -73.1285, -4.7084 ], [ -73.1294, -4.6955 ], [ -73.0633, -4.6697 ], [ -73.0352, -4.6325 ], [ -73.035, -4.5541 ], [ -73.0308, -4.5388 ], [ -73.0258, -4.5296 ], [ -73.0147, -4.5153 ], [ -73.0068, -4.5079 ], [ -72.9698, -4.4881 ], [ -72.956, -4.4755 ], [ -72.9347, -4.4671 ], [ -72.9057, -4.4681 ], [ -72.882, -4.487 ], [ -72.86, -4.486 ], [ -72.8403, -4.4945 ], [ -72.8226, -4.4981 ], [ -72.8114, -4.4985 ], [ -72.7958, -4.4962 ], [ -72.7879, -4.4924 ], [ -72.7834, -4.4885 ], [ -72.7657, -4.4461 ], [ -72.7578, -4.4144 ], [ -72.7566, -4.3827 ], [ -72.6722, -4.3986 ], [ -72.6351, -4.3991 ], [ -72.6327, -4.3978 ], [ -72.6032, -4.3588 ], [ -72.6029, -4.3552 ], [ -72.6286, -4.3037 ], [ -72.605, -4.3017 ], [ -72.5808, -4.3035 ], [ -72.5718, -4.298 ], [ -72.5619, -4.2948 ], [ -72.5398, -4.2939 ], [ -72.5358, -4.2951 ], [ -72.5032, -4.3185 ], [ -72.498, -4.3194 ], [ -72.4818, -4.2933 ], [ -72.3878, -4.2085 ], [ -72.3887, -4.2033 ], [ -72.429, -4.1798 ], [ -72.4345, -4.1721 ], [ -72.4367, -4.1615 ], [ -72.4272, -4.1328 ], [ -72.4258, -4.1191 ], [ -72.4244, -4.1161 ], [ -72.409, -4.1011 ], [ -72.411, -4.091 ], [ -72.4039, -4.0866 ], [ -72.3956, -4.0572 ], [ -72.3865, -4.0507 ], [ -72.3833, -4.0428 ], [ -72.3746, -4.0487 ], [ -72.368, -4.0494 ], [ -72.3528, -4.0475 ], [ -72.3171, -4.0384 ], [ -72.1995, -4.0277 ], [ -72.1568, -4.0246 ], [ -72.1133, -4.0273 ], [ -72.0775, -4.0416 ], [ -72.0445, -4.0594 ], [ -72.0132, -4.0881 ], [ -72.0059, -4.0929 ], [ -71.9974, -4.0964 ], [ -71.9785, -4.0991 ], [ -71.9577, -4.109 ], [ -71.946, -4.1169 ], [ -71.9088, -4.1482 ], [ -71.8829, -4.1628 ], [ -71.868, -4.1639 ], [ -71.854, -4.1601 ], [ -71.8341, -4.1586 ], [ -71.8198, -4.1605 ], [ -71.8012, -4.1592 ], [ -71.7888, -4.156 ], [ -71.7714, -4.1545 ], [ -71.7608, -4.1506 ], [ -71.7401, -4.1362 ], [ -71.7329, -4.1332 ], [ -71.7235, -4.1312 ], [ -71.7205, -4.133 ], [ -71.7123, -4.1315 ], [ -71.6809, -4.1464 ], [ -71.674, -4.1474 ], [ -71.6624, -4.1454 ], [ -71.6272, -4.1582 ], [ -71.6213, -4.158 ], [ -71.6144, -4.1535 ], [ -71.6075, -4.1525 ], [ -71.5911, -4.1535 ], [ -71.5499, -4.1714 ], [ -71.5151, -4.1964 ], [ -71.5052, -4.2002 ], [ -71.4609, -4.2067 ], [ -71.4472, -4.2124 ], [ -71.4291, -4.2226 ], [ -71.4165, -4.2251 ], [ -71.3962, -4.2358 ], [ -71.3732, -4.2442 ], [ -71.3193, -4.2482 ], [ -71.2993, -4.2453 ], [ -71.2703, -4.2477 ], [ -71.2649, -4.245 ], [ -71.2465, -4.2287 ], [ -71.2278, -4.2221 ], [ -71.2091, -4.2197 ], [ -71.1836, -4.2042 ], [ -71.1756, -4.2013 ], [ -71.1592, -4.1997 ], [ -71.1255, -4.2005 ], [ -71.1196, -4.1986 ], [ -71.1128, -4.1936 ], [ -71.0935, -4.1882 ], [ -71.0837, -4.1816 ], [ -71.0721, -4.1774 ], [ -71.0489, -4.1811 ], [ -71.0389, -4.1776 ], [ -71.0228, -4.1766 ], [ -71.0098, -4.1734 ], [ -70.9861, -4.1715 ], [ -70.9804, -4.1696 ], [ -70.9508, -4.1552 ], [ -70.9253, -4.1472 ], [ -70.9069, -4.1396 ], [ -70.8848, -4.1215 ], [ -70.8588, -4.1103 ], [ -70.8512, -4.1049 ], [ -70.8301, -4.0831 ], [ -70.816, -4.0774 ], [ -70.794, -4.0743 ], [ -70.7866, -4.0697 ], [ -70.7439, -4.0307 ], [ -70.7303, -4.0262 ], [ -70.708, -4.0295 ], [ -70.694, -4.0258 ], [ -70.6833, -4.0208 ], [ -70.6755, -4.0197 ] ] ] } },
{ "type": "Feature", "properties": { "ubigeo_inei": "060902" }, "geometry": { "type": "Polygon", "coordinates": [ [ [ -78.911, -5.191 ], [ -78.9037, -5.1928 ], [ -78.8988, -5.1922 ], [ -78.9004, -5.1999 ], [ -78.8985, -5.2054 ], [ -78.894, -5.2096 ], [ -78.8923, -5.2174 ], [ -78.8897, -5.2201 ], [ -78.8862, -5.2211 ], [ -78.874, -5.2307 ], [ -78.8701, -5.2309 ], [ -78.8652, -5.2344 ], [ -78.86, -5.2331 ], [ -78.8542, -5.2391 ], [ -78.8457, -5.2387 ], [ -78.8425, -5.2432 ], [ -78.8388, -5.2428 ], [ -78.8355, -5.2456 ], [ -78.831, -5.2466 ], [ -78.8229, -5.2556 ], [ -78.8154, -5.2561 ], [ -78.8129, -5.2579 ], [ -78.815, -5.2646 ], [ -78.8114, -5.2685 ], [ -78.8092, -5.2749 ], [ -78.8082, -5.2803 ], [ -78.81, -5.2871 ], [ -78.8065, -5.289 ], [ -78.8127, -5.2989 ], [ -78.812, -5.3037 ], [ -78.805, -5.3061 ], [ -78.7973, -5.3124 ], [ -78.7975, -5.3209 ], [ -78.793, -5.3273 ], [ -78.7945, -5.3365 ], [ -78.7895, -5.3428 ], [ -78.7874, -5.3546 ], [ -78.7788, -5.3689 ], [ -78.7679, -5.3702 ], [ -78.7608, -5.3741 ], [ -78.7663, -5.3777 ], [ -78.7731, -5.3878 ], [ -78.7779, -5.3915 ], [ -78.7803, -5.4001 ], [ -78.7784, -5.4115 ], [ -78.7836, -5.4209 ], [ -78.7836, -5.426 ], [ -78.7867, -5.4285 ], [ -78.8037, -5.4327 ], [ -78.8094, -5.4386 ], [ -78.8189, -5.4378 ], [ -78.8279, -5.4438 ], [ -78.8324, -5.4439 ], [ -78.835, -5.4394 ], [ -78.8478, -5.4295 ], [ -78.8476, -5.4201 ], [ -78.8426, -5.4024 ], [ -78.8498, -5.3919 ], [ -78.8543, -5.3907 ], [ -78.8537, -5.3815 ], [ -78.8551, -5.3773 ], [ -78.868, -5.3733 ], [ -78.8713, -5.374 ], [ -78.8769, -5.3713 ], [ -78.8798, -5.3642 ], [ -78.8825, -5.3637 ], [ -78.8826, -5.3619 ], [ -78.8875, -5.3578 ], [ -78.8882, -5.3549 ], [ -78.891, -5.3527 ], [ -78.8906, -5.3501 ], [ -78.8953, -5.347 ], [ -78.897, -5.3411 ], [ -78.9042, -5.3338 ], [ -78.9054, -5.3345 ], [ -78.908, -5.3324 ], [ -78.9164, -5.3332 ], [ -78.9206, -5.3291 ], [ -78.9269, -5.3263 ], [ -78.934, -5.3287 ], [ -78.9413, -5.3272 ], [ -78.9501, -5.3284 ], [ -78.9507, -5.327 ], [ -78.9614, -5.3237 ], [ -78.9873, -5.3294 ], [ -78.9951, -5.3268 ], [ -78.9996, -5.323 ], [ -78.9962, -5.3091 ], [ -79.0024, -5.3031 ], [ -79.0054, -5.2982 ], [ -79.0059, -5.2932 ], [ -79.0106, -5.2906 ], [ -79.0152, -5.2851 ], [ -79.0166, -5.2815 ], [ -79.0149, -5.2781 ], [ -79.0158, -5.2681 ], [ -79.0084, -5.2646 ], [ -79.0044, -5.2546 ], [ -78.999, -5.25 ], [ -78.9888, -5.2481 ], [ -78.9825, -5.2493 ], [ -78.9704, -5.2389 ], [ -78.9615, -5.239 ], [ -78.96, -5.2376 ], [ -78.9548, -5.2294 ], [ -78.9523, -5.2205 ], [ -78.9527, -5.2149 ], [ -78.9506, -5.2129 ], [ -78.951, -5.2093 ], [ -78.9424, -5.2005 ], [ -78.9319, -5.1984 ], [ -78.9245, -5.1998 ], [ -78.9148, -5.1916 ], [ -78.911, -5.191 ] ] ] } },
{ "type": "Feature", "properties": { "ubigeo_inei": "060702" }, "geometry": { "type": "Polygon", "coordinates": [ [ [ -78.7435, -6.6265 ], [ -78.7295, -6.6331 ], [ -78.7216, -6.6292 ], [ -78.718, -6.6338 ], [ -78.7139, -6.6345 ], [ -78.7101, -6.6413 ], [ -78.705, -6.6417 ], [ -78.686, -6.6521 ], [ -78.6773, -6.6598 ], [ -78.6585, -6.6638 ], [ -78.6553, -6.6704 ], [ -78.656, -6.678 ], [ -78.654, -6.6805 ], [ -78.6518, -6.6807 ], [ -78.6507, -6.6902 ], [ -78.6569, -6.6951 ], [ -78.6592, -6.7002 ], [ -78.6647, -6.7011 ], [ -78.6658, -6.7054 ], [ -78.654, -6.7206 ], [ -78.6545, -6.725 ], [ -78.6617, -6.7276 ], [ -78.667, -6.7272 ], [ -78.6714, -6.7351 ], [ -78.6791, -6.7408 ], [ -78.6825, -6.7406 ], [ -78.6845, -6.7436 ], [ -78.689, -6.7461 ], [ -78.6907, -6.7437 ], [ -78.6942, -6.7428 ], [ -78.7032, -6.751 ], [ -78.7064, -6.7508 ], [ -78.7184, -6.7397 ], [ -78.7221, -6.7342 ], [ -78.7223, -6.7276 ], [ -78.7254, -6.7236 ], [ -78.7254, -6.7147 ], [ -78.7303, -6.7131 ], [ -78.74, -6.7044 ], [ -78.7441, -6.6982 ], [ -78.745, -6.6941 ], [ -78.753, -6.6838 ], [ -78.7574, -6.6719 ], [ -78.7695, -6.6511 ], [ -78.7675, -6.6459 ], [ -78.7608, -6.6406 ], [ -78.7583, -6.6323 ], [ -78.7528, -6.6323 ], [ -78.7435, -6.6265 ] ] ] } },
{ "type": "Feature", "properties": { "ubigeo_inei": "200406" }, "geometry": { "type": "Polygon", "coordinates": [ [ [ -79.8259, -5.2633 ], [ -79.828, -5.2683 ], [ -79.8298, -5.2867 ], [ -79.8193, -5.2916 ], [ -79.8156, -5.3037 ], [ -79.8188, -5.3108 ], [ -79.8141, -5.3234 ], [ -79.808, -5.3279 ], [ -79.8027, -5.3358 ], [ -79.7942, -5.3407 ], [ -79.7875, -5.3418 ], [ -79.7831, -5.3408 ], [ -79.7739, -5.3458 ], [ -79.7652, -5.345 ], [ -79.7611, -5.3515 ], [ -79.7599, -5.3603 ], [ -79.7519, -5.3602 ], [ -79.7486, -5.3619 ], [ -79.746, -5.3675 ], [ -79.7359, -5.3718 ], [ -79.7326, -5.3751 ], [ -79.733, -5.379 ], [ -79.7404, -5.3809 ], [ -79.7461, -5.3913 ], [ -79.7648, -5.4038 ], [ -79.7641, -5.4095 ], [ -79.7677, -5.4163 ], [ -79.7686, -5.425 ], [ -79.7604, -5.4401 ], [ -79.7486, -5.4468 ], [ -79.741, -5.447 ], [ -79.7337, -5.444 ], [ -79.7192, -5.4546 ], [ -79.691, -5.459 ], [ -79.6778, -5.4645 ], [ -79.669, -5.4716 ], [ -79.6611, -5.4724 ], [ -79.6547, -5.4701 ], [ -79.649, -5.4739 ], [ -79.6445, -5.475 ], [ -79.6425, -5.4841 ], [ -79.6475, -5.4895 ], [ -79.6517, -5.5005 ], [ -79.6487, -5.5071 ], [ -79.6505, -5.5224 ], [ -79.6558, -5.5228 ], [ -79.6588, -5.5249 ], [ -79.6616, -5.5321 ], [ -79.6669, -5.5314 ], [ -79.6691, -5.5288 ], [ -79.6724, -5.5282 ], [ -79.6824, -5.5309 ], [ -79.6846, -5.5292 ], [ -79.6842, -5.5252 ], [ -79.6866, -5.5212 ], [ -79.6897, -5.5198 ], [ -79.7046, -5.5034 ], [ -79.7118, -5.4993 ], [ -79.7169, -5.486 ], [ -79.7251, -5.4794 ], [ -79.7296, -5.4735 ], [ -79.7304, -5.4843 ], [ -79.7347, -5.4925 ], [ -79.7348, -5.5005 ], [ -79.7376, -5.5096 ], [ -79.7419, -5.5158 ], [ -79.7492, -5.5196 ], [ -79.7505, -5.5241 ], [ -79.7571, -5.5308 ], [ -79.757, -5.5389 ], [ -79.7583, -5.541 ], [ -79.7651, -5.5453 ], [ -79.7732, -5.5539 ], [ -79.777, -5.5619 ], [ -79.7867, -5.5632 ], [ -79.8007, -5.5623 ], [ -79.8022, -5.5681 ], [ -79.8103, -5.5747 ], [ -79.8317, -5.6025 ], [ -79.832, -5.6118 ], [ -79.8394, -5.63 ], [ -79.8528, -5.6025 ], [ -79.8539, -5.5982 ], [ -79.8527, -5.5951 ], [ -79.8576, -5.5875 ], [ -79.8601, -5.5753 ], [ -79.8584, -5.5713 ], [ -79.8644, -5.5634 ], [ -79.8646, -5.5578 ], [ -79.8626, -5.5524 ], [ -79.8641, -5.5487 ], [ -79.8617, -5.5415 ], [ -79.854, -5.5307 ], [ -79.8623, -5.5213 ], [ -79.8691, -5.5197 ], [ -79.8723, -5.514 ], [ -79.8775, -5.5096 ], [ -79.879, -5.4993 ], [ -79.8827, -5.4941 ], [ -79.8954, -5.4821 ], [ -79.8984, -5.4804 ], [ -79.9015, -5.481 ], [ -79.9023, -5.4894 ], [ -79.9048, -5.4934 ], [ -79.917, -5.4987 ], [ -79.9231, -5.5052 ], [ -79.9325, -5.5054 ], [ -79.9364, -5.515 ], [ -79.9397, -5.5168 ], [ -79.9459, -5.515 ], [ -79.9565, -5.5064 ], [ -79.9556, -5.4904 ], [ -79.9576, -5.4871 ], [ -79.9556, -5.4821 ], [ -79.9465, -5.4739 ], [ -79.9425, -5.4586 ], [ -79.9435, -5.4446 ], [ -79.9473, -5.4388 ], [ -79.9477, -5.4324 ], [ -79.9469, -5.4298 ], [ -79.9415, -5.4258 ], [ -79.9437, -5.4155 ], [ -79.9392, -5.3889 ], [ -79.9373, -5.385 ], [ -79.9381, -5.3735 ], [ -79.9368, -5.3712 ], [ -79.9312, -5.368 ], [ -79.9281, -5.3628 ], [ -79.9228, -5.3605 ], [ -79.9227, -5.3555 ], [ -79.9178, -5.3522 ], [ -79.9112, -5.3441 ], [ -79.9074, -5.343 ], [ -79.9057, -5.3398 ], [ -79.9002, -5.3412 ], [ -79.8992, -5.34 ], [ -79.8985, -5.3335 ], [ -79.9094, -5.3146 ], [ -79.9086, -5.3021 ], [ -79.9111, -5.2963 ], [ -79.9081, -5.2942 ], [ -79.9014, -5.2933 ], [ -79.897, -5.2852 ], [ -79.8939, -5.2835 ], [ -79.8796, -5.2791 ], [ -79.8706, -5.271 ], [ -79.8662, -5.2645 ], [ -79.8616, -5.2668 ], [ -79.8585, -5.2661 ], [ -79.8532, -5.2679 ], [ -79.8259, -5.2633 ] ] ] } },
{ "type": "Feature", "properties": { "ubigeo_inei": "050802" }, "geometry": { "type": "Polygon", "coordinates": [ [ [ -73.1974, -15.0074 ], [ -73.1784, -15.018 ], [ -73.1577, -15.0138 ], [ -73.1486, -15.0355 ], [ -73.1546, -15.0529 ], [ -73.1569, -15.0568 ], [ -73.1627, -15.0593 ], [ -73.165, -15.0642 ], [ -73.1757, -15.0673 ], [ -73.1833, -15.0762 ], [ -73.1916, -15.0724 ], [ -73.1993, -15.0774 ], [ -73.197, -15.0815 ], [ -73.1859, -15.0876 ], [ -73.181, -15.0967 ], [ -73.1835, -15.1066 ], [ -73.1948, -15.1167 ], [ -73.1971, -15.1222 ], [ -73.1996, -15.1323 ], [ -73.1972, -15.1619 ], [ -73.2027, -15.1596 ], [ -73.2136, -15.1471 ], [ -73.2254, -15.1405 ], [ -73.2312, -15.1531 ], [ -73.2297, -15.1574 ], [ -73.2319, -15.1639 ], [ -73.2393, -15.169 ], [ -73.2455, -15.1823 ], [ -73.2376, -15.192 ], [ -73.2368, -15.2079 ], [ -73.2478, -15.2113 ], [ -73.25, -15.2096 ], [ -73.2554, -15.217 ], [ -73.268, -15.2198 ], [ -73.2737, -15.225 ], [ -73.2815, -15.2251 ], [ -73.2846, -15.2297 ], [ -73.2831, -15.2351 ], [ -73.2861, -15.2415 ], [ -73.2809, -15.2612 ], [ -73.2904, -15.2582 ], [ -73.2964, -15.2591 ], [ -73.2977, -15.2648 ], [ -73.3089, -15.2721 ], [ -73.3159, -15.2689 ], [ -73.3211, -15.2617 ], [ -73.3242, -15.2482 ], [ -73.3218, -15.2382 ], [ -73.3246, -15.2329 ], [ -73.3257, -15.2162 ], [ -73.3236, -15.2119 ], [ -73.3117, -15.2046 ], [ -73.3094, -15.1975 ], [ -73.3156, -15.1878 ], [ -73.3328, -15.1846 ], [ -73.3288, -15.1795 ], [ -73.3307, -15.1765 ], [ -73.3285, -15.1745 ], [ -73.3354, -15.1689 ], [ -73.3387, -15.1556 ], [ -73.3322, -15.1454 ], [ -73.3346, -15.137 ], [ -73.3334, -15.1306 ], [ -73.3301, -15.1256 ], [ -73.3233, -15.1279 ], [ -73.3055, -15.1266 ], [ -73.2872, -15.1144 ], [ -73.2725, -15.1151 ], [ -73.2691, -15.1099 ], [ -73.271, -15.097 ], [ -73.2663, -15.0894 ], [ -73.2687, -15.0752 ], [ -73.2567, -15.0736 ], [ -73.2503, -15.0678 ], [ -73.2518, -15.059 ], [ -73.2563, -15.0557 ], [ -73.2593, -15.0495 ], [ -73.2541, -15.0407 ], [ -73.2516, -15.0306 ], [ -73.2442, -15.0264 ], [ -73.2349, -15.0267 ], [ -73.2277, -15.0204 ], [ -73.2066, -15.0146 ], [ -73.2019, -15.0077 ], [ -73.1974, -15.0074 ] ] ] } },
{ "type": "Feature", "properties": { "ubigeo_inei": "050607" }, "geometry": { "type": "Polygon", "coordinates": [ [ [ -75.0145, -14.0692 ], [ -74.989, -14.075 ], [ -74.9751, -14.0743 ], [ -74.958, -14.0861 ], [ -74.9489, -14.0873 ], [ -74.9436, -14.0949 ], [ -74.9335, -14.0919 ], [ -74.9252, -14.0994 ], [ -74.9079, -14.0922 ], [ -74.901, -14.0972 ], [ -74.8949, -14.1099 ], [ -74.8889, -14.1153 ], [ -74.8919, -14.1219 ], [ -74.8918, -14.1319 ], [ -74.8981, -14.1353 ], [ -74.8934, -14.1419 ], [ -74.8988, -14.1478 ], [ -74.9025, -14.1575 ], [ -74.903, -14.1707 ], [ -74.9133, -14.1798 ], [ -74.9201, -14.1979 ], [ -74.9264, -14.2014 ], [ -74.932, -14.2088 ], [ -74.9395, -14.2115 ], [ -74.9523, -14.2292 ], [ -74.9654, -14.2369 ], [ -74.9703, -14.2454 ], [ -74.977, -14.2477 ], [ -74.9821, -14.2448 ], [ -74.9867, -14.2456 ], [ -74.9975, -14.2611 ], [ -75.0041, -14.2629 ], [ -75.0147, -14.275 ], [ -75.0246, -14.271 ], [ -75.0275, -14.2658 ], [ -75.0322, -14.2657 ], [ -75.0346, -14.2579 ], [ -75.0395, -14.2542 ], [ -75.0551, -14.2552 ], [ -75.066, -14.2516 ], [ -75.0724, -14.2454 ], [ -75.0737, -14.2356 ], [ -75.0882, -14.2309 ], [ -75.0908, -14.2152 ], [ -75.0861, -14.2104 ], [ -75.0807, -14.1952 ], [ -75.0764, -14.1659 ], [ -75.0674, -14.1512 ], [ -75.064, -14.1367 ], [ -75.055, -14.1275 ], [ -75.0546, -14.1152 ], [ -75.0464, -14.107 ], [ -75.0441, -14.1016 ], [ -75.0365, -14.0979 ], [ -75.0295, -14.0807 ], [ -75.0291, -14.0719 ], [ -75.0145, -14.0692 ] ] ] } },
{ "type": "Feature", "properties": { "ubigeo_inei": "051009" }, "geometry": { "type": "Polygon", "coordinates": [ [ [ -74.1316, -13.6791 ], [ -74.1266, -13.681 ], [ -74.1224, -13.6901 ], [ -74.1017, -13.702 ], [ -74.0967, -13.712 ], [ -74.1009, -13.7231 ], [ -74.0983, -13.7317 ], [ -74.1003, -13.7427 ], [ -74.1053, -13.7458 ], [ -74.114, -13.7405 ], [ -74.1224, -13.7414 ], [ -74.126, -13.7603 ], [ -74.1244, -13.7768 ], [ -74.1182, -13.7904 ], [ -74.12, -13.8076 ], [ -74.127, -13.8064 ], [ -74.131, -13.8148 ], [ -74.1453, -13.8173 ], [ -74.1517, -13.8134 ], [ -74.1631, -13.7951 ], [ -74.1741, -13.784 ], [ -74.1788, -13.785 ], [ -74.1804, -13.7905 ], [ -74.1783, -13.7967 ], [ -74.1792, -13.8052 ], [ -74.189, -13.8139 ], [ -74.1964, -13.8114 ], [ -74.2056, -13.8127 ], [ -74.214, -13.8044 ], [ -74.2274, -13.8062 ], [ -74.2258, -13.7998 ], [ -74.2295, -13.7897 ], [ -74.2401, -13.7846 ], [ -74.2541, -13.759 ], [ -74.2409, -13.7548 ], [ -74.2289, -13.7471 ], [ -74.2298, -13.7385 ], [ -74.2347, -13.7353 ], [ -74.2294, -13.7293 ], [ -74.2243, -13.716 ], [ -74.2122, -13.7134 ], [ -74.21, -13.7082 ], [ -74.192, -13.6997 ], [ -74.1809, -13.704 ], [ -74.1725, -13.698 ], [ -74.1704, -13.69 ], [ -74.1572, -13.6826 ], [ -74.1316, -13.6791 ] ] ] } },
{ "type": "Feature", "properties": { "ubigeo_inei": "090604" }, "geometry": { "type": "Polygon", "coordinates": [ [ [ -75.286, -13.5233 ], [ -75.2742, -13.5286 ], [ -75.2458, -13.5239 ], [ -75.2552, -13.5381 ], [ -75.2635, -13.5385 ], [ -75.2703, -13.5428 ], [ -75.2769, -13.538 ], [ -75.2851, -13.5405 ], [ -75.2875, -13.547 ], [ -75.2919, -13.5485 ], [ -75.2981, -13.558 ], [ -75.2991, -13.5656 ], [ -75.3031, -13.5664 ], [ -75.314, -13.5777 ], [ -75.3218, -13.5808 ], [ -75.3196, -13.585 ], [ -75.327, -13.5937 ], [ -75.3422, -13.595 ], [ -75.3611, -13.5904 ], [ -75.3464, -13.5724 ], [ -75.3428, -13.5618 ], [ -75.3358, -13.5543 ], [ -75.3322, -13.5448 ], [ -75.3217, -13.5299 ], [ -75.3137, -13.5254 ], [ -75.303, -13.5273 ], [ -75.3008, -13.5251 ], [ -75.286, -13.5233 ] ] ] } },
{ "type": "Feature", "properties": { "ubigeo_inei": "110101" }, "geometry": { "type": "Polygon", "coordinates": [ [ [ -75.7392, -14.035 ], [ -75.7353, -14.0428 ], [ -75.7288, -14.0428 ], [ -75.7173, -14.0828 ], [ -75.7191, -14.105 ], [ -75.7292, -14.1365 ], [ -75.729, -14.1631 ], [ -75.7347, -14.1639 ], [ -75.7405, -14.17 ], [ -75.742, -14.184 ], [ -75.7466, -14.1905 ], [ -75.7509, -14.1892 ], [ -75.7566, -14.1791 ], [ -75.7647, -14.1806 ], [ -75.7753, -14.1992 ], [ -75.7797, -14.2199 ], [ -75.7947, -14.2347 ], [ -75.7994, -14.2343 ], [ -75.8038, -14.2253 ], [ -75.8095, -14.2234 ], [ -75.828, -14.2424 ], [ -75.8471, -14.2456 ], [ -75.8485, -14.2596 ], [ -75.8627, -14.2672 ], [ -75.8671, -14.2742 ], [ -75.8671, -14.2776 ], [ -75.8621, -14.2795 ], [ -75.8658, -14.2955 ], [ -75.8713, -14.3007 ], [ -75.8931, -14.3097 ], [ -75.9026, -14.3186 ], [ -75.9031, -14.325 ], [ -75.8937, -14.329 ], [ -75.8913, -14.3364 ], [ -75.8969, -14.3453 ], [ -75.8961, -14.3506 ], [ -75.907, -14.3588 ], [ -75.9088, -14.3856 ], [ -75.9294, -14.4028 ], [ -75.9336, -14.4183 ], [ -75.9334, -14.4388 ], [ -75.9415, -14.4474 ], [ -75.9474, -14.4495 ], [ -75.9459, -14.4628 ], [ -75.9592, -14.4718 ], [ -75.9664, -14.4901 ], [ -75.9692, -14.4832 ], [ -75.9723, -14.4815 ], [ -75.9723, -14.4705 ], [ -75.9771, -14.4648 ], [ -75.9891, -14.4557 ], [ -76.0094, -14.4465 ], [ -76.016, -14.4367 ], [ -76.0367, -14.4261 ], [ -76.0234, -14.4053 ], [ -76.0132, -14.4037 ], [ -76.0038, -14.3918 ], [ -76.0039, -14.3689 ], [ -75.9883, -14.345 ], [ -75.9885, -14.3392 ], [ -75.9822, -14.3254 ], [ -75.981, -14.3106 ], [ -75.9841, -14.2996 ], [ -75.9901, -14.2936 ], [ -76.0075, -14.2874 ], [ -76.0175, -14.2785 ], [ -76.0214, -14.271 ], [ -76.0304, -14.2771 ], [ -76.039, -14.2729 ], [ -76.0465, -14.265 ], [ -76.0542, -14.2502 ], [ -76.0713, -14.2336 ], [ -76.0723, -14.229 ], [ -76.0691, -14.2211 ], [ -76.0711, -14.2037 ], [ -76.0579, -14.1822 ], [ -76.0482, -14.159 ], [ -76.0218, -14.1245 ], [ -76.021, -14.1161 ], [ -76.0266, -14.1082 ], [ -76.0075, -14.1074 ], [ -75.995, -14.1164 ], [ -75.9825, -14.1174 ], [ -75.9765, -14.1093 ], [ -75.9578, -14.1069 ], [ -75.9494, -14.1023 ], [ -75.9386, -14.0909 ], [ -75.9278, -14.0708 ], [ -75.921, -14.0643 ], [ -75.9032, -14.066 ], [ -75.8944, -14.0743 ], [ -75.8824, -14.0759 ], [ -75.8757, -14.0756 ], [ -75.85, -14.0658 ], [ -75.8259, -14.0706 ], [ -75.82, -14.0649 ], [ -75.799, -14.0558 ], [ -75.7642, -14.0458 ], [ -75.7563, -14.0475 ], [ -75.7392, -14.035 ] ] ] } },
{ "type": "Feature", "properties": { "ubigeo_inei": "230302" }, "geometry": { "type": "Polygon", "coordinates": [ [ [ -70.5725, -17.1941 ], [ -70.4543, -17.3006 ], [ -70.4528, -17.3203 ], [ -70.4403, -17.3353 ], [ -70.4353, -17.3347 ], [ -70.3634, -17.3744 ], [ -70.3783, -17.3843 ], [ -70.3901, -17.3858 ], [ -70.4026, -17.3959 ], [ -70.4057, -17.4 ], [ -70.4042, -17.4085 ], [ -70.4, -17.4218 ], [ -70.3504, -17.4499 ], [ -70.3441, -17.4571 ], [ -70.3458, -17.4607 ], [ -70.361, -17.4618 ], [ -70.3735, -17.4596 ], [ -70.3855, -17.4614 ], [ -70.3923, -17.4643 ], [ -70.404, -17.4778 ], [ -70.4154, -17.4785 ], [ -70.421, -17.4837 ], [ -70.429, -17.4839 ], [ -70.4341, -17.5 ], [ -70.4435, -17.5079 ], [ -70.4468, -17.5159 ], [ -70.5089, -17.5453 ], [ -70.5206, -17.5448 ], [ -70.5341, -17.5345 ], [ -70.5482, -17.5383 ], [ -70.558, -17.5365 ], [ -70.6036, -17.5672 ], [ -70.6245, -17.5735 ], [ -70.6339, -17.5705 ], [ -70.6464, -17.5542 ], [ -70.6495, -17.5533 ], [ -70.6511, -17.5417 ], [ -70.6476, -17.5297 ], [ -70.6398, -17.5203 ], [ -70.6404, -17.507 ], [ -70.6315, -17.4954 ], [ -70.6334, -17.4829 ], [ -70.6297, -17.4697 ], [ -70.6325, -17.4657 ], [ -70.629, -17.4554 ], [ -70.6584, -17.4649 ], [ -70.6688, -17.4583 ], [ -70.6833, -17.4532 ], [ -70.6864, -17.4428 ], [ -70.7036, -17.4377 ], [ -70.734, -17.4556 ], [ -70.755, -17.4641 ], [ -70.7621, -17.4719 ], [ -70.7658, -17.4685 ], [ -70.7877, -17.4603 ], [ -70.7785, -17.4493 ], [ -70.7707, -17.4483 ], [ -70.7636, -17.4405 ], [ -70.7546, -17.4376 ], [ -70.7511, -17.4224 ], [ -70.7367, -17.4083 ], [ -70.7356, -17.4012 ], [ -70.7427, -17.3963 ], [ -70.7445, -17.3904 ], [ -70.7487, -17.388 ], [ -70.7524, -17.3806 ], [ -70.7467, -17.3514 ], [ -70.7339, -17.3232 ], [ -70.7183, -17.3085 ], [ -70.7163, -17.3024 ], [ -70.7057, -17.2912 ], [ -70.7132, -17.286 ], [ -70.7159, -17.2736 ], [ -70.7139, -17.2704 ], [ -70.7043, -17.2672 ], [ -70.7012, -17.2546 ], [ -70.693, -17.2412 ], [ -70.6883, -17.2396 ], [ -70.6837, -17.2238 ], [ -70.6711, -17.2198 ], [ -70.6664, -17.2142 ], [ -70.6511, -17.2092 ], [ -70.6335, -17.2108 ], [ -70.63, -17.214 ], [ -70.6175, -17.2088 ], [ -70.61, -17.2145 ], [ -70.5814, -17.2017 ], [ -70.5725, -17.1941 ] ] ] } },
{ "type": "Feature", "properties": { "ubigeo_inei": "230109" }, "geometry": { "type": "Polygon", "coordinates": [ [ [ -70.7154, -17.7783 ], [ -70.5935, -17.8041 ], [ -70.4237, -17.8898 ], [ -70.4818, -17.9482 ], [ -70.5114, -17.9672 ], [ -70.5348, -17.9972 ], [ -70.5456, -18.0205 ], [ -70.5855, -18.0641 ], [ -70.6386, -18.0717 ], [ -70.6342, -18.0819 ], [ -70.6216, -18.0967 ], [ -70.6132, -18.1484 ], [ -70.5965, -18.1589 ], [ -70.5957, -18.1792 ], [ -70.5993, -18.1803 ], [ -70.6034, -18.1865 ], [ -70.6047, -18.2011 ], [ -70.6795, -18.1618 ], [ -70.6878, -18.1528 ], [ -70.6936, -18.1506 ], [ -70.7018, -18.1403 ], [ -70.7086, -18.1381 ], [ -70.7094, -18.1318 ], [ -70.7172, -18.1237 ], [ -70.7256, -18.1184 ], [ -70.7296, -18.1187 ], [ -70.7271, -18.1178 ], [ -70.7302, -18.1147 ], [ -70.7286, -18.1122 ], [ -70.73, -18.1083 ], [ -70.7393, -18.0996 ], [ -70.7426, -18.0995 ], [ -70.7468, -18.094 ], [ -70.7535, -18.0923 ], [ -70.7519, -18.0885 ], [ -70.7595, -18.0822 ], [ -70.7606, -18.0787 ], [ -70.7631, -18.0798 ], [ -70.7773, -18.0709 ], [ -70.7794, -18.0657 ], [ -70.7999, -18.0521 ], [ -70.8117, -18.0502 ], [ -70.8102, -18.0453 ], [ -70.8132, -18.0405 ], [ -70.8236, -18.0348 ], [ -70.8426, -18.0324 ], [ -70.8492, -18.0264 ], [ -70.8553, -18.0271 ], [ -70.8645, -18.0188 ], [ -70.8703, -18.0199 ], [ -70.872, -18.0154 ], [ -70.879, -18.015 ], [ -70.8852, -18.0067 ], [ -70.8877, -18.0093 ], [ -70.8893, -18.0038 ], [ -70.8826, -17.994 ], [ -70.8901, -17.9797 ], [ -70.8895, -17.9765 ], [ -70.8802, -17.9728 ], [ -70.8735, -17.9729 ], [ -70.8633, -17.9668 ], [ -70.8496, -17.9444 ], [ -70.8487, -17.9314 ], [ -70.8415, -17.9259 ], [ -70.8393, -17.9115 ], [ -70.8287, -17.9059 ], [ -70.8229, -17.8939 ], [ -70.8068, -17.8896 ], [ -70.8, -17.8722 ], [ -70.7948, -17.8685 ], [ -70.7905, -17.8578 ], [ -70.7642, -17.829 ], [ -70.7601, -17.8182 ], [ -70.7333, -17.7941 ], [ -70.7293, -17.7851 ], [ -70.7154, -17.7783 ] ] ] } },
{ "type": "Feature", "properties": { "ubigeo_inei": "040115" }, "geometry": { "type": "Polygon", "coordinates": [ [ [ -71.4965, -16.5177 ], [ -71.4835, -16.5173 ], [ -71.478, -16.5229 ], [ -71.4629, -16.5219 ], [ -71.4567, -16.5179 ], [ -71.4406, -16.5223 ], [ -71.437, -16.5278 ], [ -71.4249, -16.5311 ], [ -71.4185, -16.5368 ], [ -71.4193, -16.5462 ], [ -71.4119, -16.5474 ], [ -71.4052, -16.5441 ], [ -71.3991, -16.5441 ], [ -71.3909, -16.5501 ], [ -71.3999, -16.5682 ], [ -71.41, -16.5718 ], [ -71.4318, -16.5639 ], [ -71.4508, -16.565 ], [ -71.4683, -16.5539 ], [ -71.4694, -16.5497 ], [ -71.4766, -16.5421 ], [ -71.4898, -16.5363 ], [ -71.4896, -16.5253 ], [ -71.4936, -16.5241 ], [ -71.4927, -16.52 ], [ -71.4965, -16.5177 ] ] ] } },
{ "type": "Feature", "properties": { "ubigeo_inei": "040203" }, "geometry": { "type": "Polygon", "coordinates": [ [ [ -73.2332, -15.8741 ], [ -73.2211, -15.8781 ], [ -73.2168, -15.8765 ], [ -73.2091, -15.8836 ], [ -73.1992, -15.8837 ], [ -73.1894, -15.8962 ], [ -73.1887, -15.9045 ], [ -73.1715, -15.9155 ], [ -73.1676, -15.9267 ], [ -73.1669, -15.9377 ], [ -73.1612, -15.9474 ], [ -73.1613, -15.9596 ], [ -73.1538, -15.9702 ], [ -73.1512, -15.9797 ], [ -73.1556, -15.989 ], [ -73.1681, -15.992 ], [ -73.1763, -16.0005 ], [ -73.1753, -16.0069 ], [ -73.1701, -16.0108 ], [ -73.1645, -16.0201 ], [ -73.1395, -16.0056 ], [ -73.1237, -16.0131 ], [ -73.1183, -15.9982 ], [ -73.1115, -15.9939 ], [ -73.108, -15.9885 ], [ -73.0984, -15.9974 ], [ -73.09, -16.0004 ], [ -73.0884, -16.0079 ], [ -73.0768, -16.0097 ], [ -73.0664, -16.0182 ], [ -73.0568, -16.0159 ], [ -73.041, -16.0179 ], [ -73.0312, -16.0155 ], [ -73.0194, -16.0194 ], [ -72.9979, -16.0193 ], [ -72.9854, -16.0226 ], [ -72.989, -16.0301 ], [ -72.9951, -16.0358 ], [ -72.9971, -16.047 ], [ -73.0112, -16.0688 ], [ -73.0126, -16.0883 ], [ -73.0217, -16.0981 ], [ -73.0229, -16.1102 ], [ -73.0286, -16.1142 ], [ -73.0345, -16.1315 ], [ -73.0337, -16.1347 ], [ -73.0388, -16.1415 ], [ -73.0386, -16.162 ], [ -73.044, -16.1701 ], [ -73.0432, -16.1759 ], [ -73.0623, -16.1834 ], [ -73.0798, -16.1851 ], [ -73.0877, -16.1887 ], [ -73.0927, -16.1944 ], [ -73.1064, -16.201 ], [ -73.1109, -16.2108 ], [ -73.131, -16.2327 ], [ -73.1512, -16.2306 ], [ -73.1619, -16.2372 ], [ -73.1704, -16.237 ], [ -73.1837, -16.2309 ], [ -73.1897, -16.2223 ], [ -73.1998, -16.2195 ], [ -73.1981, -16.206 ], [ -73.2049, -16.1862 ], [ -73.2038, -16.1753 ], [ -73.2072, -16.169 ], [ -73.2032, -16.153 ], [ -73.21, -16.1452 ], [ -73.222, -16.1192 ], [ -73.2226, -16.0826 ], [ -73.2248, -16.0763 ], [ -73.2235, -16.065 ], [ -73.2271, -16.0586 ], [ -73.2311, -16.0566 ], [ -73.23, -16.0507 ], [ -73.2346, -16.0362 ], [ -73.2322, -16.0343 ], [ -73.2321, -16.0282 ], [ -73.2406, -16.0 ], [ -73.2352, -15.996 ], [ -73.2268, -15.9963 ], [ -73.2209, -15.9912 ], [ -73.2255, -15.9837 ], [ -73.2233, -15.962 ], [ -73.2299, -15.9531 ], [ -73.2252, -15.9267 ], [ -73.2292, -15.9243 ], [ -73.2296, -15.9157 ], [ -73.2354, -15.9079 ], [ -73.233, -15.891 ], [ -73.2293, -15.884 ], [ -73.2332, -15.8741 ] ] ] } },
{ "type": "Feature", "properties": { "ubigeo_inei": "040308" }, "geometry": { "type": "Polygon", "coordinates": [ [ [ -73.8499, -15.5578 ], [ -73.8415, -15.5655 ], [ -73.8465, -15.578 ], [ -73.8434, -15.5829 ], [ -73.8462, -15.5903 ], [ -73.8424, -15.6037 ], [ -73.8503, -15.61 ], [ -73.8523, -15.6262 ], [ -73.851, -15.6367 ], [ -73.8617, -15.6641 ], [ -73.8615, -15.6696 ], [ -73.8549, -15.6766 ], [ -73.8481, -15.6734 ], [ -73.8381, -15.6749 ], [ -73.8221, -15.6889 ], [ -73.7953, -15.6822 ], [ -73.7844, -15.6893 ], [ -73.767, -15.6901 ], [ -73.7645, -15.6933 ], [ -73.7417, -15.6682 ], [ -73.7342, -15.6882 ], [ -73.7339, -15.7025 ], [ -73.7373, -15.7089 ], [ -73.7304, -15.7197 ], [ -73.7346, -15.7274 ], [ -73.7345, -15.7351 ], [ -73.7279, -15.7494 ], [ -73.7105, -15.7611 ], [ -73.7094, -15.7741 ], [ -73.7121, -15.7839 ], [ -73.7196, -15.7827 ], [ -73.7247, -15.7864 ], [ -73.725, -15.7915 ], [ -73.7202, -15.8 ], [ -73.7233, -15.8045 ], [ -73.7369, -15.8052 ], [ -73.7394, -15.8043 ], [ -73.7421, -15.798 ], [ -73.7564, -15.7942 ], [ -73.7671, -15.7942 ], [ -73.783, -15.8163 ], [ -73.7898, -15.8183 ], [ -73.7893, -15.8309 ], [ -73.7975, -15.8335 ], [ -73.8042, -15.8428 ], [ -73.801, -15.8727 ], [ -73.811, -15.8847 ], [ -73.8129, -15.8986 ], [ -73.819, -15.9139 ], [ -73.8243, -15.9197 ], [ -73.8238, -15.9236 ], [ -73.8293, -15.9298 ], [ -73.8457, -15.9762 ], [ -73.8684, -16.0 ], [ -73.8816, -16.0184 ], [ -73.8835, -16.029 ], [ -73.879, -16.034 ], [ -73.8829, -16.0399 ], [ -73.8763, -16.048 ], [ -73.8776, -16.0544 ], [ -73.874, -16.0648 ], [ -73.876, -16.0684 ], [ -73.8857, -16.067 ], [ -73.8936, -16.0811 ], [ -73.9017, -16.1036 ], [ -73.9237, -16.0924 ], [ -73.931, -16.0851 ], [ -73.9363, -16.0841 ], [ -73.9505, -16.0742 ], [ -73.953, -16.0751 ], [ -73.9591, -16.0608 ], [ -73.9751, -16.0525 ], [ -73.9794, -16.053 ], [ -73.9796, -16.0469 ], [ -73.9896, -16.0391 ], [ -73.9937, -16.0387 ], [ -73.9986, -16.0422 ], [ -74.0075, -16.0338 ], [ -74.0181, -16.0366 ], [ -74.0205, -16.0258 ], [ -74.0252, -16.0249 ], [ -74.0267, -16.0199 ], [ -74.0332, -16.0176 ], [ -74.0324, -16.0088 ], [ -74.026, -16.0014 ], [ -74.0249, -15.994 ], [ -74.0365, -15.973 ], [ -74.0423, -15.9691 ], [ -74.0425, -15.9642 ], [ -74.0522, -15.956 ], [ -74.175, -15.897 ], [ -74.1862, -15.8929 ], [ -74.2022, -15.8914 ], [ -74.2029, -15.8896 ], [ -74.2071, -15.8907 ], [ -74.2096, -15.8879 ], [ -74.2051, -15.8827 ], [ -74.2043, -15.8758 ], [ -74.1949, -15.8596 ], [ -74.1913, -15.8475 ], [ -74.1912, -15.8375 ], [ -74.1875, -15.8382 ], [ -74.1811, -15.8464 ], [ -74.1498, -15.8414 ], [ -74.1333, -15.8305 ], [ -74.1263, -15.814 ], [ -74.1154, -15.8072 ], [ -74.1174, -15.7967 ], [ -74.1148, -15.7911 ], [ -74.1172, -15.7871 ], [ -74.1164, -15.7838 ], [ -74.1074, -15.7691 ], [ -74.0984, -15.7657 ], [ -74.1015, -15.762 ], [ -74.1006, -15.7558 ], [ -74.0908, -15.7477 ], [ -74.0849, -15.7269 ], [ -74.0809, -15.721 ], [ -74.0757, -15.7181 ], [ -74.0713, -15.6946 ], [ -74.069, -15.6895 ], [ -74.0649, -15.6871 ], [ -74.064, -15.6802 ], [ -74.0577, -15.6719 ], [ -74.0571, -15.6663 ], [ -74.0417, -15.659 ], [ -74.041, -15.6534 ], [ -74.0359, -15.6477 ], [ -74.0239, -15.6477 ], [ -74.006, -15.6416 ], [ -73.994, -15.6425 ], [ -73.9734, -15.633 ], [ -73.9504, -15.6275 ], [ -73.9368, -15.6167 ], [ -73.932, -15.6103 ], [ -73.933, -15.6051 ], [ -73.9294, -15.602 ], [ -73.9067, -15.6027 ], [ -73.893, -15.5939 ], [ -73.8888, -15.5878 ], [ -73.877, -15.5877 ], [ -73.8724, -15.583 ], [ -73.87, -15.5751 ], [ -73.872, -15.5714 ], [ -73.8677, -15.5605 ], [ -73.8642, -15.5589 ], [ -73.8571, -15.5607 ], [ -73.8499, -15.5578 ] ] ] } },
{ "type": "Feature", "properties": { "ubigeo_inei": "040111" }, "geometry": { "type": "Polygon", "coordinates": [ [ [ -71.4638, -16.4811 ], [ -71.4534, -16.4844 ], [ -71.4507, -16.4947 ], [ -71.4341, -16.5058 ], [ -71.4313, -16.5178 ], [ -71.4249, -16.5311 ], [ -71.437, -16.5278 ], [ -71.4406, -16.5223 ], [ -71.4567, -16.5179 ], [ -71.4629, -16.5219 ], [ -71.478, -16.5229 ], [ -71.4835, -16.5173 ], [ -71.5027, -16.5163 ], [ -71.5099, -16.5131 ], [ -71.5134, -16.5065 ], [ -71.5166, -16.506 ], [ -71.5168, -16.502 ], [ -71.5247, -16.4917 ], [ -71.5279, -16.4912 ], [ -71.5298, -16.4853 ], [ -71.5228, -16.4902 ], [ -71.5071, -16.4926 ], [ -71.5027, -16.4885 ], [ -71.4908, -16.485 ], [ -71.4719, -16.4854 ], [ -71.4638, -16.4811 ] ] ] } },
{ "type": "Feature", "properties": { "ubigeo_inei": "090611" }, "geometry": { "type": "Polygon", "coordinates": [ [ [ -75.0918, -13.5919 ], [ -75.0841, -13.6023 ], [ -75.0725, -13.6059 ], [ -75.0715, -13.6158 ], [ -75.075, -13.6242 ], [ -75.0723, -13.6279 ], [ -75.0739, -13.6321 ], [ -75.0717, -13.6384 ], [ -75.0739, -13.6429 ], [ -75.0726, -13.6505 ], [ -75.053, -13.6663 ], [ -75.0496, -13.6817 ], [ -75.0386, -13.6808 ], [ -75.0345, -13.6832 ], [ -75.026, -13.6797 ], [ -75.0231, -13.6858 ], [ -75.0134, -13.692 ], [ -75.0095, -13.7082 ], [ -75.021, -13.7152 ], [ -75.0254, -13.7206 ], [ -75.0409, -13.7199 ], [ -75.0559, -13.73 ], [ -75.0636, -13.7251 ], [ -75.0886, -13.72 ], [ -75.0979, -13.7091 ], [ -75.1129, -13.7317 ], [ -75.1226, -13.726 ], [ -75.1324, -13.7285 ], [ -75.1317, -13.7343 ], [ -75.1396, -13.7397 ], [ -75.1396, -13.7513 ], [ -75.1434, -13.7573 ], [ -75.1571, -13.7591 ], [ -75.1777, -13.785 ], [ -75.1847, -13.7869 ], [ -75.1915, -13.7827 ], [ -75.1972, -13.7747 ], [ -75.2023, -13.7745 ], [ -75.2073, -13.7778 ], [ -75.2154, -13.7924 ], [ -75.2383, -13.7993 ], [ -75.2514, -13.8103 ], [ -75.2536, -13.8153 ], [ -75.2595, -13.8146 ], [ -75.2644, -13.8095 ], [ -75.2784, -13.8093 ], [ -75.2885, -13.8019 ], [ -75.3065, -13.8075 ], [ -75.3148, -13.8055 ], [ -75.3275, -13.7975 ], [ -75.3309, -13.7989 ], [ -75.343, -13.7953 ], [ -75.3603, -13.7975 ], [ -75.3663, -13.7939 ], [ -75.3719, -13.7941 ], [ -75.3836, -13.7863 ], [ -75.3932, -13.7852 ], [ -75.3787, -13.7786 ], [ -75.3537, -13.7767 ], [ -75.3439, -13.773 ], [ -75.3393, -13.7747 ], [ -75.3337, -13.769 ], [ -75.3214, -13.7679 ], [ -75.3167, -13.7608 ], [ -75.3098, -13.7634 ], [ -75.2973, -13.7599 ], [ -75.2945, -13.761 ], [ -75.2861, -13.7541 ], [ -75.2628, -13.7623 ], [ -75.2453, -13.7591 ], [ -75.2314, -13.7615 ], [ -75.2275, -13.7587 ], [ -75.2239, -13.7614 ], [ -75.2111, -13.7598 ], [ -75.2019, -13.7549 ], [ -75.183, -13.7565 ], [ -75.171, -13.7499 ], [ -75.1657, -13.7456 ], [ -75.1649, -13.7365 ], [ -75.1537, -13.7375 ], [ -75.1501, -13.734 ], [ -75.1469, -13.7249 ], [ -75.1436, -13.7231 ], [ -75.1449, -13.7114 ], [ -75.1471, -13.7087 ], [ -75.1452, -13.702 ], [ -75.1309, -13.6923 ], [ -75.1247, -13.6769 ], [ -75.1194, -13.6723 ], [ -75.1214, -13.6662 ], [ -75.1103, -13.6534 ], [ -75.1062, -13.6327 ], [ -75.1065, -13.6195 ], [ -75.1088, -13.6145 ], [ -75.1078, -13.6105 ], [ -75.1048, -13.609 ], [ -75.1063, -13.6016 ], [ -75.0947, -13.5969 ], [ -75.0918, -13.5919 ] ] ] } },
{ "type": "Feature", "properties": { "ubigeo_inei": "080107" }, "geometry": { "type": "Polygon", "coordinates": [ [ [ -71.8147, -13.5055 ], [ -71.8046, -13.5083 ], [ -71.8188, -13.5165 ], [ -71.8209, -13.5206 ], [ -71.8151, -13.5385 ], [ -71.818, -13.5433 ], [ -71.8148, -13.5501 ], [ -71.818, -13.5585 ], [ -71.8143, -13.5681 ], [ -71.8183, -13.569 ], [ -71.8159, -13.5762 ], [ -71.8356, -13.5908 ], [ -71.8392, -13.5905 ], [ -71.8418, -13.5824 ], [ -71.8493, -13.5734 ], [ -71.8514, -13.5651 ], [ -71.8538, -13.5617 ], [ -71.859, -13.5604 ], [ -71.8617, -13.5531 ], [ -71.8584, -13.5521 ], [ -71.8542, -13.556 ], [ -71.8504, -13.5472 ], [ -71.8448, -13.5447 ], [ -71.8362, -13.5348 ], [ -71.8372, -13.5289 ], [ -71.8328, -13.5265 ], [ -71.8228, -13.5093 ], [ -71.8147, -13.5055 ] ] ] } },
{ "type": "Feature", "properties": { "ubigeo_inei": "090616" }, "geometry": { "type": "Polygon", "coordinates": [ [ [ -75.0691, -13.4576 ], [ -75.0647, -13.4611 ], [ -75.0529, -13.4643 ], [ -75.0468, -13.4693 ], [ -75.0509, -13.4812 ], [ -75.0497, -13.4938 ], [ -75.0353, -13.5197 ], [ -75.0467, -13.5242 ], [ -75.0538, -13.5213 ], [ -75.0615, -13.5273 ], [ -75.0677, -13.5256 ], [ -75.0731, -13.5287 ], [ -75.076, -13.5383 ], [ -75.0822, -13.541 ], [ -75.084, -13.5441 ], [ -75.0977, -13.5424 ], [ -75.1194, -13.546 ], [ -75.1337, -13.5412 ], [ -75.1427, -13.542 ], [ -75.1488, -13.5524 ], [ -75.148, -13.558 ], [ -75.1521, -13.5732 ], [ -75.162, -13.592 ], [ -75.1656, -13.5943 ], [ -75.1585, -13.6151 ], [ -75.1521, -13.6206 ], [ -75.1657, -13.6387 ], [ -75.1695, -13.6497 ], [ -75.1799, -13.6533 ], [ -75.1819, -13.6609 ], [ -75.1925, -13.6619 ], [ -75.1968, -13.6686 ], [ -75.2112, -13.6689 ], [ -75.2243, -13.6852 ], [ -75.2375, -13.6953 ], [ -75.247, -13.6977 ], [ -75.2531, -13.7047 ], [ -75.2514, -13.7093 ], [ -75.2564, -13.7133 ], [ -75.2746, -13.7091 ], [ -75.2794, -13.7099 ], [ -75.2816, -13.7116 ], [ -75.2846, -13.7255 ], [ -75.2998, -13.7244 ], [ -75.3043, -13.7301 ], [ -75.3015, -13.7071 ], [ -75.2877, -13.6783 ], [ -75.2886, -13.665 ], [ -75.2831, -13.6499 ], [ -75.2836, -13.6429 ], [ -75.263, -13.6269 ], [ -75.2462, -13.625 ], [ -75.2413, -13.6179 ], [ -75.2358, -13.6163 ], [ -75.2313, -13.6062 ], [ -75.2182, -13.6007 ], [ -75.2112, -13.5899 ], [ -75.2025, -13.5824 ], [ -75.1996, -13.5699 ], [ -75.2031, -13.5625 ], [ -75.1931, -13.5556 ], [ -75.1892, -13.5462 ], [ -75.1803, -13.5381 ], [ -75.1757, -13.5372 ], [ -75.1719, -13.5318 ], [ -75.1639, -13.5333 ], [ -75.154, -13.5221 ], [ -75.1497, -13.5023 ], [ -75.139, -13.5015 ], [ -75.1282, -13.4905 ], [ -75.1191, -13.4895 ], [ -75.1111, -13.4826 ], [ -75.1058, -13.4734 ], [ -75.0778, -13.4645 ], [ -75.0772, -13.4588 ], [ -75.0691, -13.4576 ] ] ] } },
{ "type": "Feature", "properties": { "ubigeo_inei": "090115" }, "geometry": { "type": "Polygon", "coordinates": [ [ [ -75.1008, -12.3774 ], [ -75.0901, -12.3879 ], [ -75.0671, -12.3936 ], [ -75.061, -12.4015 ], [ -75.0666, -12.4084 ], [ -75.0581, -12.4123 ], [ -75.062, -12.4339 ], [ -75.06, -12.4408 ], [ -75.0547, -12.4448 ], [ -75.0492, -12.4544 ], [ -75.0757, -12.4529 ], [ -75.0787, -12.4474 ], [ -75.1067, -12.4298 ], [ -75.1089, -12.4185 ], [ -75.123, -12.4067 ], [ -75.131, -12.3785 ], [ -75.1094, -12.3823 ], [ -75.1008, -12.3774 ] ] ] } },
{ "type": "Feature", "properties": { "ubigeo_inei": "170303" }, "geometry": { "type": "Polygon", "coordinates": [ [ [ -69.2283, -11.4998 ], [ -69.1034, -11.6814 ], [ -68.9998, -11.8611 ], [ -68.9703, -11.9131 ], [ -68.9709, -11.9141 ], [ -68.9728, -11.9094 ], [ -68.9768, -11.9115 ], [ -68.9817, -11.9079 ], [ -68.9866, -11.9127 ], [ -68.989, -11.9135 ], [ -68.9901, -11.9109 ], [ -68.994, -11.9149 ], [ -68.9955, -11.9132 ], [ -68.9956, -11.9149 ], [ -68.9995, -11.9152 ], [ -68.9982, -11.913 ], [ -69.0028, -11.9124 ], [ -69.0097, -11.9149 ], [ -69.0123, -11.9125 ], [ -69.0188, -11.9199 ], [ -69.0258, -11.9164 ], [ -69.0267, -11.9134 ], [ -69.0334, -11.9135 ], [ -69.0371, -11.9166 ], [ -69.0385, -11.9152 ], [ -69.0403, -11.9179 ], [ -69.0464, -11.914 ], [ -69.0466, -11.9169 ], [ -69.05, -11.9166 ], [ -69.0492, -11.9147 ], [ -69.0528, -11.9126 ], [ -69.056, -11.9146 ], [ -69.0573, -11.9086 ], [ -69.059, -11.9099 ], [ -69.0605, -11.907 ], [ -69.0607, -11.9091 ], [ -69.0657, -11.9101 ], [ -69.0665, -11.9078 ], [ -69.0713, -11.9097 ], [ -69.082, -11.9061 ], [ -69.0864, -11.9105 ], [ -69.0917, -11.9094 ], [ -69.0957, -11.9212 ], [ -69.1001, -11.9202 ], [ -69.0976, -11.9243 ], [ -69.101, -11.9219 ], [ -69.1026, -11.9253 ], [ -69.1042, -11.922 ], [ -69.1072, -11.9266 ], [ -69.1083, -11.9249 ], [ -69.1158, -11.9318 ], [ -69.1176, -11.9295 ], [ -69.1198, -11.9308 ], [ -69.1202, -11.9276 ], [ -69.125, -11.9281 ], [ -69.1249, -11.9254 ], [ -69.1276, -11.9245 ], [ -69.1255, -11.9213 ], [ -69.1288, -11.9217 ], [ -69.1338, -11.9155 ], [ -69.1404, -11.9183 ], [ -69.1466, -11.9152 ], [ -69.1491, -11.9167 ], [ -69.149, -11.9116 ], [ -69.1617, -11.9149 ], [ -69.1673, -11.9145 ], [ -69.1711, -11.9105 ], [ -69.1767, -11.9144 ], [ -69.1777, -11.9126 ], [ -69.1804, -11.9139 ], [ -69.1802, -11.911 ], [ -69.1831, -11.914 ], [ -69.1852, -11.9105 ], [ -69.1866, -11.9126 ], [ -69.1904, -11.9113 ], [ -69.1902, -11.9056 ], [ -69.1932, -11.9017 ], [ -69.1969, -11.8996 ], [ -69.1991, -11.9019 ], [ -69.2027, -11.9002 ], [ -69.2022, -11.8981 ], [ -69.2052, -11.8994 ], [ -69.2067, -11.8952 ], [ -69.208, -11.8966 ], [ -69.2131, -11.893 ], [ -69.2174, -11.899 ], [ -69.2196, -11.8973 ], [ -69.2185, -11.8955 ], [ -69.2237, -11.8925 ], [ -69.2222, -11.8897 ], [ -69.2285, -11.8901 ], [ -69.2317, -11.8842 ], [ -69.2358, -11.8826 ], [ -69.2445, -11.8827 ], [ -69.2454, -11.889 ], [ -69.2475, -11.8878 ], [ -69.2478, -11.8914 ], [ -69.2517, -11.8918 ], [ -69.2525, -11.8966 ], [ -69.2585, -11.8929 ], [ -69.2602, -11.8976 ], [ -69.2617, -11.8955 ], [ -69.2627, -11.898 ], [ -69.2653, -11.8975 ], [ -69.265, -11.8955 ], [ -69.2683, -11.8958 ], [ -69.272, -11.8981 ], [ -69.2728, -11.9018 ], [ -69.2798, -11.9008 ], [ -69.2818, -11.9049 ], [ -69.2903, -11.8982 ], [ -69.296, -11.9046 ], [ -69.3009, -11.9031 ], [ -69.3032, -11.9064 ], [ -69.306, -11.905 ], [ -69.306, -11.9076 ], [ -69.3089, -11.9071 ], [ -69.3114, -11.9104 ], [ -69.3119, -11.9083 ], [ -69.3134, -11.9105 ], [ -69.3176, -11.9085 ], [ -69.3185, -11.9033 ], [ -69.3207, -11.9043 ], [ -69.3239, -11.9008 ], [ -69.3254, -11.9039 ], [ -69.3311, -11.9042 ], [ -69.3331, -11.9021 ], [ -69.3361, -11.908 ], [ -69.3385, -11.9071 ], [ -69.3383, -11.9039 ], [ -69.3482, -11.9008 ], [ -69.3503, -11.902 ], [ -69.3507, -11.8995 ], [ -69.3522, -11.9021 ], [ -69.3568, -11.9024 ], [ -69.3591, -11.8969 ], [ -69.3641, -11.8944 ], [ -69.3656, -11.896 ], [ -69.3655, -11.8934 ], [ -69.3681, -11.8939 ], [ -69.3671, -11.892 ], [ -69.3698, -11.8922 ], [ -69.375, -11.8857 ], [ -69.3849, -11.8807 ], [ -69.3865, -11.8839 ], [ -69.3931, -11.8776 ], [ -69.3956, -11.8799 ], [ -69.4064, -11.8732 ], [ -69.4099, -11.874 ], [ -69.414, -11.8668 ], [ -69.4158, -11.8684 ], [ -69.425, -11.866 ], [ -69.4332, -11.8725 ], [ -69.4406, -11.868 ], [ -69.4518, -11.873 ], [ -69.4516, -11.8754 ], [ -69.4674, -11.8723 ], [ -69.4731, -11.8617 ], [ -69.478, -11.8606 ], [ -69.4801, -11.8564 ], [ -69.4841, -11.8573 ], [ -69.495, -11.8449 ], [ -69.5044, -11.8447 ], [ -69.5049, -11.8473 ], [ -69.5093, -11.8435 ], [ -69.5124, -11.8455 ], [ -69.5143, -11.8405 ], [ -69.5197, -11.8403 ], [ -69.5203, -11.842 ], [ -69.5244, -11.8395 ], [ -69.5272, -11.8418 ], [ -69.5254, -11.8365 ], [ -69.5282, -11.8365 ], [ -69.5284, -11.8331 ], [ -69.5254, -11.8315 ], [ -69.5269, -11.8273 ], [ -69.5289, -11.8276 ], [ -69.5287, -11.8252 ], [ -69.5375, -11.8244 ], [ -69.5365, -11.8203 ], [ -69.5489, -11.8203 ], [ -69.5468, -11.8138 ], [ -69.5532, -11.8118 ], [ -69.5524, -11.8079 ], [ -69.555, -11.8075 ], [ -69.5552, -11.8026 ], [ -69.558, -11.8002 ], [ -69.563, -11.799 ], [ -69.5644, -11.8008 ], [ -69.567, -11.7968 ], [ -69.5688, -11.8011 ], [ -69.573, -11.7973 ], [ -69.5843, -11.7956 ], [ -69.5851, -11.7919 ], [ -69.582, -11.7868 ], [ -69.586, -11.7851 ], [ -69.5834, -11.782 ], [ -69.5887, -11.7811 ], [ -69.5878, -11.7773 ], [ -69.5896, -11.779 ], [ -69.6121, -11.7741 ], [ -69.614, -11.7713 ], [ -69.612, -11.7675 ], [ -69.6266, -11.7602 ], [ -69.6316, -11.7628 ], [ -69.6322, -11.7663 ], [ -69.6369, -11.762 ], [ -69.6443, -11.7654 ], [ -69.6432, -11.7675 ], [ -69.6476, -11.7705 ], [ -69.6533, -11.7654 ], [ -69.6552, -11.7588 ], [ -69.6677, -11.7584 ], [ -69.6688, -11.7616 ], [ -69.6667, -11.7635 ], [ -69.67, -11.7625 ], [ -69.6697, -11.7662 ], [ -69.6743, -11.7671 ], [ -69.6762, -11.77 ], [ -69.6779, -11.7651 ], [ -69.6826, -11.7694 ], [ -69.6857, -11.7684 ], [ -69.6907, -11.7716 ], [ -69.6942, -11.7697 ], [ -69.6979, -11.7782 ], [ -69.6964, -11.7807 ], [ -69.7023, -11.7808 ], [ -69.7023, -11.7829 ], [ -69.7073, -11.7839 ], [ -69.7056, -11.7864 ], [ -69.7105, -11.7948 ], [ -69.7165, -11.7894 ], [ -69.7209, -11.7905 ], [ -69.7267, -11.8004 ], [ -69.7252, -11.8034 ], [ -69.7225, -11.8032 ], [ -69.725, -11.8062 ], [ -69.7302, -11.8031 ], [ -69.7343, -11.8034 ], [ -69.7358, -11.8005 ], [ -69.7341, -11.7989 ], [ -69.7396, -11.7963 ], [ -69.742, -11.7989 ], [ -69.7552, -11.8023 ], [ -69.7549, -11.8068 ], [ -69.7575, -11.8048 ], [ -69.7588, -11.8072 ], [ -69.76, -11.8041 ], [ -69.7676, -11.8023 ], [ -69.7682, -11.799 ], [ -69.7722, -11.7987 ], [ -69.7732, -11.7962 ], [ -69.7786, -11.7992 ], [ -69.7829, -11.7962 ], [ -69.7845, -11.7987 ], [ -69.785, -11.7952 ], [ -69.7882, -11.7941 ], [ -69.7948, -11.7973 ], [ -69.7972, -11.7949 ], [ -69.8032, -11.7957 ], [ -69.8088, -11.7912 ], [ -69.8062, -11.791 ], [ -69.8086, -11.788 ], [ -69.8074, -11.786 ], [ -69.814, -11.7829 ], [ -69.8147, -11.7859 ], [ -69.8173, -11.7828 ], [ -69.8175, -11.7847 ], [ -69.8285, -11.7901 ], [ -69.8394, -11.7847 ], [ -69.8412, -11.7811 ], [ -69.8502, -11.7818 ], [ -69.8537, -11.7775 ], [ -69.8607, -11.7793 ], [ -69.8637, -11.774 ], [ -69.8683, -11.7752 ], [ -69.8684, -11.7718 ], [ -69.8733, -11.7666 ], [ -69.8783, -11.7666 ], [ -69.8797, -11.7692 ], [ -69.8858, -11.7628 ], [ -69.8906, -11.7638 ], [ -69.8982, -11.7598 ], [ -69.9018, -11.7545 ], [ -69.9013, -11.7512 ], [ -69.9089, -11.7455 ], [ -69.9081, -11.7373 ], [ -69.9166, -11.736 ], [ -69.921, -11.7394 ], [ -69.9229, -11.727 ], [ -69.9275, -11.7259 ], [ -69.9313, -11.7288 ], [ -69.9318, -11.7327 ], [ -69.9364, -11.7327 ], [ -69.9365, -11.7353 ], [ -69.9391, -11.734 ], [ -69.9378, -11.7315 ], [ -69.9421, -11.7263 ], [ -69.9451, -11.7289 ], [ -69.9463, -11.7256 ], [ -69.9541, -11.7205 ], [ -69.9533, -11.7172 ], [ -69.9608, -11.7096 ], [ -69.9654, -11.7085 ], [ -69.9664, -11.7104 ], [ -69.9694, -11.7082 ], [ -69.9742, -11.7144 ], [ -69.9839, -11.7129 ], [ -69.9957, -11.7014 ], [ -70.0031, -11.7062 ], [ -70.0055, -11.704 ], [ -70.0095, -11.7067 ], [ -70.0141, -11.7064 ], [ -70.0138, -11.7083 ], [ -70.031, -11.71 ], [ -70.0341, -11.7032 ], [ -70.0407, -11.7033 ], [ -70.0478, -11.6967 ], [ -70.0495, -11.6902 ], [ -70.0558, -11.6851 ], [ -70.0615, -11.6854 ], [ -70.0721, -11.681 ], [ -70.0723, -11.6766 ], [ -70.0774, -11.6702 ], [ -70.0903, -11.6756 ], [ -70.0964, -11.6709 ], [ -70.1158, -11.6666 ], [ -70.1293, -11.6536 ], [ -70.1326, -11.6558 ], [ -70.1352, -11.6442 ], [ -70.1393, -11.6452 ], [ -70.1416, -11.6421 ], [ -70.1444, -11.6445 ], [ -70.1495, -11.6382 ], [ -70.1563, -11.6379 ], [ -70.1781, -11.6265 ], [ -70.1873, -11.6165 ], [ -70.1916, -11.6022 ], [ -70.2144, -11.5853 ], [ -70.2179, -11.5716 ], [ -70.2251, -11.5691 ], [ -70.2324, -11.5618 ], [ -70.24, -11.5584 ], [ -70.2411, -11.5429 ], [ -70.2567, -11.5309 ], [ -70.2612, -11.5197 ], [ -70.2613, -11.5105 ], [ -70.2743, -11.4961 ], [ -70.2788, -11.4878 ], [ -70.2793, -11.4749 ], [ -70.2875, -11.4704 ], [ -70.2899, -11.4612 ], [ -70.3044, -11.452 ], [ -70.3118, -11.4529 ], [ -70.3195, -11.4497 ], [ -70.3293, -11.4526 ], [ -70.3416, -11.4456 ], [ -70.354, -11.4538 ], [ -70.3578, -11.4538 ], [ -70.3625, -11.4451 ], [ -70.3727, -11.4371 ], [ -70.3613, -11.4356 ], [ -70.3337, -11.4385 ], [ -70.3222, -11.4339 ], [ -70.3071, -11.435 ], [ -70.2934, -11.4419 ], [ -70.2852, -11.4428 ], [ -70.2763, -11.4403 ], [ -70.2644, -11.4502 ], [ -70.2591, -11.4513 ], [ -70.253, -11.4585 ], [ -70.2344, -11.4667 ], [ -70.231, -11.4744 ], [ -70.2186, -11.4794 ], [ -70.2087, -11.4791 ], [ -70.2043, -11.4873 ], [ -70.1949, -11.4917 ], [ -70.1777, -11.4944 ], [ -70.1593, -11.5043 ], [ -70.1515, -11.5007 ], [ -70.1327, -11.5032 ], [ -70.1283, -11.5092 ], [ -70.1116, -11.5128 ], [ -70.0979, -11.5098 ], [ -70.0902, -11.5052 ], [ -70.0839, -11.5051 ], [ -70.079, -11.5013 ], [ -70.0737, -11.5015 ], [ -70.0688, -11.495 ], [ -70.0689, -11.4909 ], [ -70.0557, -11.4878 ], [ -70.0565, -11.4963 ], [ -70.0434, -11.5084 ], [ -70.0232, -11.5112 ], [ -70.0124, -11.5065 ], [ -70.0059, -11.5172 ], [ -70.0, -11.522 ], [ -69.9852, -11.5216 ], [ -69.9801, -11.5262 ], [ -69.9571, -11.533 ], [ -69.9471, -11.5446 ], [ -69.9459, -11.5541 ], [ -69.9383, -11.5616 ], [ -69.9189, -11.5621 ], [ -69.9109, -11.5705 ], [ -69.9014, -11.57 ], [ -69.8896, -11.565 ], [ -69.8761, -11.565 ], [ -69.8674, -11.5736 ], [ -69.8726, -11.583 ], [ -69.8715, -11.59 ], [ -69.8682, -11.5938 ], [ -69.8677, -11.6028 ], [ -69.85, -11.6158 ], [ -69.8409, -11.6114 ], [ -69.8357, -11.6164 ], [ -69.8262, -11.6166 ], [ -69.8166, -11.611 ], [ -69.8132, -11.6027 ], [ -69.8072, -11.6044 ], [ -69.8038, -11.6101 ], [ -69.7986, -11.613 ], [ -69.7918, -11.6103 ], [ -69.7897, -11.6062 ], [ -69.7829, -11.6051 ], [ -69.7669, -11.6149 ], [ -69.7599, -11.6237 ], [ -69.7377, -11.6355 ], [ -69.734, -11.6343 ], [ -69.7311, -11.6273 ], [ -69.7222, -11.6286 ], [ -69.7171, -11.6246 ], [ -69.7098, -11.6268 ], [ -69.6948, -11.6372 ], [ -69.6931, -11.6408 ], [ -69.6867, -11.6385 ], [ -69.684, -11.6426 ], [ -69.6712, -11.6292 ], [ -69.6657, -11.6278 ], [ -69.6597, -11.6326 ], [ -69.6539, -11.6335 ], [ -69.6554, -11.6364 ], [ -69.6475, -11.6384 ], [ -69.6463, -11.6356 ], [ -69.64, -11.633 ], [ -69.6368, -11.6396 ], [ -69.6286, -11.6445 ], [ -69.6282, -11.6415 ], [ -69.6216, -11.6431 ], [ -69.6193, -11.6379 ], [ -69.6154, -11.6377 ], [ -69.6124, -11.6478 ], [ -69.6067, -11.6488 ], [ -69.6039, -11.6453 ], [ -69.6039, -11.6489 ], [ -69.5976, -11.647 ], [ -69.5946, -11.6527 ], [ -69.5907, -11.6525 ], [ -69.5906, -11.657 ], [ -69.5863, -11.6541 ], [ -69.5875, -11.6581 ], [ -69.5752, -11.6562 ], [ -69.564, -11.6696 ], [ -69.5658, -11.6709 ], [ -69.563, -11.6749 ], [ -69.5595, -11.6742 ], [ -69.559, -11.6768 ], [ -69.5579, -11.6745 ], [ -69.5542, -11.6765 ], [ -69.5394, -11.6742 ], [ -69.5386, -11.6793 ], [ -69.533, -11.6806 ], [ -69.5318, -11.6839 ], [ -69.5252, -11.6771 ], [ -69.519, -11.6802 ], [ -69.5145, -11.679 ], [ -69.5122, -11.6818 ], [ -69.5114, -11.6783 ], [ -69.5076, -11.6789 ], [ -69.3366, -11.3281 ], [ -69.2283, -11.4998 ] ] ] } },
{ "type": "Feature", "properties": { "ubigeo_inei": "211203" }, "geometry": { "type": "Polygon", "coordinates": [ [ [ -69.6475, -13.3413 ], [ -69.6397, -13.356 ], [ -69.6298, -13.364 ], [ -69.611, -13.3682 ], [ -69.5971, -13.3659 ], [ -69.5819, -13.3675 ], [ -69.5632, -13.3623 ], [ -69.5569, -13.3686 ], [ -69.5571, -13.3791 ], [ -69.561, -13.3872 ], [ -69.5339, -13.4001 ], [ -69.5186, -13.4008 ], [ -69.4942, -13.3941 ], [ -69.4842, -13.3963 ], [ -69.482, -13.4007 ], [ -69.4829, -13.4146 ], [ -69.479, -13.425 ], [ -69.4751, -13.4282 ], [ -69.475, -13.4369 ], [ -69.4727, -13.4388 ], [ -69.4648, -13.4376 ], [ -69.4625, -13.4398 ], [ -69.4699, -13.4431 ], [ -69.4684, -13.4469 ], [ -69.4719, -13.45 ], [ -69.4678, -13.452 ], [ -69.4655, -13.4576 ], [ -69.4639, -13.456 ], [ -69.4632, -13.459 ], [ -69.4661, -13.4605 ], [ -69.4568, -13.4713 ], [ -69.4718, -13.477 ], [ -69.4764, -13.4832 ], [ -69.4778, -13.4911 ], [ -69.474, -13.4941 ], [ -69.4745, -13.5074 ], [ -69.4692, -13.5133 ], [ -69.4524, -13.5132 ], [ -69.451, -13.5185 ], [ -69.4552, -13.5236 ], [ -69.455, -13.5337 ], [ -69.4482, -13.5361 ], [ -69.4455, -13.5398 ], [ -69.4464, -13.543 ], [ -69.4699, -13.558 ], [ -69.4677, -13.5642 ], [ -69.4641, -13.5669 ], [ -69.4671, -13.5742 ], [ -69.4713, -13.5775 ], [ -69.4684, -13.5847 ], [ -69.4736, -13.5936 ], [ -69.4735, -13.6022 ], [ -69.4613, -13.6095 ], [ -69.4563, -13.6159 ], [ -69.4416, -13.6162 ], [ -69.4378, -13.6228 ], [ -69.4274, -13.6216 ], [ -69.4139, -13.6241 ], [ -69.4132, -13.6299 ], [ -69.4073, -13.6337 ], [ -69.3973, -13.6326 ], [ -69.39, -13.6372 ], [ -69.3911, -13.6445 ], [ -69.3836, -13.6514 ], [ -69.3813, -13.6633 ], [ -69.3714, -13.6675 ], [ -69.3635, -13.6801 ], [ -69.3554, -13.6859 ], [ -69.3613, -13.7097 ], [ -69.3491, -13.7204 ], [ -69.3528, -13.7322 ], [ -69.3348, -13.7502 ], [ -69.3342, -13.762 ], [ -69.3281, -13.7723 ], [ -69.332, -13.7912 ], [ -69.3383, -13.8003 ], [ -69.3485, -13.8031 ], [ -69.3512, -13.8111 ], [ -69.3433, -13.8263 ], [ -69.3486, -13.8393 ], [ -69.3566, -13.8422 ], [ -69.3573, -13.8491 ], [ -69.3641, -13.8532 ], [ -69.3636, -13.8616 ], [ -69.3677, -13.8685 ], [ -69.3884, -13.8635 ], [ -69.3992, -13.8551 ], [ -69.3984, -13.8516 ], [ -69.4038, -13.8427 ], [ -69.4174, -13.8412 ], [ -69.4212, -13.8332 ], [ -69.4299, -13.8342 ], [ -69.4425, -13.8271 ], [ -69.4485, -13.8288 ], [ -69.4537, -13.8251 ], [ -69.4611, -13.8284 ], [ -69.475, -13.8548 ], [ -69.4923, -13.848 ], [ -69.4989, -13.8415 ], [ -69.5137, -13.8508 ], [ -69.5352, -13.8449 ], [ -69.5404, -13.8511 ], [ -69.5491, -13.8521 ], [ -69.5695, -13.8666 ], [ -69.5707, -13.8854 ], [ -69.5546, -13.9045 ], [ -69.5513, -13.9156 ], [ -69.5769, -13.9174 ], [ -69.5855, -13.9255 ], [ -69.6013, -13.9227 ], [ -69.5987, -13.9157 ], [ -69.6072, -13.9185 ], [ -69.611, -13.9308 ], [ -69.6218, -13.9412 ], [ -69.6216, -13.9472 ], [ -69.6136, -13.955 ], [ -69.6161, -13.9573 ], [ -69.614, -13.9625 ], [ -69.621, -13.9679 ], [ -69.6185, -13.9721 ], [ -69.6203, -13.9794 ], [ -69.6184, -13.9827 ], [ -69.6275, -13.9873 ], [ -69.629, -13.9943 ], [ -69.6419, -14.0064 ], [ -69.6348, -14.0113 ], [ -69.6293, -14.0228 ], [ -69.6091, -14.0377 ], [ -69.6089, -14.0429 ], [ -69.614, -14.0498 ], [ -69.6126, -14.0528 ], [ -69.6215, -14.0619 ], [ -69.6229, -14.0697 ], [ -69.6295, -14.0741 ], [ -69.6323, -14.0823 ], [ -69.6361, -14.0834 ], [ -69.6406, -14.0915 ], [ -69.6408, -14.0952 ], [ -69.6534, -14.1092 ], [ -69.6573, -14.11 ], [ -69.6701, -14.1033 ], [ -69.6822, -14.1063 ], [ -69.6906, -14.1056 ], [ -69.6886, -14.1105 ], [ -69.6798, -14.1135 ], [ -69.6725, -14.1278 ], [ -69.6766, -14.1413 ], [ -69.678, -14.1594 ], [ -69.6739, -14.1733 ], [ -69.6835, -14.1845 ], [ -69.6812, -14.1971 ], [ -69.6913, -14.201 ], [ -69.697, -14.2209 ], [ -69.7075, -14.2256 ], [ -69.706, -14.2292 ], [ -69.7178, -14.2503 ], [ -69.7194, -14.2646 ], [ -69.7127, -14.2675 ], [ -69.7133, -14.2754 ], [ -69.7281, -14.2816 ], [ -69.7281, -14.286 ], [ -69.7373, -14.3023 ], [ -69.732, -14.3178 ], [ -69.7353, -14.3237 ], [ -69.7363, -14.3338 ], [ -69.7559, -14.3358 ], [ -69.7671, -14.328 ], [ -69.7694, -14.3179 ], [ -69.7832, -14.312 ], [ -69.7803, -14.3044 ], [ -69.7815, -14.2848 ], [ -69.7863, -14.275 ], [ -69.7945, -14.273 ], [ -69.8005, -14.2682 ], [ -69.8115, -14.2714 ], [ -69.8171, -14.2689 ], [ -69.824, -14.2684 ], [ -69.8278, -14.2713 ], [ -69.8319, -14.2693 ], [ -69.8401, -14.2746 ], [ -69.8434, -14.2663 ], [ -69.8516, -14.2621 ], [ -69.8535, -14.2549 ], [ -69.8499, -14.2515 ], [ -69.8491, -14.2464 ], [ -69.8511, -14.2317 ], [ -69.8433, -14.2212 ], [ -69.8504, -14.2122 ], [ -69.8412, -14.2066 ], [ -69.8403, -14.1921 ], [ -69.833, -14.1851 ], [ -69.8268, -14.1737 ], [ -69.827, -14.1675 ], [ -69.8233, -14.1619 ], [ -69.8261, -14.1544 ], [ -69.8252, -14.1472 ], [ -69.8325, -14.1439 ], [ -69.8329, -14.1382 ], [ -69.8211, -14.1311 ], [ -69.8152, -14.1117 ], [ -69.8084, -14.1037 ], [ -69.8061, -14.0833 ], [ -69.7978, -14.0724 ], [ -69.7975, -14.0667 ], [ -69.7921, -14.0659 ], [ -69.7796, -14.0542 ], [ -69.7782, -14.0458 ], [ -69.768, -14.037 ], [ -69.7648, -14.0369 ], [ -69.7647, -14.0308 ], [ -69.7527, -14.0349 ], [ -69.7254, -14.0192 ], [ -69.7232, -13.977 ], [ -69.7049, -13.9521 ], [ -69.7022, -13.9358 ], [ -69.6993, -13.9323 ], [ -69.6758, -13.9206 ], [ -69.665, -13.9054 ], [ -69.6656, -13.8955 ], [ -69.6631, -13.8925 ], [ -69.6645, -13.8824 ], [ -69.6716, -13.8739 ], [ -69.6768, -13.8742 ], [ -69.6777, -13.8704 ], [ -69.6978, -13.8669 ], [ -69.7085, -13.8589 ], [ -69.72, -13.8417 ], [ -69.7284, -13.8411 ], [ -69.7346, -13.8314 ], [ -69.7312, -13.8273 ], [ -69.7337, -13.8164 ], [ -69.7325, -13.8117 ], [ -69.7494, -13.8057 ], [ -69.7531, -13.7961 ], [ -69.7617, -13.7922 ], [ -69.7636, -13.7847 ], [ -69.7709, -13.7764 ], [ -69.7759, -13.7742 ], [ -69.7752, -13.7714 ], [ -69.7791, -13.7661 ], [ -69.7778, -13.7589 ], [ -69.7839, -13.7544 ], [ -69.7858, -13.7497 ], [ -69.7842, -13.7431 ], [ -69.7787, -13.7389 ], [ -69.774, -13.7391 ], [ -69.7691, -13.7456 ], [ -69.762, -13.7381 ], [ -69.7537, -13.7379 ], [ -69.7539, -13.7261 ], [ -69.7494, -13.7238 ], [ -69.7483, -13.7183 ], [ -69.7515, -13.7122 ], [ -69.746, -13.6906 ], [ -69.7522, -13.6805 ], [ -69.7524, -13.6765 ], [ -69.7442, -13.6586 ], [ -69.735, -13.6489 ], [ -69.7315, -13.6385 ], [ -69.7263, -13.6347 ], [ -69.7285, -13.6323 ], [ -69.7259, -13.6308 ], [ -69.7264, -13.6233 ], [ -69.7239, -13.6228 ], [ -69.7223, -13.6173 ], [ -69.7235, -13.6132 ], [ -69.7218, -13.6114 ], [ -69.7236, -13.6107 ], [ -69.7208, -13.6041 ], [ -69.7185, -13.6043 ], [ -69.7261, -13.592 ], [ -69.7221, -13.5911 ], [ -69.7232, -13.5889 ], [ -69.7204, -13.5874 ], [ -69.7219, -13.5836 ], [ -69.7181, -13.5785 ], [ -69.7196, -13.5781 ], [ -69.7166, -13.5714 ], [ -69.7167, -13.5635 ], [ -69.7141, -13.5644 ], [ -69.7127, -13.5616 ], [ -69.7125, -13.5516 ], [ -69.707, -13.5493 ], [ -69.7114, -13.5421 ], [ -69.7109, -13.5373 ], [ -69.7093, -13.5346 ], [ -69.7019, -13.5341 ], [ -69.7028, -13.5311 ], [ -69.6997, -13.5299 ], [ -69.6962, -13.5217 ], [ -69.6969, -13.519 ], [ -69.7002, -13.5217 ], [ -69.7057, -13.519 ], [ -69.7146, -13.521 ], [ -69.7189, -13.5171 ], [ -69.7192, -13.5133 ], [ -69.7273, -13.512 ], [ -69.7306, -13.5086 ], [ -69.7344, -13.5095 ], [ -69.7371, -13.5057 ], [ -69.7323, -13.5029 ], [ -69.7288, -13.4941 ], [ -69.7238, -13.4922 ], [ -69.7186, -13.4955 ], [ -69.7131, -13.5056 ], [ -69.7071, -13.5042 ], [ -69.7044, -13.4997 ], [ -69.691, -13.5045 ], [ -69.6836, -13.5015 ], [ -69.6719, -13.4844 ], [ -69.6689, -13.4752 ], [ -69.6719, -13.466 ], [ -69.6792, -13.4618 ], [ -69.6792, -13.4577 ], [ -69.6655, -13.4549 ], [ -69.6544, -13.4586 ], [ -69.6563, -13.4519 ], [ -69.6499, -13.4324 ], [ -69.6512, -13.4267 ], [ -69.643, -13.4168 ], [ -69.6418, -13.4084 ], [ -69.6379, -13.4103 ], [ -69.6323, -13.4083 ], [ -69.6386, -13.4027 ], [ -69.6396, -13.3979 ], [ -69.647, -13.3918 ], [ -69.649, -13.3837 ], [ -69.6541, -13.3798 ], [ -69.6529, -13.3749 ], [ -69.6551, -13.3715 ], [ -69.6499, -13.3417 ], [ -69.6475, -13.3413 ] ] ] } },
{ "type": "Feature", "properties": { "ubigeo_inei": "150127" }, "geometry": { "type": "Polygon", "coordinates": [ [ [ -76.6431, -12.2121 ], [ -76.6375, -12.2192 ], [ -76.6221, -12.2253 ], [ -76.621, -12.2382 ], [ -76.6254, -12.2453 ], [ -76.6251, -12.2517 ], [ -76.6368, -12.2794 ], [ -76.6514, -12.2863 ], [ -76.6542, -12.3051 ], [ -76.663, -12.3087 ], [ -76.6699, -12.3197 ], [ -76.674, -12.3195 ], [ -76.6784, -12.3335 ], [ -76.6965, -12.3407 ], [ -76.7024, -12.3389 ], [ -76.7321, -12.3435 ], [ -76.7552, -12.357 ], [ -76.7662, -12.368 ], [ -76.7892, -12.3839 ], [ -76.7896, -12.3792 ], [ -76.7995, -12.3685 ], [ -76.7994, -12.3623 ], [ -76.8171, -12.3524 ], [ -76.8171, -12.346 ], [ -76.792, -12.3266 ], [ -76.7745, -12.3213 ], [ -76.7705, -12.3153 ], [ -76.764, -12.3114 ], [ -76.7625, -12.3066 ], [ -76.7546, -12.3094 ], [ -76.7432, -12.2961 ], [ -76.7266, -12.295 ], [ -76.7184, -12.2853 ], [ -76.7019, -12.2724 ], [ -76.6935, -12.2698 ], [ -76.6656, -12.2438 ], [ -76.6614, -12.235 ], [ -76.6617, -12.2305 ], [ -76.6542, -12.2212 ], [ -76.6537, -12.2159 ], [ -76.6431, -12.2121 ] ] ] } },
{ "type": "Feature", "properties": { "ubigeo_inei": "150801" }, "geometry": { "type": "Polygon", "coordinates": [ [ [ -77.596, -11.1 ], [ -77.5935, -11.1234 ], [ -77.5868, -11.1254 ], [ -77.577, -11.1341 ], [ -77.5647, -11.1269 ], [ -77.5602, -11.1195 ], [ -77.5508, -11.1243 ], [ -77.5367, -11.1204 ], [ -77.5263, -11.1223 ], [ -77.5218, -11.117 ], [ -77.52, -11.1075 ], [ -77.5026, -11.106 ], [ -77.4855, -11.1124 ], [ -77.4789, -11.1232 ], [ -77.4652, -11.1305 ], [ -77.4591, -11.139 ], [ -77.4534, -11.1405 ], [ -77.4489, -11.1502 ], [ -77.4234, -11.1557 ], [ -77.4156, -11.16 ], [ -77.4125, -11.1686 ], [ -77.4164, -11.1792 ], [ -77.4262, -11.194 ], [ -77.4423, -11.2028 ], [ -77.4474, -11.232 ], [ -77.4457, -11.2431 ], [ -77.4249, -11.2572 ], [ -77.4086, -11.2642 ], [ -77.4022, -11.273 ], [ -77.3935, -11.275 ], [ -77.389, -11.2846 ], [ -77.3916, -11.2934 ], [ -77.3874, -11.3055 ], [ -77.3802, -11.3138 ], [ -77.3739, -11.3171 ], [ -77.356, -11.3192 ], [ -77.3436, -11.3128 ], [ -77.3358, -11.3118 ], [ -77.327, -11.3138 ], [ -77.3223, -11.3174 ], [ -77.3312, -11.3343 ], [ -77.333, -11.3442 ], [ -77.3294, -11.3544 ], [ -77.32, -11.3653 ], [ -77.324, -11.3855 ], [ -77.3343, -11.3985 ], [ -77.3449, -11.4024 ], [ -77.3546, -11.4029 ], [ -77.3701, -11.4147 ], [ -77.3779, -11.4282 ], [ -77.3774, -11.4356 ], [ -77.3824, -11.4427 ], [ -77.3827, -11.4472 ], [ -77.4981, -11.3772 ], [ -77.6016, -11.3234 ], [ -77.6325, -11.3086 ], [ -77.6462, -11.3047 ], [ -77.647, -11.3016 ], [ -77.6483, -11.3027 ], [ -77.6459, -11.2964 ], [ -77.6542, -11.2912 ], [ -77.6433, -11.2905 ], [ -77.6401, -11.2756 ], [ -77.6459, -11.2565 ], [ -77.6486, -11.2542 ], [ -77.6464, -11.2492 ], [ -77.6499, -11.2446 ], [ -77.6493, -11.2397 ], [ -77.6456, -11.2386 ], [ -77.6438, -11.2352 ], [ -77.6471, -11.2217 ], [ -77.6434, -11.2197 ], [ -77.6416, -11.2145 ], [ -77.6362, -11.2155 ], [ -77.631, -11.2118 ], [ -77.6287, -11.2121 ], [ -77.6298, -11.2151 ], [ -77.6255, -11.2178 ], [ -77.6111, -11.2124 ], [ -77.603, -11.2148 ], [ -77.5944, -11.2002 ], [ -77.5923, -11.1821 ], [ -77.5954, -11.1656 ], [ -77.6078, -11.1404 ], [ -77.6201, -11.1269 ], [ -77.6183, -11.1219 ], [ -77.6154, -11.1239 ], [ -77.6124, -11.1206 ], [ -77.6124, -11.1139 ], [ -77.6174, -11.1071 ], [ -77.6144, -11.1038 ], [ -77.6004, -11.1029 ], [ -77.596, -11.1 ] ] ] } },
{ "type": "Feature", "properties": { "ubigeo_inei": "151015" }, "geometry": { "type": "Polygon", "coordinates": [ [ [ -75.8603, -12.882 ], [ -75.857, -12.8853 ], [ -75.8336, -12.8888 ], [ -75.8278, -12.8965 ], [ -75.8253, -12.9082 ], [ -75.8174, -12.9172 ], [ -75.7976, -12.9242 ], [ -75.7869, -12.9344 ], [ -75.7964, -12.958 ], [ -75.7881, -12.9655 ], [ -75.785, -12.9742 ], [ -75.7859, -12.9781 ], [ -75.7929, -12.9838 ], [ -75.792, -12.9891 ], [ -75.7991, -12.9876 ], [ -75.8028, -12.9822 ], [ -75.8145, -12.9827 ], [ -75.8311, -12.9761 ], [ -75.8472, -12.9629 ], [ -75.8469, -12.9537 ], [ -75.8572, -12.9264 ], [ -75.8402, -12.9264 ], [ -75.8388, -12.9235 ], [ -75.8446, -12.9159 ], [ -75.8514, -12.8943 ], [ -75.8601, -12.8837 ], [ -75.8646, -12.8819 ], [ -75.8603, -12.882 ] ] ] } },
{ "type": "Feature", "properties": { "ubigeo_inei": "151023" }, "geometry": { "type": "Polygon", "coordinates": [ [ [ -75.9646, -12.6193 ], [ -75.9488, -12.6241 ], [ -75.9378, -12.6337 ], [ -75.9287, -12.6351 ], [ -75.9234, -12.6398 ], [ -75.9113, -12.6422 ], [ -75.9074, -12.6463 ], [ -75.858, -12.6652 ], [ -75.853, -12.6695 ], [ -75.8495, -12.6769 ], [ -75.8792, -12.694 ], [ -75.8889, -12.6924 ], [ -75.8994, -12.6972 ], [ -75.912, -12.6976 ], [ -75.9223, -12.6948 ], [ -75.9329, -12.6953 ], [ -75.9523, -12.7051 ], [ -75.9678, -12.705 ], [ -75.9636, -12.6912 ], [ -75.9628, -12.6731 ], [ -75.9575, -12.6642 ], [ -75.9665, -12.6478 ], [ -75.9727, -12.6462 ], [ -75.9786, -12.6328 ], [ -75.9711, -12.6199 ], [ -75.9646, -12.6193 ] ] ] } },
{ "type": "Feature", "properties": { "ubigeo_inei": "151002" }, "geometry": { "type": "Polygon", "coordinates": [ [ [ -75.7778, -12.2327 ], [ -75.7711, -12.2429 ], [ -75.7605, -12.2399 ], [ -75.7528, -12.2471 ], [ -75.7488, -12.2632 ], [ -75.7363, -12.2836 ], [ -75.7364, -12.2929 ], [ -75.7309, -12.291 ], [ -75.7272, -12.2744 ], [ -75.7241, -12.27 ], [ -75.7175, -12.271 ], [ -75.704, -12.263 ], [ -75.689, -12.2696 ], [ -75.6801, -12.2672 ], [ -75.6707, -12.2681 ], [ -75.6449, -12.2569 ], [ -75.6411, -12.247 ], [ -75.6294, -12.2461 ], [ -75.6161, -12.2565 ], [ -75.6159, -12.2648 ], [ -75.6092, -12.2677 ], [ -75.5914, -12.2973 ], [ -75.5864, -12.3008 ], [ -75.5902, -12.3054 ], [ -75.5925, -12.3156 ], [ -75.6015, -12.3066 ], [ -75.6076, -12.296 ], [ -75.6153, -12.2925 ], [ -75.6218, -12.298 ], [ -75.6272, -12.2988 ], [ -75.6305, -12.3077 ], [ -75.6504, -12.3143 ], [ -75.6746, -12.3278 ], [ -75.6832, -12.3427 ], [ -75.6899, -12.3455 ], [ -75.703, -12.3379 ], [ -75.7089, -12.3412 ], [ -75.7157, -12.3371 ], [ -75.7254, -12.3254 ], [ -75.727, -12.319 ], [ -75.7394, -12.3156 ], [ -75.7483, -12.3072 ], [ -75.7631, -12.3148 ], [ -75.7747, -12.3046 ], [ -75.802, -12.2982 ], [ -75.8071, -12.2928 ], [ -75.8042, -12.2859 ], [ -75.8049, -12.2761 ], [ -75.8071, -12.2721 ], [ -75.8133, -12.2736 ], [ -75.8113, -12.268 ], [ -75.8128, -12.2639 ], [ -75.7977, -12.2583 ], [ -75.7901, -12.252 ], [ -75.786, -12.2524 ], [ -75.7819, -12.2378 ], [ -75.7778, -12.2327 ] ] ] } },
{ "type": "Feature", "properties": { "ubigeo_inei": "151003" }, "geometry": { "type": "Polygon", "coordinates": [ [ [ -76.0235, -12.4201 ], [ -76.0164, -12.4224 ], [ -76.0127, -12.4274 ], [ -76.0127, -12.4361 ], [ -76.019, -12.4497 ], [ -76.0305, -12.4598 ], [ -76.0338, -12.4688 ], [ -76.0385, -12.474 ], [ -76.0372, -12.4883 ], [ -76.0449, -12.505 ], [ -76.0456, -12.5209 ], [ -76.0377, -12.5272 ], [ -76.0353, -12.5326 ], [ -76.0299, -12.5341 ], [ -76.0266, -12.5436 ], [ -76.0155, -12.5489 ], [ -76.0099, -12.5555 ], [ -76.0043, -12.5566 ], [ -75.9945, -12.5522 ], [ -75.9937, -12.5668 ], [ -75.9893, -12.5723 ], [ -75.9871, -12.5806 ], [ -75.9912, -12.5933 ], [ -75.99, -12.6036 ], [ -75.9864, -12.6084 ], [ -75.9727, -12.6462 ], [ -75.9665, -12.6478 ], [ -75.9579, -12.6619 ], [ -75.9573, -12.6657 ], [ -75.9628, -12.6731 ], [ -75.9636, -12.6912 ], [ -75.9683, -12.7081 ], [ -75.9653, -12.7126 ], [ -75.9524, -12.7192 ], [ -75.946, -12.735 ], [ -75.9434, -12.748 ], [ -75.9472, -12.7568 ], [ -75.9462, -12.7661 ], [ -75.9407, -12.7724 ], [ -75.9169, -12.7816 ], [ -75.9107, -12.7901 ], [ -75.8921, -12.794 ], [ -75.8931, -12.8005 ], [ -75.9023, -12.8126 ], [ -75.914, -12.8183 ], [ -75.9183, -12.8291 ], [ -75.9299, -12.8361 ], [ -75.937, -12.8449 ], [ -75.9451, -12.8418 ], [ -75.9583, -12.8491 ], [ -75.9548, -12.8369 ], [ -75.9411, -12.8195 ], [ -75.9425, -12.8021 ], [ -75.9647, -12.7912 ], [ -75.9704, -12.7851 ], [ -75.9839, -12.7823 ], [ -75.9879, -12.7748 ], [ -75.9883, -12.7675 ], [ -75.9963, -12.7566 ], [ -76.0, -12.7569 ], [ -76.0009, -12.7607 ], [ -76.0047, -12.7634 ], [ -76.0075, -12.7758 ], [ -76.0166, -12.781 ], [ -76.0216, -12.7894 ], [ -76.0452, -12.782 ], [ -76.0481, -12.782 ], [ -76.0546, -12.7895 ], [ -76.0608, -12.7928 ], [ -76.0727, -12.7924 ], [ -76.0769, -12.7864 ], [ -76.0835, -12.7937 ], [ -76.0915, -12.7956 ], [ -76.0972, -12.8013 ], [ -76.101, -12.8016 ], [ -76.1066, -12.801 ], [ -76.1141, -12.7928 ], [ -76.1254, -12.7866 ], [ -76.1223, -12.7836 ], [ -76.1183, -12.7607 ], [ -76.1094, -12.7568 ], [ -76.1002, -12.7594 ], [ -76.0884, -12.7524 ], [ -76.0836, -12.7427 ], [ -76.0813, -12.7304 ], [ -76.0754, -12.7242 ], [ -76.0766, -12.7107 ], [ -76.0731, -12.7028 ], [ -76.0788, -12.6845 ], [ -76.0844, -12.6749 ], [ -76.0952, -12.6674 ], [ -76.0962, -12.6376 ], [ -76.0889, -12.6267 ], [ -76.0877, -12.6194 ], [ -76.0973, -12.6163 ], [ -76.1062, -12.5988 ], [ -76.1159, -12.597 ], [ -76.1178, -12.5856 ], [ -76.1088, -12.5677 ], [ -76.1234, -12.5522 ], [ -76.1229, -12.549 ], [ -76.1281, -12.5419 ], [ -76.1292, -12.5311 ], [ -76.1389, -12.5233 ], [ -76.1433, -12.5119 ], [ -76.1428, -12.5052 ], [ -76.1324, -12.4871 ], [ -76.1273, -12.4695 ], [ -76.1238, -12.4664 ], [ -76.1143, -12.4662 ], [ -76.1074, -12.4528 ], [ -76.0928, -12.4671 ], [ -76.0832, -12.455 ], [ -76.0682, -12.4418 ], [ -76.0519, -12.4391 ], [ -76.0502, -12.431 ], [ -76.0378, -12.4303 ], [ -76.0341, -12.421 ], [ -76.0235, -12.4201 ] ] ] } },
{ "type": "Feature", "properties": { "ubigeo_inei": "151005" }, "geometry": { "type": "Polygon", "coordinates": [ [ [ -75.8472, -12.9629 ], [ -75.8311, -12.9761 ], [ -75.8145, -12.9827 ], [ -75.8028, -12.9822 ], [ -75.7991, -12.9876 ], [ -75.7892, -12.9901 ], [ -75.7755, -13.009 ], [ -75.7645, -13.0159 ], [ -75.7725, -13.0379 ], [ -75.7983, -13.0595 ], [ -75.8021, -13.0604 ], [ -75.8077, -13.0516 ], [ -75.8143, -13.054 ], [ -75.8179, -13.0521 ], [ -75.8217, -13.0332 ], [ -75.8243, -13.0305 ], [ -75.8353, -13.0295 ], [ -75.8496, -13.0362 ], [ -75.8719, -13.0246 ], [ -75.8788, -13.016 ], [ -75.873, -12.9981 ], [ -75.8736, -12.9933 ], [ -75.8781, -12.9893 ], [ -75.8798, -12.984 ], [ -75.8772, -12.969 ], [ -75.8666, -12.9637 ], [ -75.8522, -12.9651 ], [ -75.8472, -12.9629 ] ] ] } },
{ "type": "Feature", "properties": { "ubigeo_inei": "151007" }, "geometry": { "type": "Polygon", "coordinates": [ [ [ -75.8879, -12.2859 ], [ -75.8707, -12.3014 ], [ -75.8667, -12.3114 ], [ -75.8617, -12.3106 ], [ -75.8535, -12.3146 ], [ -75.8386, -12.3271 ], [ -75.8277, -12.3255 ], [ -75.8244, -12.3328 ], [ -75.828, -12.3405 ], [ -75.8246, -12.3502 ], [ -75.8323, -12.3542 ], [ -75.8343, -12.3579 ], [ -75.8319, -12.3667 ], [ -75.8457, -12.3775 ], [ -75.845, -12.3811 ], [ -75.8492, -12.3866 ], [ -75.8495, -12.4034 ], [ -75.857, -12.4097 ], [ -75.8559, -12.4189 ], [ -75.8509, -12.423 ], [ -75.8514, -12.4259 ], [ -75.8582, -12.4306 ], [ -75.8525, -12.4364 ], [ -75.8503, -12.4433 ], [ -75.8557, -12.445 ], [ -75.856, -12.4485 ], [ -75.8629, -12.446 ], [ -75.8708, -12.4512 ], [ -75.885, -12.4299 ], [ -75.8829, -12.4197 ], [ -75.8877, -12.4124 ], [ -75.8884, -12.4062 ], [ -75.8995, -12.3952 ], [ -75.9077, -12.3966 ], [ -75.9047, -12.3869 ], [ -75.9054, -12.3805 ], [ -75.9267, -12.359 ], [ -75.9289, -12.3504 ], [ -75.9355, -12.3397 ], [ -75.9498, -12.3328 ], [ -75.948, -12.3241 ], [ -75.9305, -12.3148 ], [ -75.9209, -12.3016 ], [ -75.9106, -12.2969 ], [ -75.9003, -12.2882 ], [ -75.8879, -12.2859 ] ] ] } },
{ "type": "Feature", "properties": { "ubigeo_inei": "151013" }, "geometry": { "type": "Polygon", "coordinates": [ [ [ -76.2234, -12.2991 ], [ -76.2145, -12.2997 ], [ -76.2052, -12.3043 ], [ -76.1939, -12.32 ], [ -76.1925, -12.3257 ], [ -76.1889, -12.3306 ], [ -76.1828, -12.3331 ], [ -76.1738, -12.3466 ], [ -76.1666, -12.3524 ], [ -76.1661, -12.3576 ], [ -76.1606, -12.3643 ], [ -76.1505, -12.3657 ], [ -76.1469, -12.389 ], [ -76.1481, -12.4162 ], [ -76.1553, -12.411 ], [ -76.1671, -12.4097 ], [ -76.1932, -12.3829 ], [ -76.199, -12.3803 ], [ -76.2047, -12.355 ], [ -76.2132, -12.3465 ], [ -76.2162, -12.3386 ], [ -76.2377, -12.3325 ], [ -76.2426, -12.327 ], [ -76.2416, -12.315 ], [ -76.2469, -12.309 ], [ -76.2336, -12.309 ], [ -76.2306, -12.3014 ], [ -76.2234, -12.2991 ] ] ] } },
{ "type": "Feature", "properties": { "ubigeo_inei": "151027" }, "geometry": { "type": "Polygon", "coordinates": [ [ [ -76.2068, -12.4445 ], [ -76.1893, -12.4451 ], [ -76.1826, -12.4502 ], [ -76.1776, -12.4481 ], [ -76.1655, -12.4491 ], [ -76.1447, -12.4622 ], [ -76.1341, -12.4617 ], [ -76.1273, -12.4695 ], [ -76.1324, -12.4871 ], [ -76.1428, -12.5052 ], [ -76.1433, -12.5119 ], [ -76.1389, -12.5233 ], [ -76.1474, -12.5303 ], [ -76.1641, -12.5341 ], [ -76.1813, -12.5438 ], [ -76.1845, -12.551 ], [ -76.1874, -12.5518 ], [ -76.1967, -12.5493 ], [ -76.211, -12.5364 ], [ -76.2181, -12.5351 ], [ -76.2285, -12.516 ], [ -76.2363, -12.5114 ], [ -76.2443, -12.5004 ], [ -76.2427, -12.4966 ], [ -76.2271, -12.4856 ], [ -76.2143, -12.4803 ], [ -76.2234, -12.4708 ], [ -76.2318, -12.4692 ], [ -76.2372, -12.458 ], [ -76.2417, -12.4544 ], [ -76.2428, -12.448 ], [ -76.2357, -12.4464 ], [ -76.2288, -12.45 ], [ -76.2212, -12.4501 ], [ -76.2068, -12.4445 ] ] ] } },
{ "type": "Feature", "properties": { "ubigeo_inei": "151030" }, "geometry": { "type": "Polygon", "coordinates": [ [ [ -75.7415, -12.037 ], [ -75.7302, -12.0424 ], [ -75.722, -12.0427 ], [ -75.7167, -12.0465 ], [ -75.7088, -12.0454 ], [ -75.7011, -12.0482 ], [ -75.6943, -12.0427 ], [ -75.6852, -12.0522 ], [ -75.6739, -12.0579 ], [ -75.6767, -12.0664 ], [ -75.6817, -12.0672 ], [ -75.6847, -12.0713 ], [ -75.6882, -12.0821 ], [ -75.6799, -12.0828 ], [ -75.6636, -12.0909 ], [ -75.6577, -12.0957 ], [ -75.6547, -12.1027 ], [ -75.6346, -12.1146 ], [ -75.6387, -12.1215 ], [ -75.6304, -12.1281 ], [ -75.627, -12.1348 ], [ -75.6275, -12.1417 ], [ -75.6419, -12.15 ], [ -75.6492, -12.1636 ], [ -75.6485, -12.1742 ], [ -75.6582, -12.1751 ], [ -75.6598, -12.1806 ], [ -75.6687, -12.1834 ], [ -75.6713, -12.1925 ], [ -75.6625, -12.1956 ], [ -75.6527, -12.2057 ], [ -75.6521, -12.2145 ], [ -75.6451, -12.2201 ], [ -75.6421, -12.2296 ], [ -75.6294, -12.2461 ], [ -75.6411, -12.247 ], [ -75.6449, -12.2569 ], [ -75.6707, -12.2681 ], [ -75.6801, -12.2672 ], [ -75.689, -12.2696 ], [ -75.704, -12.263 ], [ -75.7175, -12.271 ], [ -75.7241, -12.27 ], [ -75.7272, -12.2744 ], [ -75.7309, -12.291 ], [ -75.7353, -12.2932 ], [ -75.7371, -12.2917 ], [ -75.7363, -12.2836 ], [ -75.7488, -12.2632 ], [ -75.7528, -12.2471 ], [ -75.7605, -12.2399 ], [ -75.7711, -12.2429 ], [ -75.7789, -12.2274 ], [ -75.7786, -12.2209 ], [ -75.774, -12.2156 ], [ -75.7729, -12.2074 ], [ -75.7695, -12.2068 ], [ -75.7603, -12.1943 ], [ -75.7599, -12.1755 ], [ -75.7648, -12.1677 ], [ -75.7638, -12.16 ], [ -75.7662, -12.1549 ], [ -75.7606, -12.1446 ], [ -75.7629, -12.1371 ], [ -75.7593, -12.1318 ], [ -75.7536, -12.1292 ], [ -75.7491, -12.1189 ], [ -75.7541, -12.1111 ], [ -75.7526, -12.1035 ], [ -75.7616, -12.0889 ], [ -75.7657, -12.0596 ], [ -75.7615, -12.0566 ], [ -75.7511, -12.0549 ], [ -75.7428, -12.0464 ], [ -75.7415, -12.037 ] ] ] } },
{ "type": "Feature", "properties": { "ubigeo_inei": "070105" }, "geometry": { "type": "Polygon", "coordinates": [ [ [ -77.1588, -12.0665 ], [ -77.1564, -12.0682 ], [ -77.1591, -12.0743 ], [ -77.1698, -12.0745 ], [ -77.1709, -12.0719 ], [ -77.1669, -12.0676 ], [ -77.1684, -12.0715 ], [ -77.1668, -12.0686 ], [ -77.1653, -12.0701 ], [ -77.1588, -12.0665 ] ] ] } },
{ "type": "Feature", "properties": { "ubigeo_inei": "150102" }, "geometry": { "type": "Polygon", "coordinates": [ [ [ -77.0665, -11.5725 ], [ -77.0641, -11.5772 ], [ -77.055, -11.5756 ], [ -77.0458, -11.5787 ], [ -77.0368, -11.5889 ], [ -77.0282, -11.5923 ], [ -77.0221, -11.5963 ], [ -77.0178, -11.6034 ], [ -77.0076, -11.6082 ], [ -77.0048, -11.6143 ], [ -77.0104, -11.617 ], [ -77.0145, -11.6228 ], [ -77.0162, -11.6332 ], [ -77.0352, -11.6518 ], [ -77.0246, -11.6766 ], [ -77.0244, -11.6917 ], [ -77.0263, -11.7002 ], [ -77.0325, -11.7087 ], [ -77.0435, -11.7125 ], [ -77.0443, -11.7147 ], [ -77.0371, -11.7267 ], [ -77.0324, -11.7408 ], [ -77.0394, -11.7525 ], [ -77.0531, -11.7651 ], [ -77.0542, -11.7792 ], [ -77.057, -11.7858 ], [ -77.0727, -11.7919 ], [ -77.0749, -11.7964 ], [ -77.0823, -11.8009 ], [ -77.097, -11.8052 ], [ -77.1135, -11.8203 ], [ -77.1353, -11.8178 ], [ -77.144, -11.821 ], [ -77.1471, -11.8193 ], [ -77.1392, -11.8001 ], [ -77.1583, -11.7811 ], [ -77.1864, -11.7892 ], [ -77.1921, -11.7842 ], [ -77.1983, -11.7832 ], [ -77.1953, -11.7802 ], [ -77.1988, -11.7727 ], [ -77.1969, -11.7713 ], [ -77.1982, -11.7681 ], [ -77.1912, -11.768 ], [ -77.1869, -11.7739 ], [ -77.1819, -11.7733 ], [ -77.181, -11.7758 ], [ -77.175, -11.7719 ], [ -77.1714, -11.7645 ], [ -77.1718, -11.754 ], [ -77.1692, -11.7461 ], [ -77.1728, -11.7302 ], [ -77.1959, -11.6979 ], [ -77.1912, -11.6966 ], [ -77.1821, -11.6859 ], [ -77.1665, -11.6944 ], [ -77.1608, -11.7016 ], [ -77.1545, -11.7017 ], [ -77.1569, -11.6965 ], [ -77.1545, -11.6858 ], [ -77.1583, -11.6817 ], [ -77.1522, -11.6706 ], [ -77.1331, -11.6577 ], [ -77.1263, -11.6604 ], [ -77.1221, -11.6574 ], [ -77.1263, -11.6503 ], [ -77.131, -11.6478 ], [ -77.1312, -11.6399 ], [ -77.137, -11.6375 ], [ -77.1347, -11.6266 ], [ -77.1277, -11.6259 ], [ -77.1163, -11.6304 ], [ -77.1074, -11.6268 ], [ -77.1062, -11.6197 ], [ -77.0853, -11.6042 ], [ -77.0843, -11.5953 ], [ -77.0785, -11.5855 ], [ -77.0777, -11.577 ], [ -77.0665, -11.5725 ] ] ] } },
{ "type": "Feature", "properties": { "ubigeo_inei": "120609" }, "geometry": { "type": "Polygon", "coordinates": [ [ [ -74.2743, -12.0632 ], [ -74.2647, -12.0836 ], [ -74.2575, -12.0901 ], [ -74.2526, -12.1052 ], [ -74.2467, -12.1028 ], [ -74.2424, -12.1074 ], [ -74.2296, -12.1037 ], [ -74.2255, -12.1068 ], [ -74.2063, -12.112 ], [ -74.2032, -12.1201 ], [ -74.1925, -12.1225 ], [ -74.1923, -12.1263 ], [ -74.1826, -12.1372 ], [ -74.1815, -12.1457 ], [ -74.1735, -12.1494 ], [ -74.1654, -12.1589 ], [ -74.1573, -12.1614 ], [ -74.1578, -12.1638 ], [ -74.1512, -12.1696 ], [ -74.1378, -12.1784 ], [ -74.1331, -12.1942 ], [ -74.1209, -12.1834 ], [ -74.1125, -12.1704 ], [ -74.1115, -12.164 ], [ -74.0928, -12.1601 ], [ -74.0826, -12.1504 ], [ -74.0803, -12.1444 ], [ -74.0808, -12.1321 ], [ -74.0688, -12.1385 ], [ -74.0651, -12.1422 ], [ -74.063, -12.1493 ], [ -74.0651, -12.1539 ], [ -74.0739, -12.1609 ], [ -74.0747, -12.166 ], [ -74.0727, -12.1687 ], [ -74.0653, -12.1728 ], [ -74.0614, -12.1725 ], [ -74.0492, -12.163 ], [ -74.0434, -12.1625 ], [ -74.0305, -12.1708 ], [ -74.0275, -12.174 ], [ -74.022, -12.1951 ], [ -74.014, -12.2103 ], [ -74.0123, -12.2185 ], [ -74.0003, -12.2239 ], [ -73.9929, -12.2349 ], [ -73.9811, -12.2415 ], [ -73.9866, -12.258 ], [ -73.9864, -12.2683 ], [ -73.9888, -12.274 ], [ -73.9977, -12.2825 ], [ -74.0031, -12.2839 ], [ -74.0097, -12.2789 ], [ -74.0219, -12.2774 ], [ -74.0398, -12.2614 ], [ -74.0448, -12.2664 ], [ -74.055, -12.2693 ], [ -74.0593, -12.2766 ], [ -74.0646, -12.2784 ], [ -74.071, -12.2771 ], [ -74.0762, -12.2818 ], [ -74.0974, -12.2837 ], [ -74.1041, -12.3132 ], [ -74.1123, -12.3193 ], [ -74.1191, -12.332 ], [ -74.1252, -12.3339 ], [ -74.1308, -12.3288 ], [ -74.1312, -12.3146 ], [ -74.1419, -12.317 ], [ -74.1446, -12.3239 ], [ -74.1473, -12.3244 ], [ -74.1602, -12.3207 ], [ -74.1662, -12.3124 ], [ -74.1756, -12.3137 ], [ -74.1797, -12.3174 ], [ -74.1849, -12.3162 ], [ -74.1881, -12.3137 ], [ -74.1867, -12.3043 ], [ -74.1901, -12.3024 ], [ -74.1999, -12.3026 ], [ -74.207, -12.2983 ], [ -74.2133, -12.3034 ], [ -74.2187, -12.3017 ], [ -74.2221, -12.2976 ], [ -74.2156, -12.2912 ], [ -74.2208, -12.2868 ], [ -74.218, -12.2781 ], [ -74.2252, -12.2766 ], [ -74.2326, -12.2675 ], [ -74.241, -12.2706 ], [ -74.2455, -12.2695 ], [ -74.2476, -12.267 ], [ -74.2478, -12.258 ], [ -74.2575, -12.2564 ], [ -74.2698, -12.2393 ], [ -74.2841, -12.2406 ], [ -74.2916, -12.2304 ], [ -74.2915, -12.2231 ], [ -74.3001, -12.2264 ], [ -74.3116, -12.2238 ], [ -74.3149, -12.2311 ], [ -74.3219, -12.2298 ], [ -74.3365, -12.2149 ], [ -74.3297, -12.2112 ], [ -74.3327, -12.2064 ], [ -74.3342, -12.1945 ], [ -74.3367, -12.1924 ], [ -74.3442, -12.1953 ], [ -74.3448, -12.1901 ], [ -74.3517, -12.178 ], [ -74.3436, -12.1718 ], [ -74.3435, -12.1686 ], [ -74.3471, -12.1651 ], [ -74.3553, -12.1639 ], [ -74.361, -12.1564 ], [ -74.3594, -12.1498 ], [ -74.3524, -12.1478 ], [ -74.3517, -12.137 ], [ -74.3564, -12.1355 ], [ -74.3617, -12.1386 ], [ -74.3656, -12.1346 ], [ -74.3565, -12.1251 ], [ -74.3508, -12.1083 ], [ -74.3411, -12.0932 ], [ -74.3322, -12.0874 ], [ -74.3215, -12.0744 ], [ -74.3041, -12.0702 ], [ -74.3, -12.0665 ], [ -74.2934, -12.0666 ], [ -74.2854, -12.0715 ], [ -74.2803, -12.0655 ], [ -74.2743, -12.0632 ] ] ] } },
{ "type": "Feature", "properties": { "ubigeo_inei": "101103" }, "geometry": { "type": "Polygon", "coordinates": [ [ [ -76.6409, -9.8819 ], [ -76.6239, -9.8844 ], [ -76.6092, -9.8832 ], [ -76.6055, -9.8885 ], [ -76.6114, -9.9049 ], [ -76.6199, -9.9081 ], [ -76.6265, -9.9192 ], [ -76.6436, -9.9178 ], [ -76.6505, -9.92 ], [ -76.6593, -9.9099 ], [ -76.6547, -9.9085 ], [ -76.6512, -9.895 ], [ -76.6409, -9.8819 ] ] ] } },
{ "type": "Feature", "properties": { "ubigeo_inei": "101107" }, "geometry": { "type": "Polygon", "coordinates": [ [ [ -76.7033, -9.6905 ], [ -76.6976, -9.6976 ], [ -76.6633, -9.7155 ], [ -76.6565, -9.7296 ], [ -76.6557, -9.7447 ], [ -76.6741, -9.7446 ], [ -76.6896, -9.7491 ], [ -76.6996, -9.7773 ], [ -76.6949, -9.7889 ], [ -76.6941, -9.8083 ], [ -76.7129, -9.8286 ], [ -76.7177, -9.8269 ], [ -76.7186, -9.822 ], [ -76.7286, -9.8194 ], [ -76.7206, -9.8449 ], [ -76.7245, -9.8473 ], [ -76.7481, -9.8419 ], [ -76.758, -9.8425 ], [ -76.7498, -9.8368 ], [ -76.7468, -9.8195 ], [ -76.7357, -9.7914 ], [ -76.7358, -9.7842 ], [ -76.7333, -9.7794 ], [ -76.7358, -9.753 ], [ -76.7131, -9.7515 ], [ -76.7021, -9.747 ], [ -76.7031, -9.7373 ], [ -76.7147, -9.7282 ], [ -76.7232, -9.7096 ], [ -76.7212, -9.7021 ], [ -76.7033, -9.6905 ] ] ] } },
{ "type": "Feature", "properties": { "ubigeo_inei": "190203" }, "geometry": { "type": "Polygon", "coordinates": [ [ [ -76.4181, -10.4565 ], [ -76.4096, -10.4574 ], [ -76.4082, -10.4606 ], [ -76.3932, -10.4695 ], [ -76.389, -10.4763 ], [ -76.3821, -10.4778 ], [ -76.3825, -10.49 ], [ -76.3898, -10.4979 ], [ -76.3885, -10.5068 ], [ -76.397, -10.5194 ], [ -76.4117, -10.5025 ], [ -76.4228, -10.4985 ], [ -76.4266, -10.4924 ], [ -76.4243, -10.4856 ], [ -76.419, -10.4806 ], [ -76.4228, -10.4794 ], [ -76.4222, -10.4725 ], [ -76.4136, -10.4647 ], [ -76.4157, -10.4598 ], [ -76.4189, -10.4582 ], [ -76.4181, -10.4565 ] ] ] } },
{ "type": "Feature", "properties": { "ubigeo_inei": "190202" }, "geometry": { "type": "Polygon", "coordinates": [ [ [ -76.3305, -10.3163 ], [ -76.3279, -10.3336 ], [ -76.3357, -10.3527 ], [ -76.3444, -10.3601 ], [ -76.3555, -10.364 ], [ -76.3714, -10.3597 ], [ -76.3787, -10.3704 ], [ -76.3863, -10.3749 ], [ -76.3865, -10.3938 ], [ -76.3832, -10.407 ], [ -76.3875, -10.4195 ], [ -76.3783, -10.423 ], [ -76.3746, -10.4273 ], [ -76.3824, -10.4316 ], [ -76.3865, -10.4369 ], [ -76.3926, -10.4527 ], [ -76.3915, -10.4659 ], [ -76.3932, -10.4695 ], [ -76.4082, -10.4606 ], [ -76.4096, -10.4574 ], [ -76.4186, -10.4564 ], [ -76.4136, -10.4647 ], [ -76.4222, -10.4725 ], [ -76.4228, -10.4794 ], [ -76.419, -10.4806 ], [ -76.4268, -10.4905 ], [ -76.4243, -10.4969 ], [ -76.4121, -10.5021 ], [ -76.3977, -10.5196 ], [ -76.3885, -10.5068 ], [ -76.3864, -10.5167 ], [ -76.3809, -10.522 ], [ -76.377, -10.5212 ], [ -76.3719, -10.5242 ], [ -76.3688, -10.5306 ], [ -76.3516, -10.5452 ], [ -76.3489, -10.5685 ], [ -76.3535, -10.5787 ], [ -76.3376, -10.5791 ], [ -76.3331, -10.59 ], [ -76.3459, -10.5957 ], [ -76.3501, -10.6109 ], [ -76.3591, -10.6163 ], [ -76.3625, -10.6273 ], [ -76.3676, -10.624 ], [ -76.3703, -10.6103 ], [ -76.3746, -10.6055 ], [ -76.3874, -10.6052 ], [ -76.3958, -10.6128 ], [ -76.4158, -10.6052 ], [ -76.419, -10.587 ], [ -76.4134, -10.5827 ], [ -76.4021, -10.5796 ], [ -76.3973, -10.5708 ], [ -76.419, -10.5487 ], [ -76.4174, -10.5237 ], [ -76.4201, -10.5195 ], [ -76.4252, -10.5173 ], [ -76.425, -10.5125 ], [ -76.4297, -10.5035 ], [ -76.4375, -10.4987 ], [ -76.44, -10.4927 ], [ -76.4401, -10.4767 ], [ -76.4471, -10.4462 ], [ -76.4478, -10.4305 ], [ -76.438, -10.4217 ], [ -76.4365, -10.4173 ], [ -76.4312, -10.4165 ], [ -76.4314, -10.4137 ], [ -76.4183, -10.398 ], [ -76.4122, -10.3802 ], [ -76.4137, -10.3597 ], [ -76.4082, -10.3479 ], [ -76.3995, -10.3472 ], [ -76.3955, -10.343 ], [ -76.3896, -10.3444 ], [ -76.386, -10.3418 ], [ -76.3857, -10.3381 ], [ -76.379, -10.3374 ], [ -76.3793, -10.3349 ], [ -76.3739, -10.3306 ], [ -76.3712, -10.3314 ], [ -76.3692, -10.3365 ], [ -76.3426, -10.3363 ], [ -76.3347, -10.3271 ], [ -76.3336, -10.319 ], [ -76.3305, -10.3163 ] ] ] } },
{ "type": "Feature", "properties": { "ubigeo_inei": "221004" }, "geometry": { "type": "Polygon", "coordinates": [ [ [ -76.8611, -8.2559 ], [ -76.8382, -8.2669 ], [ -76.822, -8.267 ], [ -76.8078, -8.2597 ], [ -76.8022, -8.2623 ], [ -76.7982, -8.2609 ], [ -76.7853, -8.2754 ], [ -76.7808, -8.2768 ], [ -76.7544, -8.2706 ], [ -76.7398, -8.2824 ], [ -76.7318, -8.2826 ], [ -76.7253, -8.2864 ], [ -76.703, -8.2907 ], [ -76.6958, -8.3153 ], [ -76.6806, -8.3291 ], [ -76.6725, -8.3328 ], [ -76.6688, -8.3476 ], [ -76.6733, -8.359 ], [ -76.6718, -8.3649 ], [ -76.6859, -8.3661 ], [ -76.6925, -8.3636 ], [ -76.6975, -8.3673 ], [ -76.6959, -8.376 ], [ -76.6998, -8.388 ], [ -76.695, -8.398 ], [ -76.6855, -8.4078 ], [ -76.6934, -8.4261 ], [ -76.6928, -8.44 ], [ -76.7024, -8.4429 ], [ -76.7086, -8.4532 ], [ -76.7077, -8.4755 ], [ -76.7002, -8.4847 ], [ -76.7121, -8.4905 ], [ -76.7195, -8.5028 ], [ -76.7325, -8.5079 ], [ -76.7299, -8.5148 ], [ -76.7325, -8.518 ], [ -76.741, -8.5246 ], [ -76.7546, -8.5196 ], [ -76.7684, -8.5268 ], [ -76.7777, -8.5215 ], [ -76.7848, -8.5244 ], [ -76.7901, -8.5236 ], [ -76.7968, -8.5108 ], [ -76.8067, -8.5112 ], [ -76.823, -8.5186 ], [ -76.8307, -8.5163 ], [ -76.8432, -8.5261 ], [ -76.8428, -8.5325 ], [ -76.8459, -8.5359 ], [ -76.8473, -8.5465 ], [ -76.8522, -8.5507 ], [ -76.8625, -8.5525 ], [ -76.8647, -8.5663 ], [ -76.8709, -8.564 ], [ -76.8749, -8.5582 ], [ -76.8844, -8.5582 ], [ -76.8874, -8.5548 ], [ -76.8962, -8.562 ], [ -76.8971, -8.5687 ], [ -76.9038, -8.5658 ], [ -76.9211, -8.57 ], [ -76.9367, -8.5666 ], [ -76.937, -8.5624 ], [ -76.9424, -8.5568 ], [ -76.9401, -8.552 ], [ -76.9489, -8.5457 ], [ -76.9554, -8.5456 ], [ -76.967, -8.5596 ], [ -76.9773, -8.5606 ], [ -76.9948, -8.5556 ], [ -77.0116, -8.5377 ], [ -77.0234, -8.5429 ], [ -77.0314, -8.5409 ], [ -77.035, -8.5448 ], [ -77.0374, -8.5533 ], [ -77.0498, -8.5537 ], [ -77.0561, -8.5497 ], [ -77.0564, -8.5454 ], [ -77.0606, -8.5428 ], [ -77.061, -8.5378 ], [ -77.0745, -8.535 ], [ -77.0759, -8.5267 ], [ -77.0843, -8.5256 ], [ -77.0917, -8.517 ], [ -77.0907, -8.513 ], [ -77.0855, -8.5099 ], [ -77.085, -8.502 ], [ -77.0801, -8.497 ], [ -77.0819, -8.4873 ], [ -77.0903, -8.4823 ], [ -77.1013, -8.4882 ], [ -77.1033, -8.4833 ], [ -77.1087, -8.4798 ], [ -77.1184, -8.4789 ], [ -77.1236, -8.4838 ], [ -77.1399, -8.4805 ], [ -77.1425, -8.4755 ], [ -77.1381, -8.4662 ], [ -77.1335, -8.4624 ], [ -77.1311, -8.4543 ], [ -77.131, -8.4449 ], [ -77.1338, -8.44 ], [ -77.1198, -8.4476 ], [ -77.1046, -8.4448 ], [ -77.1024, -8.4372 ], [ -77.0932, -8.4345 ], [ -77.0939, -8.4274 ], [ -77.0855, -8.4062 ], [ -77.0742, -8.4054 ], [ -77.0707, -8.3983 ], [ -77.0668, -8.3965 ], [ -77.0471, -8.4039 ], [ -77.034, -8.4047 ], [ -77.0004, -8.3824 ], [ -76.9925, -8.3901 ], [ -76.9917, -8.3963 ], [ -76.9818, -8.3932 ], [ -76.9769, -8.3961 ], [ -76.9718, -8.3911 ], [ -76.9744, -8.3782 ], [ -76.9684, -8.3712 ], [ -76.9659, -8.3696 ], [ -76.9561, -8.3716 ], [ -76.9513, -8.3757 ], [ -76.9459, -8.3694 ], [ -76.9427, -8.3599 ], [ -76.9318, -8.3613 ], [ -76.927, -8.3593 ], [ -76.9262, -8.3505 ], [ -76.9319, -8.3426 ], [ -76.9137, -8.3261 ], [ -76.9116, -8.3194 ], [ -76.9125, -8.3127 ], [ -76.907, -8.3044 ], [ -76.9105, -8.2951 ], [ -76.9055, -8.286 ], [ -76.9012, -8.2835 ], [ -76.9044, -8.272 ], [ -76.9033, -8.2681 ], [ -76.8934, -8.2646 ], [ -76.8781, -8.2699 ], [ -76.8728, -8.263 ], [ -76.8669, -8.2606 ], [ -76.8656, -8.2564 ], [ -76.8611, -8.2559 ] ] ] } },
{ "type": "Feature", "properties": { "ubigeo_inei": "020305" }, "geometry": { "type": "Polygon", "coordinates": [ [ [ -77.1129, -9.009 ], [ -77.0992, -9.0119 ], [ -77.0942, -9.0182 ], [ -77.0979, -9.038 ], [ -77.0952, -9.0492 ], [ -77.099, -9.055 ], [ -77.0899, -9.06 ], [ -77.0856, -9.0659 ], [ -77.0681, -9.0759 ], [ -77.0592, -9.0944 ], [ -77.063, -9.0974 ], [ -77.0554, -9.1095 ], [ -77.0674, -9.116 ], [ -77.072, -9.1216 ], [ -77.0618, -9.1374 ], [ -77.0521, -9.1723 ], [ -77.0472, -9.1795 ], [ -77.0532, -9.1783 ], [ -77.0598, -9.1707 ], [ -77.0652, -9.17 ], [ -77.0874, -9.1845 ], [ -77.096, -9.1856 ], [ -77.0987, -9.1917 ], [ -77.1029, -9.1941 ], [ -77.1105, -9.1911 ], [ -77.1239, -9.2001 ], [ -77.1422, -9.2024 ], [ -77.146, -9.1983 ], [ -77.1471, -9.1903 ], [ -77.1515, -9.1875 ], [ -77.1574, -9.1727 ], [ -77.1739, -9.16 ], [ -77.1669, -9.15 ], [ -77.1577, -9.1471 ], [ -77.1543, -9.1427 ], [ -77.1606, -9.134 ], [ -77.1601, -9.1301 ], [ -77.1653, -9.1273 ], [ -77.1684, -9.1221 ], [ -77.1637, -9.118 ], [ -77.163, -9.1126 ], [ -77.1667, -9.1085 ], [ -77.1575, -9.1002 ], [ -77.1559, -9.0958 ], [ -77.1441, -9.0957 ], [ -77.141, -9.0913 ], [ -77.14, -9.0834 ], [ -77.1436, -9.0784 ], [ -77.1414, -9.0556 ], [ -77.1487, -9.0465 ], [ -77.1524, -9.0337 ], [ -77.1473, -9.0281 ], [ -77.1417, -9.0292 ], [ -77.1258, -9.023 ], [ -77.1129, -9.009 ] ] ] } },
{ "type": "Feature", "properties": { "ubigeo_inei": "021012" }, "geometry": { "type": "Polygon", "coordinates": [ [ [ -77.0388, -9.3249 ], [ -77.0383, -9.3313 ], [ -77.041, -9.3349 ], [ -77.0433, -9.3512 ], [ -77.0481, -9.3569 ], [ -77.0516, -9.3596 ], [ -77.0568, -9.3594 ], [ -77.0569, -9.3652 ], [ -77.0628, -9.3626 ], [ -77.0705, -9.3729 ], [ -77.0757, -9.3666 ], [ -77.0803, -9.3719 ], [ -77.0796, -9.3742 ], [ -77.0864, -9.3772 ], [ -77.0902, -9.3666 ], [ -77.0589, -9.347 ], [ -77.0409, -9.3295 ], [ -77.0388, -9.3249 ] ] ] } },
{ "type": "Feature", "properties": { "ubigeo_inei": "021014" }, "geometry": { "type": "Polygon", "coordinates": [ [ [ -77.1578, -9.4291 ], [ -77.1416, -9.4417 ], [ -77.1296, -9.4557 ], [ -77.1197, -9.4615 ], [ -77.1166, -9.4614 ], [ -77.1151, -9.4576 ], [ -77.1099, -9.4596 ], [ -77.1066, -9.4572 ], [ -77.101, -9.4573 ], [ -77.0935, -9.4661 ], [ -77.0896, -9.4798 ], [ -77.0853, -9.485 ], [ -77.0758, -9.486 ], [ -77.0664, -9.4927 ], [ -77.0661, -9.4982 ], [ -77.071, -9.4978 ], [ -77.072, -9.5005 ], [ -77.0628, -9.5084 ], [ -77.0489, -9.5099 ], [ -77.0399, -9.4918 ], [ -77.0313, -9.4934 ], [ -77.0171, -9.4879 ], [ -77.0079, -9.5169 ], [ -76.9977, -9.5257 ], [ -76.9937, -9.5357 ], [ -76.9864, -9.5421 ], [ -76.975, -9.5634 ], [ -76.9815, -9.5654 ], [ -76.9831, -9.5773 ], [ -76.9902, -9.5794 ], [ -76.9882, -9.5925 ], [ -76.9953, -9.6034 ], [ -77.0127, -9.61 ], [ -77.0153, -9.6143 ], [ -77.0237, -9.6107 ], [ -77.0292, -9.613 ], [ -77.0318, -9.6196 ], [ -77.045, -9.6283 ], [ -77.0472, -9.6325 ], [ -77.0441, -9.6429 ], [ -77.0485, -9.6475 ], [ -77.0473, -9.6539 ], [ -77.0413, -9.6589 ], [ -77.0408, -9.668 ], [ -77.0331, -9.6801 ], [ -77.0269, -9.697 ], [ -77.0223, -9.7022 ], [ -77.0343, -9.7094 ], [ -77.0357, -9.7188 ], [ -77.0282, -9.7239 ], [ -77.0255, -9.7286 ], [ -77.0306, -9.7338 ], [ -77.0262, -9.7485 ], [ -77.031, -9.7552 ], [ -77.0276, -9.7636 ], [ -77.0388, -9.7791 ], [ -77.0495, -9.7829 ], [ -77.0465, -9.7929 ], [ -77.0477, -9.7952 ], [ -77.0554, -9.7969 ], [ -77.0602, -9.8021 ], [ -77.07, -9.797 ], [ -77.0761, -9.797 ], [ -77.099, -9.8062 ], [ -77.0985, -9.8128 ], [ -77.101, -9.8183 ], [ -77.0928, -9.8368 ], [ -77.0957, -9.8411 ], [ -77.1028, -9.8411 ], [ -77.1154, -9.8332 ], [ -77.1252, -9.8396 ], [ -77.1417, -9.8332 ], [ -77.142, -9.822 ], [ -77.133, -9.8026 ], [ -77.1391, -9.7888 ], [ -77.134, -9.7737 ], [ -77.1391, -9.729 ], [ -77.1362, -9.7189 ], [ -77.1379, -9.7129 ], [ -77.136, -9.7042 ], [ -77.1383, -9.6998 ], [ -77.1328, -9.6885 ], [ -77.1481, -9.6713 ], [ -77.1588, -9.6749 ], [ -77.1731, -9.6734 ], [ -77.1782, -9.6661 ], [ -77.1862, -9.6616 ], [ -77.1898, -9.6497 ], [ -77.1993, -9.646 ], [ -77.2022, -9.6349 ], [ -77.1882, -9.6245 ], [ -77.1781, -9.6076 ], [ -77.1739, -9.5851 ], [ -77.1751, -9.5674 ], [ -77.1719, -9.563 ], [ -77.1727, -9.5596 ], [ -77.1693, -9.5585 ], [ -77.1653, -9.5495 ], [ -77.1579, -9.521 ], [ -77.1503, -9.507 ], [ -77.1513, -9.4966 ], [ -77.1411, -9.4754 ], [ -77.1423, -9.4686 ], [ -77.1533, -9.4564 ], [ -77.1594, -9.4344 ], [ -77.1578, -9.4291 ] ] ] } },
{ "type": "Feature", "properties": { "ubigeo_inei": "021015" }, "geometry": { "type": "Polygon", "coordinates": [ [ [ -77.0186, -9.3801 ], [ -77.0021, -9.3826 ], [ -77.0035, -9.3897 ], [ -77.0, -9.3947 ], [ -76.9889, -9.4011 ], [ -76.9821, -9.4101 ], [ -76.9769, -9.4126 ], [ -76.9544, -9.4092 ], [ -76.9497, -9.4042 ], [ -76.9361, -9.4058 ], [ -76.9292, -9.4261 ], [ -76.9303, -9.4332 ], [ -76.9404, -9.4486 ], [ -76.9485, -9.4527 ], [ -76.949, -9.4594 ], [ -76.9533, -9.4675 ], [ -76.9386, -9.4917 ], [ -76.9381, -9.5039 ], [ -76.9402, -9.5101 ], [ -76.9376, -9.5254 ], [ -76.9452, -9.5358 ], [ -76.9551, -9.5427 ], [ -76.9529, -9.5478 ], [ -76.9551, -9.5603 ], [ -76.975, -9.5634 ], [ -76.9864, -9.5421 ], [ -76.9937, -9.5357 ], [ -76.9977, -9.5257 ], [ -77.0079, -9.5169 ], [ -77.021, -9.4785 ], [ -77.0266, -9.4757 ], [ -77.0374, -9.4369 ], [ -77.0346, -9.4294 ], [ -77.0253, -9.4184 ], [ -77.0233, -9.4057 ], [ -77.0307, -9.3823 ], [ -77.0264, -9.383 ], [ -77.0186, -9.3801 ] ] ] } },
{ "type": "Feature", "properties": { "ubigeo_inei": "021409" }, "geometry": { "type": "Polygon", "coordinates": [ [ [ -77.4887, -10.3444 ], [ -77.4797, -10.3483 ], [ -77.478, -10.3598 ], [ -77.4589, -10.3702 ], [ -77.4575, -10.3668 ], [ -77.4464, -10.3676 ], [ -77.4398, -10.3629 ], [ -77.4279, -10.3646 ], [ -77.4313, -10.3843 ], [ -77.434, -10.3871 ], [ -77.4305, -10.4037 ], [ -77.432, -10.4089 ], [ -77.4373, -10.4135 ], [ -77.4369, -10.4337 ], [ -77.4439, -10.4405 ], [ -77.4444, -10.4472 ], [ -77.4506, -10.4562 ], [ -77.4522, -10.4732 ], [ -77.4576, -10.4784 ], [ -77.4601, -10.4858 ], [ -77.457, -10.4919 ], [ -77.4577, -10.4978 ], [ -77.4644, -10.5183 ], [ -77.4643, -10.5255 ], [ -77.4702, -10.5347 ], [ -77.4665, -10.5392 ], [ -77.4719, -10.5463 ], [ -77.4867, -10.5535 ], [ -77.4913, -10.5619 ], [ -77.4995, -10.5659 ], [ -77.5123, -10.5607 ], [ -77.5204, -10.563 ], [ -77.5323, -10.5561 ], [ -77.5397, -10.556 ], [ -77.5451, -10.5652 ], [ -77.5668, -10.5709 ], [ -77.5767, -10.5838 ], [ -77.596, -10.5854 ], [ -77.6049, -10.5901 ], [ -77.6081, -10.5955 ], [ -77.6193, -10.6023 ], [ -77.6195, -10.6143 ], [ -77.6285, -10.6112 ], [ -77.6382, -10.6029 ], [ -77.6453, -10.5829 ], [ -77.6395, -10.5777 ], [ -77.6382, -10.563 ], [ -77.6312, -10.5601 ], [ -77.6308, -10.5569 ], [ -77.6253, -10.5546 ], [ -77.6211, -10.5482 ], [ -77.6146, -10.5464 ], [ -77.6129, -10.5382 ], [ -77.6163, -10.5247 ], [ -77.6122, -10.521 ], [ -77.5996, -10.5175 ], [ -77.6025, -10.5082 ], [ -77.611, -10.5069 ], [ -77.6144, -10.5033 ], [ -77.6202, -10.5057 ], [ -77.6247, -10.502 ], [ -77.6301, -10.5069 ], [ -77.6299, -10.5121 ], [ -77.6333, -10.5158 ], [ -77.6411, -10.5138 ], [ -77.6514, -10.5301 ], [ -77.662, -10.5323 ], [ -77.6692, -10.5406 ], [ -77.6762, -10.5376 ], [ -77.6878, -10.5373 ], [ -77.694, -10.5395 ], [ -77.6984, -10.5439 ], [ -77.7088, -10.5481 ], [ -77.7101, -10.5602 ], [ -77.7157, -10.5597 ], [ -77.7209, -10.5546 ], [ -77.7276, -10.5527 ], [ -77.7299, -10.563 ], [ -77.7357, -10.5685 ], [ -77.7448, -10.5608 ], [ -77.7467, -10.5531 ], [ -77.743, -10.5462 ], [ -77.745, -10.5339 ], [ -77.7431, -10.529 ], [ -77.7379, -10.5208 ], [ -77.7286, -10.5137 ], [ -77.7219, -10.5119 ], [ -77.7206, -10.503 ], [ -77.7106, -10.5038 ], [ -77.7094, -10.5004 ], [ -77.7124, -10.4916 ], [ -77.7073, -10.4891 ], [ -77.7084, -10.4849 ], [ -77.7014, -10.4688 ], [ -77.6976, -10.4641 ], [ -77.6936, -10.4633 ], [ -77.6882, -10.4538 ], [ -77.6893, -10.4408 ], [ -77.6839, -10.4314 ], [ -77.6767, -10.4319 ], [ -77.6705, -10.4275 ], [ -77.6658, -10.4271 ], [ -77.663, -10.4183 ], [ -77.6528, -10.4162 ], [ -77.6453, -10.4087 ], [ -77.6346, -10.4123 ], [ -77.6154, -10.3991 ], [ -77.5981, -10.3828 ], [ -77.5936, -10.3831 ], [ -77.5895, -10.387 ], [ -77.5802, -10.3885 ], [ -77.5695, -10.3867 ], [ -77.5611, -10.3902 ], [ -77.5335, -10.3863 ], [ -77.5227, -10.3872 ], [ -77.5165, -10.3704 ], [ -77.5163, -10.3635 ], [ -77.5029, -10.3575 ], [ -77.5005, -10.348 ], [ -77.4887, -10.3444 ] ] ] } },
{ "type": "Feature", "properties": { "ubigeo_inei": "021703" }, "geometry": { "type": "Polygon", "coordinates": [ [ [ -77.5364, -9.8614 ], [ -77.5305, -9.8627 ], [ -77.5237, -9.8681 ], [ -77.5182, -9.8659 ], [ -77.508, -9.8663 ], [ -77.5041, -9.8694 ], [ -77.5033, -9.8748 ], [ -77.4911, -9.8707 ], [ -77.4829, -9.8717 ], [ -77.4724, -9.8766 ], [ -77.4737, -9.8853 ], [ -77.4647, -9.8932 ], [ -77.4628, -9.9027 ], [ -77.4599, -9.9062 ], [ -77.46, -9.9201 ], [ -77.4561, -9.9266 ], [ -77.4594, -9.9337 ], [ -77.4547, -9.9398 ], [ -77.4564, -9.9427 ], [ -77.4637, -9.9496 ], [ -77.4675, -9.9502 ], [ -77.4782, -9.9414 ], [ -77.4887, -9.9428 ], [ -77.4977, -9.961 ], [ -77.5063, -9.9664 ], [ -77.5157, -9.979 ], [ -77.5257, -9.9794 ], [ -77.5361, -9.9914 ], [ -77.5433, -9.9927 ], [ -77.5544, -9.9867 ], [ -77.5553, -9.9918 ], [ -77.5613, -9.9949 ], [ -77.5684, -9.9966 ], [ -77.5833, -9.9953 ], [ -77.5885, -9.9992 ], [ -77.5902, -10.004 ], [ -77.6108, -10.018 ], [ -77.6177, -10.0261 ], [ -77.6314, -10.022 ], [ -77.6287, -9.9983 ], [ -77.6202, -9.9771 ], [ -77.6117, -9.9746 ], [ -77.6082, -9.9501 ], [ -77.5982, -9.9422 ], [ -77.5954, -9.9316 ], [ -77.5858, -9.9234 ], [ -77.5783, -9.9092 ], [ -77.5686, -9.9007 ], [ -77.5637, -9.9004 ], [ -77.5619, -9.8951 ], [ -77.5581, -9.8936 ], [ -77.5503, -9.8791 ], [ -77.5525, -9.8722 ], [ -77.5463, -9.8699 ], [ -77.5422, -9.8633 ], [ -77.5364, -9.8614 ] ] ] } },
{ "type": "Feature", "properties": { "ubigeo_inei": "021002" }, "geometry": { "type": "Polygon", "coordinates": [ [ [ -76.879, -9.2121 ], [ -76.8726, -9.2182 ], [ -76.8678, -9.2194 ], [ -76.8658, -9.2286 ], [ -76.8614, -9.2327 ], [ -76.8615, -9.2382 ], [ -76.8649, -9.2437 ], [ -76.8633, -9.2496 ], [ -76.8613, -9.2514 ], [ -76.8496, -9.2512 ], [ -76.8428, -9.2617 ], [ -76.8467, -9.2642 ], [ -76.8479, -9.2722 ], [ -76.8533, -9.2785 ], [ -76.8546, -9.2885 ], [ -76.8679, -9.2913 ], [ -76.8709, -9.3015 ], [ -76.883, -9.3024 ], [ -76.8932, -9.2971 ], [ -76.8972, -9.289 ], [ -76.9077, -9.2852 ], [ -76.9167, -9.2759 ], [ -76.9173, -9.2722 ], [ -76.9233, -9.2692 ], [ -76.928, -9.2609 ], [ -76.936, -9.2551 ], [ -76.9556, -9.2575 ], [ -76.9628, -9.2562 ], [ -76.9688, -9.2588 ], [ -76.9834, -9.2476 ], [ -76.9837, -9.245 ], [ -76.9785, -9.2429 ], [ -76.9733, -9.2355 ], [ -76.9699, -9.227 ], [ -76.97, -9.2203 ], [ -76.965, -9.2179 ], [ -76.9567, -9.2178 ], [ -76.9471, -9.2222 ], [ -76.9364, -9.2232 ], [ -76.9197, -9.2179 ], [ -76.919, -9.2255 ], [ -76.9057, -9.2274 ], [ -76.879, -9.2121 ] ] ] } },
{ "type": "Feature", "properties": { "ubigeo_inei": "021004" }, "geometry": { "type": "Polygon", "coordinates": [ [ [ -77.1493, -9.4946 ], [ -77.1515, -9.4972 ], [ -77.1498, -9.5041 ], [ -77.1525, -9.5135 ], [ -77.1579, -9.521 ], [ -77.1654, -9.5496 ], [ -77.1693, -9.5585 ], [ -77.1727, -9.5596 ], [ -77.1719, -9.563 ], [ -77.1751, -9.5674 ], [ -77.1739, -9.5851 ], [ -77.1781, -9.6076 ], [ -77.1882, -9.6245 ], [ -77.2023, -9.6339 ], [ -77.1993, -9.646 ], [ -77.1898, -9.6497 ], [ -77.1862, -9.6616 ], [ -77.1782, -9.6661 ], [ -77.1731, -9.6734 ], [ -77.1588, -9.6749 ], [ -77.1481, -9.6713 ], [ -77.1328, -9.6884 ], [ -77.1383, -9.6998 ], [ -77.136, -9.7042 ], [ -77.1379, -9.7129 ], [ -77.1362, -9.7189 ], [ -77.1391, -9.729 ], [ -77.134, -9.7737 ], [ -77.1391, -9.7888 ], [ -77.133, -9.8026 ], [ -77.142, -9.822 ], [ -77.1417, -9.8332 ], [ -77.1622, -9.827 ], [ -77.1847, -9.8369 ], [ -77.1888, -9.834 ], [ -77.2028, -9.8311 ], [ -77.2066, -9.8212 ], [ -77.2097, -9.8245 ], [ -77.2169, -9.8239 ], [ -77.2215, -9.8113 ], [ -77.2257, -9.8066 ], [ -77.2346, -9.8061 ], [ -77.2397, -9.809 ], [ -77.244, -9.8076 ], [ -77.2385, -9.7853 ], [ -77.2395, -9.7798 ], [ -77.2434, -9.7781 ], [ -77.2455, -9.7732 ], [ -77.2377, -9.7558 ], [ -77.2308, -9.7475 ], [ -77.2324, -9.7451 ], [ -77.2304, -9.7371 ], [ -77.2361, -9.7258 ], [ -77.232, -9.7162 ], [ -77.2277, -9.7132 ], [ -77.2303, -9.7063 ], [ -77.2414, -9.7023 ], [ -77.2506, -9.6919 ], [ -77.2522, -9.6855 ], [ -77.2491, -9.6798 ], [ -77.2545, -9.6755 ], [ -77.2566, -9.6664 ], [ -77.2653, -9.6603 ], [ -77.2636, -9.6563 ], [ -77.2697, -9.6487 ], [ -77.2656, -9.6459 ], [ -77.2667, -9.6369 ], [ -77.2739, -9.6342 ], [ -77.2831, -9.6196 ], [ -77.2857, -9.5994 ], [ -77.2918, -9.587 ], [ -77.2989, -9.5788 ], [ -77.3081, -9.579 ], [ -77.3098, -9.5721 ], [ -77.3008, -9.555 ], [ -77.3091, -9.5423 ], [ -77.3047, -9.5353 ], [ -77.3112, -9.517 ], [ -77.2946, -9.5061 ], [ -77.2915, -9.5058 ], [ -77.2894, -9.5097 ], [ -77.2779, -9.5106 ], [ -77.2748, -9.5134 ], [ -77.2608, -9.5091 ], [ -77.2533, -9.5021 ], [ -77.2407, -9.5133 ], [ -77.238, -9.5134 ], [ -77.2371, -9.5075 ], [ -77.2308, -9.5052 ], [ -77.2154, -9.5062 ], [ -77.2103, -9.5183 ], [ -77.2028, -9.5138 ], [ -77.1986, -9.5144 ], [ -77.19, -9.5031 ], [ -77.1777, -9.5034 ], [ -77.171, -9.497 ], [ -77.1493, -9.4946 ] ] ] } },
{ "type": "Feature", "properties": { "ubigeo_inei": "021007" }, "geometry": { "type": "Polygon", "coordinates": [ [ [ -77.0382, -9.3314 ], [ -77.0359, -9.3458 ], [ -77.0392, -9.3568 ], [ -77.0315, -9.3726 ], [ -77.0303, -9.3838 ], [ -77.0231, -9.4044 ], [ -77.0253, -9.4184 ], [ -77.0346, -9.4294 ], [ -77.0373, -9.4373 ], [ -77.0266, -9.4757 ], [ -77.0213, -9.4782 ], [ -77.0171, -9.4879 ], [ -77.0313, -9.4934 ], [ -77.0399, -9.4918 ], [ -77.0439, -9.4971 ], [ -77.0472, -9.5087 ], [ -77.0559, -9.5102 ], [ -77.0628, -9.5084 ], [ -77.0716, -9.5017 ], [ -77.071, -9.4978 ], [ -77.0661, -9.4982 ], [ -77.0664, -9.4927 ], [ -77.0758, -9.486 ], [ -77.0853, -9.485 ], [ -77.0896, -9.4798 ], [ -77.0935, -9.4661 ], [ -77.101, -9.4573 ], [ -77.1066, -9.4572 ], [ -77.1099, -9.4596 ], [ -77.1151, -9.4576 ], [ -77.1166, -9.4614 ], [ -77.1197, -9.4615 ], [ -77.1296, -9.4557 ], [ -77.1416, -9.4417 ], [ -77.1582, -9.4285 ], [ -77.1542, -9.4258 ], [ -77.1531, -9.4153 ], [ -77.1472, -9.3999 ], [ -77.1414, -9.3942 ], [ -77.1182, -9.3869 ], [ -77.113, -9.3823 ], [ -77.1092, -9.3725 ], [ -77.1035, -9.3683 ], [ -77.0902, -9.3666 ], [ -77.0888, -9.3734 ], [ -77.084, -9.3775 ], [ -77.0757, -9.3666 ], [ -77.0705, -9.3729 ], [ -77.0628, -9.3626 ], [ -77.0569, -9.3652 ], [ -77.0568, -9.3594 ], [ -77.0503, -9.3591 ], [ -77.0433, -9.3512 ], [ -77.041, -9.3349 ], [ -77.0382, -9.3314 ] ] ] } },
{ "type": "Feature", "properties": { "ubigeo_inei": "021408" }, "geometry": { "type": "Polygon", "coordinates": [ [ [ -77.2569, -10.3578 ], [ -77.2491, -10.3618 ], [ -77.2462, -10.3689 ], [ -77.2315, -10.3826 ], [ -77.2211, -10.3829 ], [ -77.2157, -10.3854 ], [ -77.1913, -10.4092 ], [ -77.1892, -10.4177 ], [ -77.173, -10.4437 ], [ -77.1891, -10.4574 ], [ -77.1894, -10.4605 ], [ -77.2033, -10.4559 ], [ -77.2153, -10.4582 ], [ -77.2335, -10.4562 ], [ -77.2504, -10.4481 ], [ -77.2626, -10.4364 ], [ -77.263, -10.4332 ], [ -77.2589, -10.4297 ], [ -77.2575, -10.4177 ], [ -77.2656, -10.4094 ], [ -77.2613, -10.4032 ], [ -77.2624, -10.395 ], [ -77.2653, -10.3917 ], [ -77.281, -10.3878 ], [ -77.2737, -10.3734 ], [ -77.2569, -10.3578 ] ] ] } },
{ "type": "Feature", "properties": { "ubigeo_inei": "021801" }, "geometry": { "type": "Polygon", "coordinates": [ [ [ -78.2386, -8.6591 ], [ -78.2361, -8.6879 ], [ -78.2325, -8.6938 ], [ -78.226, -8.7224 ], [ -78.2127, -8.736 ], [ -78.2076, -8.7474 ], [ -78.1983, -8.7552 ], [ -78.198, -8.758 ], [ -78.2066, -8.7666 ], [ -78.2131, -8.7809 ], [ -78.2277, -8.7791 ], [ -78.2354, -8.7808 ], [ -78.2471, -8.7903 ], [ -78.2537, -8.8004 ], [ -78.2518, -8.8067 ], [ -78.2528, -8.8185 ], [ -78.2484, -8.8232 ], [ -78.2449, -8.839 ], [ -78.2267, -8.8452 ], [ -78.2125, -8.8563 ], [ -78.2045, -8.8566 ], [ -78.2019, -8.86 ], [ -78.2012, -8.8647 ], [ -78.236, -8.8903 ], [ -78.2376, -8.9002 ], [ -78.2352, -8.908 ], [ -78.2297, -8.9138 ], [ -78.2254, -8.9236 ], [ -78.2126, -8.9336 ], [ -78.2021, -8.9342 ], [ -78.1907, -8.9397 ], [ -78.1917, -8.9462 ], [ -78.1871, -8.9538 ], [ -78.1852, -8.9639 ], [ -78.1821, -8.9668 ], [ -78.1951, -8.9817 ], [ -78.1958, -8.986 ], [ -78.2196, -8.99 ], [ -78.2279, -9.0016 ], [ -78.2351, -9.0044 ], [ -78.2522, -9.0056 ], [ -78.2593, -9.0118 ], [ -78.2668, -9.0111 ], [ -78.2717, -9.0065 ], [ -78.2764, -9.014 ], [ -78.2837, -9.0194 ], [ -78.286, -9.0153 ], [ -78.295, -9.0104 ], [ -78.303, -9.0084 ], [ -78.3099, -9.0097 ], [ -78.3189, -9.0065 ], [ -78.3252, -9.009 ], [ -78.3262, -9.0062 ], [ -78.3367, -9.0021 ], [ -78.3525, -9.0132 ], [ -78.3649, -9.0075 ], [ -78.3746, -9.0086 ], [ -78.3779, -9.0154 ], [ -78.3875, -9.0199 ], [ -78.391, -9.0269 ], [ -78.3964, -9.0289 ], [ -78.4024, -9.0212 ], [ -78.4064, -9.0097 ], [ -78.4227, -9.0061 ], [ -78.4283, -9.0138 ], [ -78.4341, -9.0146 ], [ -78.4435, -9.0223 ], [ -78.4529, -9.0248 ], [ -78.4541, -9.0286 ], [ -78.4613, -9.0324 ], [ -78.4685, -9.0454 ], [ -78.4781, -9.0524 ], [ -78.4834, -9.0545 ], [ -78.4917, -9.0535 ], [ -78.5021, -9.0646 ], [ -78.5106, -9.0678 ], [ -78.5127, -9.071 ], [ -78.5283, -9.074 ], [ -78.5358, -9.0883 ], [ -78.5437, -9.0852 ], [ -78.5461, -9.0934 ], [ -78.5386, -9.1003 ], [ -78.5394, -9.1057 ], [ -78.5401, -9.1086 ], [ -78.545, -9.1097 ], [ -78.5531, -9.119 ], [ -78.5538, -9.1407 ], [ -78.5587, -9.147 ], [ -78.5609, -9.1224 ], [ -78.563, -9.1212 ], [ -78.5616, -9.1191 ], [ -78.5638, -9.1198 ], [ -78.5621, -9.1174 ], [ -78.5645, -9.116 ], [ -78.5638, -9.1134 ], [ -78.5656, -9.114 ], [ -78.5641, -9.1125 ], [ -78.5653, -9.1093 ], [ -78.5704, -9.0994 ], [ -78.575, -9.0932 ], [ -78.5768, -9.094 ], [ -78.5766, -9.091 ], [ -78.5781, -9.0893 ], [ -78.5801, -9.0911 ], [ -78.5783, -9.0892 ], [ -78.5827, -9.0842 ], [ -78.5949, -9.0775 ], [ -78.6, -9.0766 ], [ -78.6004, -9.0793 ], [ -78.6001, -9.0767 ], [ -78.6013, -9.078 ], [ -78.6056, -9.0753 ], [ -78.6124, -9.0799 ], [ -78.6103, -9.0765 ], [ -78.6117, -9.074 ], [ -78.617, -9.0799 ], [ -78.6122, -9.0742 ], [ -78.6141, -9.0724 ], [ -78.6224, -9.0765 ], [ -78.6235, -9.0803 ], [ -78.6333, -9.0668 ], [ -78.631, -9.0575 ], [ -78.6386, -9.0475 ], [ -78.6285, -9.0485 ], [ -78.6261, -9.0379 ], [ -78.6195, -9.034 ], [ -78.6035, -9.0306 ], [ -78.5983, -9.0247 ], [ -78.5897, -9.0284 ], [ -78.5735, -9.0213 ], [ -78.5703, -9.0175 ], [ -78.5835, -8.9838 ], [ -78.5846, -8.9792 ], [ -78.5825, -8.9759 ], [ -78.6048, -8.9549 ], [ -78.5917, -8.946 ], [ -78.5899, -8.9426 ], [ -78.5903, -8.9266 ], [ -78.5798, -8.9054 ], [ -78.5765, -8.889 ], [ -78.5828, -8.8657 ], [ -78.5883, -8.8587 ], [ -78.5825, -8.8466 ], [ -78.5758, -8.8197 ], [ -78.5654, -8.7979 ], [ -78.5653, -8.7926 ], [ -78.5516, -8.775 ], [ -78.5301, -8.7638 ], [ -78.5263, -8.7578 ], [ -78.5181, -8.753 ], [ -78.5009, -8.7487 ], [ -78.4982, -8.751 ], [ -78.4872, -8.7512 ], [ -78.4664, -8.7409 ], [ -78.4384, -8.7327 ], [ -78.4253, -8.7239 ], [ -78.4113, -8.7088 ], [ -78.4031, -8.7079 ], [ -78.3973, -8.7026 ], [ -78.3902, -8.7023 ], [ -78.3878, -8.6985 ], [ -78.3792, -8.6966 ], [ -78.3732, -8.6872 ], [ -78.3548, -8.6733 ], [ -78.3511, -8.6723 ], [ -78.3459, -8.676 ], [ -78.3382, -8.676 ], [ -78.3342, -8.6664 ], [ -78.3292, -8.6677 ], [ -78.3252, -8.6649 ], [ -78.3109, -8.6672 ], [ -78.3012, -8.6639 ], [ -78.2963, -8.6587 ], [ -78.2872, -8.6625 ], [ -78.2741, -8.6565 ], [ -78.2474, -8.6586 ], [ -78.2356, -8.6537 ], [ -78.2386, -8.6591 ] ] ] } },
{ "type": "Feature", "properties": { "ubigeo_inei": "100704" }, "geometry": { "type": "Polygon", "coordinates": [ [ [ -76.2704, -8.6299 ], [ -76.2629, -8.6377 ], [ -76.2694, -8.6466 ], [ -76.2695, -8.6525 ], [ -76.2527, -8.6654 ], [ -76.2486, -8.6809 ], [ -76.2488, -8.6838 ], [ -76.2556, -8.683 ], [ -76.2574, -8.6852 ], [ -76.2536, -8.6933 ], [ -76.2574, -8.7066 ], [ -76.2441, -8.7188 ], [ -76.2421, -8.7286 ], [ -76.2287, -8.745 ], [ -76.2305, -8.748 ], [ -76.2421, -8.7468 ], [ -76.245, -8.7494 ], [ -76.2421, -8.7553 ], [ -76.2328, -8.7551 ], [ -76.23, -8.7583 ], [ -76.2383, -8.763 ], [ -76.2408, -8.7672 ], [ -76.2327, -8.7788 ], [ -76.2371, -8.7931 ], [ -76.2317, -8.7972 ], [ -76.2248, -8.7914 ], [ -76.2185, -8.7918 ], [ -76.2106, -8.7887 ], [ -76.2075, -8.791 ], [ -76.2077, -8.7873 ], [ -76.1979, -8.7819 ], [ -76.1967, -8.7854 ], [ -76.1992, -8.7874 ], [ -76.1965, -8.7936 ], [ -76.1897, -8.7959 ], [ -76.1966, -8.7987 ], [ -76.1955, -8.8014 ], [ -76.1913, -8.8016 ], [ -76.1951, -8.8035 ], [ -76.1961, -8.8073 ], [ -76.2037, -8.809 ], [ -76.2033, -8.8126 ], [ -76.1978, -8.8151 ], [ -76.2022, -8.8152 ], [ -76.1999, -8.8183 ], [ -76.2002, -8.8248 ], [ -76.207, -8.8238 ], [ -76.2039, -8.8268 ], [ -76.2046, -8.8315 ], [ -76.201, -8.8324 ], [ -76.2013, -8.8352 ], [ -76.2081, -8.8337 ], [ -76.2063, -8.8393 ], [ -76.215, -8.841 ], [ -76.2198, -8.848 ], [ -76.2244, -8.8472 ], [ -76.2222, -8.8557 ], [ -76.2272, -8.8595 ], [ -76.2221, -8.8596 ], [ -76.2208, -8.8617 ], [ -76.2287, -8.8655 ], [ -76.229, -8.87 ], [ -76.224, -8.8712 ], [ -76.2232, -8.876 ], [ -76.2279, -8.8777 ], [ -76.2252, -8.8814 ], [ -76.2187, -8.8815 ], [ -76.2251, -8.887 ], [ -76.2224, -8.8912 ], [ -76.2182, -8.8919 ], [ -76.2203, -8.8954 ], [ -76.2193, -8.9022 ], [ -76.2248, -8.9042 ], [ -76.2209, -8.9107 ], [ -76.2239, -8.9162 ], [ -76.2171, -8.9172 ], [ -76.2159, -8.9246 ], [ -76.2175, -8.9256 ], [ -76.2207, -8.9225 ], [ -76.2219, -8.9287 ], [ -76.2263, -8.931 ], [ -76.225, -8.9347 ], [ -76.229, -8.9408 ], [ -76.236, -8.9454 ], [ -76.2298, -8.9509 ], [ -76.2302, -8.9575 ], [ -76.2435, -8.9648 ], [ -76.2408, -8.9683 ], [ -76.2417, -8.9704 ], [ -76.2525, -8.9706 ], [ -76.2523, -8.9769 ], [ -76.2587, -8.9781 ], [ -76.2633, -8.9748 ], [ -76.2674, -8.9755 ], [ -76.2673, -8.9808 ], [ -76.2788, -8.9966 ], [ -76.2836, -8.9954 ], [ -76.2909, -8.9989 ], [ -76.2936, -8.9969 ], [ -76.2997, -9.0015 ], [ -76.2998, -9.005 ], [ -76.3052, -9.006 ], [ -76.3082, -9.0092 ], [ -76.3132, -9.0084 ], [ -76.3188, -9.0121 ], [ -76.3257, -9.0123 ], [ -76.3281, -9.0163 ], [ -76.353, -9.0242 ], [ -76.3707, -9.0253 ], [ -76.374, -9.0205 ], [ -76.3809, -9.0182 ], [ -76.3814, -9.013 ], [ -76.3897, -9.0129 ], [ -76.3973, -9.0029 ], [ -76.418, -8.9869 ], [ -76.4373, -8.9856 ], [ -76.4496, -8.9956 ], [ -76.4555, -8.9947 ], [ -76.4659, -9.0065 ], [ -76.4767, -9.0144 ], [ -76.5105, -9.0166 ], [ -76.517, -9.0224 ], [ -76.53, -9.0279 ], [ -76.5434, -9.0146 ], [ -76.5541, -9.0221 ], [ -76.5612, -9.0212 ], [ -76.5717, -9.0321 ], [ -76.585, -9.0376 ], [ -76.5953, -9.0484 ], [ -76.6092, -9.0526 ], [ -76.6175, -9.0543 ], [ -76.6272, -9.0502 ], [ -76.6377, -9.0414 ], [ -76.6524, -9.0253 ], [ -76.6469, -9.0176 ], [ -76.6403, -9.0154 ], [ -76.6285, -9.0169 ], [ -76.6231, -9.0106 ], [ -76.6228, -9.0048 ], [ -76.6152, -8.9984 ], [ -76.6026, -8.995 ], [ -76.5939, -8.9847 ], [ -76.5885, -8.9837 ], [ -76.5768, -8.9761 ], [ -76.5717, -8.9689 ], [ -76.5664, -8.9478 ], [ -76.537, -8.9298 ], [ -76.5262, -8.9269 ], [ -76.5176, -8.9287 ], [ -76.5138, -8.9238 ], [ -76.5004, -8.9166 ], [ -76.4936, -8.9186 ], [ -76.4852, -8.9306 ], [ -76.4809, -8.9308 ], [ -76.4801, -8.9239 ], [ -76.4766, -8.9195 ], [ -76.458, -8.907 ], [ -76.4515, -8.8902 ], [ -76.4288, -8.8807 ], [ -76.4293, -8.8705 ], [ -76.4173, -8.8591 ], [ -76.4145, -8.8535 ], [ -76.4147, -8.8409 ], [ -76.4211, -8.8258 ], [ -76.417, -8.8173 ], [ -76.4172, -8.8061 ], [ -76.4203, -8.7983 ], [ -76.4026, -8.7851 ], [ -76.3939, -8.783 ], [ -76.3846, -8.7762 ], [ -76.3722, -8.7797 ], [ -76.3627, -8.7761 ], [ -76.358, -8.7771 ], [ -76.3491, -8.7725 ], [ -76.3517, -8.7687 ], [ -76.3494, -8.7622 ], [ -76.3523, -8.7552 ], [ -76.3399, -8.7358 ], [ -76.3427, -8.7286 ], [ -76.3525, -8.7265 ], [ -76.3566, -8.7215 ], [ -76.3683, -8.7158 ], [ -76.3672, -8.71 ], [ -76.3573, -8.7022 ], [ -76.3539, -8.6938 ], [ -76.3452, -8.6917 ], [ -76.3341, -8.6794 ], [ -76.3198, -8.671 ], [ -76.3123, -8.6711 ], [ -76.3048, -8.6625 ], [ -76.2981, -8.6469 ], [ -76.289, -8.6414 ], [ -76.2857, -8.6361 ], [ -76.2704, -8.6299 ] ] ] } },
{ "type": "Feature", "properties": { "ubigeo_inei": "100705" }, "geometry": { "type": "Polygon", "coordinates": [ [ [ -76.3248, -8.5349 ], [ -76.3157, -8.534 ], [ -76.3152, -8.5404 ], [ -76.3102, -8.5476 ], [ -76.2997, -8.5569 ], [ -76.3071, -8.5691 ], [ -76.3058, -8.5732 ], [ -76.3021, -8.5744 ], [ -76.2955, -8.5699 ], [ -76.2883, -8.5689 ], [ -76.2804, -8.5736 ], [ -76.2796, -8.5774 ], [ -76.2865, -8.5802 ], [ -76.2873, -8.5854 ], [ -76.273, -8.5949 ], [ -76.2752, -8.6047 ], [ -76.2641, -8.6103 ], [ -76.2635, -8.6127 ], [ -76.2704, -8.6299 ], [ -76.2857, -8.6361 ], [ -76.2899, -8.6421 ], [ -76.2968, -8.6453 ], [ -76.3048, -8.6625 ], [ -76.3123, -8.6711 ], [ -76.3198, -8.671 ], [ -76.3341, -8.6794 ], [ -76.3452, -8.6917 ], [ -76.3539, -8.6938 ], [ -76.3573, -8.7022 ], [ -76.3672, -8.71 ], [ -76.3683, -8.7158 ], [ -76.3566, -8.7215 ], [ -76.3525, -8.7265 ], [ -76.3427, -8.7286 ], [ -76.3399, -8.7358 ], [ -76.3523, -8.7552 ], [ -76.3494, -8.7622 ], [ -76.3517, -8.7687 ], [ -76.3491, -8.7725 ], [ -76.358, -8.7771 ], [ -76.3627, -8.7761 ], [ -76.3722, -8.7797 ], [ -76.3846, -8.7762 ], [ -76.3939, -8.783 ], [ -76.4026, -8.7851 ], [ -76.4196, -8.7975 ], [ -76.417, -8.8173 ], [ -76.4211, -8.8258 ], [ -76.4147, -8.8409 ], [ -76.4148, -8.8547 ], [ -76.4293, -8.8705 ], [ -76.4288, -8.8807 ], [ -76.4515, -8.8902 ], [ -76.458, -8.907 ], [ -76.4766, -8.9195 ], [ -76.4801, -8.9239 ], [ -76.4809, -8.9308 ], [ -76.4852, -8.9306 ], [ -76.4936, -8.9186 ], [ -76.5004, -8.9166 ], [ -76.5138, -8.9238 ], [ -76.5176, -8.9287 ], [ -76.5262, -8.9269 ], [ -76.5465, -8.9345 ], [ -76.5517, -8.9403 ], [ -76.5664, -8.9478 ], [ -76.5717, -8.9689 ], [ -76.5768, -8.9761 ], [ -76.5885, -8.9837 ], [ -76.5939, -8.9847 ], [ -76.6026, -8.995 ], [ -76.6152, -8.9984 ], [ -76.6228, -9.0048 ], [ -76.6231, -9.0106 ], [ -76.6285, -9.0169 ], [ -76.6394, -9.016 ], [ -76.6473, -9.01 ], [ -76.6511, -8.9981 ], [ -76.6561, -8.9938 ], [ -76.6569, -8.9828 ], [ -76.6651, -8.9744 ], [ -76.6845, -8.9427 ], [ -76.6815, -8.9374 ], [ -76.6838, -8.9313 ], [ -76.6964, -8.9296 ], [ -76.6993, -8.9243 ], [ -76.6996, -8.9167 ], [ -76.706, -8.9119 ], [ -76.7116, -8.9121 ], [ -76.7132, -8.9005 ], [ -76.7193, -8.8956 ], [ -76.7209, -8.8912 ], [ -76.7188, -8.8859 ], [ -76.7228, -8.8804 ], [ -76.7106, -8.861 ], [ -76.7121, -8.8525 ], [ -76.6983, -8.8478 ], [ -76.6911, -8.8361 ], [ -76.6902, -8.8254 ], [ -76.6847, -8.8223 ], [ -76.6828, -8.8167 ], [ -76.6755, -8.8177 ], [ -76.6739, -8.808 ], [ -76.6553, -8.7994 ], [ -76.6427, -8.7848 ], [ -76.638, -8.7833 ], [ -76.6372, -8.7752 ], [ -76.629, -8.7646 ], [ -76.6253, -8.7641 ], [ -76.6259, -8.7477 ], [ -76.6194, -8.7443 ], [ -76.6153, -8.7387 ], [ -76.6088, -8.7401 ], [ -76.6004, -8.735 ], [ -76.6046, -8.7318 ], [ -76.6055, -8.7177 ], [ -76.6081, -8.7122 ], [ -76.6065, -8.7086 ], [ -76.5876, -8.7005 ], [ -76.5808, -8.7035 ], [ -76.5739, -8.6987 ], [ -76.5649, -8.6993 ], [ -76.5586, -8.6928 ], [ -76.56, -8.685 ], [ -76.5566, -8.6805 ], [ -76.5506, -8.686 ], [ -76.5369, -8.6808 ], [ -76.5076, -8.6854 ], [ -76.4981, -8.684 ], [ -76.4932, -8.681 ], [ -76.4924, -8.6752 ], [ -76.487, -8.6737 ], [ -76.4697, -8.6572 ], [ -76.4616, -8.6543 ], [ -76.4534, -8.6426 ], [ -76.4478, -8.6393 ], [ -76.4278, -8.6365 ], [ -76.4007, -8.6187 ], [ -76.3936, -8.6197 ], [ -76.3878, -8.616 ], [ -76.3701, -8.615 ], [ -76.3673, -8.6062 ], [ -76.3531, -8.6067 ], [ -76.3501, -8.6013 ], [ -76.3543, -8.5953 ], [ -76.3546, -8.5891 ], [ -76.3455, -8.586 ], [ -76.3409, -8.5747 ], [ -76.3395, -8.5659 ], [ -76.3428, -8.5594 ], [ -76.3412, -8.5532 ], [ -76.3364, -8.5439 ], [ -76.3248, -8.5349 ] ] ] } },
{ "type": "Feature", "properties": { "ubigeo_inei": "100608" }, "geometry": { "type": "Polygon", "coordinates": [ [ [ -76.085, -9.1266 ], [ -76.0758, -9.1326 ], [ -76.071, -9.1322 ], [ -76.073, -9.1389 ], [ -76.0688, -9.144 ], [ -76.0557, -9.1416 ], [ -76.0448, -9.1438 ], [ -76.03, -9.1481 ], [ -76.019, -9.1573 ], [ -76.019, -9.1667 ], [ -76.0085, -9.1861 ], [ -75.9943, -9.2241 ], [ -76.0007, -9.2347 ], [ -76.0061, -9.2556 ], [ -75.9997, -9.2804 ], [ -76.0011, -9.2926 ], [ -76.0083, -9.3076 ], [ -76.0202, -9.3043 ], [ -76.0281, -9.2985 ], [ -76.0284, -9.2928 ], [ -76.0314, -9.2901 ], [ -76.0287, -9.2848 ], [ -76.0282, -9.2733 ], [ -76.0349, -9.2687 ], [ -76.0405, -9.2568 ], [ -76.0501, -9.2503 ], [ -76.0502, -9.2454 ], [ -76.0451, -9.2423 ], [ -76.0405, -9.2434 ], [ -76.0395, -9.2397 ], [ -76.0515, -9.2296 ], [ -76.0499, -9.227 ], [ -76.058, -9.2117 ], [ -76.0689, -9.2073 ], [ -76.0674, -9.2012 ], [ -76.0697, -9.1957 ], [ -76.0734, -9.1964 ], [ -76.078, -9.192 ], [ -76.0898, -9.1934 ], [ -76.0919, -9.1866 ], [ -76.0958, -9.1843 ], [ -76.0961, -9.1727 ], [ -76.0929, -9.1667 ], [ -76.0944, -9.1589 ], [ -76.0882, -9.1568 ], [ -76.0867, -9.152 ], [ -76.0824, -9.1501 ], [ -76.0839, -9.1462 ], [ -76.0823, -9.1337 ], [ -76.085, -9.1266 ] ] ] } },
{ "type": "Feature", "properties": { "ubigeo_inei": "010611" }, "geometry": { "type": "Polygon", "coordinates": [ [ [ -77.4637, -6.4684 ], [ -77.4572, -6.4707 ], [ -77.4499, -6.4833 ], [ -77.4506, -6.5019 ], [ -77.442, -6.5111 ], [ -77.4396, -6.5181 ], [ -77.4424, -6.5166 ], [ -77.4484, -6.5185 ], [ -77.4762, -6.5089 ], [ -77.4763, -6.5044 ], [ -77.4827, -6.495 ], [ -77.4966, -6.4822 ], [ -77.4974, -6.4772 ], [ -77.4819, -6.4713 ], [ -77.4637, -6.4684 ] ] ] } },
{ "type": "Feature", "properties": { "ubigeo_inei": "010121" }, "geometry": { "type": "Polygon", "coordinates": [ [ [ -77.8614, -6.1192 ], [ -77.8421, -6.1285 ], [ -77.829, -6.1282 ], [ -77.8219, -6.1305 ], [ -77.8121, -6.1268 ], [ -77.8036, -6.1279 ], [ -77.789, -6.1247 ], [ -77.7804, -6.1312 ], [ -77.7747, -6.1398 ], [ -77.7706, -6.1413 ], [ -77.7665, -6.1491 ], [ -77.752, -6.1634 ], [ -77.7356, -6.1723 ], [ -77.7272, -6.1725 ], [ -77.7283, -6.1879 ], [ -77.7304, -6.1907 ], [ -77.7278, -6.1975 ], [ -77.7307, -6.2019 ], [ -77.7277, -6.2098 ], [ -77.7302, -6.2142 ], [ -77.7514, -6.2192 ], [ -77.7589, -6.225 ], [ -77.7637, -6.2259 ], [ -77.7649, -6.2234 ], [ -77.7695, -6.223 ], [ -77.7886, -6.2288 ], [ -77.792, -6.2245 ], [ -77.7965, -6.2243 ], [ -77.7997, -6.2211 ], [ -77.812, -6.2265 ], [ -77.8233, -6.2172 ], [ -77.8312, -6.2143 ], [ -77.8358, -6.2102 ], [ -77.8348, -6.1986 ], [ -77.847, -6.1794 ], [ -77.8582, -6.1505 ], [ -77.8646, -6.1433 ], [ -77.8674, -6.1349 ], [ -77.8614, -6.1192 ] ] ] } },
{ "type": "Feature", "properties": { "ubigeo_inei": "010117" }, "geometry": { "type": "Polygon", "coordinates": [ [ [ -77.7029, -6.0262 ], [ -77.6806, -6.0488 ], [ -77.6622, -6.0719 ], [ -77.6601, -6.0813 ], [ -77.6507, -6.0834 ], [ -77.641, -6.0947 ], [ -77.642, -6.1038 ], [ -77.6343, -6.1105 ], [ -77.637, -6.1392 ], [ -77.6407, -6.1486 ], [ -77.646, -6.149 ], [ -77.6589, -6.1429 ], [ -77.68, -6.1272 ], [ -77.6953, -6.144 ], [ -77.7018, -6.157 ], [ -77.7181, -6.1627 ], [ -77.7272, -6.1725 ], [ -77.7356, -6.1723 ], [ -77.7485, -6.1644 ], [ -77.7478, -6.1494 ], [ -77.7422, -6.1455 ], [ -77.7243, -6.1409 ], [ -77.7228, -6.1364 ], [ -77.7017, -6.1187 ], [ -77.7079, -6.101 ], [ -77.7019, -6.0619 ], [ -77.7076, -6.0511 ], [ -77.7138, -6.0448 ], [ -77.7029, -6.0262 ] ] ] } },
{ "type": "Feature", "properties": { "ubigeo_inei": "160502" }, "geometry": { "type": "Polygon", "coordinates": [ [ [ -74.1784, -5.9462 ], [ -74.1702, -5.9561 ], [ -74.1465, -5.9688 ], [ -74.1384, -5.9782 ], [ -74.1235, -5.9843 ], [ -74.1169, -5.9946 ], [ -74.1156, -6.0059 ], [ -74.1128, -6.0094 ], [ -74.0765, -6.0222 ], [ -74.039, -6.031 ], [ -74.0123, -6.0444 ], [ -74.0132, -6.0884 ], [ -74.0185, -6.1047 ], [ -74.0311, -6.1738 ], [ -74.0224, -6.2044 ], [ -74.0356, -6.277 ], [ -74.0398, -6.3448 ], [ -74.0364, -6.3703 ], [ -74.0222, -6.4358 ], [ -74.0091, -6.4453 ], [ -74.0049, -6.4608 ], [ -74.0045, -6.4772 ], [ -73.9995, -6.4794 ], [ -73.9814, -6.4762 ], [ -73.957, -6.4847 ], [ -73.9525, -6.5115 ], [ -73.9502, -6.5156 ], [ -73.9346, -6.5274 ], [ -73.9313, -6.5342 ], [ -73.9348, -6.581 ], [ -73.9322, -6.6081 ], [ -73.9335, -6.6127 ], [ -73.9539, -6.6285 ], [ -73.9591, -6.639 ], [ -73.9674, -6.6444 ], [ -73.9803, -6.6672 ], [ -74.0016, -6.6834 ], [ -74.0134, -6.7134 ], [ -74.0189, -6.7389 ], [ -74.0265, -6.7974 ], [ -74.0394, -6.8154 ], [ -74.0393, -6.8198 ], [ -74.0296, -6.8232 ], [ -74.0286, -6.8261 ], [ -74.0149, -6.8343 ], [ -74.0143, -6.8406 ], [ -74.0096, -6.8417 ], [ -74.0045, -6.8593 ], [ -73.9999, -6.8627 ], [ -73.9869, -6.8699 ], [ -73.9728, -6.8699 ], [ -73.9653, -6.867 ], [ -73.9527, -6.869 ], [ -73.9232, -6.8921 ], [ -73.9174, -6.902 ], [ -73.9192, -6.9132 ], [ -73.9136, -6.9312 ], [ -73.9027, -6.9369 ], [ -73.8864, -6.9588 ], [ -73.8676, -6.9624 ], [ -73.8714, -6.967 ], [ -73.8739, -6.9834 ], [ -73.8804, -7.0025 ], [ -73.8712, -7.0198 ], [ -73.8662, -7.0527 ], [ -73.8619, -7.062 ], [ -73.8478, -7.0812 ], [ -73.8149, -7.0918 ], [ -73.7984, -7.1131 ], [ -73.7997, -7.1176 ], [ -73.794, -7.1188 ], [ -73.7946, -7.13 ], [ -73.7841, -7.128 ], [ -73.7819, -7.1337 ], [ -73.7835, -7.1396 ], [ -73.7913, -7.1401 ], [ -73.7883, -7.1457 ], [ -73.7686, -7.1555 ], [ -73.7698, -7.1692 ], [ -73.7658, -7.1693 ], [ -73.764, -7.1731 ], [ -73.7561, -7.1741 ], [ -73.7582, -7.1804 ], [ -73.7561, -7.1834 ], [ -73.756, -7.1957 ], [ -73.7482, -7.2013 ], [ -73.7521, -7.2064 ], [ -73.7425, -7.2107 ], [ -73.7435, -7.2168 ], [ -73.7415, -7.2203 ], [ -73.7342, -7.2175 ], [ -73.7312, -7.2222 ], [ -73.7242, -7.2224 ], [ -73.7166, -7.2276 ], [ -73.7211, -7.237 ], [ -73.7126, -7.2393 ], [ -73.7091, -7.2463 ], [ -73.7149, -7.2629 ], [ -73.716, -7.2737 ], [ -73.7113, -7.2774 ], [ -73.7104, -7.282 ], [ -73.705, -7.2829 ], [ -73.7046, -7.2872 ], [ -73.6989, -7.2907 ], [ -73.6949, -7.2991 ], [ -73.6968, -7.3014 ], [ -73.6955, -7.311 ], [ -73.6991, -7.3155 ], [ -73.7004, -7.3225 ], [ -73.7045, -7.3245 ], [ -73.7109, -7.3227 ], [ -73.7108, -7.3262 ], [ -73.7175, -7.3338 ], [ -73.7223, -7.3357 ], [ -73.7226, -7.3412 ], [ -73.727, -7.3444 ], [ -73.7319, -7.3425 ], [ -73.7546, -7.3538 ], [ -73.7529, -7.3404 ], [ -73.7616, -7.3369 ], [ -73.7814, -7.3388 ], [ -73.789, -7.3477 ], [ -73.8187, -7.3382 ], [ -73.823, -7.3396 ], [ -73.824, -7.3452 ], [ -73.83, -7.3519 ], [ -73.8444, -7.3542 ], [ -73.8475, -7.3528 ], [ -73.85, -7.3552 ], [ -73.853, -7.3538 ], [ -73.8572, -7.3628 ], [ -73.8573, -7.3745 ], [ -73.8636, -7.3892 ], [ -73.8735, -7.3875 ], [ -73.8873, -7.3789 ], [ -73.8952, -7.3858 ], [ -73.9039, -7.3857 ], [ -73.9063, -7.3843 ], [ -73.9067, -7.3734 ], [ -73.9152, -7.3711 ], [ -73.9175, -7.3647 ], [ -73.9218, -7.3618 ], [ -73.935, -7.3773 ], [ -73.9463, -7.3579 ], [ -73.9512, -7.3575 ], [ -73.9556, -7.3708 ], [ -73.9408, -7.394 ], [ -73.9388, -7.4082 ], [ -73.9217, -7.4199 ], [ -73.9251, -7.4281 ], [ -73.9165, -7.4456 ], [ -73.9167, -7.4563 ], [ -73.9097, -7.4688 ], [ -73.9105, -7.4752 ], [ -73.924, -7.481 ], [ -73.9223, -7.4904 ], [ -73.9174, -7.4974 ], [ -73.9188, -7.5049 ], [ -73.9295, -7.511 ], [ -73.9422, -7.5336 ], [ -73.9542, -7.5293 ], [ -73.983, -7.5344 ], [ -73.9999, -7.5182 ], [ -74.0105, -7.5151 ], [ -74.0134, -7.5124 ], [ -74.0184, -7.4915 ], [ -74.026, -7.4898 ], [ -74.0365, -7.4812 ], [ -74.0352, -7.4663 ], [ -74.0391, -7.4489 ], [ -74.0666, -7.4382 ], [ -74.1154, -7.4061 ], [ -74.1329, -7.4008 ], [ -74.1407, -7.3928 ], [ -74.1416, -7.3778 ], [ -74.1618, -7.3711 ], [ -74.1809, -7.3587 ], [ -74.2175, -7.3612 ], [ -74.2337, -7.36 ], [ -74.2381, -7.3578 ], [ -74.2446, -7.3474 ], [ -74.2553, -7.3435 ], [ -74.267, -7.3491 ], [ -74.2733, -7.3474 ], [ -74.282, -7.3541 ], [ -74.3294, -7.3485 ], [ -74.3454, -7.3444 ], [ -74.3566, -7.3366 ], [ -74.3616, -7.3366 ], [ -74.3666, -7.3202 ], [ -74.3702, -7.3173 ], [ -74.394, -7.3178 ], [ -74.4089, -7.314 ], [ -74.4138, -7.3149 ], [ -74.4238, -7.3108 ], [ -74.4313, -7.3016 ], [ -74.4445, -7.3071 ], [ -74.4482, -7.3014 ], [ -74.4537, -7.2983 ], [ -74.4635, -7.2986 ], [ -74.472, -7.2755 ], [ -74.4964, -7.2668 ], [ -74.5001, -7.2621 ], [ -74.5016, -7.2529 ], [ -74.5121, -7.2428 ], [ -74.5145, -7.2179 ], [ -74.5393, -7.2021 ], [ -74.5411, -7.1974 ], [ -74.5376, -7.1825 ], [ -74.5408, -7.1741 ], [ -74.5516, -7.1659 ], [ -74.5664, -7.173 ], [ -74.5747, -7.1721 ], [ -74.5974, -7.1777 ], [ -74.602, -7.1757 ], [ -74.6097, -7.1772 ], [ -74.6185, -7.174 ], [ -74.6146, -7.1693 ], [ -74.6149, -7.1645 ], [ -74.6281, -7.146 ], [ -74.637, -7.1387 ], [ -74.638, -7.1306 ], [ -74.6428, -7.1243 ], [ -74.6179, -7.1023 ], [ -74.6167, -7.0858 ], [ -74.6039, -7.0821 ], [ -74.5978, -7.0757 ], [ -74.5954, -7.0693 ], [ -74.5831, -7.0732 ], [ -74.5772, -7.068 ], [ -74.5667, -7.0643 ], [ -74.554, -7.0473 ], [ -74.5458, -7.0442 ], [ -74.5364, -7.0262 ], [ -74.5317, -7.0248 ], [ -74.5259, -7.0189 ], [ -74.5231, -7.0 ], [ -74.5234, -6.9803 ], [ -74.5254, -6.9548 ], [ -74.5324, -6.9184 ], [ -74.5288, -6.8688 ], [ -74.5197, -6.831 ], [ -74.5174, -6.8067 ], [ -74.5138, -6.7392 ], [ -74.5177, -6.7011 ], [ -74.5132, -6.6544 ], [ -74.4795, -6.5825 ], [ -74.4469, -6.4802 ], [ -74.4267, -6.438 ], [ -74.419, -6.3662 ], [ -74.4185, -6.3165 ], [ -74.413, -6.2852 ], [ -74.4078, -6.2767 ], [ -74.3956, -6.2721 ], [ -74.3793, -6.2615 ], [ -74.3747, -6.2532 ], [ -74.3764, -6.205 ], [ -74.3746, -6.1896 ], [ -74.3649, -6.1561 ], [ -74.3158, -6.1212 ], [ -74.2931, -6.1009 ], [ -74.2595, -6.0514 ], [ -74.2368, -5.9965 ], [ -74.2136, -5.9757 ], [ -74.1877, -5.9571 ], [ -74.1784, -5.9462 ] ] ] } },
{ "type": "Feature", "properties": { "ubigeo_inei": "160508" }, "geometry": { "type": "Polygon", "coordinates": [ [ [ -73.8728, -5.571 ], [ -73.8668, -5.5761 ], [ -73.8659, -5.5921 ], [ -73.8603, -5.6149 ], [ -73.8603, -5.6257 ], [ -73.8653, -5.6415 ], [ -73.8574, -5.6541 ], [ -73.8524, -5.6696 ], [ -73.845, -5.6783 ], [ -73.8274, -5.6918 ], [ -73.8083, -5.7396 ], [ -73.7783, -5.7838 ], [ -73.7504, -5.7794 ], [ -73.7296, -5.7834 ], [ -73.7188, -5.8071 ], [ -73.7127, -5.8336 ], [ -73.708, -5.8374 ], [ -73.7086, -5.8455 ], [ -73.7185, -5.8622 ], [ -73.7173, -5.8743 ], [ -73.7135, -5.8826 ], [ -73.6997, -5.8995 ], [ -73.6563, -5.9243 ], [ -73.6472, -5.9355 ], [ -73.6229, -6.001 ], [ -73.6226, -6.0088 ], [ -73.6269, -6.011 ], [ -73.6302, -6.0264 ], [ -73.6274, -6.0336 ], [ -73.6246, -6.0353 ], [ -73.6137, -6.0267 ], [ -73.6073, -6.0377 ], [ -73.5924, -6.0381 ], [ -73.5791, -6.0493 ], [ -73.564, -6.0713 ], [ -73.543, -6.0755 ], [ -73.5277, -6.0959 ], [ -73.5153, -6.0962 ], [ -73.5019, -6.0879 ], [ -73.4824, -6.0884 ], [ -73.4756, -6.0916 ], [ -73.4616, -6.1043 ], [ -73.4632, -6.1121 ], [ -73.4587, -6.1231 ], [ -73.4629, -6.1362 ], [ -73.4561, -6.1497 ], [ -73.4692, -6.167 ], [ -73.4606, -6.1719 ], [ -73.4641, -6.1909 ], [ -73.4595, -6.2006 ], [ -73.4661, -6.2121 ], [ -73.4634, -6.2271 ], [ -73.4656, -6.231 ], [ -73.4737, -6.2314 ], [ -73.4807, -6.2371 ], [ -73.4782, -6.2406 ], [ -73.4829, -6.2505 ], [ -73.4806, -6.2519 ], [ -73.4735, -6.2485 ], [ -73.4642, -6.2509 ], [ -73.4494, -6.2439 ], [ -73.4446, -6.25 ], [ -73.4467, -6.2662 ], [ -73.4537, -6.2704 ], [ -73.453, -6.2778 ], [ -73.4574, -6.2908 ], [ -73.4695, -6.2928 ], [ -73.474, -6.3 ], [ -73.4706, -6.304 ], [ -73.4727, -6.308 ], [ -73.4854, -6.3145 ], [ -73.4932, -6.3149 ], [ -73.498, -6.3204 ], [ -73.4966, -6.3279 ], [ -73.4833, -6.3421 ], [ -73.4808, -6.3563 ], [ -73.4708, -6.3681 ], [ -73.4704, -6.3747 ], [ -73.478, -6.3864 ], [ -73.4849, -6.4141 ], [ -73.491, -6.4191 ], [ -73.5059, -6.4224 ], [ -73.5152, -6.4556 ], [ -73.53, -6.465 ], [ -73.5258, -6.472 ], [ -73.5251, -6.4791 ], [ -73.52, -6.4863 ], [ -73.5188, -6.5221 ], [ -73.5256, -6.5416 ], [ -73.5392, -6.5665 ], [ -73.5572, -6.5954 ], [ -73.5713, -6.6105 ], [ -73.6074, -6.6399 ], [ -73.6162, -6.6623 ], [ -73.6317, -6.683 ], [ -73.6774, -6.7112 ], [ -73.6962, -6.7328 ], [ -73.7122, -6.744 ], [ -73.7242, -6.7481 ], [ -73.7571, -6.7528 ], [ -73.7714, -6.7652 ], [ -73.7826, -6.7802 ], [ -73.7856, -6.7911 ], [ -73.7894, -6.8563 ], [ -73.8212, -6.8948 ], [ -73.8245, -6.9159 ], [ -73.8332, -6.9263 ], [ -73.8488, -6.9312 ], [ -73.8602, -6.9465 ], [ -73.8608, -6.9522 ], [ -73.8676, -6.9624 ], [ -73.8864, -6.9588 ], [ -73.9027, -6.9369 ], [ -73.9136, -6.9312 ], [ -73.9192, -6.9132 ], [ -73.9174, -6.902 ], [ -73.9232, -6.8921 ], [ -73.9527, -6.869 ], [ -73.9653, -6.867 ], [ -73.9728, -6.8699 ], [ -73.9869, -6.8699 ], [ -74.0031, -6.8606 ], [ -74.0096, -6.8417 ], [ -74.0143, -6.8404 ], [ -74.0149, -6.8343 ], [ -74.0286, -6.8261 ], [ -74.0296, -6.8232 ], [ -74.039, -6.8203 ], [ -74.0399, -6.8167 ], [ -74.0265, -6.7974 ], [ -74.0189, -6.7389 ], [ -74.0134, -6.7134 ], [ -74.0016, -6.6834 ], [ -73.9803, -6.6672 ], [ -73.9674, -6.6444 ], [ -73.9591, -6.639 ], [ -73.9539, -6.6285 ], [ -73.9335, -6.6127 ], [ -73.9322, -6.6081 ], [ -73.9348, -6.581 ], [ -73.9313, -6.5342 ], [ -73.9346, -6.5274 ], [ -73.9502, -6.5156 ], [ -73.9525, -6.5115 ], [ -73.957, -6.4847 ], [ -73.9528, -6.4781 ], [ -73.9227, -6.4634 ], [ -73.9036, -6.4396 ], [ -73.8951, -6.4223 ], [ -73.8936, -6.4165 ], [ -73.8965, -6.3984 ], [ -73.8854, -6.3774 ], [ -73.8913, -6.3554 ], [ -73.8809, -6.3531 ], [ -73.8745, -6.3475 ], [ -73.8715, -6.3347 ], [ -73.8629, -6.324 ], [ -73.8724, -6.3076 ], [ -73.8685, -6.297 ], [ -73.8653, -6.2811 ], [ -73.866, -6.2731 ], [ -73.8608, -6.2537 ], [ -73.8614, -6.2443 ], [ -73.8697, -6.2262 ], [ -73.8702, -6.2189 ], [ -73.8679, -6.2112 ], [ -73.8531, -6.1995 ], [ -73.8496, -6.1872 ], [ -73.8504, -6.1741 ], [ -73.858, -6.167 ], [ -73.8597, -6.1601 ], [ -73.8455, -6.132 ], [ -73.8339, -6.1162 ], [ -73.835, -6.1001 ], [ -73.8391, -6.088 ], [ -73.8354, -6.0729 ], [ -73.8445, -6.048 ], [ -73.8449, -6.0221 ], [ -73.8385, -5.9896 ], [ -73.8431, -5.9736 ], [ -73.8301, -5.9567 ], [ -73.8308, -5.9542 ], [ -73.8813, -5.9363 ], [ -73.8932, -5.9299 ], [ -73.9027, -5.9161 ], [ -73.9628, -5.8594 ], [ -73.9676, -5.8527 ], [ -73.9708, -5.8404 ], [ -73.9701, -5.8248 ], [ -73.9604, -5.7896 ], [ -73.9602, -5.7753 ], [ -73.9501, -5.7538 ], [ -73.9354, -5.7033 ], [ -73.9332, -5.6839 ], [ -73.9339, -5.6529 ], [ -73.9132, -5.6266 ], [ -73.8906, -5.6068 ], [ -73.884, -5.5837 ], [ -73.8871, -5.5807 ], [ -73.8869, -5.5742 ], [ -73.8728, -5.571 ] ] ] } },
{ "type": "Feature", "properties": { "ubigeo_inei": "160509" }, "geometry": { "type": "Polygon", "coordinates": [ [ [ -73.8869, -5.5742 ], [ -73.8871, -5.5807 ], [ -73.884, -5.5837 ], [ -73.8906, -5.6068 ], [ -73.9132, -5.6266 ], [ -73.9339, -5.6529 ], [ -73.9332, -5.6839 ], [ -73.9354, -5.7033 ], [ -73.9501, -5.7538 ], [ -73.9602, -5.7753 ], [ -73.9604, -5.7896 ], [ -73.9701, -5.8248 ], [ -73.9708, -5.8404 ], [ -73.9676, -5.8527 ], [ -73.9628, -5.8594 ], [ -73.9027, -5.9161 ], [ -73.8932, -5.9299 ], [ -73.8813, -5.9363 ], [ -73.8308, -5.9542 ], [ -73.8301, -5.9567 ], [ -73.8431, -5.9736 ], [ -73.8385, -5.9896 ], [ -73.8449, -6.0221 ], [ -73.8445, -6.048 ], [ -73.8354, -6.0729 ], [ -73.8391, -6.088 ], [ -73.8336, -6.1139 ], [ -73.8597, -6.1601 ], [ -73.858, -6.167 ], [ -73.8504, -6.1741 ], [ -73.8496, -6.1872 ], [ -73.8531, -6.1995 ], [ -73.8679, -6.2112 ], [ -73.8702, -6.2189 ], [ -73.8697, -6.2262 ], [ -73.8614, -6.2443 ], [ -73.8608, -6.2537 ], [ -73.866, -6.2731 ], [ -73.8653, -6.2811 ], [ -73.8685, -6.297 ], [ -73.8724, -6.3076 ], [ -73.8629, -6.324 ], [ -73.8715, -6.3347 ], [ -73.8745, -6.3475 ], [ -73.8809, -6.3531 ], [ -73.8913, -6.3554 ], [ -73.8854, -6.3774 ], [ -73.8965, -6.3984 ], [ -73.8936, -6.4165 ], [ -73.8951, -6.4223 ], [ -73.9036, -6.4396 ], [ -73.9227, -6.4634 ], [ -73.9528, -6.4781 ], [ -73.957, -6.4847 ], [ -73.9814, -6.4762 ], [ -73.9995, -6.4794 ], [ -74.0045, -6.4772 ], [ -74.0049, -6.4608 ], [ -74.0091, -6.4453 ], [ -74.0222, -6.4358 ], [ -74.0385, -6.3555 ], [ -74.0398, -6.3448 ], [ -74.0356, -6.277 ], [ -74.0225, -6.2099 ], [ -74.0311, -6.1738 ], [ -74.0185, -6.1047 ], [ -74.0132, -6.0884 ], [ -74.0123, -6.0444 ], [ -74.039, -6.031 ], [ -74.0765, -6.0222 ], [ -74.1128, -6.0094 ], [ -74.1156, -6.0059 ], [ -74.1169, -5.9946 ], [ -74.1235, -5.9843 ], [ -74.1384, -5.9782 ], [ -74.1465, -5.9688 ], [ -74.1702, -5.9561 ], [ -74.1774, -5.949 ], [ -74.1771, -5.9437 ], [ -74.1583, -5.9217 ], [ -74.1515, -5.9045 ], [ -74.1586, -5.8409 ], [ -74.1576, -5.8328 ], [ -74.1411, -5.819 ], [ -74.1196, -5.8092 ], [ -74.1037, -5.7991 ], [ -74.0967, -5.7877 ], [ -74.0986, -5.7805 ], [ -74.1127, -5.7684 ], [ -74.1676, -5.7439 ], [ -74.1675, -5.7035 ], [ -74.1926, -5.6578 ], [ -74.1894, -5.6514 ], [ -74.1792, -5.6437 ], [ -74.1331, -5.6209 ], [ -74.1098, -5.6059 ], [ -74.0889, -5.6089 ], [ -74.0556, -5.6014 ], [ -74.026, -5.599 ], [ -74.0131, -5.593 ], [ -74.0066, -5.5926 ], [ -73.9733, -5.5979 ], [ -73.9444, -5.5775 ], [ -73.9309, -5.5759 ], [ -73.8992, -5.5777 ], [ -73.8869, -5.5742 ] ] ] } },
{ "type": "Feature", "properties": { "ubigeo_inei": "061302" }, "geometry": { "type": "Polygon", "coordinates": [ [ [ -78.7995, -6.6473 ], [ -78.7963, -6.6696 ], [ -78.7986, -6.6766 ], [ -78.8055, -6.681 ], [ -78.8186, -6.6742 ], [ -78.8335, -6.6602 ], [ -78.8208, -6.6595 ], [ -78.8101, -6.6493 ], [ -78.7995, -6.6473 ] ] ] } }
]
}
