{
"type": "FeatureCollection",
"name": "provincias",
"crs": { "type": "name", "properties": { "name": "urn:ogc:def:crs:OGC:1.3:CRS84" } },
"xy_coordinate_resolution": 0.001,
"features": [
{ "type": "Feature", "properties": { "DEPARTAMEN": "AMAZONAS", "PROVINCIA": "CHACHAPOYAS", "clave": "AMAZONAS|CHACHAPOYAS" }, "geometry": { "type": "Polygon", "coordinates": [ [ [ -77.833, -6.957 ], [ -77.843, -6.977 ], [ -77.88, -6.963 ], [ -77.899, -6.98 ], [ -77.929, -6.987 ], [ -77.984, -6.963 ], [ -78.001, -6.97 ], [ -77.999, -6.941 ], [ -78.014, -6.932 ], [ -78.001, -6.913 ], [ -78.001, -6.867 ], [ -78.014, -6.851 ], [ -78.031, -6.847 ], [ -78.014, -6.821 ], [ -78.024, -6.798 ], [ -78.022, -6.769 ], [ -78.038, -6.744 ], [ -78.009, -6.743 ], [ -78.001, -6.721 ], [ -77.96, -6.714 ], [ -77.936, -6.69 ], [ -77.908, -6.701 ], [ -77.905, -6.715 ], [ -77.896, -6.723 ], [ -77.896, -6.732 ], [ -77.893, -6.734 ], [ -77.856, -6.727 ], [ -77.835, -6.733 ], [ -77.82, -6.713 ], [ -77.802, -6.707 ], [ -77.798, -6.658 ], [ -77.814, -6.634 ], [ -77.811, -6.614 ], [ -77.83, -6.568 ], [ -77.827, -6.546 ], [ -77.864, -6.476 ], [ -77.861, -6.449 ], [ -77.877, -6.428 ], [ -77.874, -6.411 ], [ -77.888, -6.407 ], [ -77.906, -6.368 ], [ -77.919, -6.369 ], [ -77.925, -6.358 ], [ -77.938, -6.308 ], [ -77.936, -6.286 ], [ -77.929, -6.287 ], [ -77.941, -6.284 ], [ -77.942, -6.268 ], [ -77.903, -6.208 ], [ -77.91, -6.181 ], [ -77.891, -6.103 ], [ -77.874, -6.104 ], [ -77.842, -6.128 ], [ -77.791, -6.124 ], [ -77.808, -6.081 ], [ -77.806, -6.032 ], [ -77.788, -6.028 ], [ -77.773, -5.972 ], [ -77.745, -5.945 ], [ -77.728, -5.943 ], [ -77.704, -5.953 ], [ -77.688, -5.979 ], [ -77.672, -5.974 ], [ -77.639, -6.001 ], [ -77.594, -6.007 ], [ -77.593, -6.009 ], [ -77.598, -6.028 ], [ -77.598, -6.031 ], [ -77.586, -6.037 ], [ -77.567, -6.028 ], [ -77.521, -6.085 ], [ -77.507, -6.089 ], [ -77.5, -6.153 ], [ -77.469, -6.185 ], [ -77.515, -6.225 ], [ -77.54, -6.287 ], [ -77.555, -6.303 ], [ -77.568, -6.309 ], [ -77.589, -6.304 ], [ -77.618, -6.281 ], [ -77.628, -6.312 ], [ -77.67, -6.34 ], [ -77.706, -6.339 ], [ -77.704, -6.361 ], [ -77.73, -6.372 ], [ -77.748, -6.392 ], [ -77.746, -6.437 ], [ -77.733, -6.453 ], [ -77.739, -6.465 ], [ -77.726, -6.552 ], [ -77.707, -6.56 ], [ -77.704, -6.582 ], [ -77.717, -6.583 ], [ -77.691, -6.586 ], [ -77.667, -6.578 ], [ -77.656, -6.604 ], [ -77.627, -6.613 ], [ -77.651, -6.63 ], [ -77.663, -6.66 ], [ -77.686, -6.677 ], [ -77.702, -6.677 ], [ -77.736, -6.647 ], [ -77.74, -6.647 ], [ -77.752, -6.658 ], [ -77.74, -6.648 ], [ -77.748, -6.745 ], [ -77.732, -6.783 ], [ -77.765, -6.8 ], [ -77.723, -6.893 ], [ -77.707, -6.908 ], [ -77.759, -6.965 ], [ -77.779, -6.942 ], [ -77.802, -6.966 ], [ -77.833, -6.957 ] ], [ [ -77.97, -6.912 ], [ -77.979, -6.911 ], [ -77.988, -6.911 ], [ -77.97, -6.912 ] ], [ [ -77.875, -6.874 ], [ -77.873, -6.876 ], [ -77.875, -6.864 ], [ -77.875, -6.874 ] ], [ [ -77.887, -6.81 ], [ -77.889, -6.828 ], [ -77.888, -6.828 ], [ -77.887, -6.81 ] ], [ [ -77.78, -6.939 ], [ -77.781, -6.927 ], [ -77.781, -6.939 ], [ -77.78, -6.939 ] ], [ [ -77.888, -6.177 ], [ -77.899, -6.179 ], [ -77.887, -6.178 ], [ -77.888, -6.177 ] ], [ [ -77.881, -6.179 ], [ -77.885, -6.178 ], [ -77.877, -6.182 ], [ -77.881, -6.179 ] ], [ [ -77.836, -6.21 ], [ -77.845, -6.207 ], [ -77.833, -6.213 ], [ -77.836, -6.21 ] ], [ [ -77.733, -6.216 ], [ -77.732, -6.214 ], [ -77.751, -6.219 ], [ -77.733, -6.216 ] ], [ [ -77.78, -6.226 ], [ -77.775, -6.226 ], [ -77.78, -6.225 ], [ -77.78, -6.226 ] ], [ [ -77.78, -6.231 ], [ -77.781, -6.23 ], [ -77.779, -6.247 ], [ -77.78, -6.231 ] ], [ [ -77.799, -6.299 ], [ -77.792, -6.29 ], [ -77.8, -6.299 ], [ -77.799, -6.299 ] ], [ [ -77.808, -6.298 ], [ -77.805, -6.298 ], [ -77.81, -6.296 ], [ -77.808, -6.298 ] ], [ [ -77.876, -6.306 ], [ -77.879, -6.307 ], [ -77.864, -6.309 ], [ -77.876, -6.306 ] ], [ [ -77.891, -6.356 ], [ -77.896, -6.355 ], [ -77.886, -6.359 ], [ -77.891, -6.356 ] ], [ [ -77.886, -6.368 ], [ -77.885, -6.368 ], [ -77.886, -6.359 ], [ -77.886, -6.368 ] ], [ [ -77.87, -6.38 ], [ -77.883, -6.37 ], [ -77.878, -6.375 ], [ -77.87, -6.38 ] ], [ [ -77.642, -6.273 ], [ -77.634, -6.263 ], [ -77.636, -6.264 ], [ -77.642, -6.273 ] ], [ [ -77.632, -6.262 ], [ -77.626, -6.265 ], [ -77.631, -6.261 ], [ -77.632, -6.262 ] ], [ [ -77.675, -6.224 ], [ -77.678, -6.225 ], [ -77.677, -6.226 ], [ -77.675, -6.224 ] ], [ [ -77.735, -6.311 ], [ -77.73, -6.308 ], [ -77.735, -6.31 ], [ -77.735, -6.311 ] ], [ [ -77.688, -6.044 ], [ -77.681, -6.049 ], [ -77.689, -6.042 ], [ -77.688, -6.044 ] ], [ [ -77.646, -6.149 ], [ -77.636, -6.151 ], [ -77.633, -6.15 ], [ -77.646, -6.149 ] ], [ [ -77.584, -6.142 ], [ -77.586, -6.142 ], [ -77.573, -6.145 ], [ -77.584, -6.142 ] ], [ [ -77.521, -6.164 ], [ -77.53, -6.165 ], [ -77.526, -6.166 ], [ -77.521, -6.164 ] ], [ [ -77.68, -6.127 ], [ -77.681, -6.128 ], [ -77.679, -6.127 ], [ -77.68, -6.127 ] ], [ [ -77.662, -6.072 ], [ -77.66, -6.081 ], [ -77.661, -6.073 ], [ -77.662, -6.072 ] ], [ [ -77.637, -6.139 ], [ -77.64, -6.148 ], [ -77.639, -6.147 ], [ -77.637, -6.139 ] ] ] } },
{ "type": "Feature", "properties": { "DEPARTAMEN": "AMAZONAS", "PROVINCIA": "BAGUA", "clave": "AMAZONAS|BAGUA" }, "geometry": { "type": "Polygon", "coordinates": [ [ [ -78.315, -5.616 ], [ -78.368, -5.627 ], [ -78.402, -5.672 ], [ -78.405, -5.69 ], [ -78.449, -5.732 ], [ -78.472, -5.706 ], [ -78.503, -5.692 ], [ -78.498, -5.682 ], [ -78.527, -5.647 ], [ -78.56, -5.647 ], [ -78.564, -5.627 ], [ -78.542, -5.611 ], [ -78.567, -5.594 ], [ -78.557, -5.589 ], [ -78.565, -5.588 ], [ -78.565, -5.567 ], [ -78.553, -5.562 ], [ -78.564, -5.555 ], [ -78.55, -5.531 ], [ -78.559, -5.498 ], [ -78.538, -5.476 ], [ -78.507, -5.465 ], [ -78.454, -5.426 ], [ -78.451, -5.39 ], [ -78.504, -5.412 ], [ -78.558, -5.353 ], [ -78.581, -5.308 ], [ -78.638, -5.305 ], [ -78.654, -5.274 ], [ -78.685, -5.266 ], [ -78.684, -5.239 ], [ -78.703, -5.208 ], [ -78.711, -5.156 ], [ -78.701, -5.104 ], [ -78.68, -5.072 ], [ -78.658, -5.067 ], [ -78.641, -5.034 ], [ -78.651, -4.979 ], [ -78.666, -4.98 ], [ -78.678, -4.968 ], [ -78.645, -4.907 ], [ -78.644, -4.858 ], [ -78.632, -4.836 ], [ -78.642, -4.802 ], [ -78.621, -4.768 ], [ -78.631, -4.757 ], [ -78.628, -4.74 ], [ -78.645, -4.735 ], [ -78.632, -4.698 ], [ -78.644, -4.682 ], [ -78.638, -4.656 ], [ -78.652, -4.646 ], [ -78.668, -4.655 ], [ -78.706, -4.623 ], [ -78.681, -4.595 ], [ -78.656, -4.585 ], [ -78.661, -4.53 ], [ -78.638, -4.501 ], [ -78.601, -4.507 ], [ -78.581, -4.534 ], [ -78.589, -4.561 ], [ -78.581, -4.601 ], [ -78.572, -4.602 ], [ -78.554, -4.579 ], [ -78.522, -4.586 ], [ -78.471, -4.63 ], [ -78.466, -4.648 ], [ -78.441, -4.647 ], [ -78.414, -4.66 ], [ -78.361, -4.648 ], [ -78.33, -4.68 ], [ -78.318, -4.667 ], [ -78.285, -4.673 ], [ -78.276, -4.66 ], [ -78.262, -4.681 ], [ -78.269, -4.704 ], [ -78.262, -4.721 ], [ -78.223, -4.662 ], [ -78.186, -4.656 ], [ -78.162, -4.634 ], [ -78.146, -4.645 ], [ -78.156, -4.66 ], [ -78.133, -4.665 ], [ -78.12, -4.696 ], [ -78.154, -4.763 ], [ -78.139, -4.78 ], [ -78.143, -4.801 ], [ -78.119, -4.841 ], [ -78.128, -4.849 ], [ -78.128, -4.883 ], [ -78.165, -4.937 ], [ -78.146, -4.968 ], [ -78.145, -4.99 ], [ -78.179, -4.996 ], [ -78.196, -5.035 ], [ -78.168, -5.081 ], [ -78.138, -5.084 ], [ -78.154, -5.097 ], [ -78.158, -5.116 ], [ -78.106, -5.146 ], [ -78.096, -5.142 ], [ -78.097, -5.169 ], [ -78.075, -5.175 ], [ -78.057, -5.21 ], [ -78.076, -5.254 ], [ -78.068, -5.265 ], [ -78.097, -5.341 ], [ -78.121, -5.329 ], [ -78.146, -5.34 ], [ -78.163, -5.387 ], [ -78.223, -5.435 ], [ -78.239, -5.47 ], [ -78.274, -5.471 ], [ -78.311, -5.486 ], [ -78.303, -5.501 ], [ -78.336, -5.538 ], [ -78.323, -5.55 ], [ -78.315, -5.616 ] ], [ [ -78.465, -5.646 ], [ -78.466, -5.654 ], [ -78.464, -5.651 ], [ -78.465, -5.646 ] ], [ [ -78.494, -5.605 ], [ -78.491, -5.609 ], [ -78.494, -5.604 ], [ -78.494, -5.605 ] ], [ [ -78.487, -5.526 ], [ -78.492, -5.536 ], [ -78.484, -5.523 ], [ -78.487, -5.526 ] ], [ [ -78.477, -5.519 ], [ -78.478, -5.518 ], [ -78.476, -5.529 ], [ -78.477, -5.519 ] ], [ [ -78.464, -5.667 ], [ -78.461, -5.666 ], [ -78.463, -5.666 ], [ -78.464, -5.667 ] ], [ [ -78.445, -5.678 ], [ -78.439, -5.675 ], [ -78.444, -5.677 ], [ -78.445, -5.678 ] ], [ [ -78.477, -5.603 ], [ -78.479, -5.597 ], [ -78.48, -5.596 ], [ -78.477, -5.603 ] ], [ [ -78.458, -5.612 ], [ -78.458, -5.609 ], [ -78.459, -5.608 ], [ -78.458, -5.612 ] ], [ [ -78.482, -5.596 ], [ -78.482, -5.595 ], [ -78.483, -5.596 ], [ -78.482, -5.596 ] ], [ [ -78.449, -5.19 ], [ -78.45, -5.183 ], [ -78.451, -5.181 ], [ -78.449, -5.19 ] ], [ [ -78.446, -5.199 ], [ -78.435, -5.203 ], [ -78.446, -5.198 ], [ -78.446, -5.199 ] ] ] } },
{ "type": "Feature", "properties": { "DEPARTAMEN": "AMAZONAS", "PROVINCIA": "BONGARA", "clave": "AMAZONAS|BONGARA" }, "geometry": { "type": "Polygon", "coordinates": [ [ [ -77.967, -6.001 ], [ -77.98, -5.965 ], [ -78.006, -5.978 ], [ -78.061, -5.973 ], [ -78.079, -5.953 ], [ -78.076, -5.917 ], [ -78.121, -5.921 ], [ -78.135, -5.894 ], [ -78.122, -5.891 ], [ -78.104, -5.856 ], [ -78.096, -5.838 ], [ -78.102, -5.825 ], [ -78.077, -5.774 ], [ -78.105, -5.757 ], [ -78.011, -5.601 ], [ -77.985, -5.576 ], [ -77.991, -5.511 ], [ -77.933, -5.491 ], [ -77.931, -5.462 ], [ -77.941, -5.425 ], [ -77.955, -5.417 ], [ -77.956, -5.4 ], [ -77.745, -5.133 ], [ -77.72, -5.141 ], [ -77.695, -5.165 ], [ -77.708, -5.191 ], [ -77.74, -5.212 ], [ -77.696, -5.259 ], [ -77.682, -5.338 ], [ -77.703, -5.381 ], [ -77.696, -5.412 ], [ -77.713, -5.416 ], [ -77.745, -5.407 ], [ -77.768, -5.438 ], [ -77.749, -5.46 ], [ -77.771, -5.478 ], [ -77.772, -5.494 ], [ -77.757, -5.514 ], [ -77.766, -5.539 ], [ -77.736, -5.609 ], [ -77.775, -5.69 ], [ -77.775, -5.711 ], [ -77.759, -5.73 ], [ -77.772, -5.753 ], [ -77.761, -5.771 ], [ -77.77, -5.788 ], [ -77.764, -5.82 ], [ -77.746, -5.835 ], [ -77.726, -5.844 ], [ -77.695, -5.84 ], [ -77.682, -5.849 ], [ -77.683, -5.878 ], [ -77.666, -5.892 ], [ -77.652, -5.935 ], [ -77.672, -5.974 ], [ -77.688, -5.979 ], [ -77.717, -5.944 ], [ -77.745, -5.944 ], [ -77.768, -5.964 ], [ -77.788, -6.028 ], [ -77.806, -6.032 ], [ -77.808, -6.081 ], [ -77.791, -6.124 ], [ -77.841, -6.129 ], [ -77.876, -6.102 ], [ -77.891, -6.103 ], [ -77.967, -6.001 ] ], [ [ -77.97, -5.983 ], [ -77.954, -5.986 ], [ -77.964, -5.983 ], [ -77.97, -5.983 ] ], [ [ -77.912, -5.985 ], [ -77.917, -5.985 ], [ -77.911, -5.986 ], [ -77.912, -5.985 ] ], [ [ -77.909, -6.025 ], [ -77.912, -6.026 ], [ -77.902, -6.027 ], [ -77.909, -6.025 ] ], [ [ -77.959, -5.947 ], [ -77.96, -5.953 ], [ -77.955, -5.951 ], [ -77.959, -5.947 ] ], [ [ -77.818, -5.789 ], [ -77.806, -5.786 ], [ -77.819, -5.788 ], [ -77.818, -5.789 ] ], [ [ -77.848, -5.779 ], [ -77.842, -5.777 ], [ -77.846, -5.778 ], [ -77.848, -5.779 ] ], [ [ -77.843, -5.825 ], [ -77.842, -5.829 ], [ -77.842, -5.825 ], [ -77.845, -5.816 ], [ -77.843, -5.825 ] ], [ [ -77.959, -5.879 ], [ -77.951, -5.881 ], [ -77.958, -5.878 ], [ -77.959, -5.879 ] ], [ [ -77.904, -5.862 ], [ -77.894, -5.865 ], [ -77.897, -5.863 ], [ -77.904, -5.862 ] ], [ [ -77.81, -5.87 ], [ -77.824, -5.857 ], [ -77.813, -5.869 ], [ -77.81, -5.87 ] ], [ [ -77.787, -5.903 ], [ -77.795, -5.891 ], [ -77.795, -5.895 ], [ -77.787, -5.903 ] ], [ [ -77.848, -5.987 ], [ -77.852, -5.987 ], [ -77.85, -5.988 ], [ -77.848, -5.987 ] ], [ [ -77.801, -5.987 ], [ -77.802, -5.987 ], [ -77.802, -5.992 ], [ -77.801, -5.987 ] ], [ [ -77.782, -5.911 ], [ -77.78, -5.91 ], [ -77.782, -5.91 ], [ -77.782, -5.911 ] ], [ [ -77.755, -5.926 ], [ -77.755, -5.925 ], [ -77.758, -5.925 ], [ -77.755, -5.926 ] ], [ [ -77.805, -5.854 ], [ -77.805, -5.855 ], [ -77.799, -5.854 ], [ -77.805, -5.854 ] ] ] } },
{ "type": "Feature", "properties": { "DEPARTAMEN": "AMAZONAS", "PROVINCIA": "CONDORCANQUI", "clave": "AMAZONAS|CONDORCANQUI" }, "geometry": { "type": "Polygon", "coordinates": [ [ [ -77.611, -4.494 ], [ -77.641, -4.497 ], [ -77.641, -4.51 ], [ -77.655, -4.519 ], [ -77.649, -4.546 ], [ -77.66, -4.558 ], [ -77.653, -4.575 ], [ -77.672, -4.629 ], [ -77.695, -4.659 ], [ -77.716, -4.665 ], [ -77.731, -4.688 ], [ -77.772, -4.718 ], [ -77.795, -4.76 ], [ -77.789, -4.785 ], [ -77.799, -4.825 ], [ -77.76, -4.909 ], [ -77.767, -4.921 ], [ -77.758, -4.95 ], [ -77.825, -5.032 ], [ -77.812, -5.056 ], [ -77.822, -5.082 ], [ -77.818, -5.091 ], [ -77.801, -5.086 ], [ -77.774, -5.097 ], [ -77.745, -5.133 ], [ -77.956, -5.4 ], [ -77.992, -5.392 ], [ -78.022, -5.366 ], [ -78.052, -5.376 ], [ -78.048, -5.411 ], [ -78.071, -5.41 ], [ -78.106, -5.342 ], [ -78.097, -5.341 ], [ -78.075, -5.287 ], [ -78.068, -5.265 ], [ -78.076, -5.251 ], [ -78.057, -5.209 ], [ -78.075, -5.175 ], [ -78.097, -5.169 ], [ -78.096, -5.142 ], [ -78.106, -5.146 ], [ -78.158, -5.116 ], [ -78.154, -5.097 ], [ -78.138, -5.084 ], [ -78.168, -5.081 ], [ -78.196, -5.031 ], [ -78.179, -4.996 ], [ -78.146, -4.991 ], [ -78.146, -4.968 ], [ -78.165, -4.937 ], [ -78.128, -4.883 ], [ -78.128, -4.849 ], [ -78.119, -4.842 ], [ -78.143, -4.801 ], [ -78.139, -4.78 ], [ -78.154, -4.763 ], [ -78.12, -4.698 ], [ -78.133, -4.664 ], [ -78.156, -4.66 ], [ -78.146, -4.645 ], [ -78.162, -4.634 ], [ -78.186, -4.656 ], [ -78.219, -4.659 ], [ -78.262, -4.721 ], [ -78.269, -4.704 ], [ -78.262, -4.681 ], [ -78.273, -4.661 ], [ -78.3, -4.675 ], [ -78.319, -4.668 ], [ -78.33, -4.68 ], [ -78.361, -4.648 ], [ -78.414, -4.66 ], [ -78.441, -4.647 ], [ -78.466, -4.648 ], [ -78.471, -4.63 ], [ -78.522, -4.586 ], [ -78.554, -4.579 ], [ -78.572, -4.602 ], [ -78.581, -4.601 ], [ -78.589, -4.561 ], [ -78.581, -4.534 ], [ -78.601, -4.507 ], [ -78.619, -4.51 ], [ -78.638, -4.496 ], [ -78.634, -4.464 ], [ -78.62, -4.437 ], [ -78.601, -4.429 ], [ -78.603, -4.411 ], [ -78.634, -4.415 ], [ -78.653, -4.335 ], [ -78.641, -4.306 ], [ -78.618, -4.294 ], [ -78.611, -4.267 ], [ -78.599, -4.258 ], [ -78.609, -4.226 ], [ -78.577, -4.196 ], [ -78.581, -4.135 ], [ -78.537, -4.062 ], [ -78.568, -4.045 ], [ -78.566, -3.992 ], [ -78.543, -3.974 ], [ -78.525, -3.937 ], [ -78.489, -3.934 ], [ -78.476, -3.906 ], [ -78.487, -3.894 ], [ -78.476, -3.858 ], [ -78.46, -3.837 ], [ -78.466, -3.828 ], [ -78.436, -3.819 ], [ -78.409, -3.782 ], [ -78.416, -3.765 ], [ -78.402, -3.735 ], [ -78.422, -3.724 ], [ -78.423, -3.693 ], [ -78.416, -3.686 ], [ -78.4, -3.69 ], [ -78.393, -3.677 ], [ -78.401, -3.65 ], [ -78.386, -3.64 ], [ -78.4, -3.606 ], [ -78.386, -3.574 ], [ -78.391, -3.56 ], [ -78.369, -3.539 ], [ -78.355, -3.494 ], [ -78.359, -3.47 ], [ -78.341, -3.427 ], [ -78.356, -3.404 ], [ -78.347, -3.383 ], [ -78.301, -3.4 ], [ -78.246, -3.402 ], [ -78.226, -3.492 ], [ -78.231, -3.499 ], [ -78.217, -3.509 ], [ -78.149, -3.481 ], [ -78.145, -3.461 ], [ -78.155, -3.412 ], [ -78.178, -3.41 ], [ -78.196, -3.361 ], [ -78.137, -3.327 ], [ -78.141, -3.32 ], [ -78.107, -3.277 ], [ -78.091, -3.234 ], [ -78.065, -3.224 ], [ -78.036, -3.19 ], [ -78.013, -3.179 ], [ -78.009, -3.158 ], [ -77.982, -3.12 ], [ -77.971, -3.117 ], [ -77.941, -3.065 ], [ -77.84, -3.008 ], [ -77.845, -2.998 ], [ -77.809, -2.986 ], [ -77.817, -3.003 ], [ -77.789, -3.062 ], [ -77.794, -3.089 ], [ -77.778, -3.192 ], [ -77.773, -3.429 ], [ -77.746, -3.482 ], [ -77.715, -3.515 ], [ -77.716, -3.542 ], [ -77.667, -3.572 ], [ -77.643, -3.619 ], [ -77.62, -3.622 ], [ -77.616, -3.708 ], [ -77.652, -3.781 ], [ -77.628, -3.817 ], [ -77.609, -3.825 ], [ -77.561, -3.876 ], [ -77.569, -3.893 ], [ -77.538, -3.962 ], [ -77.548, -4.105 ], [ -77.586, -4.251 ], [ -77.565, -4.395 ], [ -77.586, -4.475 ], [ -77.611, -4.494 ] ], [ [ -77.795, -4.384 ], [ -77.803, -4.383 ], [ -77.816, -4.386 ], [ -77.795, -4.384 ] ], [ [ -78.115, -4.642 ], [ -78.123, -4.652 ], [ -78.115, -4.644 ], [ -78.115, -4.642 ] ], [ [ -77.912, -4.4 ], [ -77.927, -4.397 ], [ -77.892, -4.407 ], [ -77.912, -4.4 ] ], [ [ -78.218, -3.521 ], [ -78.219, -3.527 ], [ -78.218, -3.527 ], [ -78.218, -3.521 ] ] ] } },
{ "type": "Feature", "properties": { "DEPARTAMEN": "AMAZONAS", "PROVINCIA": "LUYA", "clave": "AMAZONAS|LUYA" }, "geometry": { "type": "Polygon", "coordinates": [ [ [ -77.96, -6.714 ], [ -78.0, -6.721 ], [ -78.009, -6.743 ], [ -78.034, -6.745 ], [ -78.046, -6.69 ], [ -78.078, -6.669 ], [ -78.08, -6.655 ], [ -78.095, -6.657 ], [ -78.107, -6.643 ], [ -78.104, -6.624 ], [ -78.121, -6.597 ], [ -78.117, -6.578 ], [ -78.138, -6.562 ], [ -78.136, -6.527 ], [ -78.152, -6.5 ], [ -78.174, -6.494 ], [ -78.19, -6.457 ], [ -78.204, -6.459 ], [ -78.208, -6.459 ], [ -78.211, -6.456 ], [ -78.243, -6.402 ], [ -78.268, -6.391 ], [ -78.277, -6.399 ], [ -78.291, -6.373 ], [ -78.301, -6.375 ], [ -78.334, -6.351 ], [ -78.335, -6.319 ], [ -78.37, -6.271 ], [ -78.37, -6.239 ], [ -78.401, -6.228 ], [ -78.419, -6.206 ], [ -78.42, -6.188 ], [ -78.373, -6.169 ], [ -78.368, -6.109 ], [ -78.348, -6.086 ], [ -78.305, -6.085 ], [ -78.29, -6.063 ], [ -78.222, -6.061 ], [ -78.203, -6.035 ], [ -78.165, -6.018 ], [ -78.172, -5.994 ], [ -78.154, -5.964 ], [ -78.136, -5.958 ], [ -78.145, -5.943 ], [ -78.131, -5.903 ], [ -78.123, -5.92 ], [ -78.077, -5.917 ], [ -78.079, -5.954 ], [ -78.058, -5.975 ], [ -78.006, -5.978 ], [ -77.98, -5.965 ], [ -77.967, -6.001 ], [ -77.912, -6.068 ], [ -77.904, -6.093 ], [ -77.891, -6.102 ], [ -77.911, -6.181 ], [ -77.903, -6.208 ], [ -77.94, -6.259 ], [ -77.938, -6.308 ], [ -77.92, -6.368 ], [ -77.906, -6.368 ], [ -77.901, -6.389 ], [ -77.872, -6.418 ], [ -77.877, -6.428 ], [ -77.861, -6.45 ], [ -77.864, -6.477 ], [ -77.827, -6.546 ], [ -77.838, -6.573 ], [ -77.83, -6.566 ], [ -77.818, -6.594 ], [ -77.814, -6.634 ], [ -77.798, -6.657 ], [ -77.798, -6.691 ], [ -77.802, -6.707 ], [ -77.82, -6.713 ], [ -77.835, -6.733 ], [ -77.893, -6.734 ], [ -77.919, -6.69 ], [ -77.939, -6.694 ], [ -77.96, -6.714 ] ], [ [ -77.923, -6.673 ], [ -77.924, -6.672 ], [ -77.927, -6.681 ], [ -77.923, -6.673 ] ], [ [ -78.061, -6.002 ], [ -78.067, -6.009 ], [ -78.06, -6.002 ], [ -78.061, -6.002 ] ], [ [ -78.022, -6.047 ], [ -78.025, -6.042 ], [ -78.023, -6.048 ], [ -78.022, -6.047 ] ], [ [ -78.022, -6.11 ], [ -78.026, -6.109 ], [ -78.023, -6.113 ], [ -78.022, -6.11 ] ], [ [ -78.002, -6.148 ], [ -78.003, -6.142 ], [ -78.004, -6.145 ], [ -78.002, -6.148 ] ], [ [ -78.034, -6.163 ], [ -78.027, -6.168 ], [ -78.033, -6.163 ], [ -78.034, -6.163 ] ], [ [ -78.059, -6.164 ], [ -78.053, -6.164 ], [ -78.054, -6.163 ], [ -78.059, -6.164 ] ], [ [ -78.06, -6.187 ], [ -78.063, -6.181 ], [ -78.066, -6.179 ], [ -78.06, -6.187 ] ], [ [ -78.083, -6.173 ], [ -78.082, -6.172 ], [ -78.083, -6.169 ], [ -78.083, -6.173 ] ], [ [ -78.101, -6.199 ], [ -78.101, -6.198 ], [ -78.103, -6.2 ], [ -78.101, -6.199 ] ], [ [ -78.068, -6.206 ], [ -78.07, -6.207 ], [ -78.066, -6.207 ], [ -78.068, -6.206 ] ], [ [ -78.057, -6.258 ], [ -78.041, -6.266 ], [ -78.056, -6.257 ], [ -78.057, -6.258 ] ], [ [ -78.015, -6.451 ], [ -78.021, -6.455 ], [ -78.019, -6.455 ], [ -78.015, -6.451 ] ], [ [ -78.002, -6.446 ], [ -77.994, -6.442 ], [ -78.001, -6.442 ], [ -78.007, -6.446 ], [ -78.002, -6.446 ] ], [ [ -78.001, -6.451 ], [ -78.001, -6.449 ], [ -78.003, -6.459 ], [ -78.001, -6.451 ] ], [ [ -78.333, -6.27 ], [ -78.336, -6.276 ], [ -78.327, -6.264 ], [ -78.333, -6.27 ] ], [ [ -78.304, -6.268 ], [ -78.299, -6.27 ], [ -78.3, -6.269 ], [ -78.304, -6.268 ] ], [ [ -78.149, -6.262 ], [ -78.141, -6.255 ], [ -78.146, -6.258 ], [ -78.149, -6.262 ] ], [ [ -78.14, -6.254 ], [ -78.139, -6.254 ], [ -78.139, -6.242 ], [ -78.14, -6.254 ] ], [ [ -78.101, -6.396 ], [ -78.101, -6.395 ], [ -78.107, -6.398 ], [ -78.101, -6.396 ] ], [ [ -78.096, -6.397 ], [ -78.091, -6.397 ], [ -78.099, -6.396 ], [ -78.096, -6.397 ] ], [ [ -78.046, -6.378 ], [ -78.055, -6.375 ], [ -78.056, -6.375 ], [ -78.046, -6.378 ] ], [ [ -78.125, -6.565 ], [ -78.126, -6.566 ], [ -78.125, -6.566 ], [ -78.125, -6.565 ] ], [ [ -78.09, -6.254 ], [ -78.102, -6.253 ], [ -78.089, -6.255 ], [ -78.09, -6.254 ] ], [ [ -78.299, -6.094 ], [ -78.301, -6.088 ], [ -78.302, -6.087 ], [ -78.299, -6.094 ] ], [ [ -78.172, -6.037 ], [ -78.164, -6.021 ], [ -78.167, -6.026 ], [ -78.172, -6.037 ] ], [ [ -78.059, -6.141 ], [ -78.061, -6.146 ], [ -78.06, -6.147 ], [ -78.059, -6.141 ] ], [ [ -78.051, -6.147 ], [ -78.052, -6.152 ], [ -78.049, -6.145 ], [ -78.051, -6.147 ] ], [ [ -78.042, -6.117 ], [ -78.036, -6.115 ], [ -78.036, -6.114 ], [ -78.042, -6.117 ] ], [ [ -77.97, -6.089 ], [ -77.987, -6.092 ], [ -77.97, -6.09 ], [ -77.97, -6.089 ] ], [ [ -78.034, -6.196 ], [ -78.026, -6.187 ], [ -78.035, -6.196 ], [ -78.034, -6.196 ] ], [ [ -77.986, -6.143 ], [ -77.986, -6.142 ], [ -77.993, -6.143 ], [ -77.986, -6.143 ] ], [ [ -77.99, -6.105 ], [ -77.988, -6.106 ], [ -77.988, -6.105 ], [ -77.99, -6.105 ] ], [ [ -77.941, -6.094 ], [ -77.949, -6.1 ], [ -77.943, -6.097 ], [ -77.941, -6.094 ] ], [ [ -77.939, -6.092 ], [ -77.934, -6.081 ], [ -77.941, -6.094 ], [ -77.939, -6.092 ] ], [ [ -77.956, -6.421 ], [ -77.955, -6.416 ], [ -77.957, -6.421 ], [ -77.956, -6.421 ] ], [ [ -77.957, -6.442 ], [ -77.957, -6.443 ], [ -77.955, -6.445 ], [ -77.957, -6.442 ] ], [ [ -77.934, -6.449 ], [ -77.936, -6.455 ], [ -77.935, -6.455 ], [ -77.934, -6.449 ] ], [ [ -77.927, -6.444 ], [ -77.92, -6.446 ], [ -77.924, -6.444 ], [ -77.927, -6.444 ] ], [ [ -77.878, -6.419 ], [ -77.876, -6.421 ], [ -77.877, -6.419 ], [ -77.878, -6.419 ] ], [ [ -77.922, -6.538 ], [ -77.923, -6.539 ], [ -77.924, -6.544 ], [ -77.922, -6.538 ] ], [ [ -77.897, -6.52 ], [ -77.899, -6.521 ], [ -77.899, -6.523 ], [ -77.897, -6.52 ] ], [ [ -77.888, -6.52 ], [ -77.894, -6.518 ], [ -77.894, -6.519 ], [ -77.888, -6.52 ] ], [ [ -77.985, -6.44 ], [ -77.977, -6.434 ], [ -77.981, -6.436 ], [ -77.985, -6.44 ] ] ] } },
{ "type": "Feature", "properties": { "DEPARTAMEN": "AMAZONAS", "PROVINCIA": "RODRIGUEZ DE MENDOZA", "clave": "AMAZONAS|RODRIGUEZ DE MENDOZA" }, "geometry": { "type": "Polygon", "coordinates": [ [ [ -77.436, -6.618 ], [ -77.408, -6.646 ], [ -77.382, -6.698 ], [ -77.4, -6.708 ], [ -77.407, -6.727 ], [ -77.456, -6.681 ], [ -77.544, -6.677 ], [ -77.569, -6.638 ], [ -77.612, -6.612 ], [ -77.656, -6.604 ], [ -77.667, -6.578 ], [ -77.706, -6.582 ], [ -77.707, -6.56 ], [ -77.726, -6.552 ], [ -77.739, -6.465 ], [ -77.733, -6.453 ], [ -77.746, -6.437 ], [ -77.752, -6.404 ], [ -77.73, -6.372 ], [ -77.704, -6.361 ], [ -77.706, -6.339 ], [ -77.67, -6.34 ], [ -77.629, -6.314 ], [ -77.618, -6.281 ], [ -77.589, -6.304 ], [ -77.568, -6.309 ], [ -77.555, -6.303 ], [ -77.54, -6.287 ], [ -77.515, -6.225 ], [ -77.47, -6.186 ], [ -77.5, -6.154 ], [ -77.507, -6.089 ], [ -77.521, -6.085 ], [ -77.534, -6.063 ], [ -77.518, -6.055 ], [ -77.51, -6.032 ], [ -77.489, -6.029 ], [ -77.487, -6.01 ], [ -77.474, -6.0 ], [ -77.432, -6.062 ], [ -77.419, -6.032 ], [ -77.395, -6.039 ], [ -77.381, -6.08 ], [ -77.359, -6.073 ], [ -77.346, -6.114 ], [ -77.332, -6.112 ], [ -77.28, -6.142 ], [ -77.258, -6.138 ], [ -77.241, -6.15 ], [ -77.223, -6.147 ], [ -77.202, -6.18 ], [ -77.219, -6.194 ], [ -77.212, -6.216 ], [ -77.174, -6.247 ], [ -77.171, -6.265 ], [ -77.133, -6.302 ], [ -77.144, -6.349 ], [ -77.172, -6.381 ], [ -77.209, -6.375 ], [ -77.221, -6.381 ], [ -77.244, -6.338 ], [ -77.262, -6.327 ], [ -77.285, -6.329 ], [ -77.273, -6.407 ], [ -77.298, -6.425 ], [ -77.306, -6.454 ], [ -77.326, -6.467 ], [ -77.345, -6.547 ], [ -77.359, -6.564 ], [ -77.381, -6.569 ], [ -77.394, -6.603 ], [ -77.442, -6.6 ], [ -77.436, -6.618 ] ], [ [ -77.468, -6.468 ], [ -77.477, -6.47 ], [ -77.466, -6.469 ], [ -77.468, -6.468 ] ], [ [ -77.461, -6.515 ], [ -77.458, -6.515 ], [ -77.474, -6.51 ], [ -77.461, -6.515 ] ], [ [ -77.478, -6.502 ], [ -77.476, -6.509 ], [ -77.476, -6.504 ], [ -77.478, -6.502 ] ], [ [ -77.454, -6.349 ], [ -77.451, -6.35 ], [ -77.451, -6.349 ], [ -77.454, -6.349 ] ], [ [ -77.496, -6.396 ], [ -77.497, -6.388 ], [ -77.498, -6.39 ], [ -77.496, -6.396 ] ], [ [ -77.498, -6.404 ], [ -77.491, -6.401 ], [ -77.493, -6.401 ], [ -77.498, -6.404 ] ], [ [ -77.502, -6.407 ], [ -77.501, -6.406 ], [ -77.503, -6.406 ], [ -77.502, -6.407 ] ], [ [ -77.655, -6.405 ], [ -77.652, -6.398 ], [ -77.653, -6.399 ], [ -77.655, -6.405 ] ], [ [ -77.602, -6.427 ], [ -77.595, -6.434 ], [ -77.608, -6.418 ], [ -77.602, -6.427 ] ], [ [ -77.456, -6.436 ], [ -77.446, -6.438 ], [ -77.447, -6.437 ], [ -77.456, -6.436 ] ], [ [ -77.441, -6.452 ], [ -77.441, -6.453 ], [ -77.434, -6.457 ], [ -77.441, -6.452 ] ], [ [ -77.364, -6.473 ], [ -77.369, -6.472 ], [ -77.371, -6.475 ], [ -77.364, -6.473 ] ], [ [ -77.41, -6.522 ], [ -77.411, -6.521 ], [ -77.417, -6.522 ], [ -77.41, -6.522 ] ], [ [ -77.395, -6.534 ], [ -77.39, -6.537 ], [ -77.403, -6.527 ], [ -77.395, -6.534 ] ], [ [ -77.323, -6.338 ], [ -77.31, -6.332 ], [ -77.325, -6.338 ], [ -77.323, -6.338 ] ], [ [ -77.429, -6.431 ], [ -77.427, -6.421 ], [ -77.43, -6.431 ], [ -77.429, -6.431 ] ] ] } },
{ "type": "Feature", "properties": { "DEPARTAMEN": "AMAZONAS", "PROVINCIA": "UTCUBAMBA", "clave": "AMAZONAS|UTCUBAMBA" }, "geometry": { "type": "Polygon", "coordinates": [ [ [ -78.131, -5.903 ], [ -78.145, -5.943 ], [ -78.136, -5.958 ], [ -78.154, -5.964 ], [ -78.17, -5.989 ], [ -78.164, -6.017 ], [ -78.203, -6.035 ], [ -78.222, -6.061 ], [ -78.29, -6.063 ], [ -78.304, -6.085 ], [ -78.318, -6.079 ], [ -78.35, -6.087 ], [ -78.368, -6.109 ], [ -78.372, -6.169 ], [ -78.42, -6.188 ], [ -78.476, -6.133 ], [ -78.477, -6.115 ], [ -78.498, -6.103 ], [ -78.499, -6.088 ], [ -78.516, -6.072 ], [ -78.583, -6.079 ], [ -78.607, -6.057 ], [ -78.611, -6.017 ], [ -78.66, -5.956 ], [ -78.673, -5.916 ], [ -78.696, -5.889 ], [ -78.699, -5.841 ], [ -78.712, -5.829 ], [ -78.692, -5.751 ], [ -78.652, -5.73 ], [ -78.655, -5.718 ], [ -78.686, -5.699 ], [ -78.651, -5.676 ], [ -78.639, -5.645 ], [ -78.625, -5.639 ], [ -78.583, -5.551 ], [ -78.554, -5.538 ], [ -78.564, -5.555 ], [ -78.553, -5.562 ], [ -78.565, -5.572 ], [ -78.565, -5.588 ], [ -78.557, -5.589 ], [ -78.567, -5.594 ], [ -78.542, -5.611 ], [ -78.564, -5.627 ], [ -78.56, -5.647 ], [ -78.551, -5.652 ], [ -78.546, -5.646 ], [ -78.533, -5.644 ], [ -78.525, -5.649 ], [ -78.498, -5.681 ], [ -78.503, -5.692 ], [ -78.472, -5.706 ], [ -78.45, -5.733 ], [ -78.406, -5.69 ], [ -78.402, -5.672 ], [ -78.368, -5.627 ], [ -78.315, -5.616 ], [ -78.323, -5.55 ], [ -78.336, -5.538 ], [ -78.303, -5.501 ], [ -78.312, -5.486 ], [ -78.274, -5.471 ], [ -78.239, -5.47 ], [ -78.223, -5.435 ], [ -78.163, -5.387 ], [ -78.146, -5.34 ], [ -78.121, -5.329 ], [ -78.093, -5.362 ], [ -78.071, -5.41 ], [ -78.048, -5.411 ], [ -78.052, -5.376 ], [ -78.022, -5.366 ], [ -77.992, -5.392 ], [ -77.958, -5.397 ], [ -77.93, -5.464 ], [ -77.933, -5.492 ], [ -77.991, -5.511 ], [ -77.985, -5.576 ], [ -78.011, -5.601 ], [ -78.105, -5.757 ], [ -78.077, -5.774 ], [ -78.102, -5.825 ], [ -78.096, -5.838 ], [ -78.104, -5.856 ], [ -78.122, -5.891 ], [ -78.136, -5.893 ], [ -78.131, -5.903 ] ], [ [ -78.296, -5.812 ], [ -78.298, -5.812 ], [ -78.298, -5.813 ], [ -78.296, -5.812 ] ], [ [ -78.303, -5.796 ], [ -78.3, -5.798 ], [ -78.302, -5.796 ], [ -78.303, -5.796 ] ], [ [ -78.53, -5.892 ], [ -78.535, -5.887 ], [ -78.547, -5.878 ], [ -78.53, -5.892 ] ], [ [ -78.514, -5.913 ], [ -78.524, -5.898 ], [ -78.527, -5.895 ], [ -78.514, -5.913 ] ] ] } },
{ "type": "Feature", "properties": { "DEPARTAMEN": "ANCASH", "PROVINCIA": "HUARAZ", "clave": "ANCASH|HUARAZ" }, "geometry": { "type": "Polygon", "coordinates": [ [ [ -77.759, -9.787 ], [ -77.781, -9.801 ], [ -77.866, -9.764 ], [ -77.954, -9.772 ], [ -77.961, -9.78 ], [ -77.987, -9.739 ], [ -77.968, -9.706 ], [ -78.0, -9.712 ], [ -78.042, -9.69 ], [ -78.008, -9.683 ], [ -77.99, -9.645 ], [ -77.961, -9.615 ], [ -77.959, -9.59 ], [ -77.975, -9.57 ], [ -77.974, -9.55 ], [ -77.994, -9.536 ], [ -77.97, -9.531 ], [ -77.946, -9.539 ], [ -77.928, -9.499 ], [ -77.915, -9.505 ], [ -77.915, -9.488 ], [ -77.934, -9.481 ], [ -77.916, -9.469 ], [ -77.892, -9.429 ], [ -77.857, -9.403 ], [ -77.834, -9.426 ], [ -77.767, -9.422 ], [ -77.766, -9.4 ], [ -77.744, -9.371 ], [ -77.719, -9.382 ], [ -77.69, -9.378 ], [ -77.675, -9.394 ], [ -77.681, -9.418 ], [ -77.666, -9.427 ], [ -77.65, -9.455 ], [ -77.644, -9.433 ], [ -77.613, -9.422 ], [ -77.601, -9.401 ], [ -77.578, -9.392 ], [ -77.585, -9.376 ], [ -77.542, -9.387 ], [ -77.53, -9.373 ], [ -77.465, -9.367 ], [ -77.443, -9.351 ], [ -77.415, -9.356 ], [ -77.397, -9.347 ], [ -77.383, -9.371 ], [ -77.37, -9.368 ], [ -77.351, -9.388 ], [ -77.33, -9.382 ], [ -77.317, -9.395 ], [ -77.326, -9.431 ], [ -77.301, -9.44 ], [ -77.309, -9.465 ], [ -77.326, -9.472 ], [ -77.301, -9.555 ], [ -77.31, -9.572 ], [ -77.292, -9.587 ], [ -77.266, -9.647 ], [ -77.327, -9.679 ], [ -77.338, -9.665 ], [ -77.424, -9.68 ], [ -77.503, -9.663 ], [ -77.527, -9.695 ], [ -77.525, -9.726 ], [ -77.537, -9.738 ], [ -77.547, -9.713 ], [ -77.542, -9.706 ], [ -77.569, -9.669 ], [ -77.592, -9.659 ], [ -77.598, -9.64 ], [ -77.614, -9.649 ], [ -77.609, -9.63 ], [ -77.621, -9.621 ], [ -77.664, -9.66 ], [ -77.661, -9.686 ], [ -77.68, -9.685 ], [ -77.699, -9.697 ], [ -77.712, -9.69 ], [ -77.727, -9.705 ], [ -77.759, -9.787 ] ], [ [ -77.626, -9.569 ], [ -77.628, -9.566 ], [ -77.624, -9.58 ], [ -77.626, -9.569 ] ], [ [ -77.624, -9.582 ], [ -77.624, -9.581 ], [ -77.628, -9.584 ], [ -77.624, -9.582 ] ], [ [ -77.632, -9.587 ], [ -77.631, -9.586 ], [ -77.645, -9.591 ], [ -77.632, -9.587 ] ], [ [ -77.647, -9.603 ], [ -77.646, -9.601 ], [ -77.658, -9.605 ], [ -77.647, -9.603 ] ], [ [ -77.924, -9.536 ], [ -77.917, -9.542 ], [ -77.919, -9.539 ], [ -77.924, -9.536 ] ], [ [ -77.892, -9.567 ], [ -77.872, -9.551 ], [ -77.888, -9.562 ], [ -77.892, -9.567 ] ], [ [ -77.868, -9.548 ], [ -77.861, -9.548 ], [ -77.867, -9.547 ], [ -77.868, -9.548 ] ], [ [ -77.843, -9.552 ], [ -77.839, -9.551 ], [ -77.836, -9.548 ], [ -77.843, -9.552 ] ], [ [ -77.843, -9.673 ], [ -77.851, -9.673 ], [ -77.851, -9.674 ], [ -77.843, -9.673 ] ], [ [ -77.779, -9.67 ], [ -77.777, -9.668 ], [ -77.783, -9.67 ], [ -77.779, -9.67 ] ], [ [ -77.837, -9.503 ], [ -77.849, -9.518 ], [ -77.848, -9.518 ], [ -77.837, -9.503 ] ], [ [ -77.643, -9.609 ], [ -77.639, -9.609 ], [ -77.644, -9.607 ], [ -77.643, -9.609 ] ], [ [ -77.488, -9.644 ], [ -77.485, -9.657 ], [ -77.485, -9.653 ], [ -77.488, -9.644 ] ], [ [ -77.377, -9.564 ], [ -77.383, -9.568 ], [ -77.38, -9.567 ], [ -77.377, -9.564 ] ], [ [ -77.55, -9.442 ], [ -77.55, -9.441 ], [ -77.551, -9.442 ], [ -77.55, -9.442 ] ], [ [ -77.54, -9.441 ], [ -77.541, -9.44 ], [ -77.541, -9.442 ], [ -77.54, -9.441 ] ], [ [ -77.386, -9.375 ], [ -77.39, -9.379 ], [ -77.391, -9.383 ], [ -77.386, -9.375 ] ], [ [ -77.556, -9.42 ], [ -77.558, -9.42 ], [ -77.556, -9.421 ], [ -77.556, -9.42 ] ], [ [ -77.548, -9.437 ], [ -77.549, -9.433 ], [ -77.549, -9.438 ], [ -77.548, -9.437 ] ] ] } },
{ "type": "Feature", "properties": { "DEPARTAMEN": "ANCASH", "PROVINCIA": "AIJA", "clave": "ANCASH|AIJA" }, "geometry": { "type": "Polygon", "coordinates": [ [ [ -77.576, -9.872 ], [ -77.607, -9.86 ], [ -77.621, -9.868 ], [ -77.641, -9.856 ], [ -77.664, -9.865 ], [ -77.704, -9.848 ], [ -77.709, -9.837 ], [ -77.721, -9.839 ], [ -77.764, -9.873 ], [ -77.766, -9.89 ], [ -77.78, -9.905 ], [ -77.814, -9.906 ], [ -77.826, -9.914 ], [ -77.827, -9.878 ], [ -77.844, -9.844 ], [ -77.834, -9.836 ], [ -77.854, -9.817 ], [ -77.875, -9.811 ], [ -77.909, -9.822 ], [ -77.962, -9.78 ], [ -77.954, -9.772 ], [ -77.866, -9.764 ], [ -77.781, -9.801 ], [ -77.759, -9.787 ], [ -77.724, -9.695 ], [ -77.712, -9.69 ], [ -77.697, -9.7 ], [ -77.68, -9.685 ], [ -77.661, -9.686 ], [ -77.664, -9.66 ], [ -77.62, -9.621 ], [ -77.609, -9.63 ], [ -77.614, -9.649 ], [ -77.598, -9.64 ], [ -77.592, -9.659 ], [ -77.569, -9.669 ], [ -77.542, -9.706 ], [ -77.542, -9.736 ], [ -77.521, -9.792 ], [ -77.489, -9.82 ], [ -77.494, -9.838 ], [ -77.484, -9.84 ], [ -77.479, -9.861 ], [ -77.479, -9.874 ], [ -77.503, -9.875 ], [ -77.508, -9.866 ], [ -77.538, -9.861 ], [ -77.576, -9.872 ] ], [ [ -77.695, -9.717 ], [ -77.694, -9.711 ], [ -77.696, -9.716 ], [ -77.695, -9.717 ] ], [ [ -77.647, -9.794 ], [ -77.646, -9.789 ], [ -77.649, -9.796 ], [ -77.647, -9.794 ] ] ] } },
{ "type": "Feature", "properties": { "DEPARTAMEN": "ANCASH", "PROVINCIA": "ANTONIO RAYMONDI", "clave": "ANCASH|ANTONIO RAYMONDI" }, "geometry": { "type": "Polygon", "coordinates": [ [ [ -76.96, -9.207 ], [ -76.973, -9.235 ], [ -76.989, -9.248 ], [ -76.989, -9.265 ], [ -77.012, -9.298 ], [ -77.024, -9.3 ], [ -77.086, -9.265 ], [ -77.083, -9.234 ], [ -77.094, -9.211 ], [ -77.084, -9.182 ], [ -77.124, -9.2 ], [ -77.146, -9.198 ], [ -77.174, -9.16 ], [ -77.154, -9.143 ], [ -77.168, -9.122 ], [ -77.165, -9.106 ], [ -77.141, -9.091 ], [ -77.141, -9.056 ], [ -77.152, -9.034 ], [ -77.113, -9.009 ], [ -77.099, -9.012 ], [ -77.111, -9.008 ], [ -77.123, -8.978 ], [ -77.092, -8.972 ], [ -77.036, -9.0 ], [ -77.033, -9.014 ], [ -77.003, -9.033 ], [ -76.981, -9.063 ], [ -76.95, -9.069 ], [ -76.943, -9.129 ], [ -76.962, -9.153 ], [ -76.96, -9.207 ] ], [ [ -77.035, -9.178 ], [ -77.053, -9.178 ], [ -77.05, -9.18 ], [ -77.035, -9.178 ] ], [ [ -77.072, -9.121 ], [ -77.072, -9.122 ], [ -77.07, -9.125 ], [ -77.072, -9.121 ] ] ] } },
{ "type": "Feature", "properties": { "DEPARTAMEN": "ANCASH", "PROVINCIA": "ASUNCION", "clave": "ANCASH|ASUNCION" }, "geometry": { "type": "Polygon", "coordinates": [ [ [ -77.319, -9.137 ], [ -77.293, -9.183 ], [ -77.278, -9.182 ], [ -77.263, -9.2 ], [ -77.262, -9.236 ], [ -77.276, -9.247 ], [ -77.275, -9.278 ], [ -77.292, -9.289 ], [ -77.309, -9.283 ], [ -77.319, -9.324 ], [ -77.326, -9.31 ], [ -77.389, -9.289 ], [ -77.409, -9.273 ], [ -77.432, -9.276 ], [ -77.451, -9.264 ], [ -77.479, -9.271 ], [ -77.481, -9.255 ], [ -77.507, -9.256 ], [ -77.518, -9.236 ], [ -77.517, -9.206 ], [ -77.532, -9.199 ], [ -77.534, -9.173 ], [ -77.517, -9.134 ], [ -77.49, -9.107 ], [ -77.449, -9.087 ], [ -77.436, -9.058 ], [ -77.362, -9.065 ], [ -77.366, -9.114 ], [ -77.319, -9.137 ] ] ] } },
{ "type": "Feature", "properties": { "DEPARTAMEN": "ANCASH", "PROVINCIA": "BOLOGNESI", "clave": "ANCASH|BOLOGNESI" }, "geometry": { "type": "Polygon", "coordinates": [ [ [ -77.199, -10.337 ], [ -77.22, -10.34 ], [ -77.23, -10.33 ], [ -77.241, -10.306 ], [ -77.244, -10.267 ], [ -77.255, -10.254 ], [ -77.27, -10.257 ], [ -77.274, -10.247 ], [ -77.275, -10.266 ], [ -77.291, -10.269 ], [ -77.3, -10.284 ], [ -77.327, -10.256 ], [ -77.36, -10.292 ], [ -77.399, -10.272 ], [ -77.45, -10.278 ], [ -77.469, -10.27 ], [ -77.463, -10.276 ], [ -77.478, -10.307 ], [ -77.481, -10.346 ], [ -77.5, -10.348 ], [ -77.516, -10.364 ], [ -77.523, -10.387 ], [ -77.591, -10.387 ], [ -77.599, -10.383 ], [ -77.599, -10.363 ], [ -77.62, -10.327 ], [ -77.632, -10.322 ], [ -77.651, -10.345 ], [ -77.699, -10.322 ], [ -77.696, -10.257 ], [ -77.678, -10.234 ], [ -77.674, -10.207 ], [ -77.667, -10.216 ], [ -77.575, -10.249 ], [ -77.561, -10.231 ], [ -77.554, -10.186 ], [ -77.517, -10.148 ], [ -77.455, -10.155 ], [ -77.401, -10.132 ], [ -77.346, -10.16 ], [ -77.335, -10.144 ], [ -77.342, -10.131 ], [ -77.32, -10.127 ], [ -77.28, -10.161 ], [ -77.249, -10.137 ], [ -77.209, -10.132 ], [ -77.202, -10.092 ], [ -77.216, -10.087 ], [ -77.208, -10.062 ], [ -77.224, -10.039 ], [ -77.214, -10.024 ], [ -77.219, -10.014 ], [ -77.206, -9.967 ], [ -77.223, -9.953 ], [ -77.216, -9.943 ], [ -77.219, -9.92 ], [ -77.189, -9.929 ], [ -77.174, -9.913 ], [ -77.187, -9.836 ], [ -77.159, -9.827 ], [ -77.095, -9.841 ], [ -77.1, -9.807 ], [ -77.048, -9.795 ], [ -77.049, -9.783 ], [ -77.028, -9.764 ], [ -77.025, -9.729 ], [ -77.034, -9.709 ], [ -77.024, -9.704 ], [ -76.974, -9.76 ], [ -76.981, -9.725 ], [ -76.972, -9.712 ], [ -76.945, -9.703 ], [ -76.902, -9.77 ], [ -76.898, -9.809 ], [ -76.842, -9.911 ], [ -76.842, -9.931 ], [ -76.814, -9.96 ], [ -76.825, -10.009 ], [ -76.815, -10.023 ], [ -76.807, -10.084 ], [ -76.843, -10.087 ], [ -76.854, -10.102 ], [ -76.871, -10.094 ], [ -76.88, -10.117 ], [ -76.915, -10.12 ], [ -76.909, -10.177 ], [ -76.916, -10.225 ], [ -76.905, -10.238 ], [ -76.906, -10.274 ], [ -76.936, -10.279 ], [ -76.965, -10.305 ], [ -77.002, -10.282 ], [ -77.011, -10.286 ], [ -77.014, -10.316 ], [ -77.047, -10.339 ], [ -77.072, -10.338 ], [ -77.112, -10.405 ], [ -77.138, -10.426 ], [ -77.15, -10.451 ], [ -77.175, -10.465 ], [ -77.176, -10.483 ], [ -77.19, -10.464 ], [ -77.172, -10.444 ], [ -77.174, -10.405 ], [ -77.158, -10.361 ], [ -77.199, -10.337 ] ], [ [ -77.09, -9.85 ], [ -77.091, -9.845 ], [ -77.095, -9.841 ], [ -77.09, -9.85 ] ], [ [ -77.153, -10.333 ], [ -77.155, -10.336 ], [ -77.157, -10.346 ], [ -77.153, -10.333 ] ], [ [ -77.155, -10.346 ], [ -77.156, -10.347 ], [ -77.155, -10.347 ], [ -77.155, -10.346 ] ], [ [ -77.166, -10.212 ], [ -77.167, -10.211 ], [ -77.166, -10.216 ], [ -77.166, -10.212 ] ], [ [ -77.153, -10.288 ], [ -77.157, -10.269 ], [ -77.154, -10.286 ], [ -77.153, -10.288 ] ], [ [ -77.166, -10.292 ], [ -77.151, -10.297 ], [ -77.164, -10.292 ], [ -77.166, -10.292 ] ], [ [ -77.257, -10.203 ], [ -77.265, -10.203 ], [ -77.266, -10.204 ], [ -77.257, -10.203 ] ], [ [ -77.491, -10.258 ], [ -77.485, -10.259 ], [ -77.488, -10.258 ], [ -77.491, -10.258 ] ], [ [ -77.42, -10.205 ], [ -77.421, -10.204 ], [ -77.423, -10.205 ], [ -77.42, -10.205 ] ], [ [ -77.397, -10.208 ], [ -77.41, -10.205 ], [ -77.413, -10.206 ], [ -77.397, -10.208 ] ], [ [ -77.446, -10.174 ], [ -77.439, -10.176 ], [ -77.442, -10.174 ], [ -77.446, -10.174 ] ], [ [ -77.162, -10.115 ], [ -77.162, -10.118 ], [ -77.16, -10.121 ], [ -77.162, -10.115 ] ], [ [ -77.138, -10.264 ], [ -77.128, -10.258 ], [ -77.126, -10.256 ], [ -77.138, -10.264 ] ], [ [ -77.141, -10.307 ], [ -77.142, -10.3 ], [ -77.143, -10.303 ], [ -77.141, -10.307 ] ], [ [ -77.148, -10.316 ], [ -77.148, -10.318 ], [ -77.141, -10.311 ], [ -77.148, -10.316 ] ] ] } },
{ "type": "Feature", "properties": { "DEPARTAMEN": "ANCASH", "PROVINCIA": "CARHUAZ", "clave": "ANCASH|CARHUAZ" }, "geometry": { "type": "Polygon", "coordinates": [ [ [ -77.604, -9.404 ], [ -77.613, -9.422 ], [ -77.644, -9.433 ], [ -77.649, -9.453 ], [ -77.681, -9.418 ], [ -77.675, -9.394 ], [ -77.684, -9.384 ], [ -77.719, -9.382 ], [ -77.744, -9.371 ], [ -77.748, -9.35 ], [ -77.771, -9.334 ], [ -77.777, -9.315 ], [ -77.767, -9.293 ], [ -77.725, -9.277 ], [ -77.714, -9.247 ], [ -77.689, -9.225 ], [ -77.682, -9.248 ], [ -77.661, -9.24 ], [ -77.643, -9.197 ], [ -77.617, -9.215 ], [ -77.589, -9.156 ], [ -77.601, -9.109 ], [ -77.572, -9.086 ], [ -77.53, -9.083 ], [ -77.524, -9.095 ], [ -77.49, -9.107 ], [ -77.517, -9.134 ], [ -77.534, -9.173 ], [ -77.532, -9.199 ], [ -77.517, -9.204 ], [ -77.511, -9.254 ], [ -77.48, -9.255 ], [ -77.481, -9.27 ], [ -77.451, -9.264 ], [ -77.432, -9.276 ], [ -77.409, -9.273 ], [ -77.389, -9.289 ], [ -77.326, -9.31 ], [ -77.318, -9.328 ], [ -77.335, -9.353 ], [ -77.33, -9.382 ], [ -77.351, -9.388 ], [ -77.371, -9.368 ], [ -77.384, -9.37 ], [ -77.398, -9.347 ], [ -77.415, -9.356 ], [ -77.443, -9.351 ], [ -77.465, -9.367 ], [ -77.53, -9.373 ], [ -77.542, -9.387 ], [ -77.584, -9.375 ], [ -77.581, -9.392 ], [ -77.604, -9.404 ] ], [ [ -77.542, -9.2 ], [ -77.547, -9.201 ], [ -77.532, -9.199 ], [ -77.542, -9.2 ] ], [ [ -77.588, -9.293 ], [ -77.587, -9.292 ], [ -77.597, -9.283 ], [ -77.588, -9.293 ] ], [ [ -77.603, -9.269 ], [ -77.6, -9.27 ], [ -77.601, -9.269 ], [ -77.603, -9.269 ] ], [ [ -77.605, -9.269 ], [ -77.609, -9.273 ], [ -77.603, -9.269 ], [ -77.605, -9.269 ] ], [ [ -77.62, -9.304 ], [ -77.621, -9.303 ], [ -77.622, -9.304 ], [ -77.62, -9.304 ] ], [ [ -77.618, -9.323 ], [ -77.609, -9.325 ], [ -77.61, -9.323 ], [ -77.618, -9.323 ] ], [ [ -77.589, -9.356 ], [ -77.591, -9.352 ], [ -77.59, -9.357 ], [ -77.589, -9.356 ] ], [ [ -77.662, -9.405 ], [ -77.667, -9.403 ], [ -77.669, -9.403 ], [ -77.662, -9.405 ] ], [ [ -77.668, -9.276 ], [ -77.682, -9.272 ], [ -77.675, -9.275 ], [ -77.668, -9.276 ] ], [ [ -77.635, -9.256 ], [ -77.637, -9.267 ], [ -77.634, -9.255 ], [ -77.635, -9.256 ] ], [ [ -77.633, -9.227 ], [ -77.632, -9.236 ], [ -77.631, -9.235 ], [ -77.633, -9.227 ] ], [ [ -77.416, -9.299 ], [ -77.397, -9.297 ], [ -77.403, -9.297 ], [ -77.416, -9.299 ] ], [ [ -77.38, -9.304 ], [ -77.36, -9.316 ], [ -77.361, -9.315 ], [ -77.38, -9.304 ] ] ] } },
{ "type": "Feature", "properties": { "DEPARTAMEN": "ANCASH", "PROVINCIA": "CARLOS FERMIN FITZCARRALD", "clave": "ANCASH|CARLOS FERMIN FITZCARRALD" }, "geometry": { "type": "Polygon", "coordinates": [ [ [ -77.242, -9.199 ], [ -77.262, -9.208 ], [ -77.278, -9.182 ], [ -77.293, -9.183 ], [ -77.31, -9.163 ], [ -77.319, -9.137 ], [ -77.366, -9.114 ], [ -77.358, -9.058 ], [ -77.364, -8.985 ], [ -77.352, -8.961 ], [ -77.324, -8.946 ], [ -77.268, -8.945 ], [ -77.232, -8.925 ], [ -77.175, -8.927 ], [ -77.16, -8.897 ], [ -77.148, -8.896 ], [ -77.13, -8.918 ], [ -77.123, -8.946 ], [ -77.103, -8.955 ], [ -77.11, -8.97 ], [ -77.103, -8.972 ], [ -77.123, -8.978 ], [ -77.112, -9.009 ], [ -77.152, -9.034 ], [ -77.141, -9.056 ], [ -77.141, -9.091 ], [ -77.165, -9.106 ], [ -77.168, -9.122 ], [ -77.154, -9.143 ], [ -77.174, -9.16 ], [ -77.189, -9.155 ], [ -77.198, -9.166 ], [ -77.222, -9.168 ], [ -77.242, -9.199 ] ] ] } },
{ "type": "Feature", "properties": { "DEPARTAMEN": "ANCASH", "PROVINCIA": "CASMA", "clave": "ANCASH|CASMA" }, "geometry": { "type": "Polygon", "coordinates": [ [ [ -78.319, -9.667 ], [ -78.336, -9.655 ], [ -78.343, -9.633 ], [ -78.368, -9.628 ], [ -78.361, -9.61 ], [ -78.372, -9.586 ], [ -78.366, -9.559 ], [ -78.391, -9.531 ], [ -78.384, -9.521 ], [ -78.397, -9.499 ], [ -78.395, -9.478 ], [ -78.405, -9.475 ], [ -78.38, -9.448 ], [ -78.387, -9.433 ], [ -78.396, -9.428 ], [ -78.408, -9.436 ], [ -78.407, -9.425 ], [ -78.425, -9.418 ], [ -78.434, -9.384 ], [ -78.428, -9.372 ], [ -78.409, -9.364 ], [ -78.428, -9.36 ], [ -78.429, -9.349 ], [ -78.412, -9.353 ], [ -78.384, -9.326 ], [ -78.386, -9.305 ], [ -78.362, -9.264 ], [ -78.336, -9.263 ], [ -78.337, -9.25 ], [ -78.299, -9.216 ], [ -78.282, -9.223 ], [ -78.261, -9.201 ], [ -78.233, -9.212 ], [ -78.211, -9.209 ], [ -78.178, -9.247 ], [ -78.155, -9.251 ], [ -78.142, -9.269 ], [ -78.116, -9.257 ], [ -78.058, -9.272 ], [ -78.062, -9.292 ], [ -78.054, -9.321 ], [ -78.06, -9.335 ], [ -78.003, -9.382 ], [ -78.034, -9.41 ], [ -78.045, -9.408 ], [ -77.993, -9.447 ], [ -77.955, -9.423 ], [ -77.933, -9.395 ], [ -77.901, -9.442 ], [ -77.916, -9.469 ], [ -77.934, -9.481 ], [ -77.915, -9.488 ], [ -77.947, -9.54 ], [ -77.971, -9.531 ], [ -77.994, -9.536 ], [ -77.974, -9.55 ], [ -77.975, -9.57 ], [ -77.96, -9.588 ], [ -77.961, -9.615 ], [ -77.99, -9.645 ], [ -78.008, -9.683 ], [ -78.058, -9.689 ], [ -78.087, -9.72 ], [ -78.145, -9.715 ], [ -78.174, -9.748 ], [ -78.222, -9.779 ], [ -78.226, -9.795 ], [ -78.273, -9.755 ], [ -78.296, -9.726 ], [ -78.299, -9.697 ], [ -78.319, -9.681 ], [ -78.319, -9.667 ] ], [ [ -78.222, -9.286 ], [ -78.229, -9.287 ], [ -78.223, -9.287 ], [ -78.222, -9.286 ] ] ] } },
{ "type": "Feature", "properties": { "DEPARTAMEN": "ANCASH", "PROVINCIA": "CORONGO", "clave": "ANCASH|CORONGO" }, "geometry": { "type": "Polygon", "coordinates": [ [ [ -77.812, -8.663 ], [ -77.88, -8.684 ], [ -77.921, -8.747 ], [ -77.956, -8.699 ], [ -78.009, -8.667 ], [ -78.028, -8.676 ], [ -78.074, -8.657 ], [ -78.106, -8.66 ], [ -78.13, -8.617 ], [ -78.125, -8.6 ], [ -78.096, -8.597 ], [ -78.078, -8.569 ], [ -78.052, -8.564 ], [ -78.031, -8.543 ], [ -77.992, -8.534 ], [ -77.992, -8.533 ], [ -77.968, -8.502 ], [ -77.977, -8.477 ], [ -77.948, -8.481 ], [ -77.934, -8.449 ], [ -77.915, -8.459 ], [ -77.916, -8.457 ], [ -77.898, -8.441 ], [ -77.88, -8.441 ], [ -77.877, -8.398 ], [ -77.861, -8.393 ], [ -77.853, -8.403 ], [ -77.802, -8.379 ], [ -77.782, -8.403 ], [ -77.774, -8.396 ], [ -77.759, -8.403 ], [ -77.755, -8.419 ], [ -77.765, -8.441 ], [ -77.703, -8.511 ], [ -77.714, -8.54 ], [ -77.691, -8.557 ], [ -77.689, -8.576 ], [ -77.709, -8.586 ], [ -77.696, -8.602 ], [ -77.709, -8.612 ], [ -77.702, -8.627 ], [ -77.714, -8.632 ], [ -77.721, -8.657 ], [ -77.749, -8.659 ], [ -77.772, -8.674 ], [ -77.812, -8.663 ] ], [ [ -77.993, -8.541 ], [ -77.991, -8.535 ], [ -77.992, -8.534 ], [ -77.993, -8.541 ] ], [ [ -77.784, -8.645 ], [ -77.79, -8.644 ], [ -77.784, -8.646 ], [ -77.784, -8.645 ] ], [ [ -77.966, -8.581 ], [ -77.967, -8.577 ], [ -77.967, -8.583 ], [ -77.966, -8.581 ] ], [ [ -77.899, -8.623 ], [ -77.902, -8.626 ], [ -77.897, -8.623 ], [ -77.899, -8.623 ] ], [ [ -77.838, -8.588 ], [ -77.84, -8.587 ], [ -77.825, -8.612 ], [ -77.838, -8.588 ] ], [ [ -77.804, -8.644 ], [ -77.806, -8.652 ], [ -77.805, -8.65 ], [ -77.804, -8.644 ] ], [ [ -77.965, -8.69 ], [ -77.964, -8.69 ], [ -77.963, -8.687 ], [ -77.965, -8.69 ] ] ] } },
{ "type": "Feature", "properties": { "DEPARTAMEN": "ANCASH", "PROVINCIA": "HUARI", "clave": "ANCASH|HUARI" }, "geometry": { "type": "Polygon", "coordinates": [ [ [ -77.185, -9.837 ], [ -77.207, -9.821 ], [ -77.217, -9.824 ], [ -77.226, -9.807 ], [ -77.244, -9.808 ], [ -77.238, -9.785 ], [ -77.246, -9.773 ], [ -77.231, -9.747 ], [ -77.236, -9.726 ], [ -77.228, -9.713 ], [ -77.251, -9.692 ], [ -77.292, -9.587 ], [ -77.308, -9.579 ], [ -77.301, -9.555 ], [ -77.326, -9.472 ], [ -77.309, -9.465 ], [ -77.301, -9.44 ], [ -77.32, -9.427 ], [ -77.315, -9.402 ], [ -77.33, -9.389 ], [ -77.335, -9.353 ], [ -77.311, -9.308 ], [ -77.315, -9.291 ], [ -77.275, -9.278 ], [ -77.276, -9.247 ], [ -77.263, -9.238 ], [ -77.262, -9.208 ], [ -77.242, -9.199 ], [ -77.222, -9.168 ], [ -77.185, -9.155 ], [ -77.158, -9.172 ], [ -77.142, -9.202 ], [ -77.084, -9.182 ], [ -77.094, -9.211 ], [ -77.083, -9.234 ], [ -77.086, -9.264 ], [ -77.029, -9.301 ], [ -77.016, -9.296 ], [ -77.013, -9.299 ], [ -77.012, -9.299 ], [ -76.983, -9.248 ], [ -76.96, -9.207 ], [ -76.962, -9.153 ], [ -76.943, -9.129 ], [ -76.945, -9.075 ], [ -76.929, -9.071 ], [ -76.873, -9.113 ], [ -76.798, -9.132 ], [ -76.769, -9.157 ], [ -76.758, -9.181 ], [ -76.758, -9.182 ], [ -76.742, -9.195 ], [ -76.728, -9.233 ], [ -76.726, -9.256 ], [ -76.745, -9.297 ], [ -76.741, -9.331 ], [ -76.766, -9.367 ], [ -76.783, -9.343 ], [ -76.815, -9.326 ], [ -76.834, -9.266 ], [ -76.847, -9.264 ], [ -76.855, -9.289 ], [ -76.868, -9.291 ], [ -76.87, -9.314 ], [ -76.893, -9.332 ], [ -76.901, -9.359 ], [ -76.918, -9.37 ], [ -76.934, -9.397 ], [ -76.93, -9.433 ], [ -76.953, -9.467 ], [ -76.939, -9.492 ], [ -76.938, -9.525 ], [ -76.955, -9.543 ], [ -76.955, -9.56 ], [ -76.979, -9.563 ], [ -76.995, -9.603 ], [ -77.029, -9.613 ], [ -77.047, -9.633 ], [ -77.047, -9.654 ], [ -77.022, -9.702 ], [ -77.036, -9.719 ], [ -77.025, -9.729 ], [ -77.028, -9.764 ], [ -77.049, -9.783 ], [ -77.048, -9.795 ], [ -77.099, -9.806 ], [ -77.096, -9.841 ], [ -77.168, -9.831 ], [ -77.185, -9.837 ] ], [ [ -77.017, -9.299 ], [ -77.015, -9.301 ], [ -77.013, -9.299 ], [ -77.017, -9.299 ] ], [ [ -77.039, -9.324 ], [ -77.033, -9.32 ], [ -77.035, -9.32 ], [ -77.039, -9.324 ] ], [ [ -77.1, -9.369 ], [ -77.09, -9.367 ], [ -77.089, -9.366 ], [ -77.1, -9.369 ] ], [ [ -77.299, -9.51 ], [ -77.298, -9.508 ], [ -77.302, -9.511 ], [ -77.299, -9.51 ] ], [ [ -77.072, -9.501 ], [ -77.071, -9.501 ], [ -77.071, -9.498 ], [ -77.072, -9.501 ] ], [ [ -77.049, -9.51 ], [ -77.048, -9.509 ], [ -77.051, -9.509 ], [ -77.049, -9.51 ] ], [ [ -77.046, -9.507 ], [ -77.044, -9.497 ], [ -77.047, -9.508 ], [ -77.046, -9.507 ] ], [ [ -77.026, -9.383 ], [ -77.007, -9.38 ], [ -77.019, -9.38 ], [ -77.026, -9.383 ] ], [ [ -76.831, -9.19 ], [ -76.835, -9.192 ], [ -76.84, -9.198 ], [ -76.831, -9.19 ] ], [ [ -76.96, -9.218 ], [ -76.961, -9.217 ], [ -76.963, -9.218 ], [ -76.96, -9.218 ] ], [ [ -76.897, -9.222 ], [ -76.9, -9.223 ], [ -76.906, -9.227 ], [ -76.897, -9.222 ] ], [ [ -76.93, -9.156 ], [ -76.933, -9.153 ], [ -76.924, -9.165 ], [ -76.93, -9.156 ] ] ] } },
{ "type": "Feature", "properties": { "DEPARTAMEN": "ANCASH", "PROVINCIA": "HUARMEY", "clave": "ANCASH|HUARMEY" }, "geometry": { "type": "Polygon", "coordinates": [ [ [ -77.833, -9.837 ], [ -77.844, -9.844 ], [ -77.827, -9.878 ], [ -77.826, -9.914 ], [ -77.78, -9.905 ], [ -77.764, -9.872 ], [ -77.721, -9.839 ], [ -77.709, -9.838 ], [ -77.704, -9.848 ], [ -77.664, -9.865 ], [ -77.641, -9.856 ], [ -77.621, -9.869 ], [ -77.606, -9.86 ], [ -77.576, -9.872 ], [ -77.557, -9.869 ], [ -77.55, -9.879 ], [ -77.6, -9.94 ], [ -77.608, -9.943 ], [ -77.6, -9.941 ], [ -77.607, -9.949 ], [ -77.631, -10.022 ], [ -77.728, -10.014 ], [ -77.75, -10.007 ], [ -77.764, -9.99 ], [ -77.775, -10.001 ], [ -77.771, -10.025 ], [ -77.75, -10.046 ], [ -77.71, -10.052 ], [ -77.722, -10.079 ], [ -77.7, -10.109 ], [ -77.698, -10.144 ], [ -77.671, -10.14 ], [ -77.656, -10.152 ], [ -77.673, -10.185 ], [ -77.678, -10.234 ], [ -77.696, -10.257 ], [ -77.699, -10.322 ], [ -77.753, -10.322 ], [ -77.75, -10.407 ], [ -77.76, -10.43 ], [ -77.768, -10.429 ], [ -77.765, -10.439 ], [ -77.799, -10.477 ], [ -77.771, -10.516 ], [ -77.771, -10.572 ], [ -77.8, -10.585 ], [ -77.84, -10.568 ], [ -77.886, -10.612 ], [ -77.909, -10.57 ], [ -77.901, -10.564 ], [ -77.908, -10.544 ], [ -77.966, -10.493 ], [ -77.963, -10.471 ], [ -77.98, -10.439 ], [ -78.014, -10.411 ], [ -78.001, -10.397 ], [ -78.011, -10.375 ], [ -78.055, -10.345 ], [ -78.057, -10.303 ], [ -78.087, -10.277 ], [ -78.081, -10.248 ], [ -78.092, -10.242 ], [ -78.087, -10.23 ], [ -78.102, -10.201 ], [ -78.164, -10.147 ], [ -78.173, -10.115 ], [ -78.185, -10.109 ], [ -78.166, -10.092 ], [ -78.176, -10.044 ], [ -78.196, -10.02 ], [ -78.193, -10.001 ], [ -78.208, -9.967 ], [ -78.234, -9.951 ], [ -78.225, -9.939 ], [ -78.231, -9.911 ], [ -78.225, -9.907 ], [ -78.244, -9.869 ], [ -78.222, -9.78 ], [ -78.209, -9.766 ], [ -78.174, -9.748 ], [ -78.145, -9.715 ], [ -78.087, -9.72 ], [ -78.057, -9.689 ], [ -78.0, -9.712 ], [ -77.968, -9.706 ], [ -77.987, -9.739 ], [ -77.957, -9.788 ], [ -77.915, -9.818 ], [ -77.854, -9.817 ], [ -77.833, -9.837 ] ], [ [ -77.835, -9.961 ], [ -77.845, -9.965 ], [ -77.83, -9.96 ], [ -77.835, -9.961 ] ], [ [ -77.794, -9.961 ], [ -77.829, -9.96 ], [ -77.809, -9.962 ], [ -77.794, -9.961 ] ], [ [ -77.779, -9.967 ], [ -77.779, -9.966 ], [ -77.794, -9.961 ], [ -77.779, -9.967 ] ], [ [ -77.762, -9.954 ], [ -77.778, -9.965 ], [ -77.776, -9.965 ], [ -77.762, -9.954 ] ] ] } },
{ "type": "Feature", "properties": { "DEPARTAMEN": "ANCASH", "PROVINCIA": "HUAYLAS", "clave": "ANCASH|HUAYLAS" }, "geometry": { "type": "Polygon", "coordinates": [ [ [ -77.784, -9.12 ], [ -77.78, -9.208 ], [ -77.798, -9.229 ], [ -77.843, -9.214 ], [ -77.861, -9.251 ], [ -77.896, -9.261 ], [ -77.928, -9.246 ], [ -77.958, -9.254 ], [ -77.976, -9.243 ], [ -78.035, -9.246 ], [ -78.068, -9.215 ], [ -78.074, -9.172 ], [ -78.048, -9.177 ], [ -78.016, -9.168 ], [ -78.062, -9.129 ], [ -78.06, -9.086 ], [ -78.024, -9.06 ], [ -77.997, -9.017 ], [ -77.98, -9.013 ], [ -77.955, -8.982 ], [ -77.942, -8.979 ], [ -77.956, -8.955 ], [ -77.942, -8.92 ], [ -77.963, -8.89 ], [ -77.983, -8.88 ], [ -77.986, -8.848 ], [ -78.001, -8.842 ], [ -77.989, -8.828 ], [ -77.99, -8.797 ], [ -78.015, -8.766 ], [ -77.986, -8.695 ], [ -77.956, -8.699 ], [ -77.922, -8.747 ], [ -77.88, -8.684 ], [ -77.812, -8.663 ], [ -77.792, -8.661 ], [ -77.772, -8.674 ], [ -77.749, -8.659 ], [ -77.721, -8.657 ], [ -77.672, -8.693 ], [ -77.656, -8.723 ], [ -77.615, -8.751 ], [ -77.601, -8.745 ], [ -77.581, -8.771 ], [ -77.59, -8.793 ], [ -77.581, -8.817 ], [ -77.598, -8.834 ], [ -77.599, -8.867 ], [ -77.61, -8.872 ], [ -77.605, -8.887 ], [ -77.588, -8.887 ], [ -77.574, -8.9 ], [ -77.589, -8.942 ], [ -77.603, -8.942 ], [ -77.615, -8.956 ], [ -77.621, -8.976 ], [ -77.615, -8.994 ], [ -77.669, -9.035 ], [ -77.681, -9.033 ], [ -77.699, -9.056 ], [ -77.727, -9.07 ], [ -77.745, -9.064 ], [ -77.783, -9.083 ], [ -77.776, -9.099 ], [ -77.784, -9.12 ] ], [ [ -77.841, -8.977 ], [ -77.841, -8.972 ], [ -77.842, -8.976 ], [ -77.841, -8.977 ] ], [ [ -77.937, -8.985 ], [ -77.936, -8.993 ], [ -77.936, -8.986 ], [ -77.937, -8.985 ] ], [ [ -77.923, -9.015 ], [ -77.923, -9.016 ], [ -77.918, -9.019 ], [ -77.923, -9.015 ] ], [ [ -77.898, -9.075 ], [ -77.887, -9.08 ], [ -77.886, -9.079 ], [ -77.898, -9.075 ] ], [ [ -77.846, -9.163 ], [ -77.847, -9.162 ], [ -77.845, -9.17 ], [ -77.846, -9.163 ] ], [ [ -77.849, -9.159 ], [ -77.854, -9.158 ], [ -77.848, -9.161 ], [ -77.849, -9.159 ] ], [ [ -77.852, -9.0 ], [ -77.851, -9.0 ], [ -77.854, -8.999 ], [ -77.852, -9.0 ] ], [ [ -77.9, -8.869 ], [ -77.895, -8.866 ], [ -77.895, -8.865 ], [ -77.9, -8.869 ] ], [ [ -77.91, -8.841 ], [ -77.913, -8.839 ], [ -77.912, -8.841 ], [ -77.91, -8.841 ] ], [ [ -77.909, -8.842 ], [ -77.902, -8.844 ], [ -77.899, -8.843 ], [ -77.909, -8.842 ] ], [ [ -77.893, -8.846 ], [ -77.886, -8.846 ], [ -77.887, -8.845 ], [ -77.893, -8.846 ] ], [ [ -77.903, -8.748 ], [ -77.916, -8.747 ], [ -77.914, -8.748 ], [ -77.903, -8.748 ] ], [ [ -77.829, -8.822 ], [ -77.83, -8.822 ], [ -77.829, -8.834 ], [ -77.829, -8.822 ] ] ] } },
{ "type": "Feature", "properties": { "DEPARTAMEN": "ANCASH", "PROVINCIA": "MARISCAL LUZURIAGA", "clave": "ANCASH|MARISCAL LUZURIAGA" }, "geometry": { "type": "Polygon", "coordinates": [ [ [ -77.352, -8.961 ], [ -77.359, -8.977 ], [ -77.386, -8.995 ], [ -77.446, -8.99 ], [ -77.487, -9.008 ], [ -77.518, -9.005 ], [ -77.551, -8.989 ], [ -77.556, -8.978 ], [ -77.562, -8.954 ], [ -77.547, -8.948 ], [ -77.545, -8.935 ], [ -77.544, -8.929 ], [ -77.563, -8.903 ], [ -77.526, -8.905 ], [ -77.515, -8.923 ], [ -77.486, -8.906 ], [ -77.438, -8.914 ], [ -77.392, -8.904 ], [ -77.37, -8.911 ], [ -77.392, -8.881 ], [ -77.447, -8.837 ], [ -77.438, -8.813 ], [ -77.401, -8.795 ], [ -77.385, -8.777 ], [ -77.395, -8.77 ], [ -77.366, -8.75 ], [ -77.274, -8.704 ], [ -77.262, -8.715 ], [ -77.247, -8.713 ], [ -77.248, -8.727 ], [ -77.227, -8.744 ], [ -77.226, -8.767 ], [ -77.207, -8.782 ], [ -77.196, -8.815 ], [ -77.174, -8.834 ], [ -77.161, -8.906 ], [ -77.175, -8.927 ], [ -77.234, -8.926 ], [ -77.267, -8.945 ], [ -77.324, -8.946 ], [ -77.352, -8.961 ] ], [ [ -77.541, -8.939 ], [ -77.538, -8.94 ], [ -77.545, -8.935 ], [ -77.541, -8.939 ] ], [ [ -77.285, -8.862 ], [ -77.285, -8.86 ], [ -77.291, -8.863 ], [ -77.285, -8.862 ] ], [ [ -77.488, -8.94 ], [ -77.488, -8.936 ], [ -77.489, -8.936 ], [ -77.488, -8.94 ] ], [ [ -77.47, -8.943 ], [ -77.473, -8.94 ], [ -77.478, -8.938 ], [ -77.47, -8.943 ] ], [ [ -77.304, -8.876 ], [ -77.303, -8.875 ], [ -77.315, -8.876 ], [ -77.304, -8.876 ] ], [ [ -77.222, -8.853 ], [ -77.219, -8.852 ], [ -77.221, -8.852 ], [ -77.222, -8.853 ] ], [ [ -77.258, -8.842 ], [ -77.25, -8.842 ], [ -77.251, -8.841 ], [ -77.258, -8.842 ] ], [ [ -77.248, -8.847 ], [ -77.249, -8.842 ], [ -77.25, -8.842 ], [ -77.248, -8.847 ] ], [ [ -77.318, -8.831 ], [ -77.315, -8.835 ], [ -77.313, -8.836 ], [ -77.318, -8.831 ] ], [ [ -77.348, -8.829 ], [ -77.34, -8.828 ], [ -77.34, -8.827 ], [ -77.348, -8.829 ] ], [ [ -77.326, -8.819 ], [ -77.326, -8.815 ], [ -77.327, -8.81 ], [ -77.326, -8.819 ] ] ] } },
{ "type": "Feature", "properties": { "DEPARTAMEN": "ANCASH", "PROVINCIA": "OCROS", "clave": "ANCASH|OCROS" }, "geometry": { "type": "Polygon", "coordinates": [ [ [ -77.167, -10.504 ], [ -77.191, -10.552 ], [ -77.252, -10.545 ], [ -77.269, -10.56 ], [ -77.291, -10.556 ], [ -77.31, -10.567 ], [ -77.321, -10.588 ], [ -77.338, -10.596 ], [ -77.395, -10.662 ], [ -77.404, -10.691 ], [ -77.386, -10.708 ], [ -77.395, -10.718 ], [ -77.415, -10.73 ], [ -77.436, -10.724 ], [ -77.486, -10.745 ], [ -77.524, -10.735 ], [ -77.591, -10.786 ], [ -77.578, -10.723 ], [ -77.563, -10.709 ], [ -77.575, -10.694 ], [ -77.575, -10.659 ], [ -77.591, -10.646 ], [ -77.573, -10.593 ], [ -77.577, -10.584 ], [ -77.596, -10.585 ], [ -77.618, -10.6 ], [ -77.62, -10.614 ], [ -77.638, -10.603 ], [ -77.645, -10.583 ], [ -77.638, -10.563 ], [ -77.615, -10.546 ], [ -77.616, -10.525 ], [ -77.6, -10.517 ], [ -77.602, -10.508 ], [ -77.625, -10.502 ], [ -77.651, -10.53 ], [ -77.669, -10.541 ], [ -77.694, -10.54 ], [ -77.709, -10.548 ], [ -77.71, -10.56 ], [ -77.728, -10.553 ], [ -77.736, -10.568 ], [ -77.747, -10.553 ], [ -77.738, -10.521 ], [ -77.711, -10.504 ], [ -77.684, -10.431 ], [ -77.645, -10.409 ], [ -77.635, -10.412 ], [ -77.598, -10.383 ], [ -77.523, -10.387 ], [ -77.516, -10.364 ], [ -77.5, -10.348 ], [ -77.481, -10.346 ], [ -77.478, -10.307 ], [ -77.463, -10.276 ], [ -77.399, -10.272 ], [ -77.36, -10.292 ], [ -77.327, -10.257 ], [ -77.3, -10.285 ], [ -77.291, -10.269 ], [ -77.254, -10.254 ], [ -77.229, -10.331 ], [ -77.217, -10.34 ], [ -77.199, -10.337 ], [ -77.158, -10.362 ], [ -77.174, -10.405 ], [ -77.173, -10.445 ], [ -77.189, -10.466 ], [ -77.167, -10.504 ] ], [ [ -77.399, -10.426 ], [ -77.399, -10.432 ], [ -77.398, -10.425 ], [ -77.399, -10.426 ] ], [ [ -77.396, -10.422 ], [ -77.397, -10.424 ], [ -77.382, -10.415 ], [ -77.396, -10.422 ] ], [ [ -77.307, -10.383 ], [ -77.313, -10.384 ], [ -77.3, -10.385 ], [ -77.307, -10.383 ] ], [ [ -77.271, -10.392 ], [ -77.265, -10.392 ], [ -77.281, -10.388 ], [ -77.271, -10.392 ] ], [ [ -77.196, -10.457 ], [ -77.203, -10.456 ], [ -77.192, -10.459 ], [ -77.196, -10.457 ] ], [ [ -77.422, -10.525 ], [ -77.423, -10.527 ], [ -77.423, -10.528 ], [ -77.419, -10.531 ], [ -77.422, -10.525 ] ], [ [ -77.42, -10.541 ], [ -77.42, -10.547 ], [ -77.419, -10.531 ], [ -77.42, -10.541 ] ], [ [ -77.409, -10.521 ], [ -77.413, -10.517 ], [ -77.413, -10.518 ], [ -77.409, -10.521 ] ], [ [ -77.412, -10.501 ], [ -77.413, -10.516 ], [ -77.412, -10.512 ], [ -77.412, -10.501 ] ], [ [ -77.282, -10.537 ], [ -77.282, -10.54 ], [ -77.276, -10.549 ], [ -77.282, -10.537 ] ], [ [ -77.363, -10.612 ], [ -77.362, -10.611 ], [ -77.38, -10.611 ], [ -77.363, -10.612 ] ], [ [ -77.232, -10.382 ], [ -77.232, -10.383 ], [ -77.231, -10.383 ], [ -77.232, -10.382 ] ], [ [ -77.229, -10.383 ], [ -77.228, -10.384 ], [ -77.221, -10.383 ], [ -77.229, -10.383 ] ], [ [ -77.26, -10.325 ], [ -77.261, -10.324 ], [ -77.269, -10.326 ], [ -77.26, -10.325 ] ] ] } },
{ "type": "Feature", "properties": { "DEPARTAMEN": "ANCASH", "PROVINCIA": "PALLASCA", "clave": "ANCASH|PALLASCA" }, "geometry": { "type": "Polygon", "coordinates": [ [ [ -78.078, -8.569 ], [ -78.095, -8.596 ], [ -78.121, -8.596 ], [ -78.13, -8.617 ], [ -78.106, -8.66 ], [ -78.134, -8.673 ], [ -78.152, -8.67 ], [ -78.164, -8.694 ], [ -78.185, -8.694 ], [ -78.204, -8.66 ], [ -78.236, -8.653 ], [ -78.201, -8.623 ], [ -78.194, -8.601 ], [ -78.217, -8.557 ], [ -78.203, -8.526 ], [ -78.157, -8.479 ], [ -78.139, -8.427 ], [ -78.137, -8.369 ], [ -78.108, -8.338 ], [ -78.119, -8.314 ], [ -78.082, -8.281 ], [ -78.037, -8.256 ], [ -78.019, -8.224 ], [ -77.946, -8.202 ], [ -77.941, -8.21 ], [ -77.897, -8.063 ], [ -77.868, -8.056 ], [ -77.852, -8.075 ], [ -77.81, -8.068 ], [ -77.786, -8.079 ], [ -77.751, -8.077 ], [ -77.647, -8.05 ], [ -77.644, -8.067 ], [ -77.619, -8.079 ], [ -77.637, -8.107 ], [ -77.625, -8.117 ], [ -77.637, -8.122 ], [ -77.624, -8.118 ], [ -77.602, -8.136 ], [ -77.605, -8.156 ], [ -77.575, -8.168 ], [ -77.557, -8.194 ], [ -77.573, -8.212 ], [ -77.57, -8.255 ], [ -77.635, -8.269 ], [ -77.666, -8.312 ], [ -77.688, -8.304 ], [ -77.705, -8.309 ], [ -77.723, -8.331 ], [ -77.719, -8.339 ], [ -77.737, -8.346 ], [ -77.744, -8.363 ], [ -77.853, -8.403 ], [ -77.863, -8.389 ], [ -77.877, -8.398 ], [ -77.881, -8.44 ], [ -77.898, -8.441 ], [ -77.916, -8.458 ], [ -77.934, -8.45 ], [ -77.949, -8.481 ], [ -77.976, -8.476 ], [ -77.968, -8.502 ], [ -77.992, -8.532 ], [ -78.078, -8.569 ] ], [ [ -78.073, -8.305 ], [ -78.079, -8.304 ], [ -78.07, -8.307 ], [ -78.073, -8.305 ] ], [ [ -78.052, -8.395 ], [ -78.053, -8.395 ], [ -78.051, -8.41 ], [ -78.052, -8.395 ] ], [ [ -78.044, -8.495 ], [ -78.038, -8.491 ], [ -78.04, -8.491 ], [ -78.044, -8.495 ] ], [ [ -78.033, -8.49 ], [ -78.029, -8.49 ], [ -78.03, -8.489 ], [ -78.033, -8.49 ] ], [ [ -78.09, -8.452 ], [ -78.08, -8.451 ], [ -78.08, -8.45 ], [ -78.09, -8.452 ] ], [ [ -78.079, -8.452 ], [ -78.077, -8.455 ], [ -78.077, -8.454 ], [ -78.079, -8.452 ] ], [ [ -78.111, -8.375 ], [ -78.117, -8.372 ], [ -78.133, -8.368 ], [ -78.111, -8.375 ] ], [ [ -78.014, -8.323 ], [ -78.013, -8.322 ], [ -78.014, -8.322 ], [ -78.014, -8.323 ] ], [ [ -77.895, -8.32 ], [ -77.899, -8.321 ], [ -77.898, -8.325 ], [ -77.895, -8.32 ] ], [ [ -77.883, -8.255 ], [ -77.882, -8.256 ], [ -77.882, -8.251 ], [ -77.883, -8.255 ] ], [ [ -77.881, -8.258 ], [ -77.877, -8.258 ], [ -77.881, -8.257 ], [ -77.881, -8.258 ] ], [ [ -77.871, -8.265 ], [ -77.866, -8.268 ], [ -77.861, -8.269 ], [ -77.871, -8.265 ] ], [ [ -77.86, -8.236 ], [ -77.861, -8.24 ], [ -77.858, -8.234 ], [ -77.86, -8.236 ] ], [ [ -77.716, -8.171 ], [ -77.72, -8.172 ], [ -77.719, -8.173 ], [ -77.716, -8.171 ] ] ] } },
{ "type": "Feature", "properties": { "DEPARTAMEN": "ANCASH", "PROVINCIA": "POMABAMBA", "clave": "ANCASH|POMABAMBA" }, "geometry": { "type": "Polygon", "coordinates": [ [ [ -77.368, -8.909 ], [ -77.392, -8.904 ], [ -77.438, -8.914 ], [ -77.486, -8.906 ], [ -77.515, -8.923 ], [ -77.527, -8.904 ], [ -77.563, -8.903 ], [ -77.604, -8.887 ], [ -77.608, -8.872 ], [ -77.595, -8.855 ], [ -77.598, -8.834 ], [ -77.58, -8.815 ], [ -77.59, -8.793 ], [ -77.581, -8.771 ], [ -77.593, -8.758 ], [ -77.583, -8.75 ], [ -77.586, -8.741 ], [ -77.54, -8.702 ], [ -77.497, -8.698 ], [ -77.484, -8.685 ], [ -77.502, -8.668 ], [ -77.505, -8.651 ], [ -77.49, -8.591 ], [ -77.476, -8.576 ], [ -77.465, -8.581 ], [ -77.446, -8.571 ], [ -77.431, -8.549 ], [ -77.366, -8.508 ], [ -77.335, -8.533 ], [ -77.312, -8.531 ], [ -77.315, -8.545 ], [ -77.289, -8.59 ], [ -77.293, -8.638 ], [ -77.261, -8.649 ], [ -77.248, -8.713 ], [ -77.28, -8.703 ], [ -77.309, -8.727 ], [ -77.332, -8.732 ], [ -77.395, -8.77 ], [ -77.39, -8.776 ], [ -77.401, -8.796 ], [ -77.434, -8.81 ], [ -77.447, -8.837 ], [ -77.368, -8.909 ] ], [ [ -77.399, -8.75 ], [ -77.401, -8.748 ], [ -77.396, -8.758 ], [ -77.399, -8.75 ] ], [ [ -77.399, -8.681 ], [ -77.396, -8.676 ], [ -77.398, -8.677 ], [ -77.399, -8.681 ] ], [ [ -77.394, -8.675 ], [ -77.383, -8.669 ], [ -77.387, -8.67 ], [ -77.394, -8.675 ] ] ] } },
{ "type": "Feature", "properties": { "DEPARTAMEN": "ANCASH", "PROVINCIA": "RECUAY", "clave": "ANCASH|RECUAY" }, "geometry": { "type": "Polygon", "coordinates": [ [ [ -77.335, -10.144 ], [ -77.346, -10.16 ], [ -77.393, -10.133 ], [ -77.459, -10.156 ], [ -77.515, -10.147 ], [ -77.532, -10.172 ], [ -77.545, -10.173 ], [ -77.561, -10.231 ], [ -77.575, -10.25 ], [ -77.592, -10.237 ], [ -77.608, -10.241 ], [ -77.667, -10.216 ], [ -77.676, -10.196 ], [ -77.657, -10.147 ], [ -77.698, -10.144 ], [ -77.7, -10.109 ], [ -77.722, -10.079 ], [ -77.71, -10.052 ], [ -77.75, -10.046 ], [ -77.771, -10.025 ], [ -77.775, -10.001 ], [ -77.764, -9.99 ], [ -77.75, -10.007 ], [ -77.728, -10.014 ], [ -77.631, -10.022 ], [ -77.608, -9.95 ], [ -77.558, -9.894 ], [ -77.552, -9.872 ], [ -77.536, -9.861 ], [ -77.508, -9.866 ], [ -77.503, -9.875 ], [ -77.479, -9.874 ], [ -77.484, -9.84 ], [ -77.494, -9.838 ], [ -77.489, -9.82 ], [ -77.521, -9.792 ], [ -77.536, -9.738 ], [ -77.521, -9.71 ], [ -77.526, -9.69 ], [ -77.504, -9.663 ], [ -77.424, -9.68 ], [ -77.335, -9.665 ], [ -77.327, -9.679 ], [ -77.311, -9.675 ], [ -77.27, -9.649 ], [ -77.243, -9.701 ], [ -77.23, -9.707 ], [ -77.231, -9.747 ], [ -77.246, -9.773 ], [ -77.238, -9.785 ], [ -77.244, -9.808 ], [ -77.226, -9.807 ], [ -77.217, -9.824 ], [ -77.207, -9.821 ], [ -77.187, -9.835 ], [ -77.173, -9.91 ], [ -77.189, -9.929 ], [ -77.22, -9.925 ], [ -77.216, -9.943 ], [ -77.223, -9.953 ], [ -77.206, -9.967 ], [ -77.219, -10.014 ], [ -77.214, -10.024 ], [ -77.224, -10.038 ], [ -77.208, -10.062 ], [ -77.217, -10.085 ], [ -77.202, -10.092 ], [ -77.21, -10.115 ], [ -77.205, -10.126 ], [ -77.249, -10.137 ], [ -77.28, -10.16 ], [ -77.32, -10.127 ], [ -77.342, -10.131 ], [ -77.335, -10.144 ] ], [ [ -77.448, -9.953 ], [ -77.452, -9.956 ], [ -77.445, -9.953 ], [ -77.448, -9.953 ] ], [ [ -77.444, -9.953 ], [ -77.445, -9.951 ], [ -77.445, -9.953 ], [ -77.444, -9.953 ] ], [ [ -77.624, -10.041 ], [ -77.624, -10.04 ], [ -77.625, -10.043 ], [ -77.624, -10.041 ] ], [ [ -77.626, -10.043 ], [ -77.628, -10.045 ], [ -77.587, -10.042 ], [ -77.625, -10.043 ], [ -77.626, -10.043 ] ], [ [ -77.463, -9.903 ], [ -77.46, -9.906 ], [ -77.46, -9.905 ], [ -77.463, -9.903 ] ], [ [ -77.457, -9.944 ], [ -77.456, -9.943 ], [ -77.462, -9.946 ], [ -77.457, -9.944 ] ], [ [ -77.275, -9.701 ], [ -77.261, -9.697 ], [ -77.278, -9.701 ], [ -77.275, -9.701 ] ] ] } },
{ "type": "Feature", "properties": { "DEPARTAMEN": "ANCASH", "PROVINCIA": "SANTA", "clave": "ANCASH|SANTA" }, "geometry": { "type": "Polygon", "coordinates": [ [ [ -78.386, -9.305 ], [ -78.384, -9.326 ], [ -78.411, -9.353 ], [ -78.417, -9.355 ], [ -78.428, -9.35 ], [ -78.426, -9.341 ], [ -78.437, -9.342 ], [ -78.461, -9.316 ], [ -78.475, -9.318 ], [ -78.478, -9.335 ], [ -78.479, -9.322 ], [ -78.498, -9.312 ], [ -78.499, -9.287 ], [ -78.526, -9.275 ], [ -78.493, -9.252 ], [ -78.485, -9.219 ], [ -78.494, -9.192 ], [ -78.534, -9.175 ], [ -78.565, -9.185 ], [ -78.554, -9.235 ], [ -78.584, -9.203 ], [ -78.577, -9.195 ], [ -78.59, -9.196 ], [ -78.61, -9.176 ], [ -78.61, -9.16 ], [ -78.57, -9.171 ], [ -78.559, -9.147 ], [ -78.562, -9.119 ], [ -78.589, -9.08 ], [ -78.63, -9.074 ], [ -78.639, -9.047 ], [ -78.623, -9.017 ], [ -78.658, -8.996 ], [ -78.658, -8.986 ], [ -78.651, -8.991 ], [ -78.645, -8.969 ], [ -78.62, -8.967 ], [ -78.59, -8.943 ], [ -78.576, -8.889 ], [ -78.588, -8.859 ], [ -78.565, -8.793 ], [ -78.518, -8.753 ], [ -78.448, -8.737 ], [ -78.355, -8.673 ], [ -78.338, -8.676 ], [ -78.334, -8.666 ], [ -78.296, -8.659 ], [ -78.236, -8.653 ], [ -78.204, -8.66 ], [ -78.184, -8.694 ], [ -78.164, -8.694 ], [ -78.152, -8.67 ], [ -78.134, -8.673 ], [ -78.074, -8.657 ], [ -78.03, -8.676 ], [ -78.009, -8.667 ], [ -77.973, -8.687 ], [ -77.995, -8.707 ], [ -78.015, -8.766 ], [ -77.991, -8.799 ], [ -77.989, -8.828 ], [ -78.001, -8.842 ], [ -77.986, -8.848 ], [ -77.983, -8.881 ], [ -77.962, -8.891 ], [ -77.942, -8.92 ], [ -77.956, -8.955 ], [ -77.942, -8.979 ], [ -77.955, -8.982 ], [ -77.98, -9.013 ], [ -77.997, -9.017 ], [ -78.024, -9.06 ], [ -78.06, -9.086 ], [ -78.062, -9.128 ], [ -78.016, -9.168 ], [ -78.048, -9.177 ], [ -78.074, -9.172 ], [ -78.068, -9.215 ], [ -78.037, -9.244 ], [ -78.056, -9.275 ], [ -78.116, -9.257 ], [ -78.142, -9.269 ], [ -78.213, -9.208 ], [ -78.233, -9.212 ], [ -78.261, -9.201 ], [ -78.281, -9.223 ], [ -78.299, -9.216 ], [ -78.337, -9.25 ], [ -78.336, -9.263 ], [ -78.36, -9.263 ], [ -78.386, -9.305 ] ], [ [ -78.608, -9.013 ], [ -78.611, -9.009 ], [ -78.623, -9.017 ], [ -78.608, -9.013 ] ], [ [ -78.423, -9.006 ], [ -78.423, -9.007 ], [ -78.422, -9.006 ], [ -78.423, -9.006 ] ], [ [ -78.406, -9.01 ], [ -78.416, -9.008 ], [ -78.413, -9.009 ], [ -78.406, -9.01 ] ], [ [ -78.337, -9.002 ], [ -78.337, -9.003 ], [ -78.326, -9.006 ], [ -78.337, -9.002 ] ], [ [ -78.286, -9.015 ], [ -78.295, -9.01 ], [ -78.285, -9.016 ], [ -78.286, -9.015 ] ], [ [ -78.196, -8.986 ], [ -78.22, -8.99 ], [ -78.216, -8.99 ], [ -78.196, -8.986 ] ], [ [ -78.19, -8.998 ], [ -78.195, -8.994 ], [ -78.195, -8.995 ], [ -78.19, -8.998 ] ], [ [ -78.186, -9.063 ], [ -78.188, -9.061 ], [ -78.184, -9.072 ], [ -78.186, -9.063 ] ], [ [ -78.03, -9.048 ], [ -78.037, -9.049 ], [ -78.027, -9.049 ], [ -78.03, -9.048 ] ], [ [ -78.405, -9.166 ], [ -78.405, -9.163 ], [ -78.407, -9.17 ], [ -78.405, -9.166 ] ], [ [ -78.405, -9.16 ], [ -78.408, -9.157 ], [ -78.405, -9.162 ], [ -78.405, -9.16 ] ], [ [ -78.293, -9.036 ], [ -78.293, -9.034 ], [ -78.297, -9.039 ], [ -78.293, -9.036 ] ], [ [ -78.571, -9.017 ], [ -78.571, -9.018 ], [ -78.57, -9.018 ], [ -78.571, -9.017 ] ], [ [ -78.187, -8.958 ], [ -78.187, -8.955 ], [ -78.188, -8.958 ], [ -78.187, -8.958 ] ], [ [ -78.192, -8.941 ], [ -78.183, -8.936 ], [ -78.193, -8.94 ], [ -78.192, -8.941 ] ] ] } },
{ "type": "Feature", "properties": { "DEPARTAMEN": "ANCASH", "PROVINCIA": "SIHUAS", "clave": "ANCASH|SIHUAS" }, "geometry": { "type": "Polygon", "coordinates": [ [ [ -77.505, -8.651 ], [ -77.486, -8.683 ], [ -77.497, -8.698 ], [ -77.519, -8.698 ], [ -77.528, -8.687 ], [ -77.523, -8.695 ], [ -77.586, -8.741 ], [ -77.583, -8.75 ], [ -77.593, -8.758 ], [ -77.601, -8.745 ], [ -77.615, -8.751 ], [ -77.656, -8.723 ], [ -77.672, -8.693 ], [ -77.722, -8.653 ], [ -77.714, -8.632 ], [ -77.702, -8.629 ], [ -77.709, -8.612 ], [ -77.696, -8.602 ], [ -77.708, -8.584 ], [ -77.689, -8.576 ], [ -77.691, -8.557 ], [ -77.714, -8.54 ], [ -77.703, -8.511 ], [ -77.765, -8.441 ], [ -77.755, -8.419 ], [ -77.759, -8.403 ], [ -77.774, -8.396 ], [ -77.782, -8.403 ], [ -77.799, -8.381 ], [ -77.744, -8.363 ], [ -77.737, -8.346 ], [ -77.719, -8.339 ], [ -77.723, -8.331 ], [ -77.706, -8.309 ], [ -77.659, -8.308 ], [ -77.636, -8.269 ], [ -77.579, -8.262 ], [ -77.566, -8.237 ], [ -77.529, -8.246 ], [ -77.527, -8.268 ], [ -77.492, -8.282 ], [ -77.478, -8.327 ], [ -77.459, -8.336 ], [ -77.438, -8.422 ], [ -77.405, -8.441 ], [ -77.4, -8.483 ], [ -77.366, -8.503 ], [ -77.432, -8.55 ], [ -77.446, -8.571 ], [ -77.465, -8.581 ], [ -77.476, -8.576 ], [ -77.497, -8.607 ], [ -77.505, -8.651 ] ], [ [ -77.595, -8.405 ], [ -77.6, -8.406 ], [ -77.594, -8.407 ], [ -77.595, -8.405 ] ], [ [ -77.536, -8.469 ], [ -77.542, -8.467 ], [ -77.537, -8.47 ], [ -77.536, -8.469 ] ], [ [ -77.531, -8.459 ], [ -77.529, -8.463 ], [ -77.525, -8.466 ], [ -77.531, -8.459 ] ], [ [ -77.577, -8.598 ], [ -77.579, -8.598 ], [ -77.578, -8.599 ], [ -77.577, -8.598 ] ], [ [ -77.572, -8.595 ], [ -77.572, -8.596 ], [ -77.544, -8.597 ], [ -77.572, -8.595 ] ], [ [ -77.6, -8.58 ], [ -77.602, -8.581 ], [ -77.599, -8.581 ], [ -77.6, -8.58 ] ], [ [ -77.588, -8.611 ], [ -77.588, -8.612 ], [ -77.583, -8.609 ], [ -77.588, -8.611 ] ], [ [ -77.565, -8.401 ], [ -77.565, -8.4 ], [ -77.585, -8.405 ], [ -77.565, -8.401 ] ], [ [ -77.542, -8.356 ], [ -77.54, -8.356 ], [ -77.542, -8.355 ], [ -77.542, -8.356 ] ] ] } },
{ "type": "Feature", "properties": { "DEPARTAMEN": "ANCASH", "PROVINCIA": "YUNGAY", "clave": "ANCASH|YUNGAY" }, "geometry": { "type": "Polygon", "coordinates": [ [ [ -77.816, -9.229 ], [ -77.798, -9.229 ], [ -77.779, -9.218 ], [ -77.784, -9.12 ], [ -77.773, -9.102 ], [ -77.783, -9.083 ], [ -77.745, -9.064 ], [ -77.727, -9.07 ], [ -77.628, -9.001 ], [ -77.603, -8.997 ], [ -77.615, -8.994 ], [ -77.621, -8.976 ], [ -77.604, -8.943 ], [ -77.582, -8.932 ], [ -77.574, -8.9 ], [ -77.544, -8.929 ], [ -77.547, -8.948 ], [ -77.562, -8.954 ], [ -77.554, -8.986 ], [ -77.518, -9.005 ], [ -77.488, -9.008 ], [ -77.446, -8.99 ], [ -77.39, -8.996 ], [ -77.359, -8.977 ], [ -77.362, -9.065 ], [ -77.435, -9.058 ], [ -77.449, -9.087 ], [ -77.482, -9.107 ], [ -77.5, -9.106 ], [ -77.538, -9.082 ], [ -77.574, -9.086 ], [ -77.601, -9.109 ], [ -77.591, -9.172 ], [ -77.618, -9.215 ], [ -77.644, -9.197 ], [ -77.665, -9.243 ], [ -77.681, -9.246 ], [ -77.689, -9.224 ], [ -77.714, -9.247 ], [ -77.725, -9.276 ], [ -77.766, -9.293 ], [ -77.775, -9.323 ], [ -77.743, -9.359 ], [ -77.766, -9.4 ], [ -77.767, -9.422 ], [ -77.834, -9.426 ], [ -77.857, -9.403 ], [ -77.892, -9.429 ], [ -77.885, -9.402 ], [ -77.901, -9.442 ], [ -77.932, -9.397 ], [ -77.993, -9.447 ], [ -78.03, -9.418 ], [ -78.033, -9.409 ], [ -78.003, -9.381 ], [ -78.061, -9.334 ], [ -78.054, -9.31 ], [ -78.062, -9.292 ], [ -78.044, -9.246 ], [ -77.976, -9.243 ], [ -77.958, -9.254 ], [ -77.928, -9.246 ], [ -77.895, -9.261 ], [ -77.861, -9.251 ], [ -77.839, -9.218 ], [ -77.818, -9.22 ], [ -77.816, -9.229 ] ], [ [ -77.725, -9.2 ], [ -77.725, -9.201 ], [ -77.721, -9.193 ], [ -77.725, -9.2 ] ], [ [ -77.718, -9.191 ], [ -77.72, -9.187 ], [ -77.721, -9.193 ], [ -77.718, -9.191 ] ], [ [ -77.686, -9.18 ], [ -77.695, -9.184 ], [ -77.681, -9.179 ], [ -77.686, -9.18 ] ], [ [ -77.655, -9.177 ], [ -77.662, -9.177 ], [ -77.637, -9.178 ], [ -77.655, -9.177 ] ], [ [ -77.82, -9.234 ], [ -77.817, -9.233 ], [ -77.817, -9.232 ], [ -77.82, -9.234 ] ], [ [ -77.823, -9.236 ], [ -77.822, -9.24 ], [ -77.822, -9.236 ], [ -77.823, -9.236 ] ], [ [ -77.807, -9.291 ], [ -77.805, -9.29 ], [ -77.805, -9.289 ], [ -77.807, -9.291 ] ], [ [ -77.819, -9.292 ], [ -77.808, -9.293 ], [ -77.808, -9.292 ], [ -77.819, -9.292 ] ], [ [ -77.93, -9.393 ], [ -77.925, -9.393 ], [ -77.924, -9.391 ], [ -77.93, -9.393 ] ], [ [ -77.69, -9.221 ], [ -77.69, -9.21 ], [ -77.691, -9.21 ], [ -77.69, -9.221 ] ], [ [ -77.742, -9.176 ], [ -77.741, -9.177 ], [ -77.74, -9.177 ], [ -77.742, -9.176 ] ], [ [ -77.728, -9.166 ], [ -77.739, -9.176 ], [ -77.736, -9.175 ], [ -77.728, -9.166 ] ], [ [ -77.692, -9.158 ], [ -77.694, -9.158 ], [ -77.693, -9.159 ], [ -77.692, -9.158 ] ], [ [ -77.69, -9.161 ], [ -77.67, -9.173 ], [ -77.682, -9.165 ], [ -77.69, -9.161 ] ], [ [ -77.73, -9.178 ], [ -77.733, -9.175 ], [ -77.734, -9.175 ], [ -77.73, -9.178 ] ] ] } },
{ "type": "Feature", "properties": { "DEPARTAMEN": "APURIMAC", "PROVINCIA": "ABANCAY", "clave": "APURIMAC|ABANCAY" }, "geometry": { "type": "Polygon", "coordinates": [ [ [ -72.791, -13.983 ], [ -72.791, -14.003 ], [ -72.806, -14.031 ], [ -72.794, -14.055 ], [ -72.799, -14.071 ], [ -72.817, -14.095 ], [ -72.858, -14.097 ], [ -72.857, -14.113 ], [ -72.876, -14.124 ], [ -72.892, -14.17 ], [ -72.908, -14.167 ], [ -72.914, -14.147 ], [ -72.929, -14.136 ], [ -72.944, -14.151 ], [ -72.98, -14.118 ], [ -73.02, -14.113 ], [ -73.037, -13.906 ], [ -73.074, -13.897 ], [ -73.143, -13.822 ], [ -73.172, -13.804 ], [ -73.155, -13.773 ], [ -73.119, -13.753 ], [ -73.101, -13.763 ], [ -73.092, -13.743 ], [ -73.077, -13.749 ], [ -73.077, -13.732 ], [ -73.061, -13.72 ], [ -72.978, -13.7 ], [ -72.945, -13.653 ], [ -72.987, -13.618 ], [ -73.016, -13.565 ], [ -73.042, -13.562 ], [ -73.048, -13.531 ], [ -73.126, -13.486 ], [ -73.142, -13.45 ], [ -73.16, -13.443 ], [ -73.144, -13.419 ], [ -73.126, -13.44 ], [ -73.109, -13.435 ], [ -73.096, -13.449 ], [ -73.059, -13.437 ], [ -73.044, -13.412 ], [ -73.02, -13.425 ], [ -73.006, -13.422 ], [ -72.977, -13.388 ], [ -72.911, -13.385 ], [ -72.895, -13.389 ], [ -72.885, -13.416 ], [ -72.838, -13.427 ], [ -72.797, -13.422 ], [ -72.794, -13.456 ], [ -72.772, -13.449 ], [ -72.745, -13.483 ], [ -72.716, -13.49 ], [ -72.672, -13.522 ], [ -72.656, -13.513 ], [ -72.636, -13.542 ], [ -72.627, -13.535 ], [ -72.601, -13.544 ], [ -72.593, -13.562 ], [ -72.574, -13.563 ], [ -72.56, -13.552 ], [ -72.544, -13.558 ], [ -72.536, -13.572 ], [ -72.523, -13.567 ], [ -72.495, -13.579 ], [ -72.489, -13.592 ], [ -72.466, -13.588 ], [ -72.421, -13.606 ], [ -72.405, -13.624 ], [ -72.4, -13.642 ], [ -72.422, -13.651 ], [ -72.437, -13.681 ], [ -72.447, -13.758 ], [ -72.46, -13.79 ], [ -72.492, -13.751 ], [ -72.554, -13.751 ], [ -72.577, -13.743 ], [ -72.576, -13.73 ], [ -72.641, -13.757 ], [ -72.646, -13.771 ], [ -72.684, -13.776 ], [ -72.64, -13.819 ], [ -72.638, -13.862 ], [ -72.647, -13.857 ], [ -72.662, -13.865 ], [ -72.684, -13.888 ], [ -72.736, -13.914 ], [ -72.741, -13.925 ], [ -72.727, -13.947 ], [ -72.747, -13.966 ], [ -72.758, -13.963 ], [ -72.763, -13.979 ], [ -72.791, -13.983 ] ], [ [ -72.902, -13.684 ], [ -72.904, -13.684 ], [ -72.902, -13.685 ], [ -72.902, -13.684 ] ], [ [ -72.783, -13.717 ], [ -72.794, -13.714 ], [ -72.783, -13.718 ], [ -72.783, -13.717 ] ], [ [ -72.765, -13.7 ], [ -72.768, -13.7 ], [ -72.765, -13.701 ], [ -72.765, -13.7 ] ], [ [ -72.738, -13.699 ], [ -72.751, -13.705 ], [ -72.736, -13.7 ], [ -72.738, -13.699 ] ], [ [ -72.774, -13.895 ], [ -72.772, -13.908 ], [ -72.773, -13.897 ], [ -72.774, -13.895 ] ], [ [ -73.025, -13.88 ], [ -73.028, -13.873 ], [ -73.028, -13.874 ], [ -73.025, -13.88 ] ], [ [ -72.927, -13.769 ], [ -72.927, -13.767 ], [ -72.935, -13.772 ], [ -72.927, -13.769 ] ], [ [ -72.912, -13.696 ], [ -72.913, -13.694 ], [ -72.917, -13.716 ], [ -72.912, -13.696 ] ], [ [ -72.978, -13.549 ], [ -72.964, -13.549 ], [ -72.977, -13.548 ], [ -72.978, -13.549 ] ], [ [ -72.959, -13.551 ], [ -72.95, -13.548 ], [ -72.952, -13.548 ], [ -72.959, -13.551 ] ], [ [ -72.936, -13.552 ], [ -72.946, -13.548 ], [ -72.95, -13.548 ], [ -72.936, -13.552 ] ], [ [ -72.817, -13.551 ], [ -72.816, -13.55 ], [ -72.817, -13.546 ], [ -72.817, -13.551 ] ], [ [ -72.792, -13.534 ], [ -72.791, -13.534 ], [ -72.788, -13.526 ], [ -72.792, -13.534 ] ], [ [ -72.762, -13.502 ], [ -72.758, -13.499 ], [ -72.754, -13.492 ], [ -72.762, -13.502 ] ], [ [ -72.739, -13.647 ], [ -72.739, -13.646 ], [ -72.744, -13.662 ], [ -72.739, -13.647 ] ], [ [ -72.9, -13.555 ], [ -72.896, -13.549 ], [ -72.901, -13.555 ], [ -72.9, -13.555 ] ], [ [ -72.858, -13.526 ], [ -72.872, -13.538 ], [ -72.86, -13.529 ], [ -72.858, -13.526 ] ], [ [ -72.858, -13.43 ], [ -72.857, -13.432 ], [ -72.857, -13.424 ], [ -72.858, -13.43 ] ] ] } },
{ "type": "Feature", "properties": { "DEPARTAMEN": "APURIMAC", "PROVINCIA": "ANDAHUAYLAS", "clave": "APURIMAC|ANDAHUAYLAS" }, "geometry": { "type": "Polygon", "coordinates": [ [ [ -73.405, -14.148 ], [ -73.397, -14.159 ], [ -73.411, -14.166 ], [ -73.415, -14.181 ], [ -73.395, -14.189 ], [ -73.396, -14.211 ], [ -73.38, -14.232 ], [ -73.37, -14.319 ], [ -73.421, -14.346 ], [ -73.427, -14.376 ], [ -73.453, -14.403 ], [ -73.45, -14.421 ], [ -73.473, -14.447 ], [ -73.472, -14.475 ], [ -73.49, -14.491 ], [ -73.485, -14.534 ], [ -73.507, -14.544 ], [ -73.521, -14.534 ], [ -73.535, -14.492 ], [ -73.555, -14.481 ], [ -73.551, -14.465 ], [ -73.571, -14.457 ], [ -73.582, -14.42 ], [ -73.554, -14.401 ], [ -73.554, -14.378 ], [ -73.536, -14.358 ], [ -73.517, -14.309 ], [ -73.519, -14.242 ], [ -73.577, -14.147 ], [ -73.587, -14.11 ], [ -73.577, -14.112 ], [ -73.611, -14.09 ], [ -73.626, -14.049 ], [ -73.62, -14.017 ], [ -73.621, -14.016 ], [ -73.626, -13.995 ], [ -73.643, -13.979 ], [ -73.656, -13.931 ], [ -73.681, -13.914 ], [ -73.695, -13.884 ], [ -73.698, -13.847 ], [ -73.729, -13.816 ], [ -73.748, -13.763 ], [ -73.687, -13.747 ], [ -73.667, -13.729 ], [ -73.632, -13.737 ], [ -73.601, -13.729 ], [ -73.615, -13.702 ], [ -73.593, -13.65 ], [ -73.604, -13.61 ], [ -73.57, -13.596 ], [ -73.53, -13.617 ], [ -73.488, -13.577 ], [ -73.451, -13.593 ], [ -73.461, -13.546 ], [ -73.484, -13.507 ], [ -73.47, -13.485 ], [ -73.477, -13.475 ], [ -73.445, -13.43 ], [ -73.41, -13.436 ], [ -73.404, -13.445 ], [ -73.348, -13.435 ], [ -73.333, -13.444 ], [ -73.333, -13.457 ], [ -73.31, -13.447 ], [ -73.261, -13.468 ], [ -73.245, -13.465 ], [ -73.236, -13.477 ], [ -73.221, -13.465 ], [ -73.224, -13.451 ], [ -73.204, -13.412 ], [ -73.186, -13.417 ], [ -73.186, -13.441 ], [ -73.176, -13.451 ], [ -73.156, -13.443 ], [ -73.142, -13.449 ], [ -73.126, -13.486 ], [ -73.048, -13.532 ], [ -73.041, -13.563 ], [ -73.016, -13.565 ], [ -72.987, -13.618 ], [ -72.945, -13.652 ], [ -72.978, -13.7 ], [ -73.061, -13.72 ], [ -73.078, -13.733 ], [ -73.077, -13.749 ], [ -73.092, -13.743 ], [ -73.101, -13.763 ], [ -73.119, -13.753 ], [ -73.155, -13.773 ], [ -73.172, -13.804 ], [ -73.183, -13.8 ], [ -73.196, -13.817 ], [ -73.223, -13.828 ], [ -73.25, -13.809 ], [ -73.245, -13.815 ], [ -73.28, -13.868 ], [ -73.284, -13.893 ], [ -73.333, -13.907 ], [ -73.354, -13.926 ], [ -73.345, -13.94 ], [ -73.36, -13.965 ], [ -73.354, -13.991 ], [ -73.378, -14.031 ], [ -73.371, -14.064 ], [ -73.379, -14.092 ], [ -73.41, -14.107 ], [ -73.4, -14.134 ], [ -73.405, -14.148 ] ], [ [ -73.417, -13.827 ], [ -73.418, -13.826 ], [ -73.418, -13.828 ], [ -73.417, -13.827 ] ], [ [ -73.415, -13.833 ], [ -73.416, -13.827 ], [ -73.417, -13.827 ], [ -73.415, -13.833 ] ], [ [ -73.411, -13.834 ], [ -73.412, -13.833 ], [ -73.415, -13.833 ], [ -73.411, -13.834 ] ], [ [ -73.637, -13.917 ], [ -73.635, -13.91 ], [ -73.637, -13.914 ], [ -73.637, -13.917 ] ], [ [ -73.631, -13.909 ], [ -73.633, -13.909 ], [ -73.635, -13.91 ], [ -73.631, -13.909 ] ], [ [ -73.597, -13.917 ], [ -73.589, -13.918 ], [ -73.589, -13.917 ], [ -73.597, -13.917 ] ], [ [ -73.566, -14.062 ], [ -73.568, -14.061 ], [ -73.577, -14.062 ], [ -73.566, -14.062 ] ], [ [ -73.519, -14.109 ], [ -73.517, -14.109 ], [ -73.519, -14.107 ], [ -73.519, -14.109 ] ], [ [ -73.512, -14.112 ], [ -73.51, -14.111 ], [ -73.514, -14.111 ], [ -73.512, -14.112 ] ], [ [ -73.545, -13.842 ], [ -73.542, -13.842 ], [ -73.551, -13.84 ], [ -73.545, -13.842 ] ], [ [ -73.6, -13.744 ], [ -73.594, -13.748 ], [ -73.6, -13.743 ], [ -73.6, -13.744 ] ], [ [ -73.599, -13.729 ], [ -73.59, -13.731 ], [ -73.594, -13.729 ], [ -73.599, -13.729 ] ], [ [ -73.409, -13.605 ], [ -73.414, -13.628 ], [ -73.403, -13.606 ], [ -73.409, -13.605 ] ], [ [ -73.247, -13.648 ], [ -73.236, -13.649 ], [ -73.237, -13.648 ], [ -73.247, -13.648 ] ], [ [ -73.185, -13.524 ], [ -73.172, -13.523 ], [ -73.181, -13.523 ], [ -73.185, -13.524 ] ], [ [ -73.161, -13.523 ], [ -73.159, -13.524 ], [ -73.159, -13.523 ], [ -73.161, -13.523 ] ], [ [ -73.109, -13.632 ], [ -73.104, -13.63 ], [ -73.109, -13.631 ], [ -73.109, -13.632 ] ], [ [ -73.033, -13.583 ], [ -73.041, -13.565 ], [ -73.04, -13.57 ], [ -73.033, -13.583 ] ], [ [ -73.321, -13.719 ], [ -73.323, -13.712 ], [ -73.324, -13.712 ], [ -73.321, -13.719 ] ], [ [ -73.207, -13.731 ], [ -73.206, -13.725 ], [ -73.207, -13.727 ], [ -73.207, -13.731 ] ], [ [ -73.247, -13.584 ], [ -73.25, -13.584 ], [ -73.255, -13.586 ], [ -73.247, -13.584 ] ], [ [ -73.313, -13.55 ], [ -73.317, -13.542 ], [ -73.315, -13.548 ], [ -73.313, -13.55 ] ] ] } },
{ "type": "Feature", "properties": { "DEPARTAMEN": "APURIMAC", "PROVINCIA": "ANTABAMBA", "clave": "APURIMAC|ANTABAMBA" }, "geometry": { "type": "Polygon", "coordinates": [ [ [ -72.637, -14.32 ], [ -72.623, -14.307 ], [ -72.626, -14.283 ], [ -72.614, -14.282 ], [ -72.601, -14.239 ], [ -72.57, -14.255 ], [ -72.546, -14.231 ], [ -72.485, -14.2 ], [ -72.443, -14.226 ], [ -72.417, -14.28 ], [ -72.389, -14.299 ], [ -72.364, -14.287 ], [ -72.339, -14.326 ], [ -72.352, -14.329 ], [ -72.368, -14.351 ], [ -72.369, -14.428 ], [ -72.357, -14.44 ], [ -72.365, -14.462 ], [ -72.395, -14.483 ], [ -72.441, -14.482 ], [ -72.444, -14.497 ], [ -72.503, -14.552 ], [ -72.462, -14.606 ], [ -72.471, -14.661 ], [ -72.561, -14.678 ], [ -72.579, -14.688 ], [ -72.594, -14.714 ], [ -72.61, -14.677 ], [ -72.645, -14.667 ], [ -72.691, -14.689 ], [ -72.698, -14.679 ], [ -72.724, -14.677 ], [ -72.725, -14.644 ], [ -72.741, -14.645 ], [ -72.77, -14.665 ], [ -72.789, -14.646 ], [ -72.828, -14.702 ], [ -72.846, -14.76 ], [ -72.867, -14.708 ], [ -72.91, -14.698 ], [ -72.918, -14.685 ], [ -72.936, -14.695 ], [ -72.955, -14.683 ], [ -72.975, -14.652 ], [ -72.998, -14.662 ], [ -73.017, -14.631 ], [ -73.014, -14.585 ], [ -72.997, -14.581 ], [ -72.995, -14.551 ], [ -72.984, -14.543 ], [ -72.996, -14.534 ], [ -72.998, -14.484 ], [ -72.98, -14.449 ], [ -73.038, -14.39 ], [ -73.047, -14.346 ], [ -73.082, -14.33 ], [ -73.069, -14.309 ], [ -73.07, -14.274 ], [ -73.042, -14.255 ], [ -73.057, -14.223 ], [ -73.076, -14.206 ], [ -73.069, -14.162 ], [ -73.079, -14.146 ], [ -73.053, -14.136 ], [ -73.032, -14.108 ], [ -73.005, -14.121 ], [ -72.98, -14.118 ], [ -72.98, -14.133 ], [ -72.944, -14.151 ], [ -72.929, -14.136 ], [ -72.914, -14.147 ], [ -72.908, -14.167 ], [ -72.892, -14.17 ], [ -72.887, -14.201 ], [ -72.902, -14.224 ], [ -72.875, -14.248 ], [ -72.863, -14.278 ], [ -72.831, -14.279 ], [ -72.813, -14.265 ], [ -72.799, -14.27 ], [ -72.795, -14.292 ], [ -72.769, -14.278 ], [ -72.761, -14.262 ], [ -72.73, -14.26 ], [ -72.708, -14.276 ], [ -72.709, -14.307 ], [ -72.695, -14.321 ], [ -72.709, -14.343 ], [ -72.669, -14.362 ], [ -72.664, -14.354 ], [ -72.636, -14.356 ], [ -72.627, -14.343 ], [ -72.637, -14.32 ] ], [ [ -72.655, -14.665 ], [ -72.652, -14.669 ], [ -72.656, -14.659 ], [ -72.655, -14.665 ] ], [ [ -72.902, -14.382 ], [ -72.901, -14.378 ], [ -72.909, -14.376 ], [ -72.902, -14.382 ] ], [ [ -72.926, -14.365 ], [ -72.928, -14.372 ], [ -72.909, -14.376 ], [ -72.926, -14.365 ] ], [ [ -72.93, -14.362 ], [ -72.93, -14.363 ], [ -72.926, -14.365 ], [ -72.93, -14.362 ] ], [ [ -72.663, -14.398 ], [ -72.661, -14.408 ], [ -72.662, -14.397 ], [ -72.663, -14.398 ] ], [ [ -72.932, -14.374 ], [ -72.936, -14.376 ], [ -72.935, -14.376 ], [ -72.932, -14.374 ] ], [ [ -72.898, -14.406 ], [ -72.896, -14.395 ], [ -72.899, -14.404 ], [ -72.898, -14.406 ] ], [ [ -72.898, -14.409 ], [ -72.898, -14.41 ], [ -72.892, -14.413 ], [ -72.898, -14.409 ] ], [ [ -72.822, -14.57 ], [ -72.819, -14.561 ], [ -72.82, -14.562 ], [ -72.822, -14.57 ] ], [ [ -72.822, -14.571 ], [ -72.822, -14.573 ], [ -72.817, -14.58 ], [ -72.822, -14.571 ] ] ] } },
{ "type": "Feature", "properties": { "DEPARTAMEN": "APURIMAC", "PROVINCIA": "AYMARAES", "clave": "APURIMAC|AYMARAES" }, "geometry": { "type": "Polygon", "coordinates": [ [ [ -72.981, -14.441 ], [ -72.998, -14.484 ], [ -72.996, -14.534 ], [ -72.984, -14.543 ], [ -72.995, -14.551 ], [ -72.997, -14.581 ], [ -73.014, -14.585 ], [ -73.017, -14.631 ], [ -73.043, -14.623 ], [ -73.042, -14.656 ], [ -73.063, -14.666 ], [ -73.098, -14.651 ], [ -73.11, -14.67 ], [ -73.11, -14.692 ], [ -73.153, -14.674 ], [ -73.178, -14.686 ], [ -73.19, -14.706 ], [ -73.264, -14.71 ], [ -73.284, -14.734 ], [ -73.309, -14.717 ], [ -73.328, -14.717 ], [ -73.351, -14.704 ], [ -73.364, -14.682 ], [ -73.39, -14.716 ], [ -73.407, -14.769 ], [ -73.44, -14.787 ], [ -73.464, -14.84 ], [ -73.485, -14.843 ], [ -73.514, -14.826 ], [ -73.529, -14.801 ], [ -73.55, -14.801 ], [ -73.565, -14.776 ], [ -73.563, -14.739 ], [ -73.577, -14.714 ], [ -73.571, -14.687 ], [ -73.523, -14.673 ], [ -73.51, -14.65 ], [ -73.533, -14.581 ], [ -73.512, -14.566 ], [ -73.509, -14.546 ], [ -73.485, -14.534 ], [ -73.49, -14.491 ], [ -73.472, -14.475 ], [ -73.473, -14.447 ], [ -73.448, -14.419 ], [ -73.453, -14.403 ], [ -73.427, -14.376 ], [ -73.421, -14.346 ], [ -73.369, -14.314 ], [ -73.377, -14.297 ], [ -73.37, -14.278 ], [ -73.38, -14.232 ], [ -73.396, -14.211 ], [ -73.395, -14.189 ], [ -73.415, -14.181 ], [ -73.411, -14.166 ], [ -73.397, -14.159 ], [ -73.411, -14.109 ], [ -73.381, -14.096 ], [ -73.372, -14.071 ], [ -73.379, -14.034 ], [ -73.354, -13.991 ], [ -73.36, -13.965 ], [ -73.343, -13.938 ], [ -73.355, -13.927 ], [ -73.332, -13.907 ], [ -73.284, -13.893 ], [ -73.277, -13.863 ], [ -73.245, -13.815 ], [ -73.219, -13.828 ], [ -73.175, -13.801 ], [ -73.143, -13.822 ], [ -73.074, -13.897 ], [ -73.037, -13.906 ], [ -73.036, -13.973 ], [ -73.022, -14.023 ], [ -73.027, -14.088 ], [ -73.017, -14.096 ], [ -73.02, -14.113 ], [ -73.032, -14.107 ], [ -73.053, -14.136 ], [ -73.079, -14.147 ], [ -73.069, -14.162 ], [ -73.076, -14.206 ], [ -73.057, -14.223 ], [ -73.042, -14.255 ], [ -73.07, -14.274 ], [ -73.07, -14.309 ], [ -73.084, -14.33 ], [ -73.047, -14.346 ], [ -73.038, -14.39 ], [ -73.023, -14.397 ], [ -73.005, -14.425 ], [ -72.981, -14.441 ] ], [ [ -73.179, -14.386 ], [ -73.179, -14.387 ], [ -73.175, -14.392 ], [ -73.179, -14.386 ] ], [ [ -73.201, -13.987 ], [ -73.207, -13.992 ], [ -73.205, -13.992 ], [ -73.201, -13.987 ] ], [ [ -73.159, -13.976 ], [ -73.158, -13.976 ], [ -73.147, -13.977 ], [ -73.166, -13.972 ], [ -73.159, -13.976 ] ], [ [ -73.225, -14.194 ], [ -73.229, -14.192 ], [ -73.22, -14.199 ], [ -73.225, -14.194 ] ], [ [ -73.194, -14.267 ], [ -73.198, -14.262 ], [ -73.196, -14.266 ], [ -73.194, -14.267 ] ], [ [ -73.109, -14.293 ], [ -73.115, -14.284 ], [ -73.114, -14.287 ], [ -73.109, -14.293 ] ], [ [ -73.105, -14.294 ], [ -73.108, -14.293 ], [ -73.108, -14.294 ], [ -73.105, -14.294 ] ], [ [ -73.138, -14.345 ], [ -73.132, -14.343 ], [ -73.138, -14.344 ], [ -73.138, -14.345 ] ], [ [ -73.153, -14.359 ], [ -73.141, -14.347 ], [ -73.147, -14.351 ], [ -73.153, -14.359 ] ], [ [ -73.299, -14.139 ], [ -73.297, -14.133 ], [ -73.298, -14.132 ], [ -73.299, -14.139 ] ], [ [ -73.321, -14.16 ], [ -73.323, -14.164 ], [ -73.306, -14.148 ], [ -73.321, -14.16 ] ], [ [ -73.327, -14.207 ], [ -73.325, -14.205 ], [ -73.321, -14.197 ], [ -73.327, -14.207 ] ], [ [ -73.318, -14.21 ], [ -73.318, -14.209 ], [ -73.319, -14.209 ], [ -73.318, -14.21 ] ], [ [ -73.305, -14.353 ], [ -73.306, -14.352 ], [ -73.318, -14.351 ], [ -73.305, -14.353 ] ], [ [ -73.295, -14.363 ], [ -73.3, -14.356 ], [ -73.303, -14.354 ], [ -73.295, -14.363 ] ], [ [ -73.292, -14.37 ], [ -73.289, -14.371 ], [ -73.293, -14.369 ], [ -73.292, -14.37 ] ], [ [ -73.282, -14.389 ], [ -73.279, -14.392 ], [ -73.285, -14.383 ], [ -73.282, -14.389 ] ], [ [ -73.23, -14.351 ], [ -73.231, -14.351 ], [ -73.231, -14.352 ], [ -73.23, -14.351 ] ], [ [ -73.2, -14.35 ], [ -73.206, -14.349 ], [ -73.219, -14.349 ], [ -73.2, -14.35 ] ], [ [ -73.19, -14.351 ], [ -73.192, -14.35 ], [ -73.196, -14.351 ], [ -73.19, -14.351 ] ], [ [ -73.284, -14.195 ], [ -73.303, -14.194 ], [ -73.288, -14.196 ], [ -73.284, -14.195 ] ], [ [ -73.328, -14.08 ], [ -73.319, -14.084 ], [ -73.333, -14.076 ], [ -73.328, -14.08 ] ], [ [ -73.192, -13.974 ], [ -73.183, -13.975 ], [ -73.186, -13.974 ], [ -73.192, -13.974 ] ], [ [ -73.157, -14.152 ], [ -73.155, -14.147 ], [ -73.156, -14.146 ], [ -73.157, -14.152 ] ], [ [ -73.152, -14.146 ], [ -73.16, -14.139 ], [ -73.156, -14.146 ], [ -73.152, -14.146 ] ], [ [ -73.125, -14.206 ], [ -73.125, -14.2 ], [ -73.129, -14.205 ], [ -73.125, -14.206 ] ], [ [ -73.115, -14.168 ], [ -73.111, -14.164 ], [ -73.11, -14.161 ], [ -73.115, -14.168 ] ], [ [ -73.177, -14.104 ], [ -73.176, -14.104 ], [ -73.177, -14.099 ], [ -73.177, -14.104 ] ], [ [ -73.187, -14.018 ], [ -73.185, -14.021 ], [ -73.186, -14.017 ], [ -73.187, -14.018 ] ], [ [ -73.126, -13.977 ], [ -73.126, -13.976 ], [ -73.135, -13.975 ], [ -73.127, -13.977 ], [ -73.126, -13.977 ] ], [ [ -73.124, -13.976 ], [ -73.116, -13.97 ], [ -73.126, -13.976 ], [ -73.124, -13.976 ] ], [ [ -73.19, -13.948 ], [ -73.182, -13.95 ], [ -73.18, -13.95 ], [ -73.19, -13.948 ] ], [ [ -73.177, -13.949 ], [ -73.175, -13.949 ], [ -73.166, -13.944 ], [ -73.177, -13.949 ] ], [ [ -73.141, -13.949 ], [ -73.14, -13.949 ], [ -73.14, -13.945 ], [ -73.141, -13.949 ] ] ] } },
{ "type": "Feature", "properties": { "DEPARTAMEN": "APURIMAC", "PROVINCIA": "COTABAMBAS", "clave": "APURIMAC|COTABAMBAS" }, "geometry": { "type": "Polygon", "coordinates": [ [ [ -72.057, -14.126 ], [ -72.061, -14.142 ], [ -72.095, -14.173 ], [ -72.076, -14.207 ], [ -72.126, -14.254 ], [ -72.161, -14.264 ], [ -72.187, -14.313 ], [ -72.206, -14.32 ], [ -72.225, -14.349 ], [ -72.24, -14.348 ], [ -72.25, -14.403 ], [ -72.295, -14.411 ], [ -72.29, -14.424 ], [ -72.317, -14.441 ], [ -72.341, -14.428 ], [ -72.358, -14.436 ], [ -72.368, -14.43 ], [ -72.368, -14.351 ], [ -72.353, -14.33 ], [ -72.339, -14.326 ], [ -72.345, -14.306 ], [ -72.357, -14.303 ], [ -72.367, -14.285 ], [ -72.377, -14.299 ], [ -72.389, -14.299 ], [ -72.417, -14.28 ], [ -72.443, -14.226 ], [ -72.461, -14.222 ], [ -72.48, -14.202 ], [ -72.463, -14.183 ], [ -72.417, -14.21 ], [ -72.389, -14.209 ], [ -72.382, -14.168 ], [ -72.35, -14.143 ], [ -72.376, -14.113 ], [ -72.369, -14.08 ], [ -72.396, -14.07 ], [ -72.413, -14.079 ], [ -72.422, -14.066 ], [ -72.419, -14.03 ], [ -72.446, -14.015 ], [ -72.441, -14.002 ], [ -72.456, -13.969 ], [ -72.451, -13.919 ], [ -72.481, -13.88 ], [ -72.471, -13.849 ], [ -72.477, -13.816 ], [ -72.454, -13.783 ], [ -72.442, -13.702 ], [ -72.422, -13.651 ], [ -72.4, -13.642 ], [ -72.402, -13.659 ], [ -72.369, -13.666 ], [ -72.355, -13.682 ], [ -72.315, -13.698 ], [ -72.312, -13.708 ], [ -72.277, -13.684 ], [ -72.244, -13.688 ], [ -72.245, -13.698 ], [ -72.231, -13.705 ], [ -72.24, -13.71 ], [ -72.231, -13.707 ], [ -72.232, -13.722 ], [ -72.206, -13.728 ], [ -72.189, -13.745 ], [ -72.166, -13.748 ], [ -72.148, -13.779 ], [ -72.13, -13.789 ], [ -72.091, -13.88 ], [ -72.093, -13.894 ], [ -72.082, -13.888 ], [ -72.078, -13.907 ], [ -72.056, -13.931 ], [ -72.06, -13.965 ], [ -72.051, -14.027 ], [ -72.068, -14.077 ], [ -72.058, -14.107 ], [ -72.072, -14.111 ], [ -72.059, -14.109 ], [ -72.057, -14.126 ] ], [ [ -72.244, -13.715 ], [ -72.242, -13.714 ], [ -72.24, -13.71 ], [ -72.244, -13.715 ] ], [ [ -72.358, -14.077 ], [ -72.36, -14.082 ], [ -72.359, -14.082 ], [ -72.358, -14.077 ] ], [ [ -72.3, -14.053 ], [ -72.303, -14.052 ], [ -72.297, -14.055 ], [ -72.3, -14.053 ] ], [ [ -72.241, -14.067 ], [ -72.242, -14.067 ], [ -72.233, -14.071 ], [ -72.241, -14.067 ] ], [ [ -72.146, -14.146 ], [ -72.145, -14.143 ], [ -72.146, -14.142 ], [ -72.146, -14.146 ] ], [ [ -72.111, -14.114 ], [ -72.111, -14.115 ], [ -72.107, -14.115 ], [ -72.111, -14.114 ] ], [ [ -72.1, -14.12 ], [ -72.099, -14.121 ], [ -72.096, -14.121 ], [ -72.1, -14.12 ] ], [ [ -72.305, -13.879 ], [ -72.319, -13.867 ], [ -72.307, -13.881 ], [ -72.305, -13.879 ] ], [ [ -72.341, -13.977 ], [ -72.342, -13.979 ], [ -72.342, -13.98 ], [ -72.341, -13.977 ] ], [ [ -72.34, -13.988 ], [ -72.34, -13.992 ], [ -72.339, -13.989 ], [ -72.34, -13.988 ] ] ] } },
{ "type": "Feature", "properties": { "DEPARTAMEN": "APURIMAC", "PROVINCIA": "CHINCHEROS", "clave": "APURIMAC|CHINCHEROS" }, "geometry": { "type": "Polygon", "coordinates": [ [ [ -73.728, -13.668 ], [ -73.792, -13.641 ], [ -73.805, -13.616 ], [ -73.796, -13.604 ], [ -73.803, -13.558 ], [ -73.838, -13.458 ], [ -73.827, -13.434 ], [ -73.847, -13.401 ], [ -73.829, -13.347 ], [ -73.832, -13.33 ], [ -73.801, -13.311 ], [ -73.823, -13.285 ], [ -73.824, -13.248 ], [ -73.813, -13.242 ], [ -73.808, -13.214 ], [ -73.801, -13.215 ], [ -73.793, -13.194 ], [ -73.754, -13.171 ], [ -73.729, -13.187 ], [ -73.74, -13.211 ], [ -73.731, -13.243 ], [ -73.736, -13.257 ], [ -73.728, -13.268 ], [ -73.698, -13.265 ], [ -73.687, -13.282 ], [ -73.663, -13.282 ], [ -73.626, -13.321 ], [ -73.575, -13.338 ], [ -73.571, -13.363 ], [ -73.544, -13.364 ], [ -73.522, -13.387 ], [ -73.507, -13.384 ], [ -73.482, -13.431 ], [ -73.445, -13.43 ], [ -73.477, -13.474 ], [ -73.47, -13.486 ], [ -73.484, -13.507 ], [ -73.461, -13.546 ], [ -73.451, -13.593 ], [ -73.492, -13.577 ], [ -73.5, -13.596 ], [ -73.531, -13.617 ], [ -73.57, -13.596 ], [ -73.568, -13.583 ], [ -73.583, -13.608 ], [ -73.604, -13.61 ], [ -73.607, -13.622 ], [ -73.593, -13.647 ], [ -73.615, -13.702 ], [ -73.606, -13.724 ], [ -73.612, -13.731 ], [ -73.674, -13.731 ], [ -73.702, -13.705 ], [ -73.715, -13.705 ], [ -73.713, -13.691 ], [ -73.726, -13.684 ], [ -73.728, -13.668 ] ], [ [ -73.722, -13.679 ], [ -73.714, -13.673 ], [ -73.722, -13.678 ], [ -73.722, -13.679 ] ], [ [ -73.719, -13.459 ], [ -73.719, -13.45 ], [ -73.72, -13.458 ], [ -73.719, -13.459 ] ], [ [ -73.633, -13.506 ], [ -73.638, -13.501 ], [ -73.638, -13.502 ], [ -73.633, -13.506 ] ], [ [ -73.643, -13.584 ], [ -73.639, -13.566 ], [ -73.644, -13.583 ], [ -73.643, -13.584 ] ], [ [ -73.74, -13.458 ], [ -73.743, -13.452 ], [ -73.741, -13.457 ], [ -73.74, -13.458 ] ], [ [ -73.735, -13.451 ], [ -73.73, -13.451 ], [ -73.731, -13.45 ], [ -73.735, -13.451 ] ], [ [ -73.767, -13.437 ], [ -73.775, -13.432 ], [ -73.777, -13.432 ], [ -73.767, -13.437 ] ], [ [ -73.797, -13.311 ], [ -73.798, -13.311 ], [ -73.792, -13.314 ], [ -73.797, -13.311 ] ], [ [ -73.74, -13.362 ], [ -73.747, -13.36 ], [ -73.739, -13.363 ], [ -73.74, -13.362 ] ], [ [ -73.723, -13.402 ], [ -73.721, -13.394 ], [ -73.724, -13.403 ], [ -73.723, -13.402 ] ], [ [ -73.747, -13.416 ], [ -73.745, -13.411 ], [ -73.747, -13.413 ], [ -73.747, -13.416 ] ], [ [ -73.618, -13.421 ], [ -73.606, -13.418 ], [ -73.619, -13.42 ], [ -73.618, -13.421 ] ], [ [ -73.572, -13.425 ], [ -73.573, -13.428 ], [ -73.572, -13.428 ], [ -73.572, -13.425 ] ], [ [ -73.658, -13.461 ], [ -73.657, -13.465 ], [ -73.655, -13.467 ], [ -73.658, -13.461 ] ], [ [ -73.587, -13.386 ], [ -73.588, -13.377 ], [ -73.588, -13.39 ], [ -73.587, -13.386 ] ] ] } },
{ "type": "Feature", "properties": { "DEPARTAMEN": "APURIMAC", "PROVINCIA": "GRAU", "clave": "APURIMAC|GRAU" }, "geometry": { "type": "Polygon", "coordinates": [ [ [ -72.637, -14.32 ], [ -72.627, -14.343 ], [ -72.635, -14.356 ], [ -72.675, -14.362 ], [ -72.71, -14.342 ], [ -72.695, -14.321 ], [ -72.709, -14.307 ], [ -72.708, -14.276 ], [ -72.73, -14.26 ], [ -72.761, -14.263 ], [ -72.768, -14.277 ], [ -72.796, -14.292 ], [ -72.799, -14.27 ], [ -72.811, -14.266 ], [ -72.831, -14.279 ], [ -72.863, -14.278 ], [ -72.883, -14.235 ], [ -72.902, -14.224 ], [ -72.887, -14.201 ], [ -72.895, -14.177 ], [ -72.876, -14.123 ], [ -72.857, -14.113 ], [ -72.857, -14.096 ], [ -72.817, -14.095 ], [ -72.799, -14.071 ], [ -72.794, -14.055 ], [ -72.806, -14.031 ], [ -72.791, -14.003 ], [ -72.791, -13.983 ], [ -72.763, -13.979 ], [ -72.757, -13.964 ], [ -72.746, -13.965 ], [ -72.727, -13.947 ], [ -72.741, -13.925 ], [ -72.726, -13.907 ], [ -72.684, -13.888 ], [ -72.647, -13.857 ], [ -72.633, -13.866 ], [ -72.644, -13.848 ], [ -72.64, -13.819 ], [ -72.656, -13.811 ], [ -72.679, -13.777 ], [ -72.644, -13.771 ], [ -72.641, -13.757 ], [ -72.609, -13.749 ], [ -72.592, -13.73 ], [ -72.575, -13.73 ], [ -72.577, -13.743 ], [ -72.554, -13.751 ], [ -72.503, -13.746 ], [ -72.468, -13.772 ], [ -72.46, -13.79 ], [ -72.477, -13.816 ], [ -72.471, -13.849 ], [ -72.482, -13.881 ], [ -72.451, -13.919 ], [ -72.456, -13.969 ], [ -72.441, -14.003 ], [ -72.446, -14.015 ], [ -72.419, -14.03 ], [ -72.422, -14.066 ], [ -72.413, -14.079 ], [ -72.396, -14.07 ], [ -72.369, -14.08 ], [ -72.376, -14.113 ], [ -72.35, -14.143 ], [ -72.382, -14.168 ], [ -72.389, -14.209 ], [ -72.417, -14.21 ], [ -72.462, -14.183 ], [ -72.48, -14.202 ], [ -72.508, -14.207 ], [ -72.518, -14.222 ], [ -72.546, -14.231 ], [ -72.571, -14.255 ], [ -72.601, -14.239 ], [ -72.614, -14.282 ], [ -72.627, -14.282 ], [ -72.623, -14.307 ], [ -72.637, -14.32 ] ], [ [ -72.554, -13.96 ], [ -72.555, -13.959 ], [ -72.554, -13.962 ], [ -72.554, -13.96 ] ], [ [ -72.564, -14.0 ], [ -72.565, -13.995 ], [ -72.566, -13.996 ], [ -72.564, -14.0 ] ], [ [ -72.617, -14.064 ], [ -72.622, -14.07 ], [ -72.617, -14.067 ], [ -72.617, -14.064 ] ], [ [ -72.636, -14.094 ], [ -72.636, -14.092 ], [ -72.637, -14.093 ], [ -72.636, -14.094 ] ], [ [ -72.643, -14.162 ], [ -72.636, -14.162 ], [ -72.644, -14.156 ], [ -72.643, -14.162 ] ], [ [ -72.626, -14.194 ], [ -72.622, -14.197 ], [ -72.623, -14.191 ], [ -72.625, -14.188 ], [ -72.626, -14.194 ] ], [ [ -72.689, -14.151 ], [ -72.687, -14.156 ], [ -72.689, -14.145 ], [ -72.689, -14.151 ] ], [ [ -72.684, -14.13 ], [ -72.688, -14.139 ], [ -72.689, -14.145 ], [ -72.684, -14.13 ] ], [ [ -72.675, -14.225 ], [ -72.673, -14.226 ], [ -72.673, -14.225 ], [ -72.675, -14.225 ] ], [ [ -72.641, -14.064 ], [ -72.655, -14.064 ], [ -72.645, -14.065 ], [ -72.641, -14.064 ] ], [ [ -72.633, -14.063 ], [ -72.634, -14.063 ], [ -72.628, -14.067 ], [ -72.633, -14.063 ] ], [ [ -72.621, -14.199 ], [ -72.616, -14.197 ], [ -72.622, -14.198 ], [ -72.621, -14.199 ] ], [ [ -72.464, -14.015 ], [ -72.451, -14.011 ], [ -72.452, -14.01 ], [ -72.464, -14.015 ] ] ] } },
{ "type": "Feature", "properties": { "DEPARTAMEN": "AREQUIPA", "PROVINCIA": "AREQUIPA", "clave": "AREQUIPA|AREQUIPA" }, "geometry": { "type": "Polygon", "coordinates": [ [ [ -71.529, -16.734 ], [ -71.545, -16.689 ], [ -71.554, -16.684 ], [ -71.573, -16.7 ], [ -71.62, -16.682 ], [ -71.641, -16.706 ], [ -71.649, -16.695 ], [ -71.67, -16.705 ], [ -71.748, -16.698 ], [ -71.87, -16.786 ], [ -71.871, -16.713 ], [ -71.91, -16.675 ], [ -71.911, -16.676 ], [ -71.997, -16.8 ], [ -72.013, -16.797 ], [ -72.038, -16.792 ], [ -72.048, -16.78 ], [ -72.068, -16.785 ], [ -72.094, -16.768 ], [ -72.121, -16.779 ], [ -72.132, -16.766 ], [ -72.132, -16.744 ], [ -72.146, -16.744 ], [ -72.173, -16.712 ], [ -72.196, -16.703 ], [ -72.196, -16.687 ], [ -72.229, -16.667 ], [ -72.274, -16.657 ], [ -72.283, -16.635 ], [ -72.279, -16.611 ], [ -72.2, -16.495 ], [ -72.199, -16.452 ], [ -72.182, -16.411 ], [ -72.157, -16.364 ], [ -72.138, -16.349 ], [ -72.144, -16.351 ], [ -72.144, -16.34 ], [ -72.132, -16.312 ], [ -72.074, -16.221 ], [ -72.073, -16.209 ], [ -72.091, -16.189 ], [ -72.057, -16.208 ], [ -71.996, -16.139 ], [ -71.963, -16.137 ], [ -71.907, -16.158 ], [ -71.87, -16.13 ], [ -71.864, -16.103 ], [ -71.841, -16.086 ], [ -71.827, -16.059 ], [ -71.818, -16.062 ], [ -71.815, -16.051 ], [ -71.755, -16.03 ], [ -71.726, -15.99 ], [ -71.707, -15.984 ], [ -71.712, -15.947 ], [ -71.704, -15.934 ], [ -71.692, -15.933 ], [ -71.665, -15.96 ], [ -71.651, -15.988 ], [ -71.627, -15.979 ], [ -71.578, -15.991 ], [ -71.532, -15.944 ], [ -71.529, -15.93 ], [ -71.468, -15.927 ], [ -71.451, -15.935 ], [ -71.443, -15.926 ], [ -71.371, -15.927 ], [ -71.322, -15.942 ], [ -71.309, -15.955 ], [ -71.274, -15.954 ], [ -71.269, -15.982 ], [ -71.2, -16.026 ], [ -71.188, -16.012 ], [ -71.153, -16.002 ], [ -71.144, -15.983 ], [ -71.116, -15.988 ], [ -71.087, -15.981 ], [ -71.087, -15.997 ], [ -71.068, -16.004 ], [ -71.031, -15.975 ], [ -70.961, -15.97 ], [ -70.906, -15.943 ], [ -70.878, -15.948 ], [ -70.865, -15.928 ], [ -70.845, -15.922 ], [ -70.832, -15.949 ], [ -70.842, -15.969 ], [ -70.82, -15.978 ], [ -70.829, -15.999 ], [ -70.817, -16.003 ], [ -70.821, -16.03 ], [ -70.804, -16.054 ], [ -70.857, -16.056 ], [ -70.867, -16.08 ], [ -70.878, -16.081 ], [ -70.875, -16.095 ], [ -70.895, -16.105 ], [ -70.867, -16.128 ], [ -70.868, -16.154 ], [ -70.879, -16.167 ], [ -70.86, -16.176 ], [ -70.854, -16.197 ], [ -70.867, -16.225 ], [ -70.845, -16.235 ], [ -70.876, -16.282 ], [ -70.917, -16.283 ], [ -70.939, -16.299 ], [ -70.944, -16.314 ], [ -70.986, -16.31 ], [ -70.969, -16.37 ], [ -70.975, -16.391 ], [ -70.964, -16.4 ], [ -70.976, -16.418 ], [ -70.953, -16.461 ], [ -70.955, -16.472 ], [ -70.996, -16.498 ], [ -71.013, -16.498 ], [ -71.019, -16.487 ], [ -71.037, -16.486 ], [ -71.047, -16.454 ], [ -71.073, -16.466 ], [ -71.082, -16.457 ], [ -71.108, -16.466 ], [ -71.125, -16.461 ], [ -71.14, -16.475 ], [ -71.242, -16.463 ], [ -71.255, -16.497 ], [ -71.249, -16.483 ], [ -71.237, -16.515 ], [ -71.263, -16.585 ], [ -71.26, -16.605 ], [ -71.279, -16.616 ], [ -71.284, -16.682 ], [ -71.296, -16.701 ], [ -71.286, -16.716 ], [ -71.29, -16.728 ], [ -71.327, -16.752 ], [ -71.364, -16.72 ], [ -71.426, -16.741 ], [ -71.447, -16.731 ], [ -71.456, -16.758 ], [ -71.493, -16.768 ], [ -71.529, -16.734 ] ], [ [ -71.527, -16.437 ], [ -71.531, -16.435 ], [ -71.537, -16.435 ], [ -71.527, -16.437 ] ], [ [ -71.538, -16.437 ], [ -71.54, -16.449 ], [ -71.537, -16.435 ], [ -71.538, -16.437 ] ], [ [ -71.503, -16.489 ], [ -71.516, -16.485 ], [ -71.516, -16.486 ], [ -71.503, -16.489 ] ], [ [ -71.423, -16.567 ], [ -71.432, -16.564 ], [ -71.424, -16.568 ], [ -71.423, -16.567 ] ], [ [ -71.401, -16.568 ], [ -71.405, -16.569 ], [ -71.402, -16.569 ], [ -71.401, -16.568 ] ], [ [ -71.795, -16.377 ], [ -71.798, -16.379 ], [ -71.789, -16.376 ], [ -71.795, -16.377 ] ], [ [ -71.652, -16.391 ], [ -71.653, -16.392 ], [ -71.651, -16.392 ], [ -71.652, -16.391 ] ], [ [ -71.652, -16.393 ], [ -71.647, -16.392 ], [ -71.651, -16.392 ], [ -71.652, -16.393 ] ], [ [ -71.598, -16.281 ], [ -71.596, -16.292 ], [ -71.595, -16.291 ], [ -71.598, -16.281 ] ], [ [ -71.516, -16.189 ], [ -71.52, -16.19 ], [ -71.513, -16.19 ], [ -71.516, -16.189 ] ], [ [ -71.539, -16.383 ], [ -71.543, -16.383 ], [ -71.54, -16.384 ], [ -71.539, -16.383 ] ], [ [ -71.534, -16.378 ], [ -71.53, -16.376 ], [ -71.533, -16.374 ], [ -71.534, -16.378 ] ], [ [ -71.53, -16.387 ], [ -71.533, -16.386 ], [ -71.53, -16.388 ], [ -71.53, -16.387 ] ], [ [ -71.527, -16.395 ], [ -71.528, -16.393 ], [ -71.529, -16.393 ], [ -71.527, -16.395 ] ], [ [ -71.567, -16.497 ], [ -71.553, -16.497 ], [ -71.561, -16.493 ], [ -71.556, -16.488 ], [ -71.562, -16.493 ], [ -71.567, -16.497 ] ], [ [ -72.132, -16.376 ], [ -72.141, -16.389 ], [ -72.13, -16.376 ], [ -72.132, -16.376 ] ], [ [ -72.022, -16.236 ], [ -72.02, -16.245 ], [ -72.021, -16.236 ], [ -72.022, -16.236 ] ], [ [ -72.007, -16.218 ], [ -71.996, -16.212 ], [ -72.004, -16.216 ], [ -72.007, -16.218 ] ], [ [ -71.575, -16.48 ], [ -71.577, -16.487 ], [ -71.576, -16.488 ], [ -71.575, -16.48 ] ], [ [ -71.917, -16.6 ], [ -71.918, -16.603 ], [ -71.917, -16.603 ], [ -71.917, -16.6 ] ], [ [ -71.804, -16.394 ], [ -71.788, -16.397 ], [ -71.797, -16.393 ], [ -71.804, -16.394 ] ], [ [ -71.704, -16.547 ], [ -71.705, -16.541 ], [ -71.706, -16.541 ], [ -71.704, -16.547 ] ], [ [ -71.664, -16.556 ], [ -71.661, -16.556 ], [ -71.699, -16.541 ], [ -71.664, -16.556 ] ], [ [ -71.6, -16.514 ], [ -71.596, -16.52 ], [ -71.596, -16.519 ], [ -71.6, -16.514 ] ], [ [ -71.624, -16.59 ], [ -71.626, -16.587 ], [ -71.624, -16.594 ], [ -71.624, -16.59 ] ], [ [ -72.076, -16.609 ], [ -72.076, -16.606 ], [ -72.078, -16.599 ], [ -72.076, -16.609 ] ], [ [ -71.808, -16.375 ], [ -71.817, -16.381 ], [ -71.816, -16.381 ], [ -71.808, -16.375 ] ], [ [ -71.566, -16.434 ], [ -71.564, -16.429 ], [ -71.57, -16.439 ], [ -71.566, -16.434 ] ], [ [ -71.563, -16.433 ], [ -71.562, -16.432 ], [ -71.564, -16.433 ], [ -71.563, -16.433 ] ], [ [ -71.553, -16.428 ], [ -71.544, -16.422 ], [ -71.557, -16.429 ], [ -71.553, -16.428 ] ], [ [ -71.545, -16.395 ], [ -71.54, -16.392 ], [ -71.544, -16.393 ], [ -71.545, -16.395 ] ], [ [ -71.536, -16.382 ], [ -71.537, -16.383 ], [ -71.54, -16.392 ], [ -71.536, -16.382 ] ], [ [ -72.127, -16.351 ], [ -72.127, -16.347 ], [ -72.129, -16.341 ], [ -72.127, -16.351 ] ], [ [ -71.317, -16.168 ], [ -71.321, -16.166 ], [ -71.321, -16.167 ], [ -71.317, -16.168 ] ], [ [ -71.35, -16.221 ], [ -71.358, -16.215 ], [ -71.353, -16.22 ], [ -71.35, -16.221 ] ], [ [ -71.46, -16.165 ], [ -71.461, -16.164 ], [ -71.462, -16.165 ], [ -71.46, -16.165 ] ], [ [ -71.432, -16.42 ], [ -71.425, -16.421 ], [ -71.429, -16.417 ], [ -71.432, -16.42 ] ], [ [ -71.243, -16.449 ], [ -71.245, -16.453 ], [ -71.244, -16.454 ], [ -71.243, -16.449 ] ], [ [ -71.484, -16.517 ], [ -71.493, -16.517 ], [ -71.496, -16.518 ], [ -71.484, -16.517 ] ], [ [ -71.393, -16.549 ], [ -71.391, -16.551 ], [ -71.39, -16.55 ], [ -71.393, -16.549 ] ], [ [ -71.292, -16.54 ], [ -71.289, -16.537 ], [ -71.304, -16.543 ], [ -71.292, -16.54 ] ], [ [ -71.399, -16.567 ], [ -71.398, -16.566 ], [ -71.396, -16.561 ], [ -71.399, -16.567 ] ], [ [ -71.45, -16.495 ], [ -71.451, -16.49 ], [ -71.451, -16.495 ], [ -71.45, -16.495 ] ], [ [ -71.379, -16.474 ], [ -71.385, -16.474 ], [ -71.378, -16.475 ], [ -71.379, -16.474 ] ], [ [ -71.365, -16.48 ], [ -71.367, -16.48 ], [ -71.366, -16.481 ], [ -71.365, -16.48 ] ], [ [ -71.426, -16.351 ], [ -71.42, -16.318 ], [ -71.421, -16.321 ], [ -71.426, -16.351 ] ], [ [ -71.432, -16.417 ], [ -71.444, -16.416 ], [ -71.441, -16.417 ], [ -71.432, -16.417 ] ], [ [ -71.346, -16.246 ], [ -71.35, -16.247 ], [ -71.346, -16.247 ], [ -71.346, -16.246 ] ], [ [ -71.196, -16.356 ], [ -71.202, -16.373 ], [ -71.192, -16.386 ], [ -71.172, -16.377 ], [ -71.138, -16.399 ], [ -71.095, -16.409 ], [ -71.087, -16.402 ], [ -71.096, -16.399 ], [ -71.088, -16.381 ], [ -71.104, -16.339 ], [ -71.144, -16.323 ], [ -71.149, -16.33 ], [ -71.136, -16.342 ], [ -71.14, -16.35 ], [ -71.196, -16.356 ] ] ] } },
{ "type": "Feature", "properties": { "DEPARTAMEN": "AREQUIPA", "PROVINCIA": "CAMANA", "clave": "AREQUIPA|CAMANA" }, "geometry": { "type": "Polygon", "coordinates": [ [ [ -72.198, -16.491 ], [ -72.274, -16.601 ], [ -72.284, -16.636 ], [ -72.274, -16.657 ], [ -72.229, -16.667 ], [ -72.196, -16.687 ], [ -72.196, -16.703 ], [ -72.174, -16.711 ], [ -72.128, -16.757 ], [ -72.153, -16.795 ], [ -72.185, -16.794 ], [ -72.215, -16.809 ], [ -72.21, -16.818 ], [ -72.223, -16.835 ], [ -72.172, -16.85 ], [ -72.147, -16.875 ], [ -72.188, -16.927 ], [ -72.212, -16.902 ], [ -72.288, -16.875 ], [ -72.297, -16.849 ], [ -72.289, -16.837 ], [ -72.31, -16.808 ], [ -72.327, -16.802 ], [ -72.329, -16.789 ], [ -72.354, -16.766 ], [ -72.374, -16.761 ], [ -72.373, -16.753 ], [ -72.401, -16.751 ], [ -72.448, -16.702 ], [ -72.593, -16.667 ], [ -72.725, -16.648 ], [ -72.774, -16.627 ], [ -72.92, -16.518 ], [ -72.987, -16.517 ], [ -73.048, -16.5 ], [ -73.103, -16.455 ], [ -73.132, -16.45 ], [ -73.159, -16.42 ], [ -73.189, -16.415 ], [ -73.206, -16.401 ], [ -73.235, -16.415 ], [ -73.272, -16.398 ], [ -73.292, -16.406 ], [ -73.275, -16.371 ], [ -73.24, -16.354 ], [ -73.218, -16.287 ], [ -73.196, -16.28 ], [ -73.203, -16.153 ], [ -73.222, -16.119 ], [ -73.224, -16.065 ], [ -73.241, -16.0 ], [ -73.221, -15.991 ], [ -73.233, -15.874 ], [ -73.199, -15.884 ], [ -73.171, -15.915 ], [ -73.151, -15.98 ], [ -73.176, -16.001 ], [ -73.165, -16.02 ], [ -73.14, -16.006 ], [ -73.124, -16.013 ], [ -73.108, -15.988 ], [ -73.066, -16.018 ], [ -72.998, -16.019 ], [ -72.985, -16.023 ], [ -72.957, -16.036 ], [ -72.912, -16.03 ], [ -72.88, -16.05 ], [ -72.844, -16.123 ], [ -72.841, -16.174 ], [ -72.81, -16.221 ], [ -72.809, -16.271 ], [ -72.798, -16.302 ], [ -72.861, -16.335 ], [ -72.799, -16.304 ], [ -72.752, -16.327 ], [ -72.713, -16.363 ], [ -72.67, -16.424 ], [ -72.625, -16.457 ], [ -72.603, -16.462 ], [ -72.594, -16.43 ], [ -72.573, -16.421 ], [ -72.56, -16.397 ], [ -72.523, -16.41 ], [ -72.482, -16.357 ], [ -72.466, -16.383 ], [ -72.501, -16.479 ], [ -72.512, -16.491 ], [ -72.533, -16.493 ], [ -72.546, -16.513 ], [ -72.572, -16.512 ], [ -72.604, -16.537 ], [ -72.587, -16.541 ], [ -72.583, -16.559 ], [ -72.568, -16.563 ], [ -72.565, -16.573 ], [ -72.527, -16.564 ], [ -72.523, -16.575 ], [ -72.498, -16.572 ], [ -72.493, -16.558 ], [ -72.48, -16.565 ], [ -72.455, -16.557 ], [ -72.45, -16.6 ], [ -72.395, -16.612 ], [ -72.374, -16.607 ], [ -72.356, -16.589 ], [ -72.33, -16.593 ], [ -72.32, -16.607 ], [ -72.308, -16.583 ], [ -72.289, -16.586 ], [ -72.254, -16.533 ], [ -72.24, -16.534 ], [ -72.219, -16.513 ], [ -72.199, -16.484 ], [ -72.2, -16.459 ], [ -72.198, -16.491 ] ], [ [ -72.723, -16.619 ], [ -72.724, -16.616 ], [ -72.725, -16.648 ], [ -72.723, -16.619 ] ], [ [ -72.754, -16.611 ], [ -72.748, -16.61 ], [ -72.752, -16.61 ], [ -72.754, -16.611 ] ], [ [ -72.757, -16.588 ], [ -72.757, -16.591 ], [ -72.755, -16.584 ], [ -72.757, -16.588 ] ], [ [ -72.748, -16.575 ], [ -72.751, -16.576 ], [ -72.747, -16.576 ], [ -72.748, -16.575 ] ], [ [ -72.682, -16.579 ], [ -72.694, -16.583 ], [ -72.682, -16.58 ], [ -72.682, -16.579 ] ], [ [ -72.621, -16.64 ], [ -72.622, -16.632 ], [ -72.622, -16.638 ], [ -72.621, -16.64 ] ], [ [ -72.622, -16.63 ], [ -72.619, -16.621 ], [ -72.622, -16.628 ], [ -72.622, -16.63 ] ], [ [ -72.706, -16.61 ], [ -72.725, -16.61 ], [ -72.715, -16.612 ], [ -72.706, -16.61 ] ], [ [ -72.733, -16.424 ], [ -72.734, -16.432 ], [ -72.731, -16.42 ], [ -72.733, -16.424 ] ], [ [ -72.749, -16.469 ], [ -72.755, -16.482 ], [ -72.745, -16.464 ], [ -72.749, -16.469 ] ], [ [ -72.768, -16.512 ], [ -72.768, -16.515 ], [ -72.765, -16.504 ], [ -72.768, -16.512 ] ], [ [ -72.751, -16.574 ], [ -72.751, -16.571 ], [ -72.754, -16.56 ], [ -72.751, -16.574 ] ] ] } },
{ "type": "Feature", "properties": { "DEPARTAMEN": "AREQUIPA", "PROVINCIA": "CARAVELI", "clave": "AREQUIPA|CARAVELI" }, "geometry": { "type": "Polygon", "coordinates": [ [ [ -74.246, -15.876 ], [ -74.253, -15.854 ], [ -74.276, -15.84 ], [ -74.311, -15.847 ], [ -74.313, -15.84 ], [ -74.327, -15.85 ], [ -74.327, -15.842 ], [ -74.395, -15.829 ], [ -74.437, -15.797 ], [ -74.463, -15.755 ], [ -74.463, -15.726 ], [ -74.472, -15.719 ], [ -74.686, -15.642 ], [ -74.791, -15.582 ], [ -74.844, -15.565 ], [ -74.854, -15.573 ], [ -74.848, -15.555 ], [ -74.888, -15.524 ], [ -74.974, -15.491 ], [ -74.985, -15.47 ], [ -75.001, -15.462 ], [ -75.045, -15.458 ], [ -75.073, -15.443 ], [ -75.046, -15.43 ], [ -75.018, -15.382 ], [ -75.017, -15.351 ], [ -74.968, -15.299 ], [ -74.964, -15.254 ], [ -74.929, -15.192 ], [ -74.874, -15.152 ], [ -74.856, -15.157 ], [ -74.815, -15.139 ], [ -74.762, -15.098 ], [ -74.739, -15.123 ], [ -74.72, -15.126 ], [ -74.717, -15.138 ], [ -74.679, -15.132 ], [ -74.652, -15.139 ], [ -74.628, -15.124 ], [ -74.605, -15.149 ], [ -74.553, -15.14 ], [ -74.514, -15.148 ], [ -74.503, -15.162 ], [ -74.466, -15.173 ], [ -74.418, -15.169 ], [ -74.399, -15.181 ], [ -74.39, -15.204 ], [ -74.401, -15.221 ], [ -74.388, -15.249 ], [ -74.415, -15.299 ], [ -74.378, -15.332 ], [ -74.346, -15.336 ], [ -74.334, -15.353 ], [ -74.309, -15.36 ], [ -74.329, -15.394 ], [ -74.318, -15.439 ], [ -74.302, -15.452 ], [ -74.311, -15.463 ], [ -74.3, -15.478 ], [ -74.265, -15.475 ], [ -74.194, -15.492 ], [ -74.166, -15.484 ], [ -74.148, -15.449 ], [ -74.15, -15.428 ], [ -74.133, -15.415 ], [ -74.087, -15.391 ], [ -74.059, -15.409 ], [ -74.037, -15.455 ], [ -74.043, -15.491 ], [ -74.073, -15.502 ], [ -74.079, -15.516 ], [ -74.067, -15.539 ], [ -74.077, -15.552 ], [ -74.085, -15.619 ], [ -74.069, -15.63 ], [ -74.02, -15.6 ], [ -74.01, -15.559 ], [ -73.969, -15.533 ], [ -73.94, -15.483 ], [ -73.889, -15.439 ], [ -73.877, -15.442 ], [ -73.868, -15.426 ], [ -73.877, -15.389 ], [ -73.871, -15.38 ], [ -73.884, -15.337 ], [ -73.866, -15.324 ], [ -73.806, -15.324 ], [ -73.793, -15.34 ], [ -73.776, -15.339 ], [ -73.759, -15.385 ], [ -73.691, -15.436 ], [ -73.652, -15.416 ], [ -73.622, -15.423 ], [ -73.594, -15.404 ], [ -73.556, -15.408 ], [ -73.44, -15.356 ], [ -73.427, -15.364 ], [ -73.43, -15.379 ], [ -73.417, -15.376 ], [ -73.391, -15.399 ], [ -73.364, -15.387 ], [ -73.336, -15.405 ], [ -73.275, -15.393 ], [ -73.262, -15.403 ], [ -73.22, -15.5 ], [ -73.204, -15.515 ], [ -73.226, -15.57 ], [ -73.217, -15.646 ], [ -73.225, -15.664 ], [ -73.226, -15.664 ], [ -73.241, -15.686 ], [ -73.262, -15.825 ], [ -73.25, -15.869 ], [ -73.229, -15.884 ], [ -73.235, -15.908 ], [ -73.225, -15.927 ], [ -73.23, -15.953 ], [ -73.221, -15.991 ], [ -73.24, -15.999 ], [ -73.224, -16.064 ], [ -73.222, -16.119 ], [ -73.203, -16.153 ], [ -73.195, -16.279 ], [ -73.218, -16.287 ], [ -73.24, -16.354 ], [ -73.275, -16.371 ], [ -73.292, -16.405 ], [ -73.306, -16.375 ], [ -73.304, -16.349 ], [ -73.372, -16.312 ], [ -73.462, -16.279 ], [ -73.485, -16.283 ], [ -73.559, -16.244 ], [ -73.567, -16.25 ], [ -73.62, -16.23 ], [ -73.649, -16.234 ], [ -73.676, -16.224 ], [ -73.7, -16.242 ], [ -73.7, -16.22 ], [ -73.728, -16.195 ], [ -73.87, -16.135 ], [ -73.887, -16.11 ], [ -73.902, -16.106 ], [ -73.902, -16.104 ], [ -73.953, -16.075 ], [ -73.99, -16.039 ], [ -74.018, -16.037 ], [ -74.033, -16.018 ], [ -74.025, -15.994 ], [ -74.052, -15.956 ], [ -74.175, -15.897 ], [ -74.246, -15.876 ] ], [ [ -74.062, -15.673 ], [ -74.074, -15.676 ], [ -74.064, -15.674 ], [ -74.062, -15.673 ] ], [ [ -74.907, -15.243 ], [ -74.908, -15.246 ], [ -74.899, -15.226 ], [ -74.907, -15.243 ] ], [ [ -74.891, -15.207 ], [ -74.893, -15.211 ], [ -74.891, -15.209 ], [ -74.891, -15.207 ] ], [ [ -74.219, -15.664 ], [ -74.2, -15.665 ], [ -74.218, -15.661 ], [ -74.219, -15.664 ] ], [ [ -74.531, -15.606 ], [ -74.526, -15.603 ], [ -74.523, -15.599 ], [ -74.531, -15.606 ] ], [ [ -74.526, -15.593 ], [ -74.534, -15.586 ], [ -74.534, -15.587 ], [ -74.526, -15.593 ] ], [ [ -74.377, -15.509 ], [ -74.373, -15.508 ], [ -74.376, -15.508 ], [ -74.377, -15.509 ] ], [ [ -74.251, -15.488 ], [ -74.245, -15.484 ], [ -74.249, -15.485 ], [ -74.251, -15.488 ] ], [ [ -74.262, -15.726 ], [ -74.263, -15.728 ], [ -74.262, -15.734 ], [ -74.262, -15.726 ] ], [ [ -74.509, -15.504 ], [ -74.51, -15.507 ], [ -74.507, -15.518 ], [ -74.509, -15.504 ] ], [ [ -74.508, -15.498 ], [ -74.509, -15.499 ], [ -74.509, -15.5 ], [ -74.508, -15.498 ] ], [ [ -74.507, -15.498 ], [ -74.502, -15.498 ], [ -74.506, -15.497 ], [ -74.507, -15.498 ] ], [ [ -74.459, -15.427 ], [ -74.461, -15.42 ], [ -74.46, -15.43 ], [ -74.459, -15.427 ] ], [ [ -74.464, -15.373 ], [ -74.466, -15.376 ], [ -74.466, -15.377 ], [ -74.464, -15.373 ] ], [ [ -73.679, -15.791 ], [ -73.673, -15.792 ], [ -73.672, -15.791 ], [ -73.679, -15.791 ] ], [ [ -73.508, -15.736 ], [ -73.509, -15.737 ], [ -73.504, -15.738 ], [ -73.508, -15.736 ] ], [ [ -73.501, -15.735 ], [ -73.502, -15.737 ], [ -73.492, -15.744 ], [ -73.501, -15.735 ] ], [ [ -73.238, -16.038 ], [ -73.243, -16.044 ], [ -73.235, -16.036 ], [ -73.238, -16.038 ] ], [ [ -73.618, -15.439 ], [ -73.617, -15.429 ], [ -73.618, -15.428 ], [ -73.618, -15.439 ] ], [ [ -73.847, -15.559 ], [ -73.85, -15.558 ], [ -73.846, -15.561 ], [ -73.847, -15.559 ] ], [ [ -73.841, -15.567 ], [ -73.842, -15.566 ], [ -73.842, -15.567 ], [ -73.841, -15.567 ] ] ] } },
{ "type": "Feature", "properties": { "DEPARTAMEN": "AREQUIPA", "PROVINCIA": "CASTILLA", "clave": "AREQUIPA|CASTILLA" }, "geometry": { "type": "Polygon", "coordinates": [ [ [ -72.356, -16.176 ], [ -72.359, -16.202 ], [ -72.369, -16.212 ], [ -72.375, -16.282 ], [ -72.367, -16.293 ], [ -72.381, -16.289 ], [ -72.401, -16.312 ], [ -72.437, -16.32 ], [ -72.444, -16.365 ], [ -72.466, -16.383 ], [ -72.483, -16.357 ], [ -72.523, -16.41 ], [ -72.56, -16.397 ], [ -72.573, -16.421 ], [ -72.594, -16.43 ], [ -72.62, -16.355 ], [ -72.656, -16.292 ], [ -72.654, -16.255 ], [ -72.65, -16.247 ], [ -72.651, -16.242 ], [ -72.664, -16.248 ], [ -72.687, -16.219 ], [ -72.694, -16.164 ], [ -72.687, -16.121 ], [ -72.708, -16.092 ], [ -72.713, -16.054 ], [ -72.702, -16.008 ], [ -72.679, -15.981 ], [ -72.665, -16.018 ], [ -72.617, -16.012 ], [ -72.576, -16.028 ], [ -72.585, -15.997 ], [ -72.607, -15.973 ], [ -72.59, -15.963 ], [ -72.592, -15.936 ], [ -72.544, -15.923 ], [ -72.508, -15.892 ], [ -72.528, -15.863 ], [ -72.546, -15.808 ], [ -72.575, -15.785 ], [ -72.603, -15.728 ], [ -72.617, -15.721 ], [ -72.625, -15.703 ], [ -72.663, -15.711 ], [ -72.684, -15.67 ], [ -72.704, -15.655 ], [ -72.702, -15.634 ], [ -72.724, -15.603 ], [ -72.702, -15.569 ], [ -72.675, -15.551 ], [ -72.661, -15.546 ], [ -72.608, -15.56 ], [ -72.572, -15.539 ], [ -72.55, -15.54 ], [ -72.527, -15.505 ], [ -72.516, -15.497 ], [ -72.508, -15.478 ], [ -72.523, -15.439 ], [ -72.52, -15.407 ], [ -72.461, -15.388 ], [ -72.441, -15.398 ], [ -72.427, -15.369 ], [ -72.437, -15.299 ], [ -72.42, -15.271 ], [ -72.365, -15.24 ], [ -72.377, -15.198 ], [ -72.357, -15.155 ], [ -72.372, -15.122 ], [ -72.353, -15.096 ], [ -72.317, -15.094 ], [ -72.265, -15.043 ], [ -72.253, -14.946 ], [ -72.211, -14.909 ], [ -72.166, -14.896 ], [ -72.149, -14.881 ], [ -72.099, -14.891 ], [ -72.11, -14.918 ], [ -72.102, -14.955 ], [ -72.072, -14.937 ], [ -72.046, -14.941 ], [ -72.046, -14.907 ], [ -72.034, -14.899 ], [ -72.028, -14.877 ], [ -72.002, -14.886 ], [ -71.976, -14.869 ], [ -71.952, -14.837 ], [ -71.942, -14.917 ], [ -71.92, -14.935 ], [ -71.914, -14.955 ], [ -71.921, -14.968 ], [ -71.933, -14.966 ], [ -71.946, -14.978 ], [ -71.957, -15.034 ], [ -71.982, -15.064 ], [ -71.975, -15.079 ], [ -71.959, -15.083 ], [ -71.947, -15.11 ], [ -71.973, -15.136 ], [ -71.901, -15.171 ], [ -71.919, -15.196 ], [ -71.922, -15.22 ], [ -71.946, -15.227 ], [ -71.943, -15.247 ], [ -71.96, -15.269 ], [ -71.962, -15.311 ], [ -71.974, -15.316 ], [ -71.985, -15.341 ], [ -71.98, -15.37 ], [ -71.994, -15.401 ], [ -72.001, -15.462 ], [ -71.995, -15.501 ], [ -72.004, -15.529 ], [ -71.991, -15.549 ], [ -71.995, -15.568 ], [ -72.003, -15.582 ], [ -72.033, -15.58 ], [ -72.04, -15.594 ], [ -72.113, -15.609 ], [ -72.162, -15.659 ], [ -72.209, -15.682 ], [ -72.233, -15.712 ], [ -72.238, -15.698 ], [ -72.237, -15.723 ], [ -72.276, -15.784 ], [ -72.275, -15.802 ], [ -72.293, -15.794 ], [ -72.312, -15.812 ], [ -72.297, -15.828 ], [ -72.298, -15.873 ], [ -72.282, -15.882 ], [ -72.296, -15.924 ], [ -72.225, -15.961 ], [ -72.252, -16.008 ], [ -72.229, -16.032 ], [ -72.258, -16.064 ], [ -72.253, -16.096 ], [ -72.27, -16.136 ], [ -72.317, -16.137 ], [ -72.374, -16.163 ], [ -72.356, -16.176 ] ], [ [ -72.526, -15.507 ], [ -72.523, -15.507 ], [ -72.527, -15.505 ], [ -72.526, -15.507 ] ], [ [ -72.395, -15.555 ], [ -72.397, -15.551 ], [ -72.396, -15.555 ], [ -72.395, -15.555 ] ], [ [ -72.4, -15.56 ], [ -72.397, -15.556 ], [ -72.408, -15.564 ], [ -72.4, -15.56 ] ], [ [ -72.468, -15.784 ], [ -72.471, -15.775 ], [ -72.469, -15.785 ], [ -72.468, -15.785 ], [ -72.468, -15.784 ] ], [ [ -72.471, -15.788 ], [ -72.471, -15.793 ], [ -72.469, -15.785 ], [ -72.471, -15.788 ] ], [ [ -72.441, -15.845 ], [ -72.444, -15.849 ], [ -72.444, -15.851 ], [ -72.441, -15.845 ] ], [ [ -72.534, -15.804 ], [ -72.535, -15.804 ], [ -72.527, -15.809 ], [ -72.534, -15.804 ] ], [ [ -72.528, -15.706 ], [ -72.532, -15.703 ], [ -72.538, -15.701 ], [ -72.528, -15.706 ] ], [ [ -72.526, -15.702 ], [ -72.521, -15.701 ], [ -72.516, -15.698 ], [ -72.526, -15.702 ] ], [ [ -72.556, -16.098 ], [ -72.553, -16.099 ], [ -72.559, -16.093 ], [ -72.556, -16.098 ] ], [ [ -72.543, -16.109 ], [ -72.533, -16.108 ], [ -72.545, -16.108 ], [ -72.543, -16.109 ] ], [ [ -72.344, -15.321 ], [ -72.345, -15.321 ], [ -72.339, -15.329 ], [ -72.344, -15.321 ] ], [ [ -72.316, -15.391 ], [ -72.325, -15.386 ], [ -72.326, -15.388 ], [ -72.316, -15.391 ] ], [ [ -72.31, -15.39 ], [ -72.309, -15.389 ], [ -72.316, -15.391 ], [ -72.31, -15.39 ] ], [ [ -72.218, -15.527 ], [ -72.21, -15.53 ], [ -72.204, -15.53 ], [ -72.218, -15.527 ] ], [ [ -72.2, -15.529 ], [ -72.201, -15.53 ], [ -72.198, -15.532 ], [ -72.2, -15.529 ] ], [ [ -72.397, -15.857 ], [ -72.396, -15.856 ], [ -72.403, -15.858 ], [ -72.397, -15.857 ] ], [ [ -72.391, -15.853 ], [ -72.389, -15.849 ], [ -72.393, -15.854 ], [ -72.391, -15.853 ] ], [ [ -72.328, -15.829 ], [ -72.329, -15.829 ], [ -72.329, -15.83 ], [ -72.327, -15.835 ], [ -72.328, -15.829 ] ], [ [ -72.257, -15.38 ], [ -72.261, -15.377 ], [ -72.26, -15.379 ], [ -72.257, -15.38 ] ], [ [ -72.232, -15.383 ], [ -72.233, -15.38 ], [ -72.233, -15.383 ], [ -72.232, -15.383 ] ], [ [ -72.279, -15.472 ], [ -72.288, -15.481 ], [ -72.277, -15.472 ], [ -72.279, -15.472 ] ], [ [ -72.286, -15.511 ], [ -72.28, -15.518 ], [ -72.287, -15.508 ], [ -72.286, -15.511 ] ], [ [ -72.285, -15.385 ], [ -72.288, -15.382 ], [ -72.291, -15.382 ], [ -72.285, -15.385 ] ], [ [ -72.265, -15.377 ], [ -72.263, -15.376 ], [ -72.264, -15.375 ], [ -72.265, -15.377 ] ], [ [ -72.045, -15.167 ], [ -72.046, -15.167 ], [ -72.044, -15.171 ], [ -72.045, -15.167 ] ], [ [ -72.18, -15.075 ], [ -72.183, -15.083 ], [ -72.179, -15.074 ], [ -72.18, -15.075 ] ], [ [ -72.137, -15.069 ], [ -72.168, -15.07 ], [ -72.139, -15.07 ], [ -72.137, -15.069 ] ], [ [ -72.117, -14.996 ], [ -72.105, -15.008 ], [ -72.106, -15.006 ], [ -72.117, -14.996 ] ] ] } },
{ "type": "Feature", "properties": { "DEPARTAMEN": "AREQUIPA", "PROVINCIA": "CAYLLOMA", "clave": "AREQUIPA|CAYLLOMA" }, "geometry": { "type": "Polygon", "coordinates": [ [ [ -72.182, -16.411 ], [ -72.205, -16.495 ], [ -72.231, -16.528 ], [ -72.254, -16.533 ], [ -72.289, -16.586 ], [ -72.308, -16.583 ], [ -72.319, -16.606 ], [ -72.326, -16.607 ], [ -72.33, -16.593 ], [ -72.356, -16.589 ], [ -72.392, -16.612 ], [ -72.408, -16.603 ], [ -72.431, -16.607 ], [ -72.451, -16.6 ], [ -72.455, -16.557 ], [ -72.48, -16.565 ], [ -72.493, -16.558 ], [ -72.498, -16.572 ], [ -72.523, -16.575 ], [ -72.527, -16.564 ], [ -72.565, -16.573 ], [ -72.568, -16.563 ], [ -72.583, -16.559 ], [ -72.587, -16.541 ], [ -72.605, -16.537 ], [ -72.572, -16.512 ], [ -72.546, -16.513 ], [ -72.533, -16.493 ], [ -72.512, -16.491 ], [ -72.485, -16.451 ], [ -72.47, -16.386 ], [ -72.444, -16.365 ], [ -72.437, -16.32 ], [ -72.401, -16.312 ], [ -72.381, -16.289 ], [ -72.367, -16.293 ], [ -72.375, -16.282 ], [ -72.369, -16.212 ], [ -72.359, -16.202 ], [ -72.356, -16.176 ], [ -72.369, -16.161 ], [ -72.313, -16.136 ], [ -72.275, -16.139 ], [ -72.265, -16.13 ], [ -72.253, -16.096 ], [ -72.258, -16.064 ], [ -72.229, -16.032 ], [ -72.25, -16.011 ], [ -72.25, -15.999 ], [ -72.224, -15.961 ], [ -72.296, -15.924 ], [ -72.282, -15.882 ], [ -72.298, -15.873 ], [ -72.297, -15.828 ], [ -72.312, -15.812 ], [ -72.293, -15.794 ], [ -72.275, -15.802 ], [ -72.271, -15.773 ], [ -72.208, -15.681 ], [ -72.162, -15.659 ], [ -72.113, -15.609 ], [ -72.04, -15.594 ], [ -72.033, -15.58 ], [ -72.002, -15.581 ], [ -71.995, -15.568 ], [ -71.991, -15.55 ], [ -72.004, -15.529 ], [ -71.995, -15.501 ], [ -72.001, -15.462 ], [ -71.994, -15.401 ], [ -71.98, -15.37 ], [ -71.985, -15.341 ], [ -71.974, -15.316 ], [ -71.962, -15.311 ], [ -71.96, -15.269 ], [ -71.943, -15.246 ], [ -71.946, -15.227 ], [ -71.922, -15.22 ], [ -71.902, -15.169 ], [ -71.968, -15.141 ], [ -71.947, -15.11 ], [ -71.959, -15.083 ], [ -71.975, -15.079 ], [ -71.982, -15.064 ], [ -71.957, -15.034 ], [ -71.946, -14.978 ], [ -71.914, -14.957 ], [ -71.92, -14.935 ], [ -71.942, -14.917 ], [ -71.943, -14.877 ], [ -71.953, -14.866 ], [ -71.948, -14.828 ], [ -71.94, -14.823 ], [ -71.914, -14.834 ], [ -71.908, -14.805 ], [ -71.894, -14.79 ], [ -71.876, -14.801 ], [ -71.869, -14.836 ], [ -71.855, -14.855 ], [ -71.86, -14.884 ], [ -71.827, -14.889 ], [ -71.826, -14.907 ], [ -71.793, -14.896 ], [ -71.785, -14.913 ], [ -71.746, -14.94 ], [ -71.77, -14.982 ], [ -71.766, -15.01 ], [ -71.849, -15.045 ], [ -71.838, -15.075 ], [ -71.815, -15.078 ], [ -71.801, -15.067 ], [ -71.773, -15.082 ], [ -71.674, -15.089 ], [ -71.643, -15.132 ], [ -71.619, -15.146 ], [ -71.589, -15.13 ], [ -71.572, -15.062 ], [ -71.513, -15.08 ], [ -71.486, -15.059 ], [ -71.485, -15.039 ], [ -71.504, -15.027 ], [ -71.51, -15.005 ], [ -71.507, -14.976 ], [ -71.448, -14.98 ], [ -71.443, -14.996 ], [ -71.427, -15.002 ], [ -71.417, -15.034 ], [ -71.397, -15.045 ], [ -71.372, -15.08 ], [ -71.33, -15.099 ], [ -71.322, -15.119 ], [ -71.31, -15.119 ], [ -71.261, -15.078 ], [ -71.266, -15.063 ], [ -71.244, -15.057 ], [ -71.226, -15.069 ], [ -71.215, -15.049 ], [ -71.207, -15.051 ], [ -71.195, -15.09 ], [ -71.166, -15.097 ], [ -71.144, -15.121 ], [ -71.149, -15.138 ], [ -71.185, -15.17 ], [ -71.16, -15.208 ], [ -71.203, -15.245 ], [ -71.192, -15.273 ], [ -71.165, -15.29 ], [ -71.166, -15.321 ], [ -71.151, -15.356 ], [ -71.172, -15.388 ], [ -71.175, -15.422 ], [ -71.147, -15.441 ], [ -71.12, -15.427 ], [ -71.104, -15.453 ], [ -71.085, -15.458 ], [ -71.039, -15.405 ], [ -71.027, -15.432 ], [ -70.994, -15.455 ], [ -70.995, -15.472 ], [ -71.018, -15.5 ], [ -71.008, -15.519 ], [ -71.018, -15.529 ], [ -71.007, -15.543 ], [ -71.007, -15.564 ], [ -70.982, -15.598 ], [ -70.927, -15.63 ], [ -70.918, -15.644 ], [ -70.918, -15.686 ], [ -70.9, -15.712 ], [ -70.905, -15.737 ], [ -70.923, -15.746 ], [ -70.942, -15.775 ], [ -70.89, -15.852 ], [ -70.893, -15.888 ], [ -70.866, -15.889 ], [ -70.845, -15.922 ], [ -70.865, -15.928 ], [ -70.876, -15.947 ], [ -70.906, -15.943 ], [ -70.961, -15.97 ], [ -71.031, -15.975 ], [ -71.068, -16.004 ], [ -71.087, -15.997 ], [ -71.087, -15.981 ], [ -71.116, -15.988 ], [ -71.144, -15.983 ], [ -71.153, -16.002 ], [ -71.188, -16.012 ], [ -71.202, -16.026 ], [ -71.269, -15.982 ], [ -71.274, -15.954 ], [ -71.309, -15.955 ], [ -71.325, -15.94 ], [ -71.371, -15.927 ], [ -71.443, -15.926 ], [ -71.451, -15.935 ], [ -71.468, -15.927 ], [ -71.529, -15.93 ], [ -71.532, -15.944 ], [ -71.576, -15.99 ], [ -71.627, -15.979 ], [ -71.652, -15.988 ], [ -71.664, -15.961 ], [ -71.691, -15.934 ], [ -71.704, -15.934 ], [ -71.712, -15.947 ], [ -71.708, -15.985 ], [ -71.725, -15.989 ], [ -71.755, -16.03 ], [ -71.815, -16.051 ], [ -71.818, -16.062 ], [ -71.827, -16.059 ], [ -71.841, -16.086 ], [ -71.864, -16.103 ], [ -71.87, -16.13 ], [ -71.888, -16.146 ], [ -71.913, -16.159 ], [ -71.964, -16.137 ], [ -71.996, -16.139 ], [ -72.058, -16.208 ], [ -72.093, -16.188 ], [ -72.073, -16.209 ], [ -72.182, -16.411 ] ], [ [ -71.587, -15.175 ], [ -71.586, -15.172 ], [ -71.592, -15.178 ], [ -71.587, -15.175 ] ], [ [ -71.591, -15.392 ], [ -71.584, -15.391 ], [ -71.593, -15.389 ], [ -71.591, -15.392 ] ], [ [ -71.59, -15.398 ], [ -71.59, -15.397 ], [ -71.591, -15.398 ], [ -71.59, -15.398 ] ], [ [ -71.732, -15.514 ], [ -71.719, -15.511 ], [ -71.72, -15.51 ], [ -71.732, -15.514 ] ], [ [ -71.737, -15.648 ], [ -71.737, -15.646 ], [ -71.739, -15.641 ], [ -71.737, -15.648 ] ], [ [ -71.76, -15.804 ], [ -71.76, -15.803 ], [ -71.769, -15.808 ], [ -71.76, -15.804 ] ], [ [ -71.782, -15.885 ], [ -71.784, -15.883 ], [ -71.788, -15.883 ], [ -71.782, -15.885 ] ], [ [ -71.811, -15.624 ], [ -71.818, -15.62 ], [ -71.812, -15.626 ], [ -71.811, -15.624 ] ], [ [ -71.788, -15.636 ], [ -71.786, -15.636 ], [ -71.785, -15.635 ], [ -71.788, -15.636 ] ], [ [ -72.092, -16.058 ], [ -72.087, -16.055 ], [ -72.092, -16.057 ], [ -72.092, -16.058 ] ], [ [ -72.094, -16.037 ], [ -72.095, -16.037 ], [ -72.101, -16.038 ], [ -72.094, -16.037 ] ], [ [ -72.088, -16.039 ], [ -72.089, -16.038 ], [ -72.091, -16.038 ], [ -72.088, -16.039 ] ], [ [ -71.913, -16.083 ], [ -71.915, -16.076 ], [ -71.914, -16.086 ], [ -71.913, -16.083 ] ], [ [ -71.907, -16.061 ], [ -71.908, -16.06 ], [ -71.909, -16.061 ], [ -71.907, -16.061 ] ], [ [ -71.805, -15.895 ], [ -71.801, -15.888 ], [ -71.806, -15.895 ], [ -71.805, -15.895 ] ], [ [ -72.0, -15.817 ], [ -72.01, -15.83 ], [ -72.001, -15.821 ], [ -72.0, -15.817 ] ], [ [ -71.915, -15.569 ], [ -71.913, -15.566 ], [ -71.919, -15.571 ], [ -71.915, -15.569 ] ], [ [ -71.831, -15.456 ], [ -71.831, -15.455 ], [ -71.832, -15.455 ], [ -71.851, -15.466 ], [ -71.831, -15.456 ] ], [ [ -71.69, -15.397 ], [ -71.694, -15.38 ], [ -71.693, -15.388 ], [ -71.69, -15.397 ] ], [ [ -71.68, -15.416 ], [ -71.682, -15.414 ], [ -71.682, -15.415 ], [ -71.68, -15.416 ] ], [ [ -71.843, -15.4 ], [ -71.855, -15.405 ], [ -71.854, -15.405 ], [ -71.843, -15.4 ] ], [ [ -71.857, -15.351 ], [ -71.859, -15.356 ], [ -71.857, -15.354 ], [ -71.857, -15.351 ] ], [ [ -71.865, -15.373 ], [ -71.863, -15.379 ], [ -71.862, -15.38 ], [ -71.865, -15.373 ] ], [ [ -71.68, -15.658 ], [ -71.684, -15.658 ], [ -71.682, -15.661 ], [ -71.68, -15.658 ] ], [ [ -71.664, -15.685 ], [ -71.677, -15.662 ], [ -71.668, -15.68 ], [ -71.664, -15.685 ] ], [ [ -71.671, -15.518 ], [ -71.661, -15.517 ], [ -71.664, -15.516 ], [ -71.671, -15.518 ] ], [ [ -71.586, -15.572 ], [ -71.586, -15.573 ], [ -71.585, -15.573 ], [ -71.586, -15.572 ] ], [ [ -71.58, -15.57 ], [ -71.577, -15.562 ], [ -71.58, -15.569 ], [ -71.58, -15.57 ] ], [ [ -71.572, -15.559 ], [ -71.57, -15.559 ], [ -71.568, -15.558 ], [ -71.572, -15.559 ] ], [ [ -71.557, -15.539 ], [ -71.547, -15.534 ], [ -71.555, -15.537 ], [ -71.557, -15.539 ] ], [ [ -71.526, -15.523 ], [ -71.513, -15.525 ], [ -71.517, -15.524 ], [ -71.526, -15.523 ] ], [ [ -71.469, -15.585 ], [ -71.48, -15.601 ], [ -71.47, -15.587 ], [ -71.469, -15.585 ] ], [ [ -71.201, -15.676 ], [ -71.202, -15.676 ], [ -71.203, -15.678 ], [ -71.201, -15.677 ], [ -71.201, -15.676 ] ], [ [ -71.001, -15.584 ], [ -71.007, -15.596 ], [ -71.003, -15.591 ], [ -71.001, -15.584 ] ], [ [ -71.208, -15.681 ], [ -71.208, -15.683 ], [ -71.206, -15.68 ], [ -71.208, -15.681 ] ], [ [ -71.202, -15.715 ], [ -71.201, -15.714 ], [ -71.203, -15.709 ], [ -71.202, -15.715 ] ], [ [ -71.423, -15.925 ], [ -71.421, -15.924 ], [ -71.421, -15.923 ], [ -71.423, -15.925 ] ], [ [ -71.662, -15.688 ], [ -71.663, -15.687 ], [ -71.663, -15.698 ], [ -71.662, -15.688 ] ], [ [ -71.661, -15.74 ], [ -71.662, -15.737 ], [ -71.661, -15.745 ], [ -71.661, -15.74 ] ], [ [ -71.657, -15.764 ], [ -71.659, -15.758 ], [ -71.658, -15.766 ], [ -71.657, -15.764 ] ], [ [ -71.65, -15.983 ], [ -71.651, -15.979 ], [ -71.651, -15.983 ], [ -71.65, -15.983 ] ], [ [ -71.487, -15.513 ], [ -71.49, -15.511 ], [ -71.491, -15.512 ], [ -71.487, -15.513 ] ], [ [ -71.392, -15.42 ], [ -71.403, -15.424 ], [ -71.391, -15.421 ], [ -71.392, -15.42 ] ], [ [ -71.265, -15.324 ], [ -71.264, -15.322 ], [ -71.27, -15.327 ], [ -71.265, -15.324 ] ], [ [ -71.261, -15.316 ], [ -71.261, -15.312 ], [ -71.263, -15.32 ], [ -71.261, -15.316 ] ], [ [ -71.511, -15.523 ], [ -71.51, -15.52 ], [ -71.512, -15.523 ], [ -71.511, -15.523 ] ], [ [ -71.555, -15.215 ], [ -71.551, -15.217 ], [ -71.552, -15.215 ], [ -71.555, -15.215 ] ], [ [ -71.546, -15.282 ], [ -71.56, -15.298 ], [ -71.552, -15.29 ], [ -71.546, -15.282 ] ], [ [ -71.421, -15.434 ], [ -71.419, -15.43 ], [ -71.42, -15.43 ], [ -71.421, -15.434 ] ] ] } },
{ "type": "Feature", "properties": { "DEPARTAMEN": "AREQUIPA", "PROVINCIA": "CONDESUYOS", "clave": "AREQUIPA|CONDESUYOS" }, "geometry": { "type": "Polygon", "coordinates": [ [ [ -72.704, -15.655 ], [ -72.684, -15.67 ], [ -72.663, -15.711 ], [ -72.625, -15.703 ], [ -72.617, -15.721 ], [ -72.603, -15.728 ], [ -72.575, -15.785 ], [ -72.543, -15.813 ], [ -72.528, -15.863 ], [ -72.507, -15.891 ], [ -72.519, -15.909 ], [ -72.544, -15.923 ], [ -72.592, -15.936 ], [ -72.59, -15.963 ], [ -72.607, -15.973 ], [ -72.585, -15.997 ], [ -72.576, -16.028 ], [ -72.617, -16.012 ], [ -72.665, -16.018 ], [ -72.679, -15.981 ], [ -72.702, -16.008 ], [ -72.713, -16.054 ], [ -72.708, -16.092 ], [ -72.687, -16.121 ], [ -72.694, -16.164 ], [ -72.687, -16.219 ], [ -72.665, -16.247 ], [ -72.651, -16.248 ], [ -72.656, -16.292 ], [ -72.62, -16.355 ], [ -72.594, -16.43 ], [ -72.603, -16.462 ], [ -72.625, -16.457 ], [ -72.67, -16.424 ], [ -72.713, -16.363 ], [ -72.752, -16.327 ], [ -72.797, -16.31 ], [ -72.809, -16.271 ], [ -72.81, -16.221 ], [ -72.841, -16.175 ], [ -72.844, -16.123 ], [ -72.88, -16.05 ], [ -72.912, -16.03 ], [ -72.957, -16.036 ], [ -72.998, -16.019 ], [ -73.066, -16.018 ], [ -73.107, -15.989 ], [ -73.124, -16.013 ], [ -73.14, -16.006 ], [ -73.165, -16.02 ], [ -73.175, -16.007 ], [ -73.151, -15.98 ], [ -73.171, -15.915 ], [ -73.199, -15.884 ], [ -73.249, -15.87 ], [ -73.262, -15.825 ], [ -73.241, -15.686 ], [ -73.217, -15.646 ], [ -73.226, -15.57 ], [ -73.205, -15.511 ], [ -73.117, -15.572 ], [ -73.084, -15.562 ], [ -73.035, -15.519 ], [ -72.997, -15.503 ], [ -72.981, -15.479 ], [ -72.985, -15.46 ], [ -72.967, -15.399 ], [ -72.932, -15.395 ], [ -72.893, -15.41 ], [ -72.862, -15.397 ], [ -72.842, -15.355 ], [ -72.837, -15.318 ], [ -72.814, -15.306 ], [ -72.79, -15.278 ], [ -72.783, -15.244 ], [ -72.74, -15.253 ], [ -72.664, -15.233 ], [ -72.646, -15.239 ], [ -72.62, -15.22 ], [ -72.601, -15.225 ], [ -72.574, -15.201 ], [ -72.531, -15.2 ], [ -72.497, -15.169 ], [ -72.506, -15.154 ], [ -72.485, -15.109 ], [ -72.498, -15.08 ], [ -72.526, -15.06 ], [ -72.525, -15.051 ], [ -72.464, -15.03 ], [ -72.462, -15.023 ], [ -72.472, -15.017 ], [ -72.467, -15.01 ], [ -72.41, -14.993 ], [ -72.399, -14.957 ], [ -72.373, -14.958 ], [ -72.367, -14.948 ], [ -72.322, -14.93 ], [ -72.302, -14.898 ], [ -72.315, -14.834 ], [ -72.304, -14.825 ], [ -72.253, -14.804 ], [ -72.242, -14.812 ], [ -72.212, -14.803 ], [ -72.189, -14.778 ], [ -72.16, -14.786 ], [ -72.145, -14.778 ], [ -72.132, -14.79 ], [ -72.139, -14.812 ], [ -72.131, -14.828 ], [ -72.09, -14.857 ], [ -72.077, -14.884 ], [ -72.047, -14.887 ], [ -72.04, -14.839 ], [ -72.025, -14.829 ], [ -72.041, -14.81 ], [ -72.034, -14.793 ], [ -72.048, -14.739 ], [ -72.044, -14.703 ], [ -72.013, -14.646 ], [ -71.988, -14.633 ], [ -71.974, -14.658 ], [ -71.929, -14.689 ], [ -71.952, -14.704 ], [ -71.946, -14.711 ], [ -71.959, -14.733 ], [ -71.933, -14.756 ], [ -71.924, -14.79 ], [ -71.894, -14.79 ], [ -71.909, -14.809 ], [ -71.907, -14.826 ], [ -71.915, -14.834 ], [ -71.943, -14.824 ], [ -71.976, -14.869 ], [ -72.003, -14.886 ], [ -72.028, -14.877 ], [ -72.034, -14.899 ], [ -72.046, -14.907 ], [ -72.046, -14.941 ], [ -72.072, -14.937 ], [ -72.102, -14.955 ], [ -72.11, -14.918 ], [ -72.099, -14.891 ], [ -72.149, -14.881 ], [ -72.166, -14.896 ], [ -72.211, -14.909 ], [ -72.253, -14.946 ], [ -72.265, -15.043 ], [ -72.317, -15.094 ], [ -72.353, -15.096 ], [ -72.372, -15.122 ], [ -72.358, -15.153 ], [ -72.377, -15.198 ], [ -72.365, -15.242 ], [ -72.42, -15.271 ], [ -72.437, -15.299 ], [ -72.427, -15.369 ], [ -72.44, -15.397 ], [ -72.461, -15.388 ], [ -72.519, -15.406 ], [ -72.523, -15.439 ], [ -72.508, -15.475 ], [ -72.55, -15.54 ], [ -72.571, -15.539 ], [ -72.608, -15.56 ], [ -72.629, -15.56 ], [ -72.663, -15.543 ], [ -72.702, -15.569 ], [ -72.724, -15.603 ], [ -72.702, -15.634 ], [ -72.704, -15.655 ] ], [ [ -73.183, -15.776 ], [ -73.188, -15.772 ], [ -73.186, -15.775 ], [ -73.183, -15.776 ] ], [ [ -73.084, -15.861 ], [ -73.092, -15.859 ], [ -73.092, -15.86 ], [ -73.084, -15.861 ] ], [ [ -73.066, -15.868 ], [ -73.067, -15.868 ], [ -73.063, -15.869 ], [ -73.066, -15.868 ] ], [ [ -72.948, -15.858 ], [ -72.959, -15.859 ], [ -72.949, -15.859 ], [ -72.948, -15.858 ] ], [ [ -72.806, -15.663 ], [ -72.808, -15.667 ], [ -72.805, -15.664 ], [ -72.806, -15.663 ] ], [ [ -72.812, -15.632 ], [ -72.811, -15.641 ], [ -72.811, -15.637 ], [ -72.812, -15.632 ] ], [ [ -72.668, -15.535 ], [ -72.669, -15.535 ], [ -72.667, -15.538 ], [ -72.668, -15.535 ] ], [ [ -72.754, -15.943 ], [ -72.753, -15.941 ], [ -72.755, -15.937 ], [ -72.754, -15.943 ] ], [ [ -72.564, -15.805 ], [ -72.566, -15.817 ], [ -72.562, -15.801 ], [ -72.564, -15.805 ] ], [ [ -72.895, -15.424 ], [ -72.882, -15.442 ], [ -72.883, -15.439 ], [ -72.895, -15.424 ] ], [ [ -72.814, -15.553 ], [ -72.81, -15.557 ], [ -72.811, -15.555 ], [ -72.814, -15.553 ] ], [ [ -72.798, -15.58 ], [ -72.804, -15.588 ], [ -72.799, -15.583 ], [ -72.798, -15.58 ] ], [ [ -73.047, -15.579 ], [ -73.048, -15.578 ], [ -73.049, -15.579 ], [ -73.047, -15.579 ] ], [ [ -73.023, -15.595 ], [ -73.025, -15.588 ], [ -73.027, -15.586 ], [ -73.023, -15.595 ] ] ] } },
{ "type": "Feature", "properties": { "DEPARTAMEN": "AREQUIPA", "PROVINCIA": "ISLAY", "clave": "AREQUIPA|ISLAY" }, "geometry": { "type": "Polygon", "coordinates": [ [ [ -71.302, -17.094 ], [ -71.315, -17.123 ], [ -71.355, -17.151 ], [ -71.424, -17.237 ], [ -71.441, -17.252 ], [ -71.466, -17.255 ], [ -71.496, -17.285 ], [ -71.516, -17.266 ], [ -71.529, -17.271 ], [ -71.538, -17.254 ], [ -71.564, -17.262 ], [ -71.69, -17.212 ], [ -71.834, -17.175 ], [ -71.923, -17.088 ], [ -72.023, -17.022 ], [ -72.05, -17.011 ], [ -72.049, -17.02 ], [ -72.074, -17.022 ], [ -72.091, -17.012 ], [ -72.112, -17.016 ], [ -72.104, -16.996 ], [ -72.122, -16.978 ], [ -72.119, -16.97 ], [ -72.144, -16.966 ], [ -72.165, -16.948 ], [ -72.165, -16.938 ], [ -72.186, -16.929 ], [ -72.167, -16.892 ], [ -72.147, -16.875 ], [ -72.172, -16.85 ], [ -72.224, -16.835 ], [ -72.206, -16.799 ], [ -72.153, -16.795 ], [ -72.132, -16.767 ], [ -72.121, -16.779 ], [ -72.094, -16.768 ], [ -72.068, -16.785 ], [ -72.048, -16.78 ], [ -72.038, -16.792 ], [ -71.997, -16.799 ], [ -71.91, -16.675 ], [ -71.871, -16.713 ], [ -71.87, -16.786 ], [ -71.748, -16.698 ], [ -71.673, -16.706 ], [ -71.65, -16.695 ], [ -71.641, -16.706 ], [ -71.629, -16.684 ], [ -71.594, -16.687 ], [ -71.573, -16.7 ], [ -71.555, -16.684 ], [ -71.536, -16.699 ], [ -71.529, -16.734 ], [ -71.515, -16.741 ], [ -71.501, -16.767 ], [ -71.456, -16.758 ], [ -71.452, -16.733 ], [ -71.426, -16.741 ], [ -71.444, -16.816 ], [ -71.435, -16.836 ], [ -71.441, -16.863 ], [ -71.422, -16.896 ], [ -71.424, -16.919 ], [ -71.456, -16.934 ], [ -71.466, -16.953 ], [ -71.459, -16.961 ], [ -71.405, -16.957 ], [ -71.391, -16.978 ], [ -71.386, -17.021 ], [ -71.365, -17.014 ], [ -71.357, -17.024 ], [ -71.339, -17.022 ], [ -71.319, -17.041 ], [ -71.326, -17.056 ], [ -71.302, -17.094 ] ], [ [ -71.812, -16.978 ], [ -71.813, -16.978 ], [ -71.813, -16.979 ], [ -71.812, -16.978 ] ], [ [ -72.005, -16.81 ], [ -72.026, -16.873 ], [ -72.003, -16.808 ], [ -72.005, -16.81 ] ] ] } },
{ "type": "Feature", "properties": { "DEPARTAMEN": "AREQUIPA", "PROVINCIA": "LA UNION", "clave": "AREQUIPA|LA UNION" }, "geometry": { "type": "Polygon", "coordinates": [ [ [ -72.934, -15.394 ], [ -72.965, -15.398 ], [ -72.978, -15.419 ], [ -72.981, -15.479 ], [ -72.997, -15.503 ], [ -73.035, -15.519 ], [ -73.087, -15.564 ], [ -73.128, -15.569 ], [ -73.22, -15.5 ], [ -73.262, -15.403 ], [ -73.291, -15.371 ], [ -73.29, -15.334 ], [ -73.278, -15.318 ], [ -73.285, -15.295 ], [ -73.245, -15.286 ], [ -73.171, -15.307 ], [ -73.153, -15.283 ], [ -73.151, -15.261 ], [ -73.121, -15.231 ], [ -73.112, -15.187 ], [ -73.101, -15.188 ], [ -73.048, -15.135 ], [ -73.022, -15.132 ], [ -73.025, -15.092 ], [ -73.004, -15.064 ], [ -73.005, -15.009 ], [ -72.983, -14.972 ], [ -73.032, -14.897 ], [ -72.993, -14.804 ], [ -72.979, -14.806 ], [ -72.93, -14.758 ], [ -72.894, -14.772 ], [ -72.872, -14.761 ], [ -72.841, -14.765 ], [ -72.846, -14.76 ], [ -72.828, -14.702 ], [ -72.79, -14.65 ], [ -72.77, -14.665 ], [ -72.741, -14.645 ], [ -72.725, -14.644 ], [ -72.724, -14.677 ], [ -72.698, -14.679 ], [ -72.691, -14.689 ], [ -72.645, -14.667 ], [ -72.61, -14.677 ], [ -72.592, -14.727 ], [ -72.594, -14.714 ], [ -72.577, -14.687 ], [ -72.476, -14.659 ], [ -72.46, -14.676 ], [ -72.488, -14.723 ], [ -72.486, -14.743 ], [ -72.469, -14.763 ], [ -72.469, -14.787 ], [ -72.435, -14.79 ], [ -72.406, -14.827 ], [ -72.315, -14.834 ], [ -72.303, -14.887 ], [ -72.31, -14.916 ], [ -72.373, -14.958 ], [ -72.399, -14.957 ], [ -72.41, -14.993 ], [ -72.467, -15.01 ], [ -72.472, -15.017 ], [ -72.462, -15.023 ], [ -72.464, -15.03 ], [ -72.525, -15.051 ], [ -72.526, -15.06 ], [ -72.498, -15.08 ], [ -72.485, -15.108 ], [ -72.506, -15.154 ], [ -72.496, -15.168 ], [ -72.529, -15.199 ], [ -72.574, -15.201 ], [ -72.601, -15.225 ], [ -72.629, -15.221 ], [ -72.646, -15.239 ], [ -72.664, -15.233 ], [ -72.74, -15.253 ], [ -72.783, -15.244 ], [ -72.79, -15.278 ], [ -72.814, -15.306 ], [ -72.837, -15.318 ], [ -72.862, -15.397 ], [ -72.874, -15.406 ], [ -72.89, -15.403 ], [ -72.892, -15.408 ], [ -72.934, -15.394 ] ], [ [ -72.936, -15.227 ], [ -72.941, -15.223 ], [ -72.947, -15.227 ], [ -72.936, -15.227 ] ], [ [ -73.032, -15.135 ], [ -73.033, -15.135 ], [ -73.03, -15.14 ], [ -73.032, -15.135 ] ], [ [ -73.024, -15.144 ], [ -73.025, -15.142 ], [ -73.03, -15.14 ], [ -73.024, -15.144 ] ], [ [ -72.952, -15.225 ], [ -72.957, -15.219 ], [ -72.951, -15.228 ], [ -72.952, -15.225 ] ], [ [ -73.128, -15.31 ], [ -73.127, -15.313 ], [ -73.127, -15.311 ], [ -73.128, -15.31 ] ], [ [ -73.126, -15.323 ], [ -73.126, -15.326 ], [ -73.125, -15.326 ], [ -73.126, -15.323 ] ], [ [ -73.072, -15.341 ], [ -73.082, -15.342 ], [ -73.068, -15.341 ], [ -73.072, -15.341 ] ], [ [ -73.16, -15.315 ], [ -73.159, -15.315 ], [ -73.159, -15.314 ], [ -73.16, -15.315 ] ], [ [ -73.157, -15.313 ], [ -73.148, -15.307 ], [ -73.156, -15.311 ], [ -73.157, -15.313 ] ], [ [ -72.818, -15.151 ], [ -72.821, -15.151 ], [ -72.821, -15.152 ], [ -72.818, -15.151 ] ], [ [ -72.744, -15.081 ], [ -72.743, -15.078 ], [ -72.748, -15.084 ], [ -72.744, -15.081 ] ], [ [ -72.59, -14.759 ], [ -72.597, -14.76 ], [ -72.59, -14.76 ], [ -72.59, -14.759 ] ] ] } },
{ "type": "Feature", "properties": { "DEPARTAMEN": "AYACUCHO", "PROVINCIA": "HUAMANGA", "clave": "AYACUCHO|HUAMANGA" }, "geometry": { "type": "Polygon", "coordinates": [ [ [ -74.279, -13.408 ], [ -74.313, -13.426 ], [ -74.33, -13.425 ], [ -74.336, -13.439 ], [ -74.367, -13.436 ], [ -74.378, -13.419 ], [ -74.395, -13.445 ], [ -74.403, -13.434 ], [ -74.417, -13.446 ], [ -74.476, -13.453 ], [ -74.526, -13.424 ], [ -74.533, -13.402 ], [ -74.572, -13.387 ], [ -74.576, -13.362 ], [ -74.566, -13.341 ], [ -74.601, -13.332 ], [ -74.633, -13.345 ], [ -74.668, -13.327 ], [ -74.686, -13.286 ], [ -74.663, -13.271 ], [ -74.645, -13.274 ], [ -74.572, -13.185 ], [ -74.558, -13.186 ], [ -74.542, -13.201 ], [ -74.526, -13.19 ], [ -74.517, -13.197 ], [ -74.494, -13.187 ], [ -74.459, -13.19 ], [ -74.423, -13.16 ], [ -74.396, -13.169 ], [ -74.398, -13.16 ], [ -74.386, -13.151 ], [ -74.389, -13.128 ], [ -74.411, -13.12 ], [ -74.411, -13.079 ], [ -74.38, -13.024 ], [ -74.344, -13.027 ], [ -74.31, -13.06 ], [ -74.277, -13.074 ], [ -74.27, -13.072 ], [ -74.271, -13.023 ], [ -74.28, -13.002 ], [ -74.189, -13.051 ], [ -74.077, -12.986 ], [ -74.066, -13.032 ], [ -74.078, -13.045 ], [ -74.065, -13.032 ], [ -74.054, -13.035 ], [ -74.061, -13.057 ], [ -74.05, -13.066 ], [ -74.046, -13.086 ], [ -74.036, -13.098 ], [ -74.021, -13.098 ], [ -74.018, -13.117 ], [ -73.992, -13.15 ], [ -73.994, -13.162 ], [ -73.969, -13.173 ], [ -73.963, -13.21 ], [ -73.946, -13.229 ], [ -73.945, -13.267 ], [ -73.925, -13.285 ], [ -73.847, -13.259 ], [ -73.868, -13.304 ], [ -73.83, -13.304 ], [ -73.807, -13.315 ], [ -73.832, -13.33 ], [ -73.829, -13.347 ], [ -73.847, -13.397 ], [ -73.827, -13.434 ], [ -73.839, -13.454 ], [ -73.835, -13.47 ], [ -73.867, -13.466 ], [ -73.926, -13.499 ], [ -73.966, -13.5 ], [ -73.993, -13.477 ], [ -73.984, -13.463 ], [ -73.994, -13.455 ], [ -73.993, -13.441 ], [ -74.045, -13.441 ], [ -74.048, -13.417 ], [ -74.059, -13.409 ], [ -74.073, -13.42 ], [ -74.08, -13.451 ], [ -74.053, -13.536 ], [ -74.123, -13.531 ], [ -74.159, -13.498 ], [ -74.172, -13.454 ], [ -74.194, -13.434 ], [ -74.196, -13.403 ], [ -74.247, -13.42 ], [ -74.274, -13.391 ], [ -74.279, -13.408 ] ], [ [ -74.239, -13.241 ], [ -74.241, -13.241 ], [ -74.241, -13.242 ], [ -74.239, -13.241 ] ], [ [ -74.247, -13.285 ], [ -74.246, -13.28 ], [ -74.247, -13.284 ], [ -74.247, -13.285 ] ], [ [ -74.211, -13.113 ], [ -74.231, -13.091 ], [ -74.212, -13.114 ], [ -74.211, -13.113 ] ], [ [ -74.211, -13.158 ], [ -74.215, -13.158 ], [ -74.22, -13.163 ], [ -74.211, -13.158 ] ], [ [ -74.293, -13.137 ], [ -74.284, -13.134 ], [ -74.284, -13.133 ], [ -74.293, -13.137 ] ], [ [ -74.261, -13.205 ], [ -74.27, -13.2 ], [ -74.268, -13.203 ], [ -74.261, -13.205 ] ], [ [ -74.24, -13.193 ], [ -74.237, -13.192 ], [ -74.236, -13.19 ], [ -74.24, -13.193 ] ], [ [ -74.228, -13.177 ], [ -74.223, -13.164 ], [ -74.227, -13.169 ], [ -74.228, -13.177 ] ], [ [ -74.314, -13.247 ], [ -74.317, -13.239 ], [ -74.315, -13.248 ], [ -74.314, -13.247 ] ], [ [ -74.119, -13.132 ], [ -74.113, -13.133 ], [ -74.107, -13.133 ], [ -74.119, -13.132 ] ], [ [ -74.094, -13.144 ], [ -74.095, -13.15 ], [ -74.093, -13.144 ], [ -74.094, -13.144 ] ], [ [ -74.093, -13.163 ], [ -74.083, -13.165 ], [ -74.092, -13.161 ], [ -74.093, -13.163 ] ], [ [ -74.191, -13.209 ], [ -74.191, -13.207 ], [ -74.194, -13.205 ], [ -74.191, -13.209 ] ], [ [ -74.163, -13.251 ], [ -74.161, -13.253 ], [ -74.165, -13.247 ], [ -74.163, -13.251 ] ], [ [ -74.096, -13.307 ], [ -74.097, -13.305 ], [ -74.108, -13.3 ], [ -74.096, -13.307 ] ], [ [ -74.1, -13.315 ], [ -74.095, -13.31 ], [ -74.1, -13.313 ], [ -74.1, -13.315 ] ], [ [ -74.102, -13.319 ], [ -74.103, -13.326 ], [ -74.1, -13.315 ], [ -74.102, -13.319 ] ] ] } },
{ "type": "Feature", "properties": { "DEPARTAMEN": "AYACUCHO", "PROVINCIA": "CANGALLO", "clave": "AYACUCHO|CANGALLO" }, "geometry": { "type": "Polygon", "coordinates": [ [ [ -74.11, -13.535 ], [ -74.056, -13.536 ], [ -74.06, -13.593 ], [ -74.036, -13.614 ], [ -74.052, -13.644 ], [ -74.05, -13.683 ], [ -74.099, -13.671 ], [ -74.099, -13.66 ], [ -74.139, -13.633 ], [ -74.182, -13.64 ], [ -74.223, -13.628 ], [ -74.301, -13.633 ], [ -74.368, -13.603 ], [ -74.444, -13.586 ], [ -74.507, -13.599 ], [ -74.52, -13.615 ], [ -74.63, -13.556 ], [ -74.665, -13.56 ], [ -74.695, -13.583 ], [ -74.74, -13.58 ], [ -74.757, -13.588 ], [ -74.783, -13.578 ], [ -74.814, -13.536 ], [ -74.832, -13.532 ], [ -74.862, -13.482 ], [ -74.902, -13.467 ], [ -74.904, -13.431 ], [ -74.893, -13.414 ], [ -74.898, -13.395 ], [ -74.858, -13.355 ], [ -74.809, -13.357 ], [ -74.77, -13.346 ], [ -74.76, -13.325 ], [ -74.739, -13.34 ], [ -74.728, -13.362 ], [ -74.699, -13.364 ], [ -74.688, -13.353 ], [ -74.662, -13.355 ], [ -74.596, -13.333 ], [ -74.566, -13.341 ], [ -74.576, -13.361 ], [ -74.572, -13.387 ], [ -74.533, -13.402 ], [ -74.526, -13.424 ], [ -74.476, -13.453 ], [ -74.417, -13.446 ], [ -74.403, -13.434 ], [ -74.395, -13.445 ], [ -74.378, -13.419 ], [ -74.367, -13.436 ], [ -74.336, -13.439 ], [ -74.327, -13.434 ], [ -74.336, -13.438 ], [ -74.33, -13.425 ], [ -74.313, -13.426 ], [ -74.279, -13.408 ], [ -74.273, -13.392 ], [ -74.247, -13.42 ], [ -74.196, -13.403 ], [ -74.194, -13.434 ], [ -74.172, -13.454 ], [ -74.153, -13.524 ], [ -74.152, -13.509 ], [ -74.11, -13.535 ] ], [ [ -74.317, -13.44 ], [ -74.322, -13.436 ], [ -74.327, -13.434 ], [ -74.317, -13.44 ] ], [ [ -74.333, -13.565 ], [ -74.329, -13.568 ], [ -74.343, -13.555 ], [ -74.333, -13.565 ] ], [ [ -74.338, -13.521 ], [ -74.338, -13.527 ], [ -74.337, -13.521 ], [ -74.338, -13.521 ] ], [ [ -74.465, -13.53 ], [ -74.469, -13.526 ], [ -74.466, -13.53 ], [ -74.465, -13.53 ] ], [ [ -74.438, -13.577 ], [ -74.437, -13.562 ], [ -74.438, -13.566 ], [ -74.438, -13.577 ] ], [ [ -74.542, -13.513 ], [ -74.542, -13.515 ], [ -74.54, -13.51 ], [ -74.542, -13.513 ] ], [ [ -74.531, -13.504 ], [ -74.531, -13.505 ], [ -74.513, -13.504 ], [ -74.531, -13.504 ] ], [ [ -74.305, -13.481 ], [ -74.304, -13.478 ], [ -74.306, -13.472 ], [ -74.305, -13.481 ] ], [ [ -74.306, -13.469 ], [ -74.306, -13.468 ], [ -74.313, -13.458 ], [ -74.306, -13.469 ] ], [ [ -74.541, -13.48 ], [ -74.542, -13.478 ], [ -74.542, -13.48 ], [ -74.541, -13.48 ] ], [ [ -74.628, -13.403 ], [ -74.629, -13.407 ], [ -74.628, -13.408 ], [ -74.628, -13.403 ] ], [ [ -74.576, -13.349 ], [ -74.579, -13.349 ], [ -74.583, -13.352 ], [ -74.576, -13.349 ] ] ] } },
{ "type": "Feature", "properties": { "DEPARTAMEN": "AYACUCHO", "PROVINCIA": "HUANCA SANCOS", "clave": "AYACUCHO|HUANCA SANCOS" }, "geometry": { "type": "Polygon", "coordinates": [ [ [ -74.161, -13.839 ], [ -74.158, -13.868 ], [ -74.141, -13.887 ], [ -74.112, -13.898 ], [ -74.101, -13.955 ], [ -74.119, -13.989 ], [ -74.102, -13.991 ], [ -74.099, -14.002 ], [ -74.174, -14.105 ], [ -74.189, -14.103 ], [ -74.208, -14.127 ], [ -74.261, -14.135 ], [ -74.306, -14.124 ], [ -74.329, -14.129 ], [ -74.336, -14.148 ], [ -74.392, -14.167 ], [ -74.42, -14.151 ], [ -74.496, -14.146 ], [ -74.528, -14.146 ], [ -74.541, -14.164 ], [ -74.571, -14.15 ], [ -74.573, -14.135 ], [ -74.623, -14.137 ], [ -74.636, -14.118 ], [ -74.621, -14.091 ], [ -74.64, -14.095 ], [ -74.673, -14.08 ], [ -74.678, -14.068 ], [ -74.698, -14.079 ], [ -74.698, -14.095 ], [ -74.717, -14.096 ], [ -74.72, -14.114 ], [ -74.761, -14.12 ], [ -74.773, -14.091 ], [ -74.759, -14.079 ], [ -74.784, -14.019 ], [ -74.779, -13.998 ], [ -74.785, -13.99 ], [ -74.768, -13.979 ], [ -74.786, -13.925 ], [ -74.777, -13.899 ], [ -74.784, -13.883 ], [ -74.767, -13.867 ], [ -74.76, -13.831 ], [ -74.779, -13.785 ], [ -74.764, -13.784 ], [ -74.767, -13.773 ], [ -74.753, -13.761 ], [ -74.707, -13.745 ], [ -74.636, -13.741 ], [ -74.617, -13.71 ], [ -74.621, -13.698 ], [ -74.608, -13.695 ], [ -74.592, -13.697 ], [ -74.566, -13.718 ], [ -74.531, -13.71 ], [ -74.521, -13.736 ], [ -74.497, -13.741 ], [ -74.491, -13.759 ], [ -74.426, -13.798 ], [ -74.362, -13.759 ], [ -74.371, -13.737 ], [ -74.331, -13.764 ], [ -74.323, -13.763 ], [ -74.316, -13.734 ], [ -74.298, -13.756 ], [ -74.254, -13.759 ], [ -74.228, -13.792 ], [ -74.227, -13.806 ], [ -74.213, -13.805 ], [ -74.161, -13.839 ] ], [ [ -74.431, -13.936 ], [ -74.437, -13.939 ], [ -74.435, -13.939 ], [ -74.431, -13.936 ] ], [ [ -74.338, -13.846 ], [ -74.34, -13.847 ], [ -74.333, -13.853 ], [ -74.338, -13.846 ] ], [ [ -74.339, -14.01 ], [ -74.336, -14.025 ], [ -74.336, -14.019 ], [ -74.339, -14.01 ] ] ] } },
{ "type": "Feature", "properties": { "DEPARTAMEN": "AYACUCHO", "PROVINCIA": "HUANTA", "clave": "AYACUCHO|HUANTA" }, "geometry": { "type": "Polygon", "coordinates": [ [ [ -74.288, -12.995 ], [ -74.299, -12.958 ], [ -74.296, -12.936 ], [ -74.328, -12.928 ], [ -74.319, -12.886 ], [ -74.332, -12.858 ], [ -74.33, -12.836 ], [ -74.295, -12.83 ], [ -74.298, -12.806 ], [ -74.286, -12.8 ], [ -74.285, -12.788 ], [ -74.295, -12.75 ], [ -74.312, -12.737 ], [ -74.328, -12.745 ], [ -74.349, -12.718 ], [ -74.341, -12.69 ], [ -74.327, -12.68 ], [ -74.332, -12.645 ], [ -74.338, -12.639 ], [ -74.341, -12.632 ], [ -74.342, -12.63 ], [ -74.342, -12.624 ], [ -74.325, -12.603 ], [ -74.363, -12.594 ], [ -74.366, -12.576 ], [ -74.387, -12.567 ], [ -74.384, -12.545 ], [ -74.4, -12.525 ], [ -74.399, -12.503 ], [ -74.415, -12.492 ], [ -74.402, -12.467 ], [ -74.409, -12.452 ], [ -74.454, -12.444 ], [ -74.506, -12.449 ], [ -74.522, -12.437 ], [ -74.521, -12.41 ], [ -74.535, -12.41 ], [ -74.549, -12.374 ], [ -74.565, -12.361 ], [ -74.576, -12.373 ], [ -74.581, -12.333 ], [ -74.554, -12.288 ], [ -74.506, -12.312 ], [ -74.492, -12.282 ], [ -74.471, -12.272 ], [ -74.442, -12.272 ], [ -74.416, -12.305 ], [ -74.385, -12.272 ], [ -74.394, -12.252 ], [ -74.376, -12.229 ], [ -74.387, -12.188 ], [ -74.379, -12.176 ], [ -74.352, -12.168 ], [ -74.345, -12.195 ], [ -74.333, -12.198 ], [ -74.337, -12.215 ], [ -74.322, -12.23 ], [ -74.291, -12.223 ], [ -74.284, -12.241 ], [ -74.27, -12.239 ], [ -74.246, -12.269 ], [ -74.218, -12.278 ], [ -74.219, -12.302 ], [ -74.188, -12.303 ], [ -74.185, -12.316 ], [ -74.166, -12.312 ], [ -74.147, -12.324 ], [ -74.131, -12.315 ], [ -74.125, -12.334 ], [ -74.104, -12.313 ], [ -74.097, -12.284 ], [ -74.059, -12.277 ], [ -74.04, -12.261 ], [ -74.0, -12.284 ], [ -73.987, -12.272 ], [ -73.98, -12.243 ], [ -73.971, -12.276 ], [ -73.97, -12.348 ], [ -73.948, -12.351 ], [ -73.928, -12.379 ], [ -73.887, -12.405 ], [ -73.855, -12.488 ], [ -73.854, -12.532 ], [ -73.844, -12.539 ], [ -73.831, -12.531 ], [ -73.83, -12.539 ], [ -73.833, -12.575 ], [ -73.859, -12.622 ], [ -73.854, -12.645 ], [ -73.869, -12.657 ], [ -73.869, -12.677 ], [ -73.889, -12.712 ], [ -73.951, -12.728 ], [ -73.992, -12.754 ], [ -73.997, -12.774 ], [ -73.988, -12.797 ], [ -73.996, -12.839 ], [ -74.015, -12.839 ], [ -74.071, -12.875 ], [ -74.082, -12.861 ], [ -74.097, -12.867 ], [ -74.108, -12.852 ], [ -74.128, -12.855 ], [ -74.149, -12.872 ], [ -74.129, -12.907 ], [ -74.14, -12.919 ], [ -74.123, -12.918 ], [ -74.106, -12.949 ], [ -74.112, -12.961 ], [ -74.104, -12.982 ], [ -74.116, -12.989 ], [ -74.118, -13.006 ], [ -74.188, -13.051 ], [ -74.288, -12.995 ] ], [ [ -74.328, -12.632 ], [ -74.335, -12.63 ], [ -74.342, -12.63 ], [ -74.328, -12.632 ] ], [ [ -74.272, -12.417 ], [ -74.25, -12.41 ], [ -74.253, -12.41 ], [ -74.272, -12.417 ] ], [ [ -74.193, -12.538 ], [ -74.17, -12.55 ], [ -74.197, -12.532 ], [ -74.193, -12.538 ] ], [ [ -74.197, -12.55 ], [ -74.195, -12.546 ], [ -74.199, -12.551 ], [ -74.197, -12.55 ] ], [ [ -74.244, -12.626 ], [ -74.235, -12.618 ], [ -74.244, -12.625 ], [ -74.244, -12.626 ] ], [ [ -74.237, -12.635 ], [ -74.243, -12.627 ], [ -74.242, -12.63 ], [ -74.237, -12.635 ] ], [ [ -74.204, -12.705 ], [ -74.196, -12.71 ], [ -74.198, -12.698 ], [ -74.204, -12.705 ] ], [ [ -74.142, -12.791 ], [ -74.145, -12.787 ], [ -74.144, -12.789 ], [ -74.142, -12.791 ] ], [ [ -74.212, -12.82 ], [ -74.213, -12.824 ], [ -74.211, -12.821 ], [ -74.212, -12.82 ] ], [ [ -74.174, -12.837 ], [ -74.173, -12.839 ], [ -74.17, -12.84 ], [ -74.174, -12.837 ] ], [ [ -74.224, -12.967 ], [ -74.227, -12.968 ], [ -74.229, -12.971 ], [ -74.224, -12.967 ] ], [ [ -74.204, -12.968 ], [ -74.221, -12.966 ], [ -74.222, -12.967 ], [ -74.204, -12.968 ] ], [ [ -74.217, -12.741 ], [ -74.217, -12.742 ], [ -74.216, -12.744 ], [ -74.217, -12.741 ] ], [ [ -74.062, -12.451 ], [ -74.063, -12.462 ], [ -74.061, -12.45 ], [ -74.062, -12.451 ] ], [ [ -73.955, -12.479 ], [ -73.948, -12.474 ], [ -73.95, -12.475 ], [ -73.955, -12.479 ] ], [ [ -74.179, -12.403 ], [ -74.184, -12.408 ], [ -74.182, -12.408 ], [ -74.179, -12.403 ] ], [ [ -74.011, -12.362 ], [ -74.015, -12.367 ], [ -74.011, -12.363 ], [ -74.011, -12.362 ] ] ] } },
{ "type": "Feature", "properties": { "DEPARTAMEN": "AYACUCHO", "PROVINCIA": "LA MAR", "clave": "AYACUCHO|LA MAR" }, "geometry": { "type": "Polygon", "coordinates": [ [ [ -73.824, -13.248 ], [ -73.826, -13.27 ], [ -73.807, -13.315 ], [ -73.83, -13.304 ], [ -73.868, -13.304 ], [ -73.847, -13.259 ], [ -73.924, -13.285 ], [ -73.936, -13.278 ], [ -73.969, -13.173 ], [ -73.994, -13.162 ], [ -73.992, -13.15 ], [ -74.018, -13.117 ], [ -74.021, -13.099 ], [ -74.026, -13.092 ], [ -74.036, -13.098 ], [ -74.061, -13.057 ], [ -74.05, -13.061 ], [ -74.061, -13.056 ], [ -74.052, -13.04 ], [ -74.067, -13.031 ], [ -74.077, -12.985 ], [ -74.085, -12.987 ], [ -74.104, -13.004 ], [ -74.119, -13.007 ], [ -74.116, -12.989 ], [ -74.104, -12.982 ], [ -74.112, -12.961 ], [ -74.106, -12.949 ], [ -74.148, -12.872 ], [ -74.128, -12.855 ], [ -74.108, -12.852 ], [ -74.097, -12.867 ], [ -74.082, -12.861 ], [ -74.071, -12.875 ], [ -74.015, -12.839 ], [ -73.997, -12.84 ], [ -73.988, -12.797 ], [ -73.997, -12.774 ], [ -73.992, -12.754 ], [ -73.951, -12.728 ], [ -73.888, -12.711 ], [ -73.869, -12.677 ], [ -73.869, -12.657 ], [ -73.854, -12.645 ], [ -73.859, -12.622 ], [ -73.833, -12.575 ], [ -73.831, -12.531 ], [ -73.805, -12.576 ], [ -73.801, -12.615 ], [ -73.752, -12.653 ], [ -73.725, -12.637 ], [ -73.714, -12.664 ], [ -73.656, -12.723 ], [ -73.656, -12.726 ], [ -73.66, -12.731 ], [ -73.659, -12.736 ], [ -73.626, -12.765 ], [ -73.62, -12.803 ], [ -73.592, -12.822 ], [ -73.582, -12.859 ], [ -73.524, -12.899 ], [ -73.532, -12.929 ], [ -73.522, -12.939 ], [ -73.496, -12.933 ], [ -73.51, -12.952 ], [ -73.508, -12.972 ], [ -73.53, -12.985 ], [ -73.52, -13.005 ], [ -73.505, -13.011 ], [ -73.477, -13.001 ], [ -73.49, -13.066 ], [ -73.478, -13.056 ], [ -73.462, -13.08 ], [ -73.449, -13.08 ], [ -73.459, -13.1 ], [ -73.443, -13.105 ], [ -73.455, -13.121 ], [ -73.435, -13.14 ], [ -73.422, -13.132 ], [ -73.403, -13.181 ], [ -73.415, -13.196 ], [ -73.409, -13.212 ], [ -73.4, -13.21 ], [ -73.382, -13.226 ], [ -73.364, -13.269 ], [ -73.346, -13.279 ], [ -73.353, -13.291 ], [ -73.341, -13.291 ], [ -73.349, -13.3 ], [ -73.341, -13.312 ], [ -73.33, -13.309 ], [ -73.311, -13.326 ], [ -73.312, -13.338 ], [ -73.29, -13.355 ], [ -73.287, -13.373 ], [ -73.26, -13.384 ], [ -73.241, -13.409 ], [ -73.212, -13.419 ], [ -73.22, -13.464 ], [ -73.235, -13.477 ], [ -73.245, -13.465 ], [ -73.261, -13.468 ], [ -73.312, -13.447 ], [ -73.332, -13.456 ], [ -73.333, -13.444 ], [ -73.347, -13.435 ], [ -73.404, -13.445 ], [ -73.436, -13.43 ], [ -73.481, -13.431 ], [ -73.508, -13.383 ], [ -73.522, -13.388 ], [ -73.544, -13.364 ], [ -73.571, -13.363 ], [ -73.574, -13.339 ], [ -73.608, -13.332 ], [ -73.663, -13.282 ], [ -73.687, -13.282 ], [ -73.698, -13.265 ], [ -73.727, -13.269 ], [ -73.736, -13.258 ], [ -73.731, -13.243 ], [ -73.74, -13.211 ], [ -73.727, -13.194 ], [ -73.742, -13.175 ], [ -73.774, -13.173 ], [ -73.773, -13.183 ], [ -73.808, -13.214 ], [ -73.813, -13.242 ], [ -73.824, -13.248 ] ], [ [ -73.661, -12.726 ], [ -73.659, -12.727 ], [ -73.656, -12.726 ], [ -73.661, -12.726 ] ], [ [ -73.973, -12.846 ], [ -73.977, -12.846 ], [ -73.971, -12.848 ], [ -73.973, -12.846 ] ], [ [ -73.968, -12.849 ], [ -73.969, -12.848 ], [ -73.965, -12.857 ], [ -73.968, -12.849 ] ], [ [ -73.904, -12.866 ], [ -73.906, -12.867 ], [ -73.904, -12.867 ], [ -73.904, -12.866 ] ], [ [ -73.678, -12.735 ], [ -73.674, -12.732 ], [ -73.695, -12.741 ], [ -73.678, -12.735 ] ], [ [ -73.9, -12.9 ], [ -73.9, -12.899 ], [ -73.901, -12.901 ], [ -73.9, -12.9 ] ], [ [ -73.849, -12.959 ], [ -73.849, -12.958 ], [ -73.851, -12.959 ], [ -73.849, -12.959 ] ], [ [ -73.83, -13.011 ], [ -73.83, -13.01 ], [ -73.834, -13.018 ], [ -73.83, -13.011 ] ], [ [ -73.853, -13.05 ], [ -73.85, -13.043 ], [ -73.852, -13.046 ], [ -73.853, -13.05 ] ], [ [ -73.848, -13.139 ], [ -73.847, -13.138 ], [ -73.853, -13.137 ], [ -73.848, -13.139 ] ], [ [ -73.821, -13.14 ], [ -73.822, -13.141 ], [ -73.817, -13.143 ], [ -73.821, -13.14 ] ], [ [ -73.776, -13.167 ], [ -73.782, -13.162 ], [ -73.775, -13.17 ], [ -73.776, -13.167 ] ], [ [ -73.876, -13.061 ], [ -73.873, -13.061 ], [ -73.873, -13.06 ], [ -73.876, -13.061 ] ], [ [ -73.855, -13.229 ], [ -73.852, -13.231 ], [ -73.859, -13.223 ], [ -73.855, -13.229 ] ], [ [ -73.819, -13.229 ], [ -73.82, -13.229 ], [ -73.821, -13.231 ], [ -73.819, -13.229 ] ], [ [ -73.902, -12.903 ], [ -73.901, -12.902 ], [ -73.908, -12.904 ], [ -73.902, -12.903 ] ], [ [ -73.908, -13.025 ], [ -73.909, -13.021 ], [ -73.909, -13.024 ], [ -73.908, -13.025 ] ], [ [ -73.832, -13.032 ], [ -73.825, -13.036 ], [ -73.831, -13.032 ], [ -73.832, -13.032 ] ], [ [ -73.603, -12.921 ], [ -73.596, -12.916 ], [ -73.599, -12.917 ], [ -73.603, -12.921 ] ], [ [ -73.593, -12.914 ], [ -73.595, -12.915 ], [ -73.589, -12.915 ], [ -73.593, -12.914 ] ], [ [ -73.463, -13.22 ], [ -73.467, -13.219 ], [ -73.47, -13.22 ], [ -73.463, -13.22 ] ], [ [ -73.774, -12.938 ], [ -73.775, -12.936 ], [ -73.777, -12.936 ], [ -73.774, -12.938 ] ], [ [ -73.764, -12.948 ], [ -73.765, -12.946 ], [ -73.77, -12.941 ], [ -73.764, -12.948 ] ], [ [ -73.719, -12.949 ], [ -73.719, -12.948 ], [ -73.72, -12.949 ], [ -73.719, -12.949 ] ], [ [ -73.66, -12.925 ], [ -73.656, -12.923 ], [ -73.664, -12.925 ], [ -73.66, -12.925 ] ], [ [ -73.761, -12.916 ], [ -73.757, -12.926 ], [ -73.761, -12.914 ], [ -73.761, -12.916 ] ] ] } },
{ "type": "Feature", "properties": { "DEPARTAMEN": "AYACUCHO", "PROVINCIA": "LUCANAS", "clave": "AYACUCHO|LUCANAS" }, "geometry": { "type": "Polygon", "coordinates": [ [ [ -74.513, -15.149 ], [ -74.553, -15.14 ], [ -74.606, -15.149 ], [ -74.629, -15.124 ], [ -74.652, -15.139 ], [ -74.679, -15.132 ], [ -74.714, -15.139 ], [ -74.762, -15.098 ], [ -74.671, -15.055 ], [ -74.666, -14.998 ], [ -74.646, -14.977 ], [ -74.685, -14.93 ], [ -74.662, -14.899 ], [ -74.681, -14.873 ], [ -74.682, -14.853 ], [ -74.694, -14.838 ], [ -74.721, -14.837 ], [ -74.733, -14.847 ], [ -74.731, -14.841 ], [ -74.733, -14.838 ], [ -74.746, -14.844 ], [ -74.755, -14.835 ], [ -74.714, -14.818 ], [ -74.748, -14.813 ], [ -74.765, -14.79 ], [ -74.716, -14.71 ], [ -74.751, -14.729 ], [ -74.776, -14.729 ], [ -74.803, -14.752 ], [ -74.845, -14.709 ], [ -74.838, -14.696 ], [ -74.847, -14.688 ], [ -74.847, -14.666 ], [ -74.778, -14.61 ], [ -74.853, -14.612 ], [ -74.884, -14.576 ], [ -74.875, -14.555 ], [ -74.897, -14.545 ], [ -74.913, -14.566 ], [ -74.947, -14.581 ], [ -74.959, -14.606 ], [ -75.01, -14.606 ], [ -75.034, -14.611 ], [ -75.052, -14.627 ], [ -75.06, -14.623 ], [ -75.066, -14.574 ], [ -75.08, -14.569 ], [ -75.081, -14.551 ], [ -75.067, -14.529 ], [ -75.087, -14.53 ], [ -75.098, -14.485 ], [ -75.052, -14.431 ], [ -75.089, -14.426 ], [ -75.106, -14.434 ], [ -75.14, -14.416 ], [ -75.105, -14.359 ], [ -75.094, -14.312 ], [ -75.082, -14.297 ], [ -75.05, -14.287 ], [ -75.032, -14.266 ], [ -75.088, -14.231 ], [ -75.076, -14.166 ], [ -75.029, -14.072 ], [ -74.975, -14.074 ], [ -74.944, -14.095 ], [ -74.908, -14.092 ], [ -74.896, -14.104 ], [ -74.878, -14.076 ], [ -74.86, -14.067 ], [ -74.853, -14.076 ], [ -74.842, -14.071 ], [ -74.825, -14.092 ], [ -74.773, -14.09 ], [ -74.761, -14.126 ], [ -74.72, -14.114 ], [ -74.717, -14.096 ], [ -74.698, -14.095 ], [ -74.698, -14.079 ], [ -74.677, -14.068 ], [ -74.673, -14.08 ], [ -74.64, -14.095 ], [ -74.621, -14.091 ], [ -74.636, -14.118 ], [ -74.623, -14.137 ], [ -74.573, -14.135 ], [ -74.571, -14.15 ], [ -74.541, -14.164 ], [ -74.528, -14.146 ], [ -74.496, -14.146 ], [ -74.42, -14.151 ], [ -74.392, -14.167 ], [ -74.336, -14.148 ], [ -74.329, -14.129 ], [ -74.261, -14.135 ], [ -74.208, -14.127 ], [ -74.189, -14.103 ], [ -74.174, -14.105 ], [ -74.116, -14.029 ], [ -74.082, -14.02 ], [ -74.063, -14.039 ], [ -74.088, -14.094 ], [ -74.081, -14.113 ], [ -74.071, -14.117 ], [ -74.038, -14.098 ], [ -73.999, -14.159 ], [ -73.95, -14.186 ], [ -73.943, -14.199 ], [ -73.907, -14.192 ], [ -73.879, -14.217 ], [ -73.895, -14.229 ], [ -73.897, -14.263 ], [ -73.896, -14.263 ], [ -73.878, -14.289 ], [ -73.858, -14.276 ], [ -73.826, -14.279 ], [ -73.814, -14.295 ], [ -73.799, -14.294 ], [ -73.783, -14.323 ], [ -73.738, -14.338 ], [ -73.707, -14.324 ], [ -73.69, -14.326 ], [ -73.659, -14.355 ], [ -73.654, -14.374 ], [ -73.612, -14.371 ], [ -73.604, -14.384 ], [ -73.61, -14.398 ], [ -73.586, -14.407 ], [ -73.571, -14.457 ], [ -73.551, -14.465 ], [ -73.555, -14.481 ], [ -73.535, -14.492 ], [ -73.532, -14.507 ], [ -73.564, -14.521 ], [ -73.587, -14.549 ], [ -73.606, -14.542 ], [ -73.636, -14.592 ], [ -73.691, -14.629 ], [ -73.721, -14.642 ], [ -73.756, -14.636 ], [ -73.763, -14.651 ], [ -73.781, -14.638 ], [ -73.822, -14.646 ], [ -73.821, -14.678 ], [ -73.837, -14.711 ], [ -73.826, -14.726 ], [ -73.857, -14.766 ], [ -73.871, -14.767 ], [ -73.871, -14.801 ], [ -73.894, -14.813 ], [ -73.9, -14.843 ], [ -73.879, -14.876 ], [ -73.879, -14.893 ], [ -73.842, -14.922 ], [ -73.841, -14.951 ], [ -73.813, -14.977 ], [ -73.818, -14.993 ], [ -73.798, -15.081 ], [ -73.831, -15.105 ], [ -73.841, -15.133 ], [ -73.905, -15.129 ], [ -73.968, -15.146 ], [ -73.998, -15.161 ], [ -74.079, -15.233 ], [ -74.111, -15.24 ], [ -74.176, -15.223 ], [ -74.196, -15.237 ], [ -74.224, -15.236 ], [ -74.208, -15.292 ], [ -74.191, -15.315 ], [ -74.257, -15.403 ], [ -74.241, -15.481 ], [ -74.306, -15.474 ], [ -74.311, -15.464 ], [ -74.302, -15.452 ], [ -74.318, -15.439 ], [ -74.329, -15.394 ], [ -74.309, -15.36 ], [ -74.334, -15.353 ], [ -74.346, -15.336 ], [ -74.378, -15.332 ], [ -74.415, -15.299 ], [ -74.388, -15.252 ], [ -74.401, -15.221 ], [ -74.39, -15.207 ], [ -74.4, -15.18 ], [ -74.423, -15.168 ], [ -74.452, -15.176 ], [ -74.503, -15.162 ], [ -74.513, -15.149 ] ], [ [ -74.208, -14.292 ], [ -74.21, -14.292 ], [ -74.199, -14.296 ], [ -74.208, -14.292 ] ], [ [ -74.211, -14.456 ], [ -74.21, -14.448 ], [ -74.212, -14.454 ], [ -74.211, -14.456 ] ], [ [ -74.157, -14.517 ], [ -74.152, -14.513 ], [ -74.157, -14.516 ], [ -74.157, -14.517 ] ], [ [ -74.156, -14.535 ], [ -74.157, -14.521 ], [ -74.158, -14.525 ], [ -74.156, -14.535 ] ], [ [ -74.172, -14.598 ], [ -74.172, -14.594 ], [ -74.173, -14.596 ], [ -74.172, -14.598 ] ], [ [ -74.22, -14.641 ], [ -74.219, -14.639 ], [ -74.22, -14.64 ], [ -74.22, -14.641 ] ], [ [ -74.157, -14.769 ], [ -74.161, -14.768 ], [ -74.163, -14.772 ], [ -74.157, -14.769 ] ], [ [ -74.155, -14.789 ], [ -74.163, -14.773 ], [ -74.164, -14.774 ], [ -74.155, -14.789 ] ], [ [ -74.154, -14.836 ], [ -74.156, -14.83 ], [ -74.154, -14.843 ], [ -74.154, -14.836 ] ], [ [ -74.158, -14.85 ], [ -74.158, -14.848 ], [ -74.164, -14.855 ], [ -74.158, -14.85 ] ], [ [ -74.588, -14.525 ], [ -74.587, -14.526 ], [ -74.587, -14.525 ], [ -74.588, -14.525 ] ], [ [ -74.583, -14.523 ], [ -74.581, -14.523 ], [ -74.582, -14.522 ], [ -74.583, -14.523 ] ], [ [ -74.574, -14.544 ], [ -74.572, -14.539 ], [ -74.574, -14.543 ], [ -74.574, -14.544 ] ], [ [ -74.572, -14.547 ], [ -74.571, -14.549 ], [ -74.57, -14.548 ], [ -74.572, -14.547 ] ], [ [ -74.453, -14.476 ], [ -74.459, -14.463 ], [ -74.459, -14.466 ], [ -74.453, -14.476 ] ], [ [ -74.329, -14.278 ], [ -74.327, -14.275 ], [ -74.328, -14.275 ], [ -74.329, -14.278 ] ], [ [ -74.576, -14.795 ], [ -74.579, -14.796 ], [ -74.605, -14.817 ], [ -74.576, -14.795 ] ], [ [ -74.543, -14.771 ], [ -74.552, -14.773 ], [ -74.556, -14.776 ], [ -74.543, -14.771 ] ], [ [ -74.402, -14.69 ], [ -74.403, -14.686 ], [ -74.407, -14.682 ], [ -74.402, -14.69 ] ], [ [ -74.392, -14.751 ], [ -74.393, -14.738 ], [ -74.394, -14.746 ], [ -74.392, -14.751 ] ], [ [ -74.364, -14.77 ], [ -74.368, -14.774 ], [ -74.363, -14.77 ], [ -74.364, -14.77 ] ], [ [ -74.494, -15.084 ], [ -74.493, -15.091 ], [ -74.492, -15.087 ], [ -74.494, -15.084 ] ], [ [ -74.328, -14.655 ], [ -74.328, -14.656 ], [ -74.319, -14.66 ], [ -74.328, -14.655 ] ], [ [ -74.305, -14.67 ], [ -74.312, -14.668 ], [ -74.304, -14.672 ], [ -74.305, -14.67 ] ], [ [ -74.328, -14.659 ], [ -74.328, -14.666 ], [ -74.327, -14.662 ], [ -74.328, -14.659 ] ], [ [ -74.378, -14.599 ], [ -74.377, -14.603 ], [ -74.377, -14.6 ], [ -74.378, -14.599 ] ], [ [ -74.376, -14.61 ], [ -74.377, -14.612 ], [ -74.375, -14.611 ], [ -74.376, -14.61 ] ], [ [ -74.393, -14.624 ], [ -74.402, -14.641 ], [ -74.401, -14.641 ], [ -74.393, -14.624 ] ], [ [ -74.519, -14.374 ], [ -74.523, -14.374 ], [ -74.524, -14.375 ], [ -74.519, -14.374 ] ], [ [ -74.871, -14.524 ], [ -74.87, -14.531 ], [ -74.87, -14.527 ], [ -74.871, -14.524 ] ], [ [ -74.693, -14.411 ], [ -74.697, -14.409 ], [ -74.691, -14.414 ], [ -74.693, -14.411 ] ], [ [ -74.472, -14.17 ], [ -74.473, -14.173 ], [ -74.472, -14.172 ], [ -74.472, -14.17 ] ], [ [ -74.841, -14.218 ], [ -74.833, -14.22 ], [ -74.84, -14.217 ], [ -74.841, -14.218 ] ], [ [ -74.143, -14.517 ], [ -74.142, -14.518 ], [ -74.138, -14.518 ], [ -74.143, -14.517 ] ], [ [ -74.135, -14.519 ], [ -74.132, -14.52 ], [ -74.13, -14.519 ], [ -74.135, -14.519 ] ], [ [ -74.044, -14.526 ], [ -74.04, -14.528 ], [ -74.038, -14.527 ], [ -74.044, -14.526 ] ], [ [ -74.013, -14.528 ], [ -74.013, -14.523 ], [ -74.014, -14.532 ], [ -74.013, -14.528 ] ], [ [ -73.938, -14.591 ], [ -73.937, -14.597 ], [ -73.935, -14.601 ], [ -73.938, -14.591 ] ], [ [ -74.055, -14.844 ], [ -74.058, -14.841 ], [ -74.055, -14.845 ], [ -74.055, -14.844 ] ], [ [ -73.953, -14.912 ], [ -73.954, -14.911 ], [ -73.954, -14.912 ], [ -73.953, -14.912 ] ], [ [ -73.962, -14.917 ], [ -73.957, -14.914 ], [ -73.973, -14.921 ], [ -73.962, -14.917 ] ], [ [ -73.933, -14.84 ], [ -73.93, -14.828 ], [ -73.931, -14.829 ], [ -73.933, -14.84 ] ], [ [ -73.928, -14.825 ], [ -73.924, -14.822 ], [ -73.926, -14.822 ], [ -73.928, -14.825 ] ], [ [ -73.91, -14.793 ], [ -73.909, -14.792 ], [ -73.91, -14.792 ], [ -73.91, -14.793 ] ], [ [ -74.008, -14.366 ], [ -74.008, -14.372 ], [ -74.006, -14.38 ], [ -74.008, -14.366 ] ], [ [ -74.007, -14.361 ], [ -74.008, -14.361 ], [ -74.008, -14.362 ], [ -74.007, -14.361 ] ], [ [ -73.928, -14.324 ], [ -73.934, -14.321 ], [ -73.935, -14.322 ], [ -73.928, -14.324 ] ], [ [ -73.857, -14.439 ], [ -73.857, -14.438 ], [ -73.862, -14.438 ], [ -73.857, -14.439 ] ], [ [ -73.911, -14.371 ], [ -73.91, -14.371 ], [ -73.911, -14.365 ], [ -73.911, -14.371 ] ], [ [ -73.912, -14.351 ], [ -73.912, -14.35 ], [ -73.922, -14.34 ], [ -73.912, -14.351 ] ] ] } },
{ "type": "Feature", "properties": { "DEPARTAMEN": "AYACUCHO", "PROVINCIA": "PARINACOCHAS", "clave": "AYACUCHO|PARINACOCHAS" }, "geometry": { "type": "Polygon", "coordinates": [ [ [ -73.837, -15.131 ], [ -73.831, -15.105 ], [ -73.816, -15.088 ], [ -73.799, -15.091 ], [ -73.796, -15.073 ], [ -73.818, -14.993 ], [ -73.813, -14.977 ], [ -73.841, -14.951 ], [ -73.842, -14.921 ], [ -73.879, -14.893 ], [ -73.879, -14.876 ], [ -73.9, -14.843 ], [ -73.894, -14.811 ], [ -73.871, -14.8 ], [ -73.871, -14.767 ], [ -73.856, -14.765 ], [ -73.826, -14.726 ], [ -73.837, -14.711 ], [ -73.821, -14.678 ], [ -73.823, -14.648 ], [ -73.811, -14.638 ], [ -73.793, -14.646 ], [ -73.781, -14.638 ], [ -73.763, -14.651 ], [ -73.756, -14.636 ], [ -73.721, -14.642 ], [ -73.691, -14.629 ], [ -73.636, -14.592 ], [ -73.606, -14.542 ], [ -73.587, -14.549 ], [ -73.547, -14.511 ], [ -73.525, -14.511 ], [ -73.521, -14.534 ], [ -73.507, -14.544 ], [ -73.512, -14.566 ], [ -73.534, -14.584 ], [ -73.51, -14.65 ], [ -73.523, -14.673 ], [ -73.562, -14.68 ], [ -73.575, -14.695 ], [ -73.577, -14.716 ], [ -73.563, -14.739 ], [ -73.566, -14.775 ], [ -73.55, -14.801 ], [ -73.529, -14.801 ], [ -73.514, -14.826 ], [ -73.485, -14.843 ], [ -73.464, -14.84 ], [ -73.439, -14.785 ], [ -73.405, -14.765 ], [ -73.39, -14.716 ], [ -73.366, -14.682 ], [ -73.351, -14.704 ], [ -73.328, -14.717 ], [ -73.309, -14.717 ], [ -73.284, -14.734 ], [ -73.264, -14.71 ], [ -73.19, -14.706 ], [ -73.178, -14.686 ], [ -73.153, -14.674 ], [ -73.11, -14.692 ], [ -73.11, -14.67 ], [ -73.098, -14.651 ], [ -73.063, -14.666 ], [ -73.043, -14.657 ], [ -73.042, -14.623 ], [ -73.015, -14.631 ], [ -72.998, -14.663 ], [ -72.975, -14.652 ], [ -72.955, -14.683 ], [ -72.936, -14.695 ], [ -72.918, -14.685 ], [ -72.91, -14.698 ], [ -72.867, -14.708 ], [ -72.865, -14.726 ], [ -72.855, -14.73 ], [ -72.847, -14.76 ], [ -72.872, -14.761 ], [ -72.885, -14.772 ], [ -72.931, -14.759 ], [ -72.979, -14.806 ], [ -72.992, -14.804 ], [ -73.003, -14.815 ], [ -73.014, -14.856 ], [ -73.033, -14.85 ], [ -73.054, -14.827 ], [ -73.072, -14.826 ], [ -73.096, -14.844 ], [ -73.119, -14.843 ], [ -73.129, -14.856 ], [ -73.117, -14.873 ], [ -73.164, -14.912 ], [ -73.191, -14.91 ], [ -73.198, -14.923 ], [ -73.211, -14.911 ], [ -73.254, -14.9 ], [ -73.263, -14.905 ], [ -73.267, -14.924 ], [ -73.256, -14.93 ], [ -73.273, -14.951 ], [ -73.264, -14.976 ], [ -73.313, -14.987 ], [ -73.342, -15.003 ], [ -73.332, -15.03 ], [ -73.346, -15.038 ], [ -73.381, -15.043 ], [ -73.42, -15.065 ], [ -73.448, -15.061 ], [ -73.462, -15.038 ], [ -73.486, -15.061 ], [ -73.546, -15.053 ], [ -73.536, -15.08 ], [ -73.552, -15.113 ], [ -73.544, -15.128 ], [ -73.555, -15.155 ], [ -73.538, -15.188 ], [ -73.537, -15.216 ], [ -73.521, -15.224 ], [ -73.503, -15.272 ], [ -73.449, -15.319 ], [ -73.441, -15.356 ], [ -73.478, -15.38 ], [ -73.53, -15.392 ], [ -73.556, -15.408 ], [ -73.594, -15.404 ], [ -73.613, -15.419 ], [ -73.653, -15.417 ], [ -73.684, -15.437 ], [ -73.759, -15.385 ], [ -73.776, -15.339 ], [ -73.793, -15.34 ], [ -73.806, -15.324 ], [ -73.866, -15.324 ], [ -73.884, -15.337 ], [ -73.871, -15.38 ], [ -73.877, -15.389 ], [ -73.87, -15.4 ], [ -73.872, -15.433 ], [ -73.918, -15.461 ], [ -73.969, -15.533 ], [ -74.01, -15.559 ], [ -74.02, -15.6 ], [ -74.069, -15.63 ], [ -74.085, -15.619 ], [ -74.077, -15.552 ], [ -74.067, -15.539 ], [ -74.079, -15.516 ], [ -74.073, -15.502 ], [ -74.043, -15.491 ], [ -74.037, -15.456 ], [ -74.065, -15.402 ], [ -74.095, -15.392 ], [ -74.15, -15.428 ], [ -74.148, -15.449 ], [ -74.166, -15.484 ], [ -74.194, -15.492 ], [ -74.241, -15.481 ], [ -74.257, -15.403 ], [ -74.191, -15.315 ], [ -74.208, -15.292 ], [ -74.224, -15.236 ], [ -74.196, -15.237 ], [ -74.176, -15.223 ], [ -74.111, -15.24 ], [ -74.079, -15.233 ], [ -73.998, -15.161 ], [ -73.968, -15.146 ], [ -73.905, -15.129 ], [ -73.837, -15.131 ] ], [ [ -73.77, -15.086 ], [ -73.771, -15.09 ], [ -73.768, -15.085 ], [ -73.77, -15.086 ] ], [ [ -73.572, -15.05 ], [ -73.573, -15.05 ], [ -73.572, -15.054 ], [ -73.572, -15.05 ] ], [ [ -73.751, -15.193 ], [ -73.746, -15.198 ], [ -73.75, -15.193 ], [ -73.751, -15.193 ] ], [ [ -73.725, -15.211 ], [ -73.722, -15.211 ], [ -73.707, -15.208 ], [ -73.725, -15.211 ] ], [ [ -73.684, -15.177 ], [ -73.684, -15.169 ], [ -73.685, -15.17 ], [ -73.684, -15.177 ] ], [ [ -73.651, -15.122 ], [ -73.643, -15.128 ], [ -73.65, -15.122 ], [ -73.651, -15.122 ] ], [ [ -73.62, -15.119 ], [ -73.619, -15.119 ], [ -73.62, -15.118 ], [ -73.62, -15.119 ] ], [ [ -73.739, -15.309 ], [ -73.685, -15.334 ], [ -73.666, -15.325 ], [ -73.64, -15.292 ], [ -73.647, -15.277 ], [ -73.687, -15.276 ], [ -73.702, -15.247 ], [ -73.724, -15.263 ], [ -73.749, -15.261 ], [ -73.739, -15.309 ] ], [ [ -73.591, -14.917 ], [ -73.592, -14.912 ], [ -73.592, -14.915 ], [ -73.591, -14.917 ] ], [ [ -73.579, -14.89 ], [ -73.579, -14.889 ], [ -73.584, -14.892 ], [ -73.579, -14.89 ] ], [ [ -73.581, -14.78 ], [ -73.575, -14.778 ], [ -73.578, -14.778 ], [ -73.581, -14.78 ] ], [ [ -73.382, -14.913 ], [ -73.384, -14.912 ], [ -73.378, -14.924 ], [ -73.382, -14.913 ] ], [ [ -73.368, -14.904 ], [ -73.363, -14.902 ], [ -73.359, -14.898 ], [ -73.368, -14.904 ] ], [ [ -73.468, -14.992 ], [ -73.462, -14.993 ], [ -73.481, -14.987 ], [ -73.468, -14.992 ] ], [ [ -73.45, -14.99 ], [ -73.449, -14.988 ], [ -73.452, -14.991 ], [ -73.45, -14.99 ] ] ] } },
{ "type": "Feature", "properties": { "DEPARTAMEN": "AYACUCHO", "PROVINCIA": "PAUCAR DEL SARA SARA", "clave": "AYACUCHO|PAUCAR DEL SARA SARA" }, "geometry": { "type": "Polygon", "coordinates": [ [ [ -73.175, -15.307 ], [ -73.246, -15.286 ], [ -73.287, -15.292 ], [ -73.278, -15.318 ], [ -73.294, -15.359 ], [ -73.276, -15.394 ], [ -73.336, -15.405 ], [ -73.367, -15.388 ], [ -73.391, -15.399 ], [ -73.417, -15.376 ], [ -73.431, -15.378 ], [ -73.427, -15.364 ], [ -73.441, -15.356 ], [ -73.449, -15.319 ], [ -73.503, -15.272 ], [ -73.521, -15.224 ], [ -73.532, -15.218 ], [ -73.537, -15.216 ], [ -73.538, -15.188 ], [ -73.555, -15.155 ], [ -73.544, -15.128 ], [ -73.552, -15.113 ], [ -73.536, -15.081 ], [ -73.546, -15.056 ], [ -73.486, -15.061 ], [ -73.465, -15.038 ], [ -73.448, -15.061 ], [ -73.42, -15.065 ], [ -73.381, -15.043 ], [ -73.346, -15.038 ], [ -73.332, -15.03 ], [ -73.342, -15.004 ], [ -73.313, -14.987 ], [ -73.264, -14.976 ], [ -73.273, -14.951 ], [ -73.256, -14.93 ], [ -73.263, -14.905 ], [ -73.211, -14.911 ], [ -73.198, -14.923 ], [ -73.191, -14.91 ], [ -73.162, -14.911 ], [ -73.117, -14.873 ], [ -73.129, -14.856 ], [ -73.119, -14.843 ], [ -73.096, -14.844 ], [ -73.085, -14.83 ], [ -73.054, -14.827 ], [ -73.033, -14.85 ], [ -73.014, -14.856 ], [ -73.031, -14.9 ], [ -72.987, -14.956 ], [ -72.983, -14.984 ], [ -73.005, -15.008 ], [ -73.004, -15.064 ], [ -73.025, -15.092 ], [ -73.022, -15.132 ], [ -73.048, -15.134 ], [ -73.101, -15.188 ], [ -73.112, -15.187 ], [ -73.117, -15.223 ], [ -73.175, -15.307 ] ], [ [ -73.526, -15.216 ], [ -73.529, -15.216 ], [ -73.532, -15.218 ], [ -73.526, -15.216 ] ], [ [ -73.285, -15.246 ], [ -73.284, -15.251 ], [ -73.283, -15.249 ], [ -73.285, -15.246 ] ], [ [ -73.268, -15.22 ], [ -73.253, -15.219 ], [ -73.257, -15.218 ], [ -73.268, -15.22 ] ], [ [ -73.237, -15.208 ], [ -73.248, -15.211 ], [ -73.237, -15.209 ], [ -73.237, -15.208 ] ], [ [ -73.52, -15.216 ], [ -73.523, -15.216 ], [ -73.516, -15.218 ], [ -73.52, -15.216 ] ], [ [ -73.511, -15.224 ], [ -73.513, -15.224 ], [ -73.512, -15.225 ], [ -73.511, -15.224 ] ], [ [ -73.45, -15.169 ], [ -73.451, -15.17 ], [ -73.442, -15.178 ], [ -73.45, -15.169 ] ], [ [ -73.172, -15.243 ], [ -73.17, -15.243 ], [ -73.172, -15.242 ], [ -73.172, -15.243 ] ], [ [ -73.152, -15.244 ], [ -73.16, -15.246 ], [ -73.15, -15.245 ], [ -73.152, -15.244 ] ], [ [ -73.332, -15.145 ], [ -73.333, -15.139 ], [ -73.334, -15.138 ], [ -73.332, -15.145 ] ], [ [ -73.334, -15.136 ], [ -73.334, -15.135 ], [ -73.335, -15.136 ], [ -73.334, -15.136 ] ], [ [ -73.33, -15.106 ], [ -73.33, -15.115 ], [ -73.328, -15.104 ], [ -73.33, -15.106 ] ], [ [ -73.251, -15.068 ], [ -73.25, -15.068 ], [ -73.25, -15.063 ], [ -73.251, -15.068 ] ], [ [ -73.235, -15.027 ], [ -73.23, -15.024 ], [ -73.228, -15.021 ], [ -73.235, -15.027 ] ], [ [ -73.312, -15.205 ], [ -73.309, -15.198 ], [ -73.31, -15.197 ], [ -73.312, -15.205 ] ], [ [ -73.325, -15.219 ], [ -73.325, -15.231 ], [ -73.324, -15.223 ], [ -73.325, -15.219 ] ], [ [ -73.323, -15.247 ], [ -73.322, -15.246 ], [ -73.323, -15.245 ], [ -73.323, -15.247 ] ], [ [ -73.328, -15.1 ], [ -73.327, -15.097 ], [ -73.328, -15.095 ], [ -73.328, -15.1 ] ] ] } },
{ "type": "Feature", "properties": { "DEPARTAMEN": "AYACUCHO", "PROVINCIA": "SUCRE", "clave": "AYACUCHO|SUCRE" }, "geometry": { "type": "Polygon", "coordinates": [ [ [ -73.826, -14.279 ], [ -73.845, -14.277 ], [ -73.878, -14.289 ], [ -73.897, -14.263 ], [ -73.895, -14.229 ], [ -73.879, -14.217 ], [ -73.907, -14.192 ], [ -73.942, -14.199 ], [ -73.959, -14.174 ], [ -73.967, -14.136 ], [ -73.982, -14.125 ], [ -73.99, -14.102 ], [ -73.986, -14.09 ], [ -73.972, -14.11 ], [ -73.912, -14.12 ], [ -73.889, -14.053 ], [ -73.892, -14.032 ], [ -73.883, -14.012 ], [ -73.874, -14.015 ], [ -73.885, -14.006 ], [ -73.889, -13.955 ], [ -73.829, -13.919 ], [ -73.805, -13.864 ], [ -73.803, -13.795 ], [ -73.76, -13.78 ], [ -73.748, -13.764 ], [ -73.729, -13.816 ], [ -73.724, -13.821 ], [ -73.697, -13.85 ], [ -73.698, -13.893 ], [ -73.693, -13.886 ], [ -73.68, -13.915 ], [ -73.656, -13.93 ], [ -73.643, -13.979 ], [ -73.626, -13.995 ], [ -73.618, -14.026 ], [ -73.626, -14.049 ], [ -73.611, -14.09 ], [ -73.587, -14.11 ], [ -73.553, -14.192 ], [ -73.523, -14.228 ], [ -73.512, -14.268 ], [ -73.517, -14.309 ], [ -73.536, -14.358 ], [ -73.554, -14.378 ], [ -73.554, -14.401 ], [ -73.578, -14.416 ], [ -73.61, -14.398 ], [ -73.604, -14.384 ], [ -73.612, -14.371 ], [ -73.654, -14.374 ], [ -73.659, -14.354 ], [ -73.69, -14.326 ], [ -73.707, -14.324 ], [ -73.738, -14.338 ], [ -73.783, -14.323 ], [ -73.799, -14.294 ], [ -73.815, -14.294 ], [ -73.826, -14.279 ] ], [ [ -73.746, -13.92 ], [ -73.729, -13.928 ], [ -73.733, -13.925 ], [ -73.746, -13.92 ] ], [ [ -73.715, -14.095 ], [ -73.716, -14.093 ], [ -73.726, -14.089 ], [ -73.715, -14.095 ] ], [ [ -73.734, -14.089 ], [ -73.734, -14.09 ], [ -73.726, -14.089 ], [ -73.734, -14.089 ] ], [ [ -73.753, -14.104 ], [ -73.752, -14.103 ], [ -73.759, -14.103 ], [ -73.753, -14.104 ] ], [ [ -73.771, -14.26 ], [ -73.77, -14.257 ], [ -73.771, -14.257 ], [ -73.771, -14.26 ] ], [ [ -73.872, -14.017 ], [ -73.863, -14.027 ], [ -73.866, -14.022 ], [ -73.872, -14.017 ] ], [ [ -73.862, -14.033 ], [ -73.862, -14.027 ], [ -73.863, -14.027 ], [ -73.862, -14.033 ] ], [ [ -73.653, -14.137 ], [ -73.65, -14.136 ], [ -73.646, -14.131 ], [ -73.653, -14.137 ] ], [ [ -73.673, -14.232 ], [ -73.679, -14.242 ], [ -73.674, -14.235 ], [ -73.673, -14.232 ] ] ] } },
{ "type": "Feature", "properties": { "DEPARTAMEN": "AYACUCHO", "PROVINCIA": "VICTOR FAJARDO", "clave": "AYACUCHO|VICTOR FAJARDO" }, "geometry": { "type": "Polygon", "coordinates": [ [ [ -74.005, -13.697 ], [ -74.0, -13.723 ], [ -73.958, -13.789 ], [ -73.912, -13.829 ], [ -73.908, -13.864 ], [ -73.885, -13.916 ], [ -73.863, -13.938 ], [ -73.89, -13.957 ], [ -73.883, -14.017 ], [ -73.912, -14.12 ], [ -73.978, -14.107 ], [ -73.986, -14.09 ], [ -73.986, -14.119 ], [ -73.967, -14.136 ], [ -73.95, -14.186 ], [ -73.999, -14.159 ], [ -74.038, -14.098 ], [ -74.071, -14.117 ], [ -74.083, -14.109 ], [ -74.088, -14.094 ], [ -74.063, -14.039 ], [ -74.082, -14.02 ], [ -74.116, -14.029 ], [ -74.099, -14.009 ], [ -74.102, -13.991 ], [ -74.119, -13.989 ], [ -74.101, -13.955 ], [ -74.111, -13.901 ], [ -74.155, -13.873 ], [ -74.16, -13.841 ], [ -74.189, -13.814 ], [ -74.227, -13.806 ], [ -74.229, -13.79 ], [ -74.254, -13.759 ], [ -74.26, -13.761 ], [ -74.298, -13.756 ], [ -74.315, -13.732 ], [ -74.323, -13.763 ], [ -74.333, -13.763 ], [ -74.37, -13.736 ], [ -74.362, -13.759 ], [ -74.426, -13.798 ], [ -74.491, -13.759 ], [ -74.497, -13.741 ], [ -74.521, -13.736 ], [ -74.53, -13.71 ], [ -74.567, -13.718 ], [ -74.605, -13.695 ], [ -74.62, -13.696 ], [ -74.617, -13.71 ], [ -74.636, -13.741 ], [ -74.707, -13.745 ], [ -74.767, -13.772 ], [ -74.754, -13.737 ], [ -74.775, -13.711 ], [ -74.781, -13.648 ], [ -74.771, -13.61 ], [ -74.782, -13.579 ], [ -74.753, -13.589 ], [ -74.74, -13.58 ], [ -74.709, -13.585 ], [ -74.655, -13.557 ], [ -74.63, -13.556 ], [ -74.521, -13.615 ], [ -74.514, -13.612 ], [ -74.518, -13.603 ], [ -74.444, -13.586 ], [ -74.435, -13.588 ], [ -74.398, -13.593 ], [ -74.301, -13.633 ], [ -74.223, -13.628 ], [ -74.182, -13.64 ], [ -74.139, -13.633 ], [ -74.1, -13.666 ], [ -74.005, -13.697 ] ], [ [ -74.241, -13.755 ], [ -74.249, -13.756 ], [ -74.254, -13.759 ], [ -74.241, -13.755 ] ], [ [ -74.037, -13.756 ], [ -74.034, -13.75 ], [ -74.039, -13.754 ], [ -74.037, -13.756 ] ], [ [ -73.99, -13.828 ], [ -73.995, -13.821 ], [ -73.994, -13.827 ], [ -73.99, -13.828 ] ], [ [ -73.994, -13.839 ], [ -73.994, -13.834 ], [ -73.996, -13.846 ], [ -73.994, -13.839 ] ], [ [ -74.039, -13.847 ], [ -74.034, -13.849 ], [ -74.037, -13.847 ], [ -74.039, -13.847 ] ], [ [ -74.07, -13.888 ], [ -74.07, -13.887 ], [ -74.076, -13.888 ], [ -74.07, -13.888 ] ], [ [ -74.223, -13.715 ], [ -74.224, -13.716 ], [ -74.212, -13.713 ], [ -74.223, -13.715 ] ], [ [ -74.15, -13.681 ], [ -74.155, -13.682 ], [ -74.132, -13.679 ], [ -74.15, -13.681 ] ], [ [ -74.13, -13.661 ], [ -74.124, -13.659 ], [ -74.13, -13.66 ], [ -74.13, -13.661 ] ], [ [ -74.12, -13.808 ], [ -74.127, -13.806 ], [ -74.127, -13.807 ], [ -74.12, -13.808 ] ], [ [ -74.227, -13.721 ], [ -74.229, -13.729 ], [ -74.225, -13.718 ], [ -74.227, -13.721 ] ], [ [ -74.54, -13.695 ], [ -74.54, -13.697 ], [ -74.536, -13.702 ], [ -74.54, -13.695 ] ], [ [ -74.465, -13.648 ], [ -74.465, -13.647 ], [ -74.466, -13.648 ], [ -74.465, -13.648 ] ], [ [ -74.035, -13.934 ], [ -74.031, -13.933 ], [ -74.035, -13.933 ], [ -74.035, -13.934 ] ], [ [ -73.888, -13.999 ], [ -73.888, -13.998 ], [ -73.898, -13.999 ], [ -73.888, -13.999 ] ], [ [ -73.901, -14.028 ], [ -73.906, -14.029 ], [ -73.895, -14.028 ], [ -73.901, -14.028 ] ], [ [ -73.989, -14.058 ], [ -73.99, -14.059 ], [ -73.986, -14.058 ], [ -73.989, -14.058 ] ] ] } },
{ "type": "Feature", "properties": { "DEPARTAMEN": "AYACUCHO", "PROVINCIA": "VILCAS HUAMAN", "clave": "AYACUCHO|VILCAS HUAMAN" }, "geometry": { "type": "Polygon", "coordinates": [ [ [ -73.829, -13.919 ], [ -73.871, -13.937 ], [ -73.866, -13.928 ], [ -73.885, -13.916 ], [ -73.913, -13.827 ], [ -73.958, -13.789 ], [ -74.0, -13.723 ], [ -73.999, -13.704 ], [ -74.05, -13.683 ], [ -74.052, -13.644 ], [ -74.036, -13.614 ], [ -74.06, -13.593 ], [ -74.064, -13.574 ], [ -74.05, -13.532 ], [ -74.068, -13.508 ], [ -74.066, -13.482 ], [ -74.08, -13.451 ], [ -74.073, -13.42 ], [ -74.06, -13.41 ], [ -74.048, -13.417 ], [ -74.045, -13.441 ], [ -73.993, -13.441 ], [ -73.994, -13.455 ], [ -73.984, -13.463 ], [ -73.992, -13.478 ], [ -73.966, -13.5 ], [ -73.926, -13.499 ], [ -73.863, -13.466 ], [ -73.835, -13.47 ], [ -73.811, -13.522 ], [ -73.796, -13.604 ], [ -73.806, -13.614 ], [ -73.796, -13.636 ], [ -73.757, -13.651 ], [ -73.774, -13.656 ], [ -73.744, -13.656 ], [ -73.728, -13.668 ], [ -73.729, -13.682 ], [ -73.713, -13.691 ], [ -73.715, -13.705 ], [ -73.702, -13.705 ], [ -73.67, -13.733 ], [ -73.687, -13.747 ], [ -73.739, -13.756 ], [ -73.76, -13.78 ], [ -73.802, -13.795 ], [ -73.798, -13.829 ], [ -73.829, -13.919 ] ], [ [ -73.898, -13.715 ], [ -73.906, -13.715 ], [ -73.894, -13.717 ], [ -73.898, -13.715 ] ], [ [ -73.845, -13.69 ], [ -73.85, -13.691 ], [ -73.848, -13.691 ], [ -73.845, -13.69 ] ], [ [ -73.832, -13.68 ], [ -73.834, -13.682 ], [ -73.828, -13.68 ], [ -73.832, -13.68 ] ], [ [ -73.812, -13.705 ], [ -73.814, -13.707 ], [ -73.811, -13.705 ], [ -73.812, -13.705 ] ], [ [ -73.783, -13.702 ], [ -73.786, -13.702 ], [ -73.783, -13.703 ], [ -73.783, -13.702 ] ], [ [ -73.754, -13.722 ], [ -73.761, -13.723 ], [ -73.76, -13.724 ], [ -73.754, -13.722 ] ], [ [ -73.98, -13.629 ], [ -73.979, -13.626 ], [ -73.981, -13.624 ], [ -73.98, -13.629 ] ], [ [ -73.981, -13.623 ], [ -73.976, -13.618 ], [ -73.981, -13.622 ], [ -73.981, -13.623 ] ], [ [ -73.895, -13.611 ], [ -73.894, -13.611 ], [ -73.894, -13.61 ], [ -73.895, -13.611 ] ], [ [ -73.818, -13.594 ], [ -73.811, -13.578 ], [ -73.812, -13.578 ], [ -73.818, -13.594 ] ], [ [ -73.932, -13.591 ], [ -73.93, -13.593 ], [ -73.935, -13.581 ], [ -73.932, -13.591 ] ] ] } },
{ "type": "Feature", "properties": { "DEPARTAMEN": "CAJAMARCA", "PROVINCIA": "CAJAMARCA", "clave": "CAJAMARCA|CAJAMARCA" }, "geometry": { "type": "Polygon", "coordinates": [ [ [ -78.355, -7.412 ], [ -78.344, -7.417 ], [ -78.353, -7.444 ], [ -78.349, -7.479 ], [ -78.336, -7.495 ], [ -78.368, -7.5 ], [ -78.416, -7.485 ], [ -78.488, -7.553 ], [ -78.513, -7.556 ], [ -78.625, -7.548 ], [ -78.641, -7.537 ], [ -78.65, -7.528 ], [ -78.627, -7.479 ], [ -78.63, -7.445 ], [ -78.655, -7.426 ], [ -78.664, -7.404 ], [ -78.696, -7.413 ], [ -78.652, -7.351 ], [ -78.639, -7.348 ], [ -78.628, -7.329 ], [ -78.636, -7.318 ], [ -78.629, -7.297 ], [ -78.607, -7.282 ], [ -78.647, -7.256 ], [ -78.746, -7.219 ], [ -78.729, -7.209 ], [ -78.72, -7.171 ], [ -78.662, -7.103 ], [ -78.637, -7.058 ], [ -78.628, -7.016 ], [ -78.605, -6.998 ], [ -78.613, -6.92 ], [ -78.599, -6.888 ], [ -78.601, -6.868 ], [ -78.59, -6.85 ], [ -78.551, -6.828 ], [ -78.53, -6.798 ], [ -78.512, -6.819 ], [ -78.493, -6.801 ], [ -78.466, -6.807 ], [ -78.443, -6.879 ], [ -78.429, -6.892 ], [ -78.429, -6.928 ], [ -78.412, -6.942 ], [ -78.408, -6.932 ], [ -78.383, -6.924 ], [ -78.339, -6.955 ], [ -78.312, -6.986 ], [ -78.309, -7.013 ], [ -78.287, -7.021 ], [ -78.294, -7.03 ], [ -78.267, -7.032 ], [ -78.238, -7.05 ], [ -78.219, -7.072 ], [ -78.218, -7.09 ], [ -78.188, -7.123 ], [ -78.189, -7.162 ], [ -78.24, -7.207 ], [ -78.251, -7.235 ], [ -78.262, -7.235 ], [ -78.241, -7.238 ], [ -78.216, -7.297 ], [ -78.222, -7.307 ], [ -78.236, -7.319 ], [ -78.272, -7.294 ], [ -78.288, -7.328 ], [ -78.326, -7.343 ], [ -78.308, -7.341 ], [ -78.277, -7.359 ], [ -78.277, -7.373 ], [ -78.33, -7.4 ], [ -78.355, -7.402 ], [ -78.366, -7.39 ], [ -78.355, -7.412 ] ], [ [ -78.506, -6.97 ], [ -78.508, -6.965 ], [ -78.505, -6.976 ], [ -78.506, -6.97 ] ], [ [ -78.508, -6.98 ], [ -78.505, -6.98 ], [ -78.505, -6.976 ], [ -78.508, -6.98 ] ], [ [ -78.538, -7.04 ], [ -78.538, -7.038 ], [ -78.539, -7.041 ], [ -78.538, -7.04 ] ], [ [ -78.547, -7.053 ], [ -78.545, -7.049 ], [ -78.548, -7.052 ], [ -78.547, -7.053 ] ], [ [ -78.543, -7.078 ], [ -78.546, -7.065 ], [ -78.546, -7.068 ], [ -78.543, -7.078 ] ], [ [ -78.471, -7.183 ], [ -78.468, -7.184 ], [ -78.472, -7.18 ], [ -78.471, -7.183 ] ], [ [ -78.439, -7.315 ], [ -78.438, -7.315 ], [ -78.445, -7.311 ], [ -78.439, -7.315 ] ], [ [ -78.606, -7.282 ], [ -78.606, -7.283 ], [ -78.596, -7.282 ], [ -78.606, -7.282 ] ], [ [ -78.53, -7.28 ], [ -78.53, -7.278 ], [ -78.531, -7.278 ], [ -78.53, -7.28 ] ], [ [ -78.525, -7.238 ], [ -78.529, -7.232 ], [ -78.528, -7.235 ], [ -78.525, -7.238 ] ], [ [ -78.488, -7.3 ], [ -78.499, -7.301 ], [ -78.495, -7.302 ], [ -78.488, -7.3 ] ], [ [ -78.602, -7.169 ], [ -78.605, -7.168 ], [ -78.619, -7.167 ], [ -78.602, -7.169 ] ], [ [ -78.274, -7.233 ], [ -78.265, -7.233 ], [ -78.272, -7.232 ], [ -78.274, -7.233 ] ], [ [ -78.46, -7.186 ], [ -78.459, -7.186 ], [ -78.459, -7.185 ], [ -78.46, -7.186 ] ], [ [ -78.331, -7.152 ], [ -78.355, -7.157 ], [ -78.357, -7.158 ], [ -78.331, -7.152 ] ] ] } },
{ "type": "Feature", "properties": { "DEPARTAMEN": "CAJAMARCA", "PROVINCIA": "CAJABAMBA", "clave": "CAJAMARCA|CAJABAMBA" }, "geometry": { "type": "Polygon", "coordinates": [ [ [ -77.932, -7.653 ], [ -77.959, -7.655 ], [ -77.964, -7.675 ], [ -77.974, -7.667 ], [ -77.999, -7.679 ], [ -78.05, -7.679 ], [ -78.081, -7.696 ], [ -78.117, -7.654 ], [ -78.128, -7.653 ], [ -78.142, -7.664 ], [ -78.141, -7.683 ], [ -78.171, -7.713 ], [ -78.19, -7.718 ], [ -78.198, -7.729 ], [ -78.219, -7.724 ], [ -78.211, -7.743 ], [ -78.222, -7.763 ], [ -78.272, -7.754 ], [ -78.283, -7.741 ], [ -78.276, -7.72 ], [ -78.303, -7.696 ], [ -78.33, -7.7 ], [ -78.348, -7.686 ], [ -78.36, -7.645 ], [ -78.372, -7.645 ], [ -78.383, -7.63 ], [ -78.378, -7.594 ], [ -78.357, -7.574 ], [ -78.364, -7.544 ], [ -78.354, -7.516 ], [ -78.322, -7.504 ], [ -78.35, -7.475 ], [ -78.353, -7.444 ], [ -78.344, -7.417 ], [ -78.355, -7.412 ], [ -78.357, -7.4 ], [ -78.328, -7.399 ], [ -78.277, -7.373 ], [ -78.22, -7.388 ], [ -78.218, -7.41 ], [ -78.168, -7.465 ], [ -78.126, -7.48 ], [ -78.119, -7.466 ], [ -78.086, -7.454 ], [ -78.054, -7.465 ], [ -78.041, -7.456 ], [ -78.013, -7.462 ], [ -77.983, -7.386 ], [ -77.942, -7.346 ], [ -77.92, -7.344 ], [ -77.883, -7.364 ], [ -77.83, -7.348 ], [ -77.825, -7.379 ], [ -77.772, -7.419 ], [ -77.768, -7.44 ], [ -77.755, -7.441 ], [ -77.741, -7.467 ], [ -77.747, -7.48 ], [ -77.765, -7.479 ], [ -77.792, -7.5 ], [ -77.857, -7.524 ], [ -77.868, -7.583 ], [ -77.922, -7.6 ], [ -77.913, -7.625 ], [ -77.939, -7.644 ], [ -77.932, -7.653 ] ], [ [ -78.14, -7.481 ], [ -78.14, -7.48 ], [ -78.143, -7.48 ], [ -78.14, -7.481 ] ], [ [ -78.137, -7.581 ], [ -78.145, -7.567 ], [ -78.139, -7.579 ], [ -78.137, -7.581 ] ], [ [ -78.129, -7.608 ], [ -78.13, -7.606 ], [ -78.132, -7.615 ], [ -78.129, -7.608 ] ], [ [ -78.026, -7.479 ], [ -78.019, -7.493 ], [ -78.019, -7.491 ], [ -78.026, -7.479 ] ] ] } },
{ "type": "Feature", "properties": { "DEPARTAMEN": "CAJAMARCA", "PROVINCIA": "CELENDIN", "clave": "CAJAMARCA|CELENDIN" }, "geometry": { "type": "Polygon", "coordinates": [ [ [ -78.309, -7.013 ], [ -78.312, -6.986 ], [ -78.339, -6.955 ], [ -78.383, -6.922 ], [ -78.408, -6.932 ], [ -78.413, -6.942 ], [ -78.427, -6.931 ], [ -78.429, -6.892 ], [ -78.443, -6.879 ], [ -78.454, -6.836 ], [ -78.433, -6.835 ], [ -78.426, -6.814 ], [ -78.402, -6.815 ], [ -78.405, -6.803 ], [ -78.394, -6.791 ], [ -78.407, -6.716 ], [ -78.379, -6.687 ], [ -78.387, -6.688 ], [ -78.388, -6.657 ], [ -78.402, -6.639 ], [ -78.4, -6.621 ], [ -78.413, -6.597 ], [ -78.39, -6.579 ], [ -78.363, -6.573 ], [ -78.344, -6.584 ], [ -78.339, -6.579 ], [ -78.354, -6.561 ], [ -78.365, -6.472 ], [ -78.343, -6.452 ], [ -78.322, -6.45 ], [ -78.297, -6.401 ], [ -78.278, -6.39 ], [ -78.276, -6.4 ], [ -78.268, -6.391 ], [ -78.243, -6.402 ], [ -78.21, -6.458 ], [ -78.19, -6.457 ], [ -78.174, -6.494 ], [ -78.152, -6.5 ], [ -78.136, -6.527 ], [ -78.138, -6.563 ], [ -78.117, -6.578 ], [ -78.121, -6.598 ], [ -78.104, -6.624 ], [ -78.106, -6.645 ], [ -78.095, -6.657 ], [ -78.08, -6.655 ], [ -78.078, -6.669 ], [ -78.057, -6.676 ], [ -78.045, -6.691 ], [ -78.038, -6.746 ], [ -78.021, -6.77 ], [ -78.021, -6.818 ], [ -78.014, -6.821 ], [ -78.031, -6.847 ], [ -78.014, -6.851 ], [ -78.001, -6.868 ], [ -78.0, -6.908 ], [ -78.013, -6.934 ], [ -78.001, -6.938 ], [ -78.002, -6.969 ], [ -77.988, -6.976 ], [ -78.001, -6.989 ], [ -77.985, -7.001 ], [ -77.987, -7.013 ], [ -77.952, -7.066 ], [ -78.016, -7.097 ], [ -78.056, -7.135 ], [ -78.103, -7.128 ], [ -78.114, -7.146 ], [ -78.161, -7.153 ], [ -78.187, -7.147 ], [ -78.188, -7.123 ], [ -78.218, -7.09 ], [ -78.219, -7.072 ], [ -78.238, -7.05 ], [ -78.267, -7.032 ], [ -78.294, -7.03 ], [ -78.287, -7.021 ], [ -78.309, -7.013 ] ], [ [ -78.211, -6.827 ], [ -78.211, -6.82 ], [ -78.212, -6.824 ], [ -78.211, -6.827 ] ], [ [ -78.209, -6.834 ], [ -78.211, -6.828 ], [ -78.208, -6.843 ], [ -78.209, -6.834 ] ], [ [ -78.215, -6.974 ], [ -78.213, -6.971 ], [ -78.215, -6.973 ], [ -78.215, -6.974 ] ], [ [ -78.35, -6.679 ], [ -78.353, -6.679 ], [ -78.352, -6.68 ], [ -78.35, -6.679 ] ], [ [ -78.344, -6.684 ], [ -78.346, -6.681 ], [ -78.344, -6.686 ], [ -78.344, -6.684 ] ], [ [ -78.245, -6.924 ], [ -78.244, -6.927 ], [ -78.244, -6.923 ], [ -78.245, -6.924 ] ], [ [ -78.241, -6.964 ], [ -78.237, -6.957 ], [ -78.238, -6.956 ], [ -78.241, -6.964 ] ], [ [ -78.376, -6.914 ], [ -78.383, -6.919 ], [ -78.383, -6.92 ], [ -78.376, -6.914 ] ], [ [ -78.361, -6.875 ], [ -78.362, -6.876 ], [ -78.364, -6.885 ], [ -78.361, -6.875 ] ], [ [ -78.3, -6.757 ], [ -78.306, -6.739 ], [ -78.301, -6.757 ], [ -78.3, -6.757 ] ], [ [ -78.191, -6.642 ], [ -78.191, -6.641 ], [ -78.195, -6.642 ], [ -78.191, -6.642 ] ], [ [ -78.13, -6.933 ], [ -78.114, -6.925 ], [ -78.113, -6.924 ], [ -78.13, -6.933 ] ], [ [ -78.1, -6.908 ], [ -78.101, -6.909 ], [ -78.093, -6.908 ], [ -78.1, -6.908 ] ], [ [ -78.108, -7.051 ], [ -78.107, -7.05 ], [ -78.12, -7.053 ], [ -78.108, -7.051 ] ], [ [ -78.097, -6.996 ], [ -78.098, -6.996 ], [ -78.098, -7.002 ], [ -78.097, -6.996 ] ], [ [ -78.005, -6.943 ], [ -78.023, -6.946 ], [ -78.033, -6.949 ], [ -78.005, -6.943 ] ], [ [ -78.09, -6.962 ], [ -78.092, -6.952 ], [ -78.091, -6.96 ], [ -78.09, -6.962 ] ] ] } },
{ "type": "Feature", "properties": { "DEPARTAMEN": "CAJAMARCA", "PROVINCIA": "CHOTA", "clave": "CAJAMARCA|CHOTA" }, "geometry": { "type": "Polygon", "coordinates": [ [ [ -78.56, -6.598 ], [ -78.591, -6.633 ], [ -78.637, -6.655 ], [ -78.645, -6.678 ], [ -78.655, -6.68 ], [ -78.659, -6.664 ], [ -78.722, -6.629 ], [ -78.758, -6.632 ], [ -78.76, -6.596 ], [ -78.773, -6.58 ], [ -78.786, -6.582 ], [ -78.777, -6.563 ], [ -78.81, -6.554 ], [ -78.823, -6.526 ], [ -78.87, -6.521 ], [ -78.901, -6.529 ], [ -78.929, -6.503 ], [ -78.968, -6.531 ], [ -78.988, -6.512 ], [ -79.022, -6.514 ], [ -79.024, -6.513 ], [ -79.048, -6.525 ], [ -79.056, -6.516 ], [ -79.074, -6.534 ], [ -79.094, -6.6 ], [ -79.118, -6.628 ], [ -79.194, -6.628 ], [ -79.221, -6.613 ], [ -79.253, -6.61 ], [ -79.239, -6.619 ], [ -79.229, -6.671 ], [ -79.272, -6.68 ], [ -79.296, -6.676 ], [ -79.302, -6.653 ], [ -79.362, -6.635 ], [ -79.336, -6.603 ], [ -79.348, -6.574 ], [ -79.361, -6.569 ], [ -79.37, -6.52 ], [ -79.404, -6.541 ], [ -79.422, -6.533 ], [ -79.417, -6.505 ], [ -79.434, -6.481 ], [ -79.423, -6.452 ], [ -79.45, -6.409 ], [ -79.446, -6.378 ], [ -79.459, -6.372 ], [ -79.443, -6.36 ], [ -79.423, -6.31 ], [ -79.406, -6.312 ], [ -79.386, -6.298 ], [ -79.353, -6.304 ], [ -79.329, -6.266 ], [ -79.306, -6.27 ], [ -79.285, -6.254 ], [ -79.279, -6.229 ], [ -79.223, -6.212 ], [ -79.217, -6.247 ], [ -79.206, -6.25 ], [ -79.211, -6.278 ], [ -79.162, -6.273 ], [ -79.141, -6.291 ], [ -79.119, -6.291 ], [ -79.086, -6.32 ], [ -79.069, -6.308 ], [ -79.054, -6.329 ], [ -78.989, -6.291 ], [ -78.916, -6.371 ], [ -78.914, -6.404 ], [ -78.897, -6.432 ], [ -78.867, -6.439 ], [ -78.834, -6.428 ], [ -78.796, -6.441 ], [ -78.819, -6.476 ], [ -78.844, -6.489 ], [ -78.806, -6.506 ], [ -78.787, -6.539 ], [ -78.767, -6.55 ], [ -78.748, -6.475 ], [ -78.739, -6.476 ], [ -78.732, -6.46 ], [ -78.746, -6.442 ], [ -78.746, -6.418 ], [ -78.73, -6.414 ], [ -78.711, -6.391 ], [ -78.714, -6.368 ], [ -78.672, -6.336 ], [ -78.667, -6.314 ], [ -78.583, -6.306 ], [ -78.541, -6.288 ], [ -78.511, -6.288 ], [ -78.51, -6.24 ], [ -78.53, -6.214 ], [ -78.533, -6.182 ], [ -78.518, -6.162 ], [ -78.515, -6.099 ], [ -78.5, -6.087 ], [ -78.498, -6.103 ], [ -78.477, -6.116 ], [ -78.476, -6.133 ], [ -78.418, -6.191 ], [ -78.415, -6.213 ], [ -78.37, -6.239 ], [ -78.37, -6.271 ], [ -78.36, -6.281 ], [ -78.358, -6.294 ], [ -78.335, -6.319 ], [ -78.334, -6.351 ], [ -78.303, -6.374 ], [ -78.291, -6.373 ], [ -78.278, -6.389 ], [ -78.297, -6.401 ], [ -78.322, -6.45 ], [ -78.343, -6.452 ], [ -78.365, -6.472 ], [ -78.365, -6.514 ], [ -78.341, -6.583 ], [ -78.363, -6.573 ], [ -78.413, -6.596 ], [ -78.436, -6.574 ], [ -78.438, -6.57 ], [ -78.437, -6.558 ], [ -78.439, -6.558 ], [ -78.442, -6.572 ], [ -78.458, -6.56 ], [ -78.499, -6.588 ], [ -78.506, -6.602 ], [ -78.56, -6.598 ] ], [ [ -78.55, -6.565 ], [ -78.548, -6.571 ], [ -78.539, -6.587 ], [ -78.55, -6.565 ] ], [ [ -79.178, -6.405 ], [ -79.179, -6.405 ], [ -79.183, -6.41 ], [ -79.178, -6.405 ] ], [ [ -79.091, -6.402 ], [ -79.094, -6.401 ], [ -79.086, -6.406 ], [ -79.091, -6.402 ] ], [ [ -78.712, -6.463 ], [ -78.701, -6.455 ], [ -78.709, -6.459 ], [ -78.712, -6.463 ] ], [ [ -78.769, -6.558 ], [ -78.767, -6.551 ], [ -78.771, -6.559 ], [ -78.769, -6.558 ] ], [ [ -78.697, -6.599 ], [ -78.685, -6.607 ], [ -78.698, -6.598 ], [ -78.697, -6.599 ] ], [ [ -78.699, -6.594 ], [ -78.698, -6.595 ], [ -78.698, -6.592 ], [ -78.699, -6.594 ] ], [ [ -79.061, -6.457 ], [ -79.06, -6.466 ], [ -79.059, -6.465 ], [ -79.061, -6.457 ] ], [ [ -79.28, -6.448 ], [ -79.282, -6.453 ], [ -79.283, -6.459 ], [ -79.28, -6.448 ] ], [ [ -79.332, -6.415 ], [ -79.328, -6.413 ], [ -79.328, -6.411 ], [ -79.332, -6.415 ] ], [ [ -79.297, -6.477 ], [ -79.298, -6.467 ], [ -79.298, -6.477 ], [ -79.297, -6.477 ] ], [ [ -79.405, -6.371 ], [ -79.406, -6.37 ], [ -79.414, -6.37 ], [ -79.405, -6.371 ] ], [ [ -78.661, -6.4 ], [ -78.661, -6.41 ], [ -78.659, -6.416 ], [ -78.661, -6.4 ] ], [ [ -78.544, -6.444 ], [ -78.541, -6.445 ], [ -78.542, -6.444 ], [ -78.544, -6.444 ] ], [ [ -78.499, -6.443 ], [ -78.492, -6.442 ], [ -78.497, -6.442 ], [ -78.499, -6.443 ] ], [ [ -78.446, -6.407 ], [ -78.45, -6.396 ], [ -78.449, -6.401 ], [ -78.446, -6.407 ] ], [ [ -78.439, -6.392 ], [ -78.418, -6.385 ], [ -78.421, -6.385 ], [ -78.439, -6.392 ] ], [ [ -78.434, -6.486 ], [ -78.434, -6.483 ], [ -78.435, -6.482 ], [ -78.434, -6.486 ] ], [ [ -78.406, -6.479 ], [ -78.411, -6.476 ], [ -78.414, -6.476 ], [ -78.406, -6.479 ] ], [ [ -78.437, -6.481 ], [ -78.442, -6.479 ], [ -78.44, -6.481 ], [ -78.437, -6.481 ] ], [ [ -78.54, -6.448 ], [ -78.539, -6.45 ], [ -78.539, -6.449 ], [ -78.54, -6.448 ] ], [ [ -78.53, -6.384 ], [ -78.527, -6.383 ], [ -78.54, -6.382 ], [ -78.53, -6.384 ] ], [ [ -78.476, -6.35 ], [ -78.459, -6.365 ], [ -78.48, -6.345 ], [ -78.476, -6.35 ] ], [ [ -78.447, -6.383 ], [ -78.451, -6.375 ], [ -78.452, -6.376 ], [ -78.447, -6.383 ] ], [ [ -78.443, -6.367 ], [ -78.433, -6.354 ], [ -78.449, -6.372 ], [ -78.443, -6.367 ] ], [ [ -78.387, -6.284 ], [ -78.374, -6.287 ], [ -78.378, -6.285 ], [ -78.387, -6.284 ] ], [ [ -78.446, -6.385 ], [ -78.446, -6.384 ], [ -78.448, -6.388 ], [ -78.446, -6.385 ] ], [ [ -78.456, -6.257 ], [ -78.454, -6.256 ], [ -78.449, -6.249 ], [ -78.456, -6.257 ] ] ] } },
{ "type": "Feature", "properties": { "DEPARTAMEN": "CAJAMARCA", "PROVINCIA": "CONTUMAZA", "clave": "CAJAMARCA|CONTUMAZA" }, "geometry": { "type": "Polygon", "coordinates": [ [ [ -78.842, -7.438 ], [ -78.848, -7.453 ], [ -78.887, -7.484 ], [ -78.861, -7.498 ], [ -78.851, -7.522 ], [ -78.913, -7.551 ], [ -78.944, -7.598 ], [ -78.942, -7.627 ], [ -78.954, -7.65 ], [ -78.962, -7.659 ], [ -78.992, -7.661 ], [ -79.041, -7.6 ], [ -79.039, -7.562 ], [ -79.06, -7.547 ], [ -79.057, -7.528 ], [ -79.072, -7.505 ], [ -79.065, -7.473 ], [ -79.123, -7.442 ], [ -79.154, -7.439 ], [ -79.162, -7.418 ], [ -79.188, -7.397 ], [ -79.186, -7.377 ], [ -79.194, -7.374 ], [ -79.231, -7.391 ], [ -79.261, -7.379 ], [ -79.283, -7.349 ], [ -79.316, -7.36 ], [ -79.369, -7.324 ], [ -79.328, -7.309 ], [ -79.307, -7.284 ], [ -79.269, -7.278 ], [ -79.279, -7.248 ], [ -79.269, -7.228 ], [ -79.276, -7.216 ], [ -79.25, -7.196 ], [ -79.213, -7.195 ], [ -79.198, -7.185 ], [ -79.143, -7.194 ], [ -79.124, -7.181 ], [ -79.087, -7.222 ], [ -79.082, -7.253 ], [ -79.058, -7.24 ], [ -79.044, -7.195 ], [ -79.016, -7.179 ], [ -78.986, -7.192 ], [ -78.955, -7.188 ], [ -78.963, -7.197 ], [ -78.955, -7.19 ], [ -78.944, -7.205 ], [ -78.928, -7.205 ], [ -78.896, -7.229 ], [ -78.759, -7.215 ], [ -78.609, -7.278 ], [ -78.63, -7.299 ], [ -78.636, -7.318 ], [ -78.629, -7.333 ], [ -78.698, -7.415 ], [ -78.713, -7.41 ], [ -78.738, -7.42 ], [ -78.76, -7.402 ], [ -78.781, -7.424 ], [ -78.79, -7.395 ], [ -78.814, -7.426 ], [ -78.842, -7.438 ] ], [ [ -78.858, -7.428 ], [ -78.858, -7.423 ], [ -78.859, -7.426 ], [ -78.858, -7.428 ] ], [ [ -79.114, -7.355 ], [ -79.137, -7.362 ], [ -79.13, -7.361 ], [ -79.114, -7.355 ] ], [ [ -79.101, -7.349 ], [ -79.104, -7.351 ], [ -79.102, -7.351 ], [ -79.101, -7.349 ] ], [ [ -79.025, -7.274 ], [ -79.029, -7.272 ], [ -79.044, -7.272 ], [ -79.025, -7.274 ] ], [ [ -78.86, -7.282 ], [ -78.861, -7.282 ], [ -78.859, -7.288 ], [ -78.86, -7.282 ] ], [ [ -78.963, -7.381 ], [ -78.967, -7.38 ], [ -78.961, -7.382 ], [ -78.963, -7.381 ] ], [ [ -78.907, -7.329 ], [ -78.911, -7.324 ], [ -78.914, -7.322 ], [ -78.907, -7.329 ] ], [ [ -78.978, -7.24 ], [ -78.98, -7.255 ], [ -78.979, -7.255 ], [ -78.978, -7.24 ] ], [ [ -78.992, -7.272 ], [ -78.981, -7.257 ], [ -78.984, -7.259 ], [ -78.992, -7.272 ] ], [ [ -78.894, -7.283 ], [ -78.893, -7.28 ], [ -78.894, -7.275 ], [ -78.894, -7.283 ] ] ] } },
{ "type": "Feature", "properties": { "DEPARTAMEN": "CAJAMARCA", "PROVINCIA": "CUTERVO", "clave": "CAJAMARCA|CUTERVO" }, "geometry": { "type": "Polygon", "coordinates": [ [ [ -78.711, -6.391 ], [ -78.73, -6.414 ], [ -78.747, -6.42 ], [ -78.746, -6.441 ], [ -78.732, -6.46 ], [ -78.748, -6.475 ], [ -78.767, -6.55 ], [ -78.787, -6.539 ], [ -78.806, -6.506 ], [ -78.844, -6.489 ], [ -78.819, -6.476 ], [ -78.796, -6.441 ], [ -78.834, -6.428 ], [ -78.865, -6.439 ], [ -78.897, -6.432 ], [ -78.914, -6.404 ], [ -78.916, -6.371 ], [ -78.99, -6.289 ], [ -79.016, -6.313 ], [ -79.054, -6.329 ], [ -79.069, -6.308 ], [ -79.086, -6.32 ], [ -79.119, -6.291 ], [ -79.141, -6.291 ], [ -79.162, -6.273 ], [ -79.199, -6.271 ], [ -79.211, -6.278 ], [ -79.206, -6.25 ], [ -79.217, -6.247 ], [ -79.222, -6.212 ], [ -79.25, -6.221 ], [ -79.273, -6.148 ], [ -79.26, -6.142 ], [ -79.227, -6.092 ], [ -79.172, -6.134 ], [ -79.12, -6.112 ], [ -79.096, -6.116 ], [ -79.087, -6.11 ], [ -79.079, -6.065 ], [ -79.055, -6.055 ], [ -79.043, -6.06 ], [ -79.051, -6.055 ], [ -79.016, -6.022 ], [ -78.975, -6.024 ], [ -78.965, -6.012 ], [ -78.909, -6.043 ], [ -78.87, -6.025 ], [ -78.87, -6.024 ], [ -78.846, -5.954 ], [ -78.851, -5.947 ], [ -78.839, -5.932 ], [ -78.838, -5.901 ], [ -78.803, -5.875 ], [ -78.785, -5.876 ], [ -78.76, -5.84 ], [ -78.742, -5.836 ], [ -78.734, -5.801 ], [ -78.705, -5.781 ], [ -78.712, -5.829 ], [ -78.699, -5.841 ], [ -78.696, -5.887 ], [ -78.672, -5.919 ], [ -78.66, -5.956 ], [ -78.611, -6.017 ], [ -78.607, -6.057 ], [ -78.583, -6.079 ], [ -78.516, -6.072 ], [ -78.505, -6.089 ], [ -78.518, -6.11 ], [ -78.518, -6.161 ], [ -78.533, -6.182 ], [ -78.53, -6.213 ], [ -78.509, -6.246 ], [ -78.51, -6.285 ], [ -78.583, -6.306 ], [ -78.668, -6.315 ], [ -78.692, -6.356 ], [ -78.714, -6.368 ], [ -78.711, -6.391 ] ], [ [ -78.717, -6.369 ], [ -78.726, -6.357 ], [ -78.72, -6.367 ], [ -78.717, -6.369 ] ], [ [ -78.636, -6.206 ], [ -78.621, -6.206 ], [ -78.637, -6.205 ], [ -78.636, -6.206 ] ], [ [ -78.694, -6.268 ], [ -78.682, -6.257 ], [ -78.697, -6.269 ], [ -78.694, -6.268 ] ], [ [ -78.8, -6.052 ], [ -78.81, -6.05 ], [ -78.808, -6.051 ], [ -78.8, -6.052 ] ], [ [ -78.86, -6.189 ], [ -78.869, -6.192 ], [ -78.86, -6.19 ], [ -78.86, -6.189 ] ], [ [ -78.805, -6.196 ], [ -78.805, -6.195 ], [ -78.811, -6.19 ], [ -78.805, -6.196 ] ], [ [ -78.994, -6.267 ], [ -78.995, -6.269 ], [ -78.993, -6.267 ], [ -78.994, -6.267 ] ], [ [ -78.889, -6.281 ], [ -78.89, -6.277 ], [ -78.891, -6.276 ], [ -78.889, -6.281 ] ], [ [ -78.814, -6.226 ], [ -78.823, -6.22 ], [ -78.822, -6.222 ], [ -78.814, -6.226 ] ], [ [ -78.815, -6.181 ], [ -78.814, -6.181 ], [ -78.815, -6.18 ], [ -78.815, -6.181 ] ], [ [ -78.826, -6.06 ], [ -78.835, -6.053 ], [ -78.826, -6.061 ], [ -78.826, -6.06 ] ], [ [ -78.777, -6.133 ], [ -78.78, -6.126 ], [ -78.779, -6.131 ], [ -78.777, -6.133 ] ], [ [ -78.715, -5.93 ], [ -78.722, -5.936 ], [ -78.724, -5.939 ], [ -78.715, -5.93 ] ], [ [ -78.552, -6.188 ], [ -78.561, -6.197 ], [ -78.551, -6.188 ], [ -78.552, -6.188 ] ], [ [ -78.615, -6.251 ], [ -78.612, -6.258 ], [ -78.612, -6.256 ], [ -78.615, -6.251 ] ], [ [ -78.635, -6.264 ], [ -78.634, -6.265 ], [ -78.634, -6.263 ], [ -78.635, -6.264 ] ], [ [ -78.632, -5.995 ], [ -78.644, -6.0 ], [ -78.631, -5.996 ], [ -78.632, -5.995 ] ] ] } },
{ "type": "Feature", "properties": { "DEPARTAMEN": "CAJAMARCA", "PROVINCIA": "HUALGAYOC", "clave": "CAJAMARCA|HUALGAYOC" }, "geometry": { "type": "Polygon", "coordinates": [ [ [ -78.56, -6.598 ], [ -78.523, -6.608 ], [ -78.458, -6.56 ], [ -78.442, -6.572 ], [ -78.437, -6.56 ], [ -78.436, -6.574 ], [ -78.402, -6.616 ], [ -78.403, -6.638 ], [ -78.384, -6.679 ], [ -78.407, -6.716 ], [ -78.394, -6.793 ], [ -78.405, -6.803 ], [ -78.402, -6.815 ], [ -78.426, -6.814 ], [ -78.433, -6.834 ], [ -78.453, -6.834 ], [ -78.466, -6.807 ], [ -78.496, -6.803 ], [ -78.505, -6.82 ], [ -78.513, -6.819 ], [ -78.529, -6.796 ], [ -78.553, -6.829 ], [ -78.59, -6.85 ], [ -78.601, -6.868 ], [ -78.616, -6.85 ], [ -78.612, -6.834 ], [ -78.628, -6.827 ], [ -78.627, -6.793 ], [ -78.638, -6.778 ], [ -78.678, -6.761 ], [ -78.691, -6.744 ], [ -78.706, -6.751 ], [ -78.718, -6.74 ], [ -78.725, -6.715 ], [ -78.74, -6.704 ], [ -78.769, -6.651 ], [ -78.758, -6.632 ], [ -78.722, -6.629 ], [ -78.659, -6.664 ], [ -78.652, -6.681 ], [ -78.637, -6.655 ], [ -78.623, -6.653 ], [ -78.56, -6.598 ] ], [ [ -78.651, -6.689 ], [ -78.65, -6.687 ], [ -78.652, -6.681 ], [ -78.651, -6.689 ] ], [ [ -78.657, -6.726 ], [ -78.66, -6.727 ], [ -78.658, -6.727 ], [ -78.657, -6.726 ] ], [ [ -78.666, -6.705 ], [ -78.657, -6.717 ], [ -78.658, -6.713 ], [ -78.666, -6.705 ] ] ] } },
{ "type": "Feature", "properties": { "DEPARTAMEN": "CAJAMARCA", "PROVINCIA": "JAEN", "clave": "CAJAMARCA|JAEN" }, "geometry": { "type": "Polygon", "coordinates": [ [ [ -79.08, -6.065 ], [ -79.087, -6.11 ], [ -79.12, -6.112 ], [ -79.172, -6.134 ], [ -79.213, -6.099 ], [ -79.182, -6.089 ], [ -79.189, -6.059 ], [ -79.176, -6.041 ], [ -79.193, -6.024 ], [ -79.204, -6.024 ], [ -79.224, -6.055 ], [ -79.241, -6.029 ], [ -79.266, -6.025 ], [ -79.263, -6.003 ], [ -79.296, -5.986 ], [ -79.322, -5.999 ], [ -79.311, -6.035 ], [ -79.317, -6.043 ], [ -79.345, -6.006 ], [ -79.349, -5.98 ], [ -79.396, -5.977 ], [ -79.417, -6.005 ], [ -79.421, -5.972 ], [ -79.398, -5.95 ], [ -79.362, -5.933 ], [ -79.335, -5.894 ], [ -79.354, -5.871 ], [ -79.351, -5.855 ], [ -79.376, -5.824 ], [ -79.376, -5.801 ], [ -79.398, -5.774 ], [ -79.399, -5.703 ], [ -79.384, -5.68 ], [ -79.371, -5.603 ], [ -79.399, -5.539 ], [ -79.393, -5.526 ], [ -79.331, -5.535 ], [ -79.311, -5.52 ], [ -79.282, -5.525 ], [ -79.26, -5.502 ], [ -79.26, -5.509 ], [ -79.256, -5.502 ], [ -79.205, -5.507 ], [ -79.19, -5.49 ], [ -79.189, -5.455 ], [ -79.153, -5.422 ], [ -79.155, -5.397 ], [ -79.122, -5.388 ], [ -79.098, -5.366 ], [ -79.08, -5.422 ], [ -79.061, -5.446 ], [ -79.036, -5.453 ], [ -79.01, -5.445 ], [ -78.997, -5.464 ], [ -78.973, -5.473 ], [ -78.96, -5.47 ], [ -78.95, -5.476 ], [ -78.943, -5.473 ], [ -78.936, -5.477 ], [ -78.867, -5.47 ], [ -78.834, -5.444 ], [ -78.787, -5.428 ], [ -78.778, -5.391 ], [ -78.761, -5.374 ], [ -78.746, -5.382 ], [ -78.749, -5.392 ], [ -78.727, -5.396 ], [ -78.724, -5.389 ], [ -78.702, -5.406 ], [ -78.677, -5.409 ], [ -78.575, -5.315 ], [ -78.558, -5.353 ], [ -78.504, -5.412 ], [ -78.451, -5.39 ], [ -78.454, -5.426 ], [ -78.558, -5.496 ], [ -78.55, -5.519 ], [ -78.553, -5.537 ], [ -78.583, -5.551 ], [ -78.625, -5.639 ], [ -78.639, -5.645 ], [ -78.651, -5.676 ], [ -78.686, -5.699 ], [ -78.654, -5.719 ], [ -78.654, -5.735 ], [ -78.689, -5.746 ], [ -78.701, -5.785 ], [ -78.719, -5.785 ], [ -78.725, -5.803 ], [ -78.734, -5.801 ], [ -78.742, -5.836 ], [ -78.76, -5.84 ], [ -78.785, -5.876 ], [ -78.803, -5.875 ], [ -78.833, -5.892 ], [ -78.862, -6.017 ], [ -78.874, -6.032 ], [ -78.909, -6.043 ], [ -78.965, -6.012 ], [ -78.975, -6.023 ], [ -79.015, -6.022 ], [ -79.08, -6.065 ] ], [ [ -78.944, -5.5 ], [ -78.946, -5.492 ], [ -78.947, -5.493 ], [ -78.944, -5.5 ] ], [ [ -78.949, -5.647 ], [ -78.949, -5.622 ], [ -78.95, -5.648 ], [ -78.949, -5.647 ] ], [ [ -78.971, -5.671 ], [ -78.967, -5.664 ], [ -78.971, -5.669 ], [ -78.971, -5.671 ] ], [ [ -79.009, -5.692 ], [ -79.007, -5.691 ], [ -79.007, -5.69 ], [ -79.009, -5.692 ] ], [ [ -79.046, -5.722 ], [ -79.035, -5.717 ], [ -79.047, -5.721 ], [ -79.046, -5.722 ] ], [ [ -79.015, -5.829 ], [ -79.015, -5.828 ], [ -79.016, -5.831 ], [ -79.015, -5.829 ] ], [ [ -79.102, -5.922 ], [ -79.109, -5.922 ], [ -79.102, -5.923 ], [ -79.102, -5.922 ] ], [ [ -79.296, -5.711 ], [ -79.29, -5.709 ], [ -79.296, -5.71 ], [ -79.296, -5.711 ] ], [ [ -79.226, -5.687 ], [ -79.224, -5.682 ], [ -79.224, -5.681 ], [ -79.226, -5.687 ] ], [ [ -79.177, -5.725 ], [ -79.167, -5.726 ], [ -79.177, -5.724 ], [ -79.177, -5.725 ] ], [ [ -79.117, -5.721 ], [ -79.112, -5.72 ], [ -79.113, -5.719 ], [ -79.117, -5.721 ] ], [ [ -79.265, -5.842 ], [ -79.26, -5.834 ], [ -79.263, -5.837 ], [ -79.265, -5.842 ] ], [ [ -79.261, -5.831 ], [ -79.26, -5.833 ], [ -79.259, -5.832 ], [ -79.261, -5.831 ] ], [ [ -79.245, -5.771 ], [ -79.246, -5.774 ], [ -79.245, -5.773 ], [ -79.245, -5.771 ] ], [ [ -79.239, -5.737 ], [ -79.24, -5.74 ], [ -79.237, -5.736 ], [ -79.239, -5.737 ] ], [ [ -79.22, -5.724 ], [ -79.221, -5.724 ], [ -79.217, -5.727 ], [ -79.22, -5.724 ] ], [ [ -79.206, -5.729 ], [ -79.209, -5.733 ], [ -79.205, -5.729 ], [ -79.206, -5.729 ] ], [ [ -79.261, -5.513 ], [ -79.261, -5.514 ], [ -79.26, -5.511 ], [ -79.261, -5.513 ] ], [ [ -78.988, -5.647 ], [ -78.982, -5.646 ], [ -78.982, -5.645 ], [ -78.988, -5.647 ] ], [ [ -78.876, -5.601 ], [ -78.869, -5.592 ], [ -78.868, -5.588 ], [ -78.876, -5.601 ] ], [ [ -78.782, -5.757 ], [ -78.782, -5.758 ], [ -78.777, -5.766 ], [ -78.782, -5.757 ] ], [ [ -78.956, -5.729 ], [ -78.953, -5.729 ], [ -78.961, -5.726 ], [ -78.956, -5.729 ] ], [ [ -78.952, -5.73 ], [ -78.952, -5.729 ], [ -78.953, -5.729 ], [ -78.952, -5.73 ] ], [ [ -78.703, -5.429 ], [ -78.706, -5.429 ], [ -78.706, -5.43 ], [ -78.703, -5.429 ] ], [ [ -78.699, -5.429 ], [ -78.7, -5.429 ], [ -78.699, -5.43 ], [ -78.699, -5.429 ] ] ] } },
{ "type": "Feature", "properties": { "DEPARTAMEN": "CAJAMARCA", "PROVINCIA": "SAN IGNACIO", "clave": "CAJAMARCA|SAN IGNACIO" }, "geometry": { "type": "Polygon", "coordinates": [ [ [ -78.867, -5.47 ], [ -78.936, -5.477 ], [ -78.997, -5.464 ], [ -79.01, -5.445 ], [ -79.036, -5.453 ], [ -79.06, -5.446 ], [ -79.08, -5.423 ], [ -79.098, -5.366 ], [ -79.122, -5.388 ], [ -79.155, -5.397 ], [ -79.153, -5.422 ], [ -79.189, -5.455 ], [ -79.19, -5.49 ], [ -79.2, -5.504 ], [ -79.259, -5.502 ], [ -79.276, -5.52 ], [ -79.281, -5.486 ], [ -79.298, -5.459 ], [ -79.295, -5.44 ], [ -79.306, -5.426 ], [ -79.308, -5.365 ], [ -79.326, -5.348 ], [ -79.328, -5.316 ], [ -79.359, -5.289 ], [ -79.348, -5.234 ], [ -79.378, -5.191 ], [ -79.367, -5.175 ], [ -79.341, -5.164 ], [ -79.342, -5.143 ], [ -79.33, -5.124 ], [ -79.296, -5.112 ], [ -79.273, -5.059 ], [ -79.226, -5.048 ], [ -79.213, -5.001 ], [ -79.222, -4.982 ], [ -79.208, -4.964 ], [ -79.149, -4.965 ], [ -79.111, -4.979 ], [ -79.076, -4.971 ], [ -79.072, -4.991 ], [ -79.056, -4.989 ], [ -79.014, -5.022 ], [ -78.972, -4.895 ], [ -78.892, -4.887 ], [ -78.89, -4.873 ], [ -78.912, -4.852 ], [ -78.892, -4.808 ], [ -78.915, -4.781 ], [ -78.89, -4.764 ], [ -78.89, -4.717 ], [ -78.863, -4.691 ], [ -78.862, -4.675 ], [ -78.841, -4.654 ], [ -78.805, -4.638 ], [ -78.777, -4.642 ], [ -78.762, -4.629 ], [ -78.705, -4.625 ], [ -78.665, -4.656 ], [ -78.652, -4.646 ], [ -78.638, -4.656 ], [ -78.644, -4.682 ], [ -78.632, -4.698 ], [ -78.645, -4.735 ], [ -78.628, -4.74 ], [ -78.631, -4.757 ], [ -78.621, -4.768 ], [ -78.642, -4.802 ], [ -78.632, -4.836 ], [ -78.644, -4.858 ], [ -78.645, -4.907 ], [ -78.678, -4.968 ], [ -78.666, -4.98 ], [ -78.651, -4.979 ], [ -78.641, -5.034 ], [ -78.658, -5.067 ], [ -78.681, -5.072 ], [ -78.701, -5.104 ], [ -78.709, -5.18 ], [ -78.694, -5.232 ], [ -78.684, -5.239 ], [ -78.684, -5.267 ], [ -78.654, -5.274 ], [ -78.638, -5.305 ], [ -78.587, -5.306 ], [ -78.575, -5.314 ], [ -78.677, -5.409 ], [ -78.697, -5.408 ], [ -78.724, -5.389 ], [ -78.727, -5.396 ], [ -78.748, -5.393 ], [ -78.747, -5.381 ], [ -78.761, -5.374 ], [ -78.778, -5.391 ], [ -78.784, -5.426 ], [ -78.867, -5.47 ] ], [ [ -79.177, -5.238 ], [ -79.176, -5.233 ], [ -79.178, -5.237 ], [ -79.177, -5.238 ] ], [ [ -79.013, -5.261 ], [ -79.021, -5.255 ], [ -79.012, -5.263 ], [ -79.013, -5.261 ] ], [ [ -78.899, -5.192 ], [ -78.908, -5.192 ], [ -78.904, -5.193 ], [ -78.899, -5.192 ] ], [ [ -78.9, -5.2 ], [ -78.898, -5.193 ], [ -78.899, -5.192 ], [ -78.9, -5.2 ] ], [ [ -78.822, -5.256 ], [ -78.831, -5.247 ], [ -78.823, -5.256 ], [ -78.822, -5.256 ] ], [ [ -78.815, -5.256 ], [ -78.818, -5.256 ], [ -78.813, -5.258 ], [ -78.815, -5.256 ] ], [ [ -79.02, -5.266 ], [ -79.016, -5.268 ], [ -79.015, -5.267 ], [ -79.02, -5.266 ] ], [ [ -78.998, -5.318 ], [ -79.0, -5.321 ], [ -78.999, -5.322 ], [ -78.998, -5.318 ] ], [ [ -78.916, -5.333 ], [ -78.908, -5.333 ], [ -78.908, -5.332 ], [ -78.916, -5.333 ] ], [ [ -78.905, -5.334 ], [ -78.897, -5.341 ], [ -78.904, -5.334 ], [ -78.905, -5.334 ] ], [ [ -78.886, -5.359 ], [ -78.885, -5.361 ], [ -78.883, -5.362 ], [ -78.886, -5.359 ] ], [ [ -79.091, -5.116 ], [ -79.092, -5.115 ], [ -79.094, -5.121 ], [ -79.091, -5.116 ] ], [ [ -79.045, -5.006 ], [ -79.045, -5.004 ], [ -79.047, -5.007 ], [ -79.045, -5.006 ] ] ] } },
{ "type": "Feature", "properties": { "DEPARTAMEN": "CAJAMARCA", "PROVINCIA": "SAN MARCOS", "clave": "CAJAMARCA|SAN MARCOS" }, "geometry": { "type": "Polygon", "coordinates": [ [ [ -78.015, -7.463 ], [ -78.041, -7.456 ], [ -78.054, -7.465 ], [ -78.086, -7.454 ], [ -78.119, -7.466 ], [ -78.13, -7.481 ], [ -78.167, -7.466 ], [ -78.218, -7.41 ], [ -78.22, -7.387 ], [ -78.277, -7.373 ], [ -78.275, -7.36 ], [ -78.306, -7.342 ], [ -78.325, -7.342 ], [ -78.288, -7.328 ], [ -78.272, -7.294 ], [ -78.236, -7.319 ], [ -78.22, -7.296 ], [ -78.216, -7.297 ], [ -78.239, -7.241 ], [ -78.251, -7.235 ], [ -78.24, -7.207 ], [ -78.201, -7.176 ], [ -78.184, -7.149 ], [ -78.114, -7.147 ], [ -78.103, -7.128 ], [ -78.056, -7.135 ], [ -78.016, -7.097 ], [ -77.951, -7.065 ], [ -77.93, -7.106 ], [ -77.926, -7.155 ], [ -77.898, -7.167 ], [ -77.898, -7.182 ], [ -77.881, -7.195 ], [ -77.882, -7.221 ], [ -77.849, -7.236 ], [ -77.859, -7.254 ], [ -77.857, -7.283 ], [ -77.833, -7.305 ], [ -77.838, -7.341 ], [ -77.829, -7.345 ], [ -77.883, -7.364 ], [ -77.921, -7.344 ], [ -77.943, -7.346 ], [ -77.982, -7.386 ], [ -78.015, -7.463 ] ], [ [ -78.133, -7.383 ], [ -78.101, -7.38 ], [ -78.117, -7.379 ], [ -78.133, -7.383 ] ], [ [ -78.086, -7.386 ], [ -78.087, -7.382 ], [ -78.088, -7.382 ], [ -78.086, -7.386 ] ], [ [ -78.048, -7.43 ], [ -78.048, -7.429 ], [ -78.07, -7.412 ], [ -78.048, -7.43 ] ], [ [ -78.049, -7.438 ], [ -78.047, -7.435 ], [ -78.048, -7.433 ], [ -78.049, -7.438 ] ], [ [ -78.003, -7.32 ], [ -77.998, -7.321 ], [ -78.003, -7.319 ], [ -78.003, -7.32 ] ], [ [ -77.989, -7.324 ], [ -77.979, -7.33 ], [ -77.986, -7.325 ], [ -77.989, -7.324 ] ], [ [ -78.084, -7.25 ], [ -78.073, -7.246 ], [ -78.072, -7.245 ], [ -78.084, -7.25 ] ], [ [ -78.092, -7.176 ], [ -78.092, -7.175 ], [ -78.097, -7.17 ], [ -78.092, -7.176 ] ] ] } },
{ "type": "Feature", "properties": { "DEPARTAMEN": "CAJAMARCA", "PROVINCIA": "SAN MIGUEL", "clave": "CAJAMARCA|SAN MIGUEL" }, "geometry": { "type": "Polygon", "coordinates": [ [ [ -79.044, -7.195 ], [ -79.058, -7.24 ], [ -79.082, -7.253 ], [ -79.087, -7.222 ], [ -79.124, -7.181 ], [ -79.143, -7.194 ], [ -79.198, -7.185 ], [ -79.213, -7.195 ], [ -79.266, -7.194 ], [ -79.281, -7.157 ], [ -79.305, -7.147 ], [ -79.286, -7.122 ], [ -79.296, -7.13 ], [ -79.314, -7.121 ], [ -79.313, -7.09 ], [ -79.331, -7.076 ], [ -79.324, -7.029 ], [ -79.297, -7.001 ], [ -79.307, -6.969 ], [ -79.299, -6.941 ], [ -79.311, -6.902 ], [ -79.296, -6.884 ], [ -79.273, -6.877 ], [ -79.263, -6.859 ], [ -79.223, -6.857 ], [ -79.207, -6.821 ], [ -79.16, -6.857 ], [ -79.151, -6.854 ], [ -79.146, -6.866 ], [ -79.083, -6.874 ], [ -79.052, -6.837 ], [ -79.023, -6.84 ], [ -78.981, -6.863 ], [ -78.936, -6.84 ], [ -78.883, -6.844 ], [ -78.887, -6.797 ], [ -78.849, -6.739 ], [ -78.852, -6.709 ], [ -78.821, -6.694 ], [ -78.79, -6.708 ], [ -78.746, -6.745 ], [ -78.718, -6.74 ], [ -78.705, -6.751 ], [ -78.691, -6.744 ], [ -78.678, -6.761 ], [ -78.638, -6.778 ], [ -78.627, -6.793 ], [ -78.627, -6.828 ], [ -78.612, -6.834 ], [ -78.634, -6.89 ], [ -78.655, -6.907 ], [ -78.687, -6.911 ], [ -78.697, -6.942 ], [ -78.737, -6.975 ], [ -78.741, -6.999 ], [ -78.76, -7.0 ], [ -78.786, -7.024 ], [ -78.826, -7.021 ], [ -78.864, -7.041 ], [ -78.873, -7.083 ], [ -78.883, -7.091 ], [ -78.878, -7.142 ], [ -78.886, -7.17 ], [ -78.917, -7.211 ], [ -78.944, -7.205 ], [ -78.956, -7.188 ], [ -78.986, -7.192 ], [ -79.017, -7.179 ], [ -79.044, -7.195 ] ], [ [ -79.26, -7.115 ], [ -79.267, -7.116 ], [ -79.286, -7.122 ], [ -79.26, -7.115 ] ], [ [ -79.194, -6.881 ], [ -79.195, -6.873 ], [ -79.195, -6.881 ], [ -79.194, -6.881 ] ], [ [ -79.21, -7.107 ], [ -79.208, -7.107 ], [ -79.208, -7.106 ], [ -79.21, -7.107 ] ], [ [ -79.134, -7.013 ], [ -79.122, -7.019 ], [ -79.12, -7.016 ], [ -79.134, -7.013 ] ], [ [ -79.075, -7.011 ], [ -79.08, -7.003 ], [ -79.081, -7.006 ], [ -79.075, -7.011 ] ], [ [ -79.077, -6.976 ], [ -79.063, -6.977 ], [ -79.065, -6.976 ], [ -79.077, -6.976 ] ], [ [ -79.035, -6.996 ], [ -79.044, -6.986 ], [ -79.048, -6.984 ], [ -79.035, -6.996 ] ], [ [ -79.013, -7.098 ], [ -79.011, -7.089 ], [ -79.012, -7.089 ], [ -79.013, -7.098 ] ], [ [ -79.175, -6.938 ], [ -79.174, -6.937 ], [ -79.175, -6.933 ], [ -79.175, -6.938 ] ], [ [ -79.182, -6.942 ], [ -79.177, -6.941 ], [ -79.176, -6.94 ], [ -79.182, -6.942 ] ], [ [ -78.682, -6.872 ], [ -78.679, -6.871 ], [ -78.674, -6.865 ], [ -78.682, -6.872 ] ] ] } },
{ "type": "Feature", "properties": { "DEPARTAMEN": "CAJAMARCA", "PROVINCIA": "SAN PABLO", "clave": "CAJAMARCA|SAN PABLO" }, "geometry": { "type": "Polygon", "coordinates": [ [ [ -78.72, -7.171 ], [ -78.729, -7.209 ], [ -78.748, -7.22 ], [ -78.78, -7.214 ], [ -78.808, -7.224 ], [ -78.868, -7.22 ], [ -78.896, -7.229 ], [ -78.92, -7.211 ], [ -78.886, -7.17 ], [ -78.878, -7.142 ], [ -78.883, -7.091 ], [ -78.873, -7.083 ], [ -78.865, -7.043 ], [ -78.826, -7.021 ], [ -78.786, -7.024 ], [ -78.76, -7.0 ], [ -78.741, -6.999 ], [ -78.737, -6.975 ], [ -78.697, -6.942 ], [ -78.69, -6.915 ], [ -78.65, -6.904 ], [ -78.628, -6.878 ], [ -78.625, -6.856 ], [ -78.607, -6.853 ], [ -78.599, -6.881 ], [ -78.613, -6.92 ], [ -78.605, -6.998 ], [ -78.628, -7.016 ], [ -78.637, -7.058 ], [ -78.662, -7.104 ], [ -78.72, -7.171 ] ], [ [ -78.84, -7.143 ], [ -78.842, -7.144 ], [ -78.845, -7.149 ], [ -78.84, -7.143 ] ], [ [ -78.836, -7.141 ], [ -78.838, -7.142 ], [ -78.83, -7.14 ], [ -78.836, -7.141 ] ], [ [ -78.906, -7.213 ], [ -78.897, -7.214 ], [ -78.896, -7.213 ], [ -78.906, -7.213 ] ] ] } },
{ "type": "Feature", "properties": { "DEPARTAMEN": "CAJAMARCA", "PROVINCIA": "SANTA CRUZ", "clave": "CAJAMARCA|SANTA CRUZ" }, "geometry": { "type": "Polygon", "coordinates": [ [ [ -78.849, -6.739 ], [ -78.887, -6.797 ], [ -78.886, -6.845 ], [ -78.936, -6.84 ], [ -78.981, -6.863 ], [ -79.023, -6.84 ], [ -79.051, -6.836 ], [ -79.083, -6.874 ], [ -79.146, -6.866 ], [ -79.151, -6.854 ], [ -79.159, -6.857 ], [ -79.207, -6.821 ], [ -79.121, -6.778 ], [ -79.139, -6.739 ], [ -79.142, -6.702 ], [ -79.171, -6.702 ], [ -79.188, -6.717 ], [ -79.196, -6.695 ], [ -79.218, -6.693 ], [ -79.239, -6.619 ], [ -79.253, -6.61 ], [ -79.221, -6.613 ], [ -79.194, -6.628 ], [ -79.118, -6.628 ], [ -79.094, -6.602 ], [ -79.088, -6.558 ], [ -79.056, -6.516 ], [ -79.048, -6.525 ], [ -79.024, -6.513 ], [ -78.988, -6.512 ], [ -78.966, -6.531 ], [ -78.928, -6.504 ], [ -78.906, -6.528 ], [ -78.823, -6.526 ], [ -78.81, -6.554 ], [ -78.777, -6.563 ], [ -78.785, -6.583 ], [ -78.773, -6.58 ], [ -78.76, -6.596 ], [ -78.757, -6.63 ], [ -78.769, -6.651 ], [ -78.74, -6.704 ], [ -78.725, -6.715 ], [ -78.718, -6.74 ], [ -78.746, -6.745 ], [ -78.818, -6.693 ], [ -78.849, -6.705 ], [ -78.849, -6.739 ] ], [ [ -78.948, -6.584 ], [ -78.95, -6.587 ], [ -78.948, -6.586 ], [ -78.948, -6.584 ] ], [ [ -78.947, -6.581 ], [ -78.934, -6.58 ], [ -78.946, -6.58 ], [ -78.947, -6.581 ] ], [ [ -78.894, -6.608 ], [ -78.895, -6.603 ], [ -78.895, -6.605 ], [ -78.894, -6.608 ] ], [ [ -78.953, -6.678 ], [ -78.961, -6.675 ], [ -78.959, -6.677 ], [ -78.953, -6.678 ] ], [ [ -79.015, -6.648 ], [ -79.014, -6.645 ], [ -79.014, -6.643 ], [ -79.015, -6.648 ] ], [ [ -78.9, -6.668 ], [ -78.904, -6.659 ], [ -78.906, -6.656 ], [ -78.9, -6.668 ] ], [ [ -78.812, -6.595 ], [ -78.814, -6.597 ], [ -78.814, -6.599 ], [ -78.812, -6.595 ] ], [ [ -78.824, -6.611 ], [ -78.828, -6.601 ], [ -78.829, -6.601 ], [ -78.824, -6.611 ] ], [ [ -78.82, -6.659 ], [ -78.826, -6.661 ], [ -78.821, -6.66 ], [ -78.82, -6.659 ] ], [ [ -78.814, -6.688 ], [ -78.805, -6.68 ], [ -78.811, -6.678 ], [ -78.814, -6.688 ] ], [ [ -78.819, -6.658 ], [ -78.81, -6.649 ], [ -78.819, -6.656 ], [ -78.819, -6.658 ] ], [ [ -78.799, -6.641 ], [ -78.8, -6.645 ], [ -78.797, -6.64 ], [ -78.799, -6.641 ] ] ] } },
{ "type": "Feature", "properties": { "DEPARTAMEN": "CALLAO", "PROVINCIA": "CALLAO", "clave": "CALLAO|CALLAO" }, "geometry": { "type": "Polygon", "coordinates": [ [ [ -77.111, -12.08 ], [ -77.146, -12.068 ], [ -77.171, -12.072 ], [ -77.149, -12.059 ], [ -77.155, -12.049 ], [ -77.147, -12.055 ], [ -77.141, -12.047 ], [ -77.141, -12.038 ], [ -77.155, -12.046 ], [ -77.133, -11.976 ], [ -77.146, -11.902 ], [ -77.174, -11.845 ], [ -77.187, -11.84 ], [ -77.185, -11.826 ], [ -77.127, -11.818 ], [ -77.115, -11.835 ], [ -77.121, -11.849 ], [ -77.114, -11.842 ], [ -77.107, -11.867 ], [ -77.095, -11.875 ], [ -77.089, -11.899 ], [ -77.104, -11.936 ], [ -77.095, -11.95 ], [ -77.13, -11.937 ], [ -77.11, -11.976 ], [ -77.118, -11.995 ], [ -77.087, -12.015 ], [ -77.099, -12.04 ], [ -77.083, -12.036 ], [ -77.078, -12.049 ], [ -77.09, -12.052 ], [ -77.087, -12.062 ], [ -77.105, -12.064 ], [ -77.111, -12.08 ] ], [ [ -77.133, -12.068 ], [ -77.125, -12.067 ], [ -77.133, -12.07 ], [ -77.133, -12.068 ] ], [ [ -77.127, -11.85 ], [ -77.129, -11.852 ], [ -77.129, -11.853 ], [ -77.127, -11.85 ] ] ] } },
{ "type": "Feature", "properties": { "DEPARTAMEN": "CUSCO", "PROVINCIA": "CUSCO", "clave": "CUSCO|CUSCO" }, "geometry": { "type": "Polygon", "coordinates": [ [ [ -71.928, -13.615 ], [ -71.985, -13.608 ], [ -72.024, -13.614 ], [ -72.045, -13.638 ], [ -72.092, -13.649 ], [ -72.115, -13.628 ], [ -72.132, -13.639 ], [ -72.135, -13.625 ], [ -72.165, -13.606 ], [ -72.168, -13.581 ], [ -72.155, -13.54 ], [ -72.106, -13.554 ], [ -72.078, -13.528 ], [ -72.061, -13.528 ], [ -72.051, -13.49 ], [ -72.019, -13.475 ], [ -72.001, -13.444 ], [ -71.979, -13.43 ], [ -71.955, -13.441 ], [ -71.929, -13.437 ], [ -71.924, -13.459 ], [ -71.936, -13.471 ], [ -71.883, -13.498 ], [ -71.855, -13.496 ], [ -71.846, -13.487 ], [ -71.805, -13.508 ], [ -71.821, -13.521 ], [ -71.816, -13.576 ], [ -71.836, -13.591 ], [ -71.82, -13.608 ], [ -71.843, -13.631 ], [ -71.905, -13.599 ], [ -71.905, -13.587 ], [ -71.928, -13.615 ] ], [ [ -71.971, -13.527 ], [ -71.972, -13.527 ], [ -71.967, -13.534 ], [ -71.971, -13.527 ] ], [ [ -72.012, -13.589 ], [ -72.011, -13.59 ], [ -72.014, -13.579 ], [ -72.012, -13.589 ] ], [ [ -71.909, -13.547 ], [ -71.913, -13.551 ], [ -71.909, -13.548 ], [ -71.909, -13.547 ] ], [ [ -71.84, -13.59 ], [ -71.839, -13.59 ], [ -71.842, -13.582 ], [ -71.84, -13.59 ] ], [ [ -71.973, -13.522 ], [ -71.973, -13.52 ], [ -71.974, -13.52 ], [ -71.973, -13.522 ] ], [ [ -71.945, -13.498 ], [ -71.946, -13.479 ], [ -71.947, -13.48 ], [ -71.945, -13.498 ] ] ] } },
{ "type": "Feature", "properties": { "DEPARTAMEN": "CUSCO", "PROVINCIA": "ACOMAYO", "clave": "CUSCO|ACOMAYO" }, "geometry": { "type": "Polygon", "coordinates": [ [ [ -71.445, -14.108 ], [ -71.461, -14.109 ], [ -71.467, -14.129 ], [ -71.492, -14.138 ], [ -71.557, -14.083 ], [ -71.584, -14.102 ], [ -71.595, -14.149 ], [ -71.607, -14.154 ], [ -71.625, -14.137 ], [ -71.699, -14.117 ], [ -71.718, -14.059 ], [ -71.729, -13.975 ], [ -71.777, -13.94 ], [ -71.78, -13.907 ], [ -71.809, -13.895 ], [ -71.808, -13.872 ], [ -71.799, -13.868 ], [ -71.807, -13.828 ], [ -71.834, -13.811 ], [ -71.83, -13.781 ], [ -71.791, -13.7 ], [ -71.748, -13.71 ], [ -71.747, -13.726 ], [ -71.713, -13.742 ], [ -71.703, -13.76 ], [ -71.696, -13.796 ], [ -71.72, -13.829 ], [ -71.712, -13.82 ], [ -71.648, -13.823 ], [ -71.62, -13.899 ], [ -71.563, -13.906 ], [ -71.558, -13.922 ], [ -71.566, -13.93 ], [ -71.548, -13.945 ], [ -71.537, -13.941 ], [ -71.514, -13.983 ], [ -71.491, -13.989 ], [ -71.48, -14.033 ], [ -71.448, -14.054 ], [ -71.445, -14.108 ] ], [ [ -71.586, -13.979 ], [ -71.588, -13.975 ], [ -71.587, -13.981 ], [ -71.586, -13.979 ] ], [ [ -71.581, -13.983 ], [ -71.587, -13.982 ], [ -71.587, -13.983 ], [ -71.581, -13.983 ] ], [ [ -71.479, -14.081 ], [ -71.462, -14.076 ], [ -71.464, -14.075 ], [ -71.479, -14.081 ] ], [ [ -71.553, -14.02 ], [ -71.548, -14.021 ], [ -71.554, -14.019 ], [ -71.553, -14.02 ] ], [ [ -71.527, -14.058 ], [ -71.527, -14.057 ], [ -71.529, -14.056 ], [ -71.527, -14.058 ] ], [ [ -71.761, -13.851 ], [ -71.756, -13.849 ], [ -71.756, -13.848 ], [ -71.761, -13.851 ] ] ] } },
{ "type": "Feature", "properties": { "DEPARTAMEN": "CUSCO", "PROVINCIA": "ANTA", "clave": "CUSCO|ANTA" }, "geometry": { "type": "Polygon", "coordinates": [ [ [ -72.116, -13.398 ], [ -72.104, -13.427 ], [ -72.076, -13.435 ], [ -72.061, -13.451 ], [ -72.042, -13.453 ], [ -72.017, -13.439 ], [ -72.0, -13.448 ], [ -72.018, -13.475 ], [ -72.051, -13.49 ], [ -72.061, -13.528 ], [ -72.078, -13.528 ], [ -72.103, -13.553 ], [ -72.139, -13.538 ], [ -72.159, -13.544 ], [ -72.168, -13.594 ], [ -72.164, -13.607 ], [ -72.135, -13.625 ], [ -72.132, -13.639 ], [ -72.166, -13.648 ], [ -72.229, -13.714 ], [ -72.245, -13.687 ], [ -72.249, -13.693 ], [ -72.261, -13.682 ], [ -72.29, -13.69 ], [ -72.312, -13.709 ], [ -72.315, -13.698 ], [ -72.355, -13.682 ], [ -72.369, -13.666 ], [ -72.404, -13.658 ], [ -72.4, -13.633 ], [ -72.422, -13.606 ], [ -72.466, -13.588 ], [ -72.489, -13.592 ], [ -72.495, -13.579 ], [ -72.523, -13.567 ], [ -72.536, -13.572 ], [ -72.543, -13.558 ], [ -72.563, -13.551 ], [ -72.574, -13.563 ], [ -72.593, -13.562 ], [ -72.601, -13.544 ], [ -72.627, -13.535 ], [ -72.637, -13.542 ], [ -72.657, -13.513 ], [ -72.672, -13.522 ], [ -72.716, -13.49 ], [ -72.746, -13.482 ], [ -72.773, -13.449 ], [ -72.746, -13.416 ], [ -72.721, -13.405 ], [ -72.694, -13.421 ], [ -72.685, -13.407 ], [ -72.653, -13.397 ], [ -72.63, -13.375 ], [ -72.614, -13.384 ], [ -72.552, -13.334 ], [ -72.547, -13.333 ], [ -72.543, -13.336 ], [ -72.535, -13.35 ], [ -72.541, -13.367 ], [ -72.533, -13.373 ], [ -72.453, -13.363 ], [ -72.439, -13.344 ], [ -72.409, -13.345 ], [ -72.375, -13.364 ], [ -72.369, -13.358 ], [ -72.373, -13.343 ], [ -72.381, -13.343 ], [ -72.386, -13.304 ], [ -72.361, -13.285 ], [ -72.336, -13.315 ], [ -72.314, -13.308 ], [ -72.302, -13.318 ], [ -72.282, -13.313 ], [ -72.266, -13.33 ], [ -72.218, -13.327 ], [ -72.211, -13.366 ], [ -72.17, -13.392 ], [ -72.131, -13.39 ], [ -72.116, -13.398 ] ], [ [ -72.553, -13.347 ], [ -72.548, -13.338 ], [ -72.547, -13.333 ], [ -72.553, -13.347 ] ], [ [ -72.203, -13.466 ], [ -72.202, -13.469 ], [ -72.198, -13.451 ], [ -72.203, -13.466 ] ], [ [ -72.166, -13.413 ], [ -72.167, -13.42 ], [ -72.166, -13.42 ], [ -72.166, -13.413 ] ], [ [ -72.104, -13.442 ], [ -72.104, -13.428 ], [ -72.111, -13.438 ], [ -72.104, -13.442 ] ], [ [ -72.541, -13.549 ], [ -72.546, -13.555 ], [ -72.534, -13.545 ], [ -72.541, -13.549 ] ], [ [ -72.555, -13.351 ], [ -72.555, -13.362 ], [ -72.554, -13.349 ], [ -72.555, -13.351 ] ], [ [ -72.271, -13.509 ], [ -72.284, -13.512 ], [ -72.271, -13.51 ], [ -72.271, -13.509 ] ], [ [ -72.272, -13.515 ], [ -72.272, -13.511 ], [ -72.273, -13.514 ], [ -72.272, -13.515 ] ], [ [ -72.256, -13.523 ], [ -72.252, -13.528 ], [ -72.251, -13.528 ], [ -72.256, -13.523 ] ], [ [ -72.117, -13.489 ], [ -72.115, -13.493 ], [ -72.112, -13.494 ], [ -72.117, -13.489 ] ], [ [ -72.225, -13.436 ], [ -72.224, -13.445 ], [ -72.223, -13.445 ], [ -72.225, -13.436 ] ], [ [ -72.332, -13.388 ], [ -72.337, -13.387 ], [ -72.337, -13.388 ], [ -72.332, -13.388 ] ] ] } },
{ "type": "Feature", "properties": { "DEPARTAMEN": "CUSCO", "PROVINCIA": "CALCA", "clave": "CUSCO|CALCA" }, "geometry": { "type": "Polygon", "coordinates": [ [ [ -71.726, -13.457 ], [ -71.736, -13.463 ], [ -71.728, -13.473 ], [ -71.738, -13.477 ], [ -71.726, -13.494 ], [ -71.72, -13.552 ], [ -71.745, -13.575 ], [ -71.802, -13.509 ], [ -71.847, -13.483 ], [ -71.855, -13.496 ], [ -71.885, -13.497 ], [ -71.932, -13.468 ], [ -71.924, -13.459 ], [ -71.929, -13.436 ], [ -71.941, -13.443 ], [ -71.98, -13.429 ], [ -71.969, -13.399 ], [ -71.974, -13.383 ], [ -71.985, -13.379 ], [ -72.02, -13.318 ], [ -72.034, -13.325 ], [ -72.04, -13.316 ], [ -72.06, -13.215 ], [ -72.098, -13.189 ], [ -72.138, -13.188 ], [ -72.15, -13.175 ], [ -72.152, -13.139 ], [ -72.166, -13.113 ], [ -72.191, -13.095 ], [ -72.17, -13.023 ], [ -72.182, -13.007 ], [ -72.214, -12.996 ], [ -72.221, -12.957 ], [ -72.287, -12.93 ], [ -72.295, -12.934 ], [ -72.32, -12.914 ], [ -72.334, -12.889 ], [ -72.334, -12.865 ], [ -72.362, -12.827 ], [ -72.355, -12.789 ], [ -72.366, -12.768 ], [ -72.353, -12.687 ], [ -72.322, -12.669 ], [ -72.364, -12.646 ], [ -72.367, -12.632 ], [ -72.225, -12.665 ], [ -72.186, -12.657 ], [ -72.137, -12.621 ], [ -72.121, -12.579 ], [ -72.125, -12.548 ], [ -72.091, -12.516 ], [ -72.075, -12.518 ], [ -72.064, -12.507 ], [ -72.029, -12.526 ], [ -72.001, -12.57 ], [ -71.981, -12.58 ], [ -71.984, -12.608 ], [ -71.965, -12.615 ], [ -71.956, -12.654 ], [ -71.97, -12.662 ], [ -71.979, -12.683 ], [ -71.965, -12.694 ], [ -71.917, -12.699 ], [ -71.918, -12.72 ], [ -71.9, -12.737 ], [ -71.921, -12.753 ], [ -71.878, -12.796 ], [ -71.895, -12.811 ], [ -71.894, -12.83 ], [ -71.876, -12.841 ], [ -71.877, -12.864 ], [ -71.866, -12.873 ], [ -71.865, -12.889 ], [ -71.824, -12.93 ], [ -71.829, -12.956 ], [ -71.845, -12.963 ], [ -71.85, -12.986 ], [ -71.881, -12.993 ], [ -71.911, -13.032 ], [ -71.889, -13.053 ], [ -71.889, -13.086 ], [ -71.878, -13.098 ], [ -71.886, -13.11 ], [ -71.864, -13.125 ], [ -71.862, -13.135 ], [ -71.88, -13.151 ], [ -71.871, -13.187 ], [ -71.855, -13.209 ], [ -71.864, -13.227 ], [ -71.846, -13.268 ], [ -71.83, -13.28 ], [ -71.838, -13.301 ], [ -71.825, -13.318 ], [ -71.795, -13.317 ], [ -71.783, -13.343 ], [ -71.74, -13.386 ], [ -71.725, -13.42 ], [ -71.761, -13.428 ], [ -71.726, -13.457 ] ], [ [ -71.93, -13.365 ], [ -71.942, -13.378 ], [ -71.932, -13.369 ], [ -71.93, -13.365 ] ], [ [ -71.857, -13.354 ], [ -71.867, -13.356 ], [ -71.852, -13.355 ], [ -71.857, -13.354 ] ], [ [ -71.833, -13.322 ], [ -71.834, -13.325 ], [ -71.831, -13.321 ], [ -71.833, -13.322 ] ], [ [ -71.895, -13.435 ], [ -71.892, -13.438 ], [ -71.89, -13.438 ], [ -71.895, -13.435 ] ], [ [ -71.925, -13.173 ], [ -71.918, -13.17 ], [ -71.919, -13.17 ], [ -71.925, -13.173 ] ], [ [ -71.97, -12.964 ], [ -71.969, -12.963 ], [ -71.97, -12.963 ], [ -71.97, -12.964 ] ], [ [ -71.972, -12.967 ], [ -71.97, -12.971 ], [ -71.971, -12.966 ], [ -71.972, -12.967 ] ], [ [ -71.911, -13.017 ], [ -71.912, -13.016 ], [ -71.927, -13.013 ], [ -71.911, -13.017 ] ] ] } },
{ "type": "Feature", "properties": { "DEPARTAMEN": "CUSCO", "PROVINCIA": "CANAS", "clave": "CUSCO|CANAS" }, "geometry": { "type": "Polygon", "coordinates": [ [ [ -70.962, -14.445 ], [ -70.988, -14.455 ], [ -70.987, -14.499 ], [ -70.999, -14.503 ], [ -70.966, -14.568 ], [ -70.977, -14.582 ], [ -71.004, -14.573 ], [ -71.017, -14.58 ], [ -71.01, -14.598 ], [ -71.031, -14.593 ], [ -71.074, -14.631 ], [ -71.109, -14.634 ], [ -71.118, -14.649 ], [ -71.149, -14.64 ], [ -71.176, -14.612 ], [ -71.213, -14.648 ], [ -71.248, -14.641 ], [ -71.259, -14.653 ], [ -71.296, -14.641 ], [ -71.308, -14.66 ], [ -71.336, -14.616 ], [ -71.374, -14.62 ], [ -71.383, -14.609 ], [ -71.417, -14.602 ], [ -71.43, -14.621 ], [ -71.489, -14.579 ], [ -71.531, -14.571 ], [ -71.544, -14.538 ], [ -71.579, -14.548 ], [ -71.61, -14.543 ], [ -71.615, -14.533 ], [ -71.648, -14.532 ], [ -71.646, -14.502 ], [ -71.625, -14.499 ], [ -71.605, -14.479 ], [ -71.609, -14.445 ], [ -71.55, -14.406 ], [ -71.553, -14.385 ], [ -71.569, -14.375 ], [ -71.555, -14.362 ], [ -71.555, -14.293 ], [ -71.54, -14.302 ], [ -71.554, -14.292 ], [ -71.549, -14.262 ], [ -71.526, -14.266 ], [ -71.515, -14.253 ], [ -71.55, -14.175 ], [ -71.596, -14.15 ], [ -71.584, -14.102 ], [ -71.557, -14.084 ], [ -71.495, -14.138 ], [ -71.467, -14.129 ], [ -71.457, -14.106 ], [ -71.424, -14.106 ], [ -71.417, -14.115 ], [ -71.441, -14.153 ], [ -71.418, -14.191 ], [ -71.416, -14.21 ], [ -71.397, -14.2 ], [ -71.392, -14.215 ], [ -71.367, -14.23 ], [ -71.372, -14.277 ], [ -71.353, -14.287 ], [ -71.33, -14.282 ], [ -71.326, -14.308 ], [ -71.335, -14.331 ], [ -71.294, -14.313 ], [ -71.249, -14.331 ], [ -71.246, -14.368 ], [ -71.259, -14.378 ], [ -71.21, -14.429 ], [ -71.192, -14.429 ], [ -71.168, -14.446 ], [ -71.14, -14.441 ], [ -71.135, -14.464 ], [ -71.098, -14.458 ], [ -71.084, -14.473 ], [ -71.073, -14.45 ], [ -71.037, -14.452 ], [ -71.026, -14.43 ], [ -70.99, -14.43 ], [ -70.979, -14.417 ], [ -70.962, -14.445 ] ], [ [ -71.177, -14.6 ], [ -71.178, -14.601 ], [ -71.176, -14.612 ], [ -71.177, -14.6 ] ], [ [ -71.434, -14.188 ], [ -71.427, -14.181 ], [ -71.436, -14.188 ], [ -71.434, -14.188 ] ], [ [ -71.376, -14.374 ], [ -71.374, -14.381 ], [ -71.374, -14.375 ], [ -71.376, -14.374 ] ], [ [ -71.388, -14.355 ], [ -71.392, -14.358 ], [ -71.39, -14.358 ], [ -71.388, -14.355 ] ], [ [ -71.364, -14.407 ], [ -71.365, -14.399 ], [ -71.366, -14.396 ], [ -71.364, -14.407 ] ], [ [ -71.355, -14.396 ], [ -71.344, -14.394 ], [ -71.345, -14.393 ], [ -71.355, -14.396 ] ], [ [ -71.306, -14.445 ], [ -71.301, -14.456 ], [ -71.301, -14.452 ], [ -71.306, -14.445 ] ], [ [ -71.174, -14.524 ], [ -71.157, -14.5 ], [ -71.166, -14.484 ], [ -71.196, -14.477 ], [ -71.249, -14.439 ], [ -71.284, -14.436 ], [ -71.274, -14.459 ], [ -71.237, -14.492 ], [ -71.174, -14.524 ] ], [ [ -71.493, -14.364 ], [ -71.493, -14.363 ], [ -71.497, -14.36 ], [ -71.493, -14.364 ] ] ] } },
{ "type": "Feature", "properties": { "DEPARTAMEN": "CUSCO", "PROVINCIA": "CANCHIS", "clave": "CUSCO|CANCHIS" }, "geometry": { "type": "Polygon", "coordinates": [ [ [ -70.97, -14.378 ], [ -70.986, -14.38 ], [ -70.979, -14.417 ], [ -70.988, -14.429 ], [ -71.025, -14.429 ], [ -71.037, -14.452 ], [ -71.073, -14.45 ], [ -71.083, -14.473 ], [ -71.098, -14.458 ], [ -71.136, -14.464 ], [ -71.14, -14.441 ], [ -71.168, -14.446 ], [ -71.227, -14.417 ], [ -71.232, -14.4 ], [ -71.259, -14.378 ], [ -71.246, -14.368 ], [ -71.249, -14.331 ], [ -71.294, -14.313 ], [ -71.337, -14.33 ], [ -71.326, -14.308 ], [ -71.33, -14.282 ], [ -71.35, -14.287 ], [ -71.371, -14.28 ], [ -71.367, -14.23 ], [ -71.392, -14.215 ], [ -71.397, -14.2 ], [ -71.416, -14.21 ], [ -71.441, -14.154 ], [ -71.417, -14.115 ], [ -71.44, -14.104 ], [ -71.448, -14.055 ], [ -71.48, -14.033 ], [ -71.492, -13.988 ], [ -71.518, -13.977 ], [ -71.514, -13.961 ], [ -71.475, -13.927 ], [ -71.443, -13.938 ], [ -71.442, -13.927 ], [ -71.423, -13.926 ], [ -71.408, -13.897 ], [ -71.393, -13.896 ], [ -71.374, -13.921 ], [ -71.352, -13.901 ], [ -71.32, -13.906 ], [ -71.308, -13.89 ], [ -71.311, -13.876 ], [ -71.301, -13.873 ], [ -71.305, -13.857 ], [ -71.29, -13.828 ], [ -71.241, -13.819 ], [ -71.223, -13.78 ], [ -71.193, -13.793 ], [ -71.183, -13.789 ], [ -71.164, -13.743 ], [ -71.137, -13.744 ], [ -71.122, -13.762 ], [ -71.104, -13.76 ], [ -71.08, -13.726 ], [ -71.036, -13.753 ], [ -70.989, -13.763 ], [ -70.957, -13.805 ], [ -70.935, -13.801 ], [ -70.913, -13.814 ], [ -70.891, -13.779 ], [ -70.871, -13.785 ], [ -70.863, -13.8 ], [ -70.893, -13.847 ], [ -70.881, -13.834 ], [ -70.854, -13.854 ], [ -70.833, -13.856 ], [ -70.826, -13.878 ], [ -70.831, -13.895 ], [ -70.81, -13.912 ], [ -70.847, -13.965 ], [ -70.853, -13.998 ], [ -70.841, -14.009 ], [ -70.862, -14.025 ], [ -70.829, -14.076 ], [ -70.819, -14.068 ], [ -70.79, -14.079 ], [ -70.821, -14.141 ], [ -70.846, -14.149 ], [ -70.867, -14.17 ], [ -70.886, -14.171 ], [ -70.882, -14.199 ], [ -70.895, -14.209 ], [ -70.9, -14.233 ], [ -70.88, -14.27 ], [ -70.891, -14.273 ], [ -70.893, -14.287 ], [ -70.913, -14.303 ], [ -70.912, -14.341 ], [ -70.948, -14.353 ], [ -70.97, -14.378 ] ], [ [ -71.363, -14.22 ], [ -71.368, -14.212 ], [ -71.364, -14.225 ], [ -71.363, -14.22 ] ], [ [ -71.213, -14.112 ], [ -71.212, -14.118 ], [ -71.211, -14.117 ], [ -71.213, -14.112 ] ], [ [ -71.202, -14.056 ], [ -71.205, -14.057 ], [ -71.202, -14.057 ], [ -71.202, -14.056 ] ], [ [ -71.072, -14.111 ], [ -71.072, -14.107 ], [ -71.073, -14.111 ], [ -71.072, -14.111 ] ], [ [ -71.028, -14.098 ], [ -71.035, -14.099 ], [ -71.026, -14.099 ], [ -71.028, -14.098 ] ], [ [ -71.323, -14.288 ], [ -71.322, -14.287 ], [ -71.322, -14.284 ], [ -71.323, -14.288 ] ], [ [ -71.105, -14.216 ], [ -71.101, -14.217 ], [ -71.098, -14.216 ], [ -71.105, -14.216 ] ], [ [ -70.925, -14.17 ], [ -70.925, -14.164 ], [ -70.926, -14.164 ], [ -70.925, -14.17 ] ], [ [ -70.909, -14.165 ], [ -70.889, -14.176 ], [ -70.892, -14.173 ], [ -70.909, -14.165 ] ], [ [ -71.1, -14.32 ], [ -71.091, -14.313 ], [ -71.101, -14.319 ], [ -71.1, -14.32 ] ], [ [ -71.089, -14.306 ], [ -71.09, -14.306 ], [ -71.09, -14.307 ], [ -71.089, -14.306 ] ], [ [ -71.077, -14.307 ], [ -71.085, -14.305 ], [ -71.086, -14.306 ], [ -71.077, -14.307 ] ], [ [ -71.352, -14.213 ], [ -71.362, -14.217 ], [ -71.363, -14.218 ], [ -71.352, -14.213 ] ] ] } },
{ "type": "Feature", "properties": { "DEPARTAMEN": "CUSCO", "PROVINCIA": "CHUMBIVILCAS", "clave": "CUSCO|CHUMBIVILCAS" }, "geometry": { "type": "Polygon", "coordinates": [ [ [ -71.745, -14.275 ], [ -71.729, -14.266 ], [ -71.692, -14.278 ], [ -71.68, -14.265 ], [ -71.688, -14.241 ], [ -71.673, -14.196 ], [ -71.682, -14.146 ], [ -71.699, -14.117 ], [ -71.625, -14.137 ], [ -71.609, -14.154 ], [ -71.588, -14.149 ], [ -71.563, -14.161 ], [ -71.522, -14.222 ], [ -71.515, -14.253 ], [ -71.526, -14.266 ], [ -71.549, -14.262 ], [ -71.56, -14.341 ], [ -71.555, -14.362 ], [ -71.569, -14.375 ], [ -71.553, -14.385 ], [ -71.55, -14.406 ], [ -71.609, -14.445 ], [ -71.605, -14.478 ], [ -71.625, -14.499 ], [ -71.646, -14.502 ], [ -71.649, -14.554 ], [ -71.704, -14.573 ], [ -71.712, -14.582 ], [ -71.713, -14.61 ], [ -71.754, -14.625 ], [ -71.737, -14.658 ], [ -71.76, -14.679 ], [ -71.778, -14.683 ], [ -71.784, -14.702 ], [ -71.8, -14.71 ], [ -71.822, -14.706 ], [ -71.85, -14.689 ], [ -71.866, -14.709 ], [ -71.881, -14.71 ], [ -71.893, -14.747 ], [ -71.879, -14.757 ], [ -71.902, -14.767 ], [ -71.894, -14.79 ], [ -71.929, -14.785 ], [ -71.933, -14.756 ], [ -71.959, -14.733 ], [ -71.946, -14.711 ], [ -71.952, -14.704 ], [ -71.929, -14.689 ], [ -71.974, -14.658 ], [ -71.989, -14.633 ], [ -72.013, -14.646 ], [ -72.044, -14.703 ], [ -72.048, -14.739 ], [ -72.034, -14.793 ], [ -72.041, -14.81 ], [ -72.025, -14.829 ], [ -72.04, -14.839 ], [ -72.047, -14.887 ], [ -72.077, -14.884 ], [ -72.09, -14.857 ], [ -72.131, -14.828 ], [ -72.139, -14.812 ], [ -72.132, -14.789 ], [ -72.146, -14.777 ], [ -72.16, -14.786 ], [ -72.189, -14.778 ], [ -72.212, -14.803 ], [ -72.242, -14.812 ], [ -72.253, -14.804 ], [ -72.318, -14.834 ], [ -72.406, -14.827 ], [ -72.435, -14.79 ], [ -72.469, -14.787 ], [ -72.469, -14.763 ], [ -72.486, -14.743 ], [ -72.488, -14.723 ], [ -72.46, -14.676 ], [ -72.472, -14.661 ], [ -72.462, -14.606 ], [ -72.503, -14.553 ], [ -72.492, -14.534 ], [ -72.444, -14.497 ], [ -72.441, -14.482 ], [ -72.393, -14.482 ], [ -72.365, -14.462 ], [ -72.358, -14.436 ], [ -72.341, -14.428 ], [ -72.32, -14.441 ], [ -72.289, -14.422 ], [ -72.295, -14.411 ], [ -72.25, -14.403 ], [ -72.24, -14.348 ], [ -72.225, -14.349 ], [ -72.206, -14.32 ], [ -72.187, -14.313 ], [ -72.163, -14.266 ], [ -72.135, -14.259 ], [ -72.076, -14.207 ], [ -72.095, -14.173 ], [ -72.057, -14.129 ], [ -72.068, -14.077 ], [ -72.051, -14.027 ], [ -72.056, -13.935 ], [ -72.017, -13.948 ], [ -71.985, -13.947 ], [ -71.968, -13.96 ], [ -71.958, -13.993 ], [ -71.938, -13.979 ], [ -71.944, -14.006 ], [ -71.91, -14.058 ], [ -71.903, -14.108 ], [ -71.901, -14.135 ], [ -71.917, -14.155 ], [ -71.886, -14.194 ], [ -71.866, -14.204 ], [ -71.81, -14.2 ], [ -71.802, -14.18 ], [ -71.764, -14.192 ], [ -71.741, -14.24 ], [ -71.74, -14.253 ], [ -71.759, -14.26 ], [ -71.745, -14.275 ] ], [ [ -72.036, -14.404 ], [ -72.037, -14.401 ], [ -72.037, -14.403 ], [ -72.036, -14.404 ] ], [ [ -71.964, -14.437 ], [ -71.97, -14.444 ], [ -71.966, -14.441 ], [ -71.964, -14.437 ] ], [ [ -71.963, -14.434 ], [ -71.963, -14.435 ], [ -71.95, -14.436 ], [ -71.963, -14.434 ] ], [ [ -71.757, -14.42 ], [ -71.756, -14.421 ], [ -71.756, -14.42 ], [ -71.757, -14.42 ] ], [ [ -71.771, -14.406 ], [ -71.771, -14.408 ], [ -71.769, -14.399 ], [ -71.771, -14.406 ] ], [ [ -71.777, -14.312 ], [ -71.776, -14.313 ], [ -71.776, -14.308 ], [ -71.777, -14.312 ] ], [ [ -72.087, -14.358 ], [ -72.086, -14.355 ], [ -72.091, -14.361 ], [ -72.087, -14.358 ] ], [ [ -72.305, -14.551 ], [ -72.297, -14.555 ], [ -72.296, -14.554 ], [ -72.305, -14.551 ] ], [ [ -72.177, -14.519 ], [ -72.174, -14.519 ], [ -72.177, -14.518 ], [ -72.177, -14.519 ] ], [ [ -72.178, -14.516 ], [ -72.181, -14.508 ], [ -72.18, -14.514 ], [ -72.178, -14.516 ] ], [ [ -72.004, -14.544 ], [ -72.01, -14.542 ], [ -72.016, -14.542 ], [ -72.004, -14.544 ] ], [ [ -72.106, -14.261 ], [ -72.103, -14.264 ], [ -72.1, -14.265 ], [ -72.106, -14.261 ] ], [ [ -72.098, -14.266 ], [ -72.095, -14.267 ], [ -72.09, -14.267 ], [ -72.098, -14.266 ] ], [ [ -71.922, -14.144 ], [ -71.92, -14.146 ], [ -71.922, -14.143 ], [ -71.922, -14.144 ] ] ] } },
{ "type": "Feature", "properties": { "DEPARTAMEN": "CUSCO", "PROVINCIA": "ESPINAR", "clave": "CUSCO|ESPINAR" }, "geometry": { "type": "Polygon", "coordinates": [ [ [ -70.963, -15.216 ], [ -70.985, -15.249 ], [ -70.974, -15.274 ], [ -70.952, -15.29 ], [ -70.959, -15.319 ], [ -70.985, -15.317 ], [ -71.006, -15.335 ], [ -71.044, -15.418 ], [ -71.075, -15.438 ], [ -71.073, -15.452 ], [ -71.102, -15.455 ], [ -71.12, -15.427 ], [ -71.153, -15.44 ], [ -71.174, -15.424 ], [ -71.169, -15.382 ], [ -71.151, -15.356 ], [ -71.166, -15.321 ], [ -71.164, -15.291 ], [ -71.195, -15.271 ], [ -71.202, -15.245 ], [ -71.162, -15.21 ], [ -71.162, -15.196 ], [ -71.185, -15.169 ], [ -71.149, -15.138 ], [ -71.143, -15.122 ], [ -71.166, -15.097 ], [ -71.197, -15.089 ], [ -71.207, -15.051 ], [ -71.217, -15.048 ], [ -71.226, -15.069 ], [ -71.244, -15.057 ], [ -71.266, -15.063 ], [ -71.261, -15.078 ], [ -71.319, -15.12 ], [ -71.331, -15.099 ], [ -71.372, -15.08 ], [ -71.397, -15.045 ], [ -71.418, -15.033 ], [ -71.428, -15.0 ], [ -71.441, -14.997 ], [ -71.448, -14.98 ], [ -71.507, -14.976 ], [ -71.51, -15.005 ], [ -71.504, -15.027 ], [ -71.486, -15.037 ], [ -71.487, -15.061 ], [ -71.513, -15.08 ], [ -71.572, -15.062 ], [ -71.588, -15.128 ], [ -71.616, -15.146 ], [ -71.643, -15.132 ], [ -71.671, -15.09 ], [ -71.773, -15.082 ], [ -71.801, -15.067 ], [ -71.815, -15.078 ], [ -71.835, -15.077 ], [ -71.848, -15.044 ], [ -71.765, -15.008 ], [ -71.77, -14.982 ], [ -71.746, -14.94 ], [ -71.785, -14.913 ], [ -71.794, -14.896 ], [ -71.828, -14.906 ], [ -71.827, -14.889 ], [ -71.861, -14.881 ], [ -71.855, -14.855 ], [ -71.869, -14.836 ], [ -71.876, -14.801 ], [ -71.902, -14.772 ], [ -71.879, -14.757 ], [ -71.893, -14.747 ], [ -71.884, -14.716 ], [ -71.85, -14.689 ], [ -71.822, -14.706 ], [ -71.8, -14.71 ], [ -71.784, -14.702 ], [ -71.778, -14.683 ], [ -71.76, -14.679 ], [ -71.737, -14.658 ], [ -71.754, -14.625 ], [ -71.713, -14.61 ], [ -71.712, -14.582 ], [ -71.689, -14.567 ], [ -71.659, -14.563 ], [ -71.645, -14.53 ], [ -71.615, -14.534 ], [ -71.602, -14.546 ], [ -71.544, -14.538 ], [ -71.531, -14.571 ], [ -71.489, -14.579 ], [ -71.43, -14.621 ], [ -71.416, -14.602 ], [ -71.383, -14.609 ], [ -71.374, -14.62 ], [ -71.336, -14.616 ], [ -71.308, -14.66 ], [ -71.296, -14.641 ], [ -71.259, -14.653 ], [ -71.248, -14.641 ], [ -71.214, -14.648 ], [ -71.177, -14.617 ], [ -71.147, -14.641 ], [ -71.118, -14.649 ], [ -71.11, -14.674 ], [ -71.088, -14.696 ], [ -71.09, -14.713 ], [ -71.079, -14.723 ], [ -71.052, -14.755 ], [ -71.036, -14.752 ], [ -71.028, -14.76 ], [ -71.013, -14.74 ], [ -70.975, -14.765 ], [ -70.984, -14.786 ], [ -70.978, -14.824 ], [ -70.995, -14.83 ], [ -70.997, -14.844 ], [ -70.985, -14.946 ], [ -70.997, -14.954 ], [ -71.005, -14.978 ], [ -70.993, -15.036 ], [ -70.994, -15.095 ], [ -70.979, -15.111 ], [ -70.963, -15.216 ] ], [ [ -71.232, -14.92 ], [ -71.228, -14.917 ], [ -71.233, -14.917 ], [ -71.232, -14.92 ] ], [ [ -71.278, -14.84 ], [ -71.277, -14.845 ], [ -71.277, -14.84 ], [ -71.278, -14.84 ] ], [ [ -71.057, -15.122 ], [ -71.049, -15.129 ], [ -71.05, -15.127 ], [ -71.057, -15.122 ] ], [ [ -71.586, -14.877 ], [ -71.587, -14.875 ], [ -71.587, -14.879 ], [ -71.586, -14.877 ] ], [ [ -71.576, -14.935 ], [ -71.575, -14.932 ], [ -71.58, -14.938 ], [ -71.576, -14.935 ] ], [ [ -71.739, -14.883 ], [ -71.739, -14.888 ], [ -71.738, -14.882 ], [ -71.739, -14.883 ] ], [ [ -71.724, -14.871 ], [ -71.735, -14.88 ], [ -71.731, -14.878 ], [ -71.724, -14.871 ] ], [ [ -71.378, -14.774 ], [ -71.376, -14.777 ], [ -71.377, -14.773 ], [ -71.378, -14.774 ] ], [ [ -71.362, -14.773 ], [ -71.358, -14.786 ], [ -71.358, -14.782 ], [ -71.362, -14.773 ] ], [ [ -71.288, -14.841 ], [ -71.287, -14.841 ], [ -71.288, -14.839 ], [ -71.288, -14.841 ] ], [ [ -71.446, -14.713 ], [ -71.447, -14.707 ], [ -71.447, -14.709 ], [ -71.446, -14.713 ] ], [ [ -71.445, -14.971 ], [ -71.449, -14.967 ], [ -71.446, -14.972 ], [ -71.445, -14.971 ] ], [ [ -71.347, -14.759 ], [ -71.348, -14.758 ], [ -71.354, -14.765 ], [ -71.347, -14.759 ] ], [ [ -71.335, -14.762 ], [ -71.323, -14.756 ], [ -71.323, -14.755 ], [ -71.335, -14.762 ] ] ] } },
{ "type": "Feature", "properties": { "DEPARTAMEN": "CUSCO", "PROVINCIA": "LA CONVENCION", "clave": "CUSCO|LA CONVENCION" }, "geometry": { "type": "Polygon", "coordinates": [ [ [ -73.044, -13.412 ], [ -73.06, -13.438 ], [ -73.099, -13.449 ], [ -73.111, -13.435 ], [ -73.126, -13.44 ], [ -73.144, -13.419 ], [ -73.149, -13.435 ], [ -73.176, -13.451 ], [ -73.186, -13.441 ], [ -73.187, -13.416 ], [ -73.216, -13.418 ], [ -73.249, -13.404 ], [ -73.26, -13.384 ], [ -73.287, -13.373 ], [ -73.313, -13.325 ], [ -73.329, -13.309 ], [ -73.341, -13.312 ], [ -73.348, -13.298 ], [ -73.341, -13.292 ], [ -73.353, -13.291 ], [ -73.346, -13.279 ], [ -73.364, -13.269 ], [ -73.382, -13.226 ], [ -73.41, -13.212 ], [ -73.415, -13.196 ], [ -73.402, -13.182 ], [ -73.418, -13.139 ], [ -73.426, -13.13 ], [ -73.435, -13.14 ], [ -73.455, -13.121 ], [ -73.443, -13.104 ], [ -73.456, -13.09 ], [ -73.449, -13.08 ], [ -73.462, -13.08 ], [ -73.478, -13.056 ], [ -73.49, -13.066 ], [ -73.493, -13.047 ], [ -73.478, -13.034 ], [ -73.477, -13.001 ], [ -73.504, -13.011 ], [ -73.518, -13.007 ], [ -73.53, -12.985 ], [ -73.508, -12.972 ], [ -73.51, -12.952 ], [ -73.496, -12.933 ], [ -73.522, -12.939 ], [ -73.532, -12.929 ], [ -73.524, -12.899 ], [ -73.582, -12.859 ], [ -73.59, -12.824 ], [ -73.617, -12.806 ], [ -73.627, -12.787 ], [ -73.625, -12.766 ], [ -73.66, -12.734 ], [ -73.656, -12.724 ], [ -73.682, -12.688 ], [ -73.692, -12.688 ], [ -73.699, -12.671 ], [ -73.712, -12.666 ], [ -73.725, -12.637 ], [ -73.757, -12.651 ], [ -73.8, -12.615 ], [ -73.805, -12.575 ], [ -73.826, -12.532 ], [ -73.844, -12.539 ], [ -73.855, -12.53 ], [ -73.854, -12.489 ], [ -73.885, -12.408 ], [ -73.93, -12.376 ], [ -73.948, -12.351 ], [ -73.97, -12.348 ], [ -73.972, -12.294 ], [ -73.953, -12.281 ], [ -73.925, -12.283 ], [ -73.863, -12.243 ], [ -73.821, -12.246 ], [ -73.796, -12.262 ], [ -73.762, -12.253 ], [ -73.738, -12.267 ], [ -73.721, -12.264 ], [ -73.703, -12.27 ], [ -73.689, -12.299 ], [ -73.665, -12.321 ], [ -73.658, -12.359 ], [ -73.646, -12.375 ], [ -73.614, -12.377 ], [ -73.604, -12.387 ], [ -73.586, -12.367 ], [ -73.592, -12.334 ], [ -73.574, -12.277 ], [ -73.52, -12.249 ], [ -73.5, -12.253 ], [ -73.47, -12.237 ], [ -73.438, -12.151 ], [ -73.361, -12.134 ], [ -73.355, -12.112 ], [ -73.401, -12.091 ], [ -73.391, -12.076 ], [ -73.408, -12.064 ], [ -73.398, -12.021 ], [ -73.405, -12.005 ], [ -73.421, -12.015 ], [ -73.436, -11.997 ], [ -73.43, -11.982 ], [ -73.445, -11.961 ], [ -73.442, -11.941 ], [ -73.463, -11.93 ], [ -73.491, -11.878 ], [ -73.578, -11.836 ], [ -73.581, -11.789 ], [ -73.572, -11.743 ], [ -73.613, -11.676 ], [ -73.582, -11.616 ], [ -73.556, -11.59 ], [ -73.501, -11.562 ], [ -73.485, -11.535 ], [ -73.45, -11.532 ], [ -73.454, -11.505 ], [ -73.48, -11.47 ], [ -73.477, -11.458 ], [ -73.42, -11.384 ], [ -73.386, -11.371 ], [ -73.379, -11.351 ], [ -73.353, -11.334 ], [ -73.342, -11.311 ], [ -73.256, -11.313 ], [ -73.206, -11.29 ], [ -73.132, -11.294 ], [ -73.082, -11.273 ], [ -73.065, -11.284 ], [ -73.026, -11.264 ], [ -73.019, -11.234 ], [ -72.98, -11.213 ], [ -72.966, -11.217 ], [ -72.975, -11.224 ], [ -72.968, -11.266 ], [ -72.956, -11.263 ], [ -72.936, -11.291 ], [ -72.953, -11.293 ], [ -72.956, -11.305 ], [ -72.932, -11.307 ], [ -72.94, -11.323 ], [ -72.944, -11.31 ], [ -72.96, -11.314 ], [ -72.951, -11.325 ], [ -72.965, -11.329 ], [ -72.962, -11.335 ], [ -72.95, -11.33 ], [ -72.945, -11.34 ], [ -72.924, -11.327 ], [ -72.933, -11.35 ], [ -72.921, -11.355 ], [ -72.926, -11.348 ], [ -72.92, -11.344 ], [ -72.895, -11.358 ], [ -72.89, -11.343 ], [ -72.877, -11.364 ], [ -72.859, -11.355 ], [ -72.834, -11.374 ], [ -72.842, -11.387 ], [ -72.823, -11.39 ], [ -72.816, -11.375 ], [ -72.8, -11.386 ], [ -72.797, -11.364 ], [ -72.789, -11.369 ], [ -72.795, -11.385 ], [ -72.763, -11.372 ], [ -72.738, -11.347 ], [ -72.718, -11.362 ], [ -72.712, -11.347 ], [ -72.71, -11.379 ], [ -72.699, -11.38 ], [ -72.692, -11.396 ], [ -72.666, -11.386 ], [ -72.646, -11.413 ], [ -72.634, -11.405 ], [ -72.632, -11.416 ], [ -72.617, -11.418 ], [ -72.624, -11.426 ], [ -72.608, -11.429 ], [ -72.609, -11.44 ], [ -72.601, -11.418 ], [ -72.594, -11.441 ], [ -72.581, -11.431 ], [ -72.582, -11.439 ], [ -72.554, -11.432 ], [ -72.547, -11.448 ], [ -72.549, -11.437 ], [ -72.536, -11.435 ], [ -72.534, -11.425 ], [ -72.532, -11.439 ], [ -72.516, -11.431 ], [ -72.518, -11.418 ], [ -72.507, -11.421 ], [ -72.499, -11.395 ], [ -72.493, -11.404 ], [ -72.481, -11.388 ], [ -72.449, -11.386 ], [ -72.45, -11.371 ], [ -72.425, -11.368 ], [ -72.424, -11.355 ], [ -72.403, -11.357 ], [ -72.399, -11.343 ], [ -72.387, -11.348 ], [ -72.381, -11.334 ], [ -72.361, -11.334 ], [ -72.338, -11.317 ], [ -72.315, -11.322 ], [ -72.308, -11.307 ], [ -72.287, -11.314 ], [ -72.28, -11.34 ], [ -72.253, -11.33 ], [ -72.248, -11.345 ], [ -72.239, -11.345 ], [ -72.248, -11.385 ], [ -72.271, -11.4 ], [ -72.293, -11.433 ], [ -72.287, -11.467 ], [ -72.304, -11.497 ], [ -72.298, -11.504 ], [ -72.313, -11.562 ], [ -72.308, -11.588 ], [ -72.348, -11.618 ], [ -72.356, -11.635 ], [ -72.37, -11.63 ], [ -72.39, -11.651 ], [ -72.388, -11.66 ], [ -72.429, -11.709 ], [ -72.423, -11.738 ], [ -72.385, -11.762 ], [ -72.371, -11.785 ], [ -72.391, -11.807 ], [ -72.391, -11.828 ], [ -72.332, -11.856 ], [ -72.348, -11.891 ], [ -72.337, -11.937 ], [ -72.34, -11.966 ], [ -72.286, -11.975 ], [ -72.282, -11.996 ], [ -72.259, -12.006 ], [ -72.27, -12.023 ], [ -72.269, -12.054 ], [ -72.174, -12.06 ], [ -72.094, -12.086 ], [ -72.088, -12.143 ], [ -72.1, -12.169 ], [ -72.092, -12.194 ], [ -72.106, -12.239 ], [ -72.043, -12.255 ], [ -72.024, -12.291 ], [ -71.946, -12.33 ], [ -71.967, -12.348 ], [ -71.965, -12.382 ], [ -71.977, -12.399 ], [ -72.006, -12.402 ], [ -72.017, -12.415 ], [ -72.048, -12.423 ], [ -72.061, -12.44 ], [ -72.079, -12.499 ], [ -72.071, -12.512 ], [ -72.091, -12.516 ], [ -72.125, -12.548 ], [ -72.121, -12.579 ], [ -72.135, -12.617 ], [ -72.16, -12.64 ], [ -72.186, -12.657 ], [ -72.227, -12.665 ], [ -72.308, -12.651 ], [ -72.336, -12.633 ], [ -72.366, -12.631 ], [ -72.37, -12.639 ], [ -72.322, -12.669 ], [ -72.353, -12.687 ], [ -72.363, -12.719 ], [ -72.366, -12.768 ], [ -72.355, -12.789 ], [ -72.362, -12.825 ], [ -72.354, -12.847 ], [ -72.334, -12.865 ], [ -72.338, -12.878 ], [ -72.311, -12.924 ], [ -72.226, -12.953 ], [ -72.214, -12.996 ], [ -72.182, -13.007 ], [ -72.169, -13.024 ], [ -72.18, -13.071 ], [ -72.198, -13.106 ], [ -72.223, -13.1 ], [ -72.231, -13.143 ], [ -72.246, -13.139 ], [ -72.253, -13.123 ], [ -72.277, -13.123 ], [ -72.289, -13.105 ], [ -72.306, -13.117 ], [ -72.301, -13.135 ], [ -72.321, -13.161 ], [ -72.367, -13.161 ], [ -72.39, -13.174 ], [ -72.437, -13.151 ], [ -72.449, -13.128 ], [ -72.47, -13.123 ], [ -72.486, -13.102 ], [ -72.54, -13.083 ], [ -72.553, -13.095 ], [ -72.57, -13.093 ], [ -72.601, -13.107 ], [ -72.58, -13.145 ], [ -72.579, -13.173 ], [ -72.567, -13.175 ], [ -72.564, -13.212 ], [ -72.552, -13.219 ], [ -72.556, -13.273 ], [ -72.544, -13.305 ], [ -72.547, -13.333 ], [ -72.614, -13.384 ], [ -72.63, -13.375 ], [ -72.653, -13.397 ], [ -72.685, -13.407 ], [ -72.694, -13.421 ], [ -72.721, -13.405 ], [ -72.746, -13.416 ], [ -72.781, -13.457 ], [ -72.797, -13.451 ], [ -72.798, -13.422 ], [ -72.838, -13.427 ], [ -72.882, -13.417 ], [ -72.894, -13.39 ], [ -72.911, -13.385 ], [ -72.977, -13.388 ], [ -73.016, -13.427 ], [ -73.028, -13.42 ], [ -73.044, -13.412 ] ], [ [ -73.018, -13.418 ], [ -73.017, -13.417 ], [ -73.028, -13.42 ], [ -73.018, -13.418 ] ], [ [ -73.174, -13.086 ], [ -73.175, -13.085 ], [ -73.174, -13.088 ], [ -73.174, -13.086 ] ], [ [ -73.173, -13.091 ], [ -73.173, -13.09 ], [ -73.174, -13.091 ], [ -73.173, -13.091 ] ], [ [ -73.459, -12.235 ], [ -73.464, -12.236 ], [ -73.446, -12.237 ], [ -73.459, -12.235 ] ], [ [ -73.423, -12.23 ], [ -73.424, -12.231 ], [ -73.422, -12.231 ], [ -73.423, -12.23 ] ], [ [ -73.375, -12.261 ], [ -73.376, -12.259 ], [ -73.376, -12.261 ], [ -73.375, -12.261 ] ], [ [ -73.136, -12.478 ], [ -73.141, -12.478 ], [ -73.135, -12.479 ], [ -73.136, -12.478 ] ], [ [ -73.093, -12.588 ], [ -73.093, -12.586 ], [ -73.101, -12.594 ], [ -73.093, -12.588 ] ], [ [ -73.194, -12.724 ], [ -73.185, -12.719 ], [ -73.191, -12.721 ], [ -73.194, -12.724 ] ], [ [ -73.253, -12.902 ], [ -73.249, -12.897 ], [ -73.256, -12.903 ], [ -73.253, -12.902 ] ], [ [ -73.301, -12.918 ], [ -73.301, -12.916 ], [ -73.306, -12.924 ], [ -73.301, -12.918 ] ], [ [ -73.518, -12.736 ], [ -73.516, -12.738 ], [ -73.517, -12.735 ], [ -73.518, -12.736 ] ], [ [ -73.498, -12.818 ], [ -73.498, -12.825 ], [ -73.497, -12.823 ], [ -73.498, -12.818 ] ], [ [ -73.498, -12.831 ], [ -73.496, -12.835 ], [ -73.495, -12.835 ], [ -73.498, -12.831 ] ], [ [ -73.462, -12.841 ], [ -73.437, -12.847 ], [ -73.44, -12.845 ], [ -73.462, -12.841 ] ], [ [ -73.433, -12.855 ], [ -73.433, -12.852 ], [ -73.437, -12.847 ], [ -73.433, -12.855 ] ], [ [ -73.558, -12.657 ], [ -73.54, -12.655 ], [ -73.544, -12.65 ], [ -73.558, -12.657 ] ], [ [ -73.586, -12.543 ], [ -73.587, -12.543 ], [ -73.586, -12.549 ], [ -73.586, -12.543 ] ], [ [ -73.579, -12.474 ], [ -73.576, -12.472 ], [ -73.583, -12.474 ], [ -73.579, -12.474 ] ], [ [ -73.574, -12.471 ], [ -73.573, -12.471 ], [ -73.571, -12.462 ], [ -73.574, -12.471 ] ], [ [ -73.563, -12.458 ], [ -73.562, -12.448 ], [ -73.563, -12.451 ], [ -73.563, -12.458 ] ], [ [ -73.568, -12.432 ], [ -73.57, -12.432 ], [ -73.566, -12.434 ], [ -73.568, -12.432 ] ], [ [ -73.574, -12.429 ], [ -73.575, -12.429 ], [ -73.573, -12.431 ], [ -73.574, -12.429 ] ], [ [ -73.582, -12.425 ], [ -73.582, -12.426 ], [ -73.579, -12.427 ], [ -73.582, -12.425 ] ], [ [ -73.581, -12.402 ], [ -73.582, -12.401 ], [ -73.582, -12.405 ], [ -73.581, -12.402 ] ], [ [ -73.812, -12.278 ], [ -73.808, -12.276 ], [ -73.803, -12.27 ], [ -73.812, -12.278 ] ], [ [ -73.092, -12.67 ], [ -73.085, -12.661 ], [ -73.087, -12.662 ], [ -73.092, -12.67 ] ], [ [ -73.079, -12.66 ], [ -73.069, -12.666 ], [ -73.074, -12.662 ], [ -73.079, -12.66 ] ], [ [ -73.065, -12.714 ], [ -73.064, -12.72 ], [ -73.064, -12.718 ], [ -73.065, -12.714 ] ], [ [ -73.056, -12.808 ], [ -73.06, -12.819 ], [ -73.059, -12.822 ], [ -73.056, -12.808 ] ], [ [ -72.988, -13.014 ], [ -72.987, -13.015 ], [ -72.98, -13.013 ], [ -72.988, -13.014 ] ], [ [ -72.9, -12.985 ], [ -72.898, -12.989 ], [ -72.896, -12.99 ], [ -72.9, -12.985 ] ], [ [ -72.877, -12.981 ], [ -72.876, -12.981 ], [ -72.875, -12.977 ], [ -72.877, -12.981 ] ], [ [ -72.802, -12.982 ], [ -72.797, -12.983 ], [ -72.795, -12.983 ], [ -72.802, -12.982 ] ], [ [ -72.78, -12.982 ], [ -72.775, -12.988 ], [ -72.778, -12.983 ], [ -72.78, -12.982 ] ], [ [ -72.699, -12.921 ], [ -72.689, -12.926 ], [ -72.695, -12.922 ], [ -72.699, -12.921 ] ], [ [ -72.559, -12.931 ], [ -72.561, -12.933 ], [ -72.557, -12.932 ], [ -72.559, -12.931 ] ], [ [ -72.556, -12.932 ], [ -72.548, -12.936 ], [ -72.551, -12.933 ], [ -72.556, -12.932 ] ], [ [ -72.374, -13.012 ], [ -72.368, -13.014 ], [ -72.371, -13.012 ], [ -72.374, -13.012 ] ], [ [ -72.829, -13.047 ], [ -72.831, -13.049 ], [ -72.831, -13.052 ], [ -72.829, -13.047 ] ], [ [ -72.823, -13.038 ], [ -72.824, -13.038 ], [ -72.827, -13.043 ], [ -72.823, -13.038 ] ], [ [ -72.628, -13.006 ], [ -72.626, -13.005 ], [ -72.626, -13.004 ], [ -72.628, -13.006 ] ], [ [ -72.612, -13.007 ], [ -72.612, -13.005 ], [ -72.613, -13.007 ], [ -72.612, -13.007 ] ], [ [ -72.566, -12.939 ], [ -72.565, -12.937 ], [ -72.568, -12.939 ], [ -72.566, -12.939 ] ], [ [ -72.628, -13.046 ], [ -72.627, -13.042 ], [ -72.629, -13.045 ], [ -72.628, -13.046 ] ], [ [ -72.55, -12.914 ], [ -72.55, -12.909 ], [ -72.551, -12.914 ], [ -72.55, -12.914 ] ], [ [ -72.415, -12.658 ], [ -72.391, -12.65 ], [ -72.41, -12.655 ], [ -72.415, -12.658 ] ], [ [ -72.641, -12.786 ], [ -72.632, -12.79 ], [ -72.652, -12.778 ], [ -72.641, -12.786 ] ], [ [ -72.664, -12.734 ], [ -72.665, -12.733 ], [ -72.675, -12.741 ], [ -72.664, -12.734 ] ], [ [ -72.086, -12.491 ], [ -72.089, -12.492 ], [ -72.086, -12.492 ], [ -72.086, -12.491 ] ], [ [ -72.532, -12.629 ], [ -72.525, -12.629 ], [ -72.525, -12.628 ], [ -72.532, -12.629 ] ], [ [ -72.684, -12.555 ], [ -72.685, -12.558 ], [ -72.683, -12.555 ], [ -72.684, -12.555 ] ], [ [ -72.766, -12.41 ], [ -72.766, -12.414 ], [ -72.765, -12.413 ], [ -72.766, -12.41 ] ], [ [ -73.01, -12.24 ], [ -73.009, -12.24 ], [ -73.004, -12.237 ], [ -73.01, -12.24 ] ], [ [ -72.831, -12.231 ], [ -72.82, -12.231 ], [ -72.826, -12.23 ], [ -72.831, -12.231 ] ] ] } },
{ "type": "Feature", "properties": { "DEPARTAMEN": "CUSCO", "PROVINCIA": "PARURO", "clave": "CUSCO|PARURO" }, "geometry": { "type": "Polygon", "coordinates": [ [ [ -71.702, -14.124 ], [ -71.682, -14.146 ], [ -71.673, -14.196 ], [ -71.688, -14.241 ], [ -71.68, -14.265 ], [ -71.693, -14.279 ], [ -71.73, -14.266 ], [ -71.745, -14.275 ], [ -71.759, -14.26 ], [ -71.74, -14.253 ], [ -71.746, -14.218 ], [ -71.756, -14.215 ], [ -71.764, -14.192 ], [ -71.802, -14.18 ], [ -71.81, -14.2 ], [ -71.832, -14.204 ], [ -71.866, -14.204 ], [ -71.886, -14.194 ], [ -71.917, -14.155 ], [ -71.901, -14.135 ], [ -71.903, -14.108 ], [ -71.91, -14.058 ], [ -71.944, -14.004 ], [ -71.938, -13.979 ], [ -71.959, -13.992 ], [ -71.968, -13.96 ], [ -71.985, -13.947 ], [ -72.017, -13.948 ], [ -72.056, -13.935 ], [ -72.091, -13.885 ], [ -72.135, -13.784 ], [ -72.148, -13.779 ], [ -72.166, -13.748 ], [ -72.189, -13.745 ], [ -72.232, -13.718 ], [ -72.166, -13.648 ], [ -72.122, -13.638 ], [ -72.115, -13.628 ], [ -72.1, -13.646 ], [ -72.071, -13.647 ], [ -72.045, -13.638 ], [ -72.024, -13.614 ], [ -71.928, -13.615 ], [ -71.916, -13.594 ], [ -71.862, -13.615 ], [ -71.838, -13.638 ], [ -71.845, -13.645 ], [ -71.836, -13.641 ], [ -71.82, -13.681 ], [ -71.79, -13.698 ], [ -71.83, -13.78 ], [ -71.834, -13.816 ], [ -71.807, -13.828 ], [ -71.799, -13.868 ], [ -71.808, -13.871 ], [ -71.81, -13.895 ], [ -71.78, -13.907 ], [ -71.777, -13.94 ], [ -71.729, -13.975 ], [ -71.702, -14.124 ] ], [ [ -71.934, -13.976 ], [ -71.936, -13.976 ], [ -71.938, -13.979 ], [ -71.934, -13.976 ] ], [ [ -71.936, -13.825 ], [ -71.936, -13.829 ], [ -71.935, -13.829 ], [ -71.936, -13.825 ] ], [ [ -71.93, -13.822 ], [ -71.933, -13.822 ], [ -71.929, -13.823 ], [ -71.93, -13.822 ] ], [ [ -71.85, -13.821 ], [ -71.85, -13.823 ], [ -71.849, -13.823 ], [ -71.85, -13.821 ] ], [ [ -71.845, -13.822 ], [ -71.848, -13.823 ], [ -71.847, -13.824 ], [ -71.845, -13.822 ] ], [ [ -71.916, -13.919 ], [ -71.915, -13.927 ], [ -71.914, -13.927 ], [ -71.916, -13.919 ] ], [ [ -71.913, -13.927 ], [ -71.912, -13.928 ], [ -71.901, -13.927 ], [ -71.913, -13.927 ] ], [ [ -71.808, -13.921 ], [ -71.809, -13.92 ], [ -71.819, -13.92 ], [ -71.808, -13.934 ], [ -71.808, -13.921 ] ], [ [ -71.775, -14.045 ], [ -71.776, -14.049 ], [ -71.773, -14.044 ], [ -71.775, -14.045 ] ], [ [ -71.78, -14.069 ], [ -71.779, -14.069 ], [ -71.779, -14.068 ], [ -71.785, -14.066 ], [ -71.78, -14.069 ] ], [ [ -71.778, -14.067 ], [ -71.78, -14.062 ], [ -71.779, -14.068 ], [ -71.778, -14.067 ] ], [ [ -71.921, -13.726 ], [ -71.922, -13.727 ], [ -71.92, -13.731 ], [ -71.921, -13.726 ] ], [ [ -72.035, -13.756 ], [ -72.031, -13.761 ], [ -72.033, -13.757 ], [ -72.035, -13.756 ] ] ] } },
{ "type": "Feature", "properties": { "DEPARTAMEN": "CUSCO", "PROVINCIA": "PAUCARTAMBO", "clave": "CUSCO|PAUCARTAMBO" }, "geometry": { "type": "Polygon", "coordinates": [ [ [ -71.755, -13.431 ], [ -71.744, -13.42 ], [ -71.725, -13.42 ], [ -71.74, -13.386 ], [ -71.783, -13.343 ], [ -71.795, -13.317 ], [ -71.825, -13.318 ], [ -71.838, -13.301 ], [ -71.83, -13.28 ], [ -71.864, -13.227 ], [ -71.855, -13.207 ], [ -71.871, -13.187 ], [ -71.88, -13.153 ], [ -71.862, -13.137 ], [ -71.863, -13.126 ], [ -71.886, -13.11 ], [ -71.878, -13.098 ], [ -71.889, -13.086 ], [ -71.889, -13.053 ], [ -71.911, -13.031 ], [ -71.881, -12.993 ], [ -71.85, -12.986 ], [ -71.848, -12.967 ], [ -71.832, -12.96 ], [ -71.824, -12.93 ], [ -71.865, -12.889 ], [ -71.866, -12.873 ], [ -71.877, -12.864 ], [ -71.876, -12.841 ], [ -71.894, -12.831 ], [ -71.895, -12.813 ], [ -71.878, -12.796 ], [ -71.921, -12.753 ], [ -71.886, -12.731 ], [ -71.821, -12.741 ], [ -71.8, -12.766 ], [ -71.765, -12.767 ], [ -71.76, -12.788 ], [ -71.747, -12.796 ], [ -71.708, -12.773 ], [ -71.695, -12.739 ], [ -71.661, -12.729 ], [ -71.639, -12.709 ], [ -71.599, -12.7 ], [ -71.566, -12.705 ], [ -71.549, -12.714 ], [ -71.547, -12.735 ], [ -71.516, -12.743 ], [ -71.503, -12.756 ], [ -71.496, -12.782 ], [ -71.459, -12.825 ], [ -71.446, -12.828 ], [ -71.456, -12.84 ], [ -71.445, -12.841 ], [ -71.449, -12.863 ], [ -71.437, -12.876 ], [ -71.424, -12.873 ], [ -71.427, -12.882 ], [ -71.418, -12.883 ], [ -71.416, -12.894 ], [ -71.397, -12.883 ], [ -71.375, -12.901 ], [ -71.359, -12.881 ], [ -71.315, -12.931 ], [ -71.272, -12.954 ], [ -71.271, -12.962 ], [ -71.231, -12.972 ], [ -71.221, -12.958 ], [ -71.162, -12.967 ], [ -71.159, -12.979 ], [ -71.172, -12.982 ], [ -71.179, -12.998 ], [ -71.167, -13.018 ], [ -71.174, -13.055 ], [ -71.162, -13.066 ], [ -71.167, -13.102 ], [ -71.144, -13.137 ], [ -71.135, -13.211 ], [ -71.122, -13.234 ], [ -71.064, -13.257 ], [ -71.097, -13.303 ], [ -71.118, -13.305 ], [ -71.112, -13.318 ], [ -71.153, -13.374 ], [ -71.15, -13.391 ], [ -71.161, -13.41 ], [ -71.145, -13.442 ], [ -71.143, -13.477 ], [ -71.16, -13.498 ], [ -71.18, -13.501 ], [ -71.19, -13.526 ], [ -71.219, -13.518 ], [ -71.251, -13.482 ], [ -71.265, -13.481 ], [ -71.266, -13.465 ], [ -71.281, -13.467 ], [ -71.298, -13.454 ], [ -71.34, -13.461 ], [ -71.372, -13.446 ], [ -71.404, -13.505 ], [ -71.432, -13.52 ], [ -71.47, -13.493 ], [ -71.508, -13.447 ], [ -71.505, -13.461 ], [ -71.527, -13.47 ], [ -71.514, -13.502 ], [ -71.512, -13.576 ], [ -71.545, -13.599 ], [ -71.569, -13.562 ], [ -71.574, -13.57 ], [ -71.627, -13.566 ], [ -71.62, -13.599 ], [ -71.656, -13.64 ], [ -71.681, -13.629 ], [ -71.704, -13.587 ], [ -71.724, -13.572 ], [ -71.716, -13.56 ], [ -71.726, -13.494 ], [ -71.738, -13.477 ], [ -71.728, -13.473 ], [ -71.736, -13.463 ], [ -71.726, -13.457 ], [ -71.755, -13.431 ] ], [ [ -71.812, -13.268 ], [ -71.821, -13.265 ], [ -71.807, -13.271 ], [ -71.812, -13.268 ] ], [ [ -71.803, -13.271 ], [ -71.806, -13.271 ], [ -71.805, -13.272 ], [ -71.803, -13.271 ] ], [ [ -71.64, -13.519 ], [ -71.644, -13.544 ], [ -71.639, -13.52 ], [ -71.64, -13.519 ] ], [ [ -71.677, -13.458 ], [ -71.682, -13.457 ], [ -71.691, -13.457 ], [ -71.677, -13.458 ] ], [ [ -71.583, -13.493 ], [ -71.577, -13.492 ], [ -71.583, -13.492 ], [ -71.583, -13.493 ] ], [ [ -71.431, -13.101 ], [ -71.426, -13.101 ], [ -71.427, -13.1 ], [ -71.431, -13.101 ] ], [ [ -71.348, -13.19 ], [ -71.349, -13.2 ], [ -71.347, -13.192 ], [ -71.348, -13.19 ] ], [ [ -71.681, -13.267 ], [ -71.675, -13.262 ], [ -71.676, -13.262 ], [ -71.681, -13.267 ] ], [ [ -71.605, -13.251 ], [ -71.603, -13.252 ], [ -71.596, -13.25 ], [ -71.605, -13.251 ] ], [ [ -71.503, -13.102 ], [ -71.501, -13.102 ], [ -71.502, -13.101 ], [ -71.503, -13.102 ] ], [ [ -71.481, -13.101 ], [ -71.472, -13.097 ], [ -71.472, -13.096 ], [ -71.481, -13.101 ] ], [ [ -71.781, -13.001 ], [ -71.78, -13.002 ], [ -71.776, -12.999 ], [ -71.781, -13.001 ] ], [ [ -71.708, -13.091 ], [ -71.701, -13.1 ], [ -71.71, -13.087 ], [ -71.708, -13.091 ] ] ] } },
{ "type": "Feature", "properties": { "DEPARTAMEN": "CUSCO", "PROVINCIA": "QUISPICANCHI", "clave": "CUSCO|QUISPICANCHI" }, "geometry": { "type": "Polygon", "coordinates": [ [ [ -71.709, -13.823 ], [ -71.696, -13.795 ], [ -71.713, -13.742 ], [ -71.724, -13.73 ], [ -71.736, -13.737 ], [ -71.748, -13.71 ], [ -71.794, -13.697 ], [ -71.827, -13.672 ], [ -71.843, -13.631 ], [ -71.818, -13.61 ], [ -71.836, -13.591 ], [ -71.816, -13.576 ], [ -71.821, -13.521 ], [ -71.804, -13.508 ], [ -71.78, -13.526 ], [ -71.746, -13.578 ], [ -71.72, -13.552 ], [ -71.724, -13.572 ], [ -71.711, -13.581 ], [ -71.71, -13.581 ], [ -71.681, -13.618 ], [ -71.681, -13.629 ], [ -71.652, -13.646 ], [ -71.646, -13.625 ], [ -71.62, -13.597 ], [ -71.627, -13.566 ], [ -71.574, -13.57 ], [ -71.569, -13.562 ], [ -71.548, -13.599 ], [ -71.512, -13.576 ], [ -71.514, -13.502 ], [ -71.527, -13.47 ], [ -71.502, -13.455 ], [ -71.431, -13.52 ], [ -71.404, -13.504 ], [ -71.371, -13.446 ], [ -71.342, -13.46 ], [ -71.298, -13.454 ], [ -71.281, -13.467 ], [ -71.266, -13.465 ], [ -71.265, -13.481 ], [ -71.251, -13.482 ], [ -71.22, -13.517 ], [ -71.191, -13.527 ], [ -71.18, -13.501 ], [ -71.16, -13.498 ], [ -71.143, -13.477 ], [ -71.145, -13.442 ], [ -71.162, -13.403 ], [ -71.131, -13.336 ], [ -71.112, -13.318 ], [ -71.118, -13.305 ], [ -71.097, -13.303 ], [ -71.064, -13.257 ], [ -71.036, -13.27 ], [ -71.014, -13.267 ], [ -71.011, -13.239 ], [ -70.991, -13.222 ], [ -70.994, -13.202 ], [ -70.977, -13.17 ], [ -70.942, -13.156 ], [ -70.942, -13.135 ], [ -70.928, -13.129 ], [ -70.921, -13.111 ], [ -70.887, -13.103 ], [ -70.899, -13.07 ], [ -70.863, -13.08 ], [ -70.828, -13.067 ], [ -70.763, -13.108 ], [ -70.685, -13.107 ], [ -70.66, -13.088 ], [ -70.628, -13.092 ], [ -70.586, -13.104 ], [ -70.549, -13.153 ], [ -70.464, -13.16 ], [ -70.39, -13.19 ], [ -70.388, -13.228 ], [ -70.416, -13.243 ], [ -70.423, -13.255 ], [ -70.405, -13.269 ], [ -70.373, -13.275 ], [ -70.347, -13.294 ], [ -70.345, -13.31 ], [ -70.368, -13.307 ], [ -70.396, -13.317 ], [ -70.4, -13.372 ], [ -70.42, -13.359 ], [ -70.451, -13.365 ], [ -70.443, -13.395 ], [ -70.472, -13.44 ], [ -70.453, -13.448 ], [ -70.489, -13.5 ], [ -70.539, -13.531 ], [ -70.544, -13.578 ], [ -70.578, -13.586 ], [ -70.616, -13.609 ], [ -70.664, -13.661 ], [ -70.689, -13.653 ], [ -70.715, -13.663 ], [ -70.721, -13.7 ], [ -70.736, -13.712 ], [ -70.735, -13.735 ], [ -70.699, -13.803 ], [ -70.709, -13.843 ], [ -70.732, -13.823 ], [ -70.768, -13.814 ], [ -70.828, -13.828 ], [ -70.886, -13.778 ], [ -70.905, -13.792 ], [ -70.913, -13.814 ], [ -70.935, -13.801 ], [ -70.957, -13.805 ], [ -70.989, -13.763 ], [ -71.049, -13.747 ], [ -71.081, -13.726 ], [ -71.079, -13.717 ], [ -71.104, -13.76 ], [ -71.122, -13.762 ], [ -71.137, -13.744 ], [ -71.164, -13.743 ], [ -71.183, -13.789 ], [ -71.193, -13.793 ], [ -71.223, -13.78 ], [ -71.247, -13.822 ], [ -71.289, -13.828 ], [ -71.32, -13.906 ], [ -71.352, -13.901 ], [ -71.374, -13.921 ], [ -71.393, -13.896 ], [ -71.408, -13.897 ], [ -71.423, -13.926 ], [ -71.441, -13.926 ], [ -71.443, -13.938 ], [ -71.474, -13.926 ], [ -71.517, -13.967 ], [ -71.537, -13.941 ], [ -71.548, -13.945 ], [ -71.566, -13.93 ], [ -71.558, -13.922 ], [ -71.565, -13.903 ], [ -71.601, -13.906 ], [ -71.62, -13.897 ], [ -71.638, -13.861 ], [ -71.642, -13.828 ], [ -71.709, -13.823 ] ], [ [ -71.409, -13.579 ], [ -71.416, -13.577 ], [ -71.415, -13.578 ], [ -71.409, -13.579 ] ], [ [ -71.402, -13.586 ], [ -71.404, -13.583 ], [ -71.409, -13.579 ], [ -71.402, -13.586 ] ], [ [ -71.4, -13.598 ], [ -71.401, -13.596 ], [ -71.401, -13.598 ], [ -71.4, -13.598 ] ], [ [ -71.444, -13.624 ], [ -71.44, -13.622 ], [ -71.444, -13.623 ], [ -71.444, -13.624 ] ], [ [ -71.443, -13.672 ], [ -71.442, -13.669 ], [ -71.453, -13.683 ], [ -71.443, -13.672 ] ], [ [ -71.523, -13.7 ], [ -71.521, -13.699 ], [ -71.522, -13.699 ], [ -71.523, -13.7 ] ], [ [ -71.525, -13.702 ], [ -71.524, -13.7 ], [ -71.526, -13.701 ], [ -71.525, -13.702 ] ], [ [ -71.525, -13.705 ], [ -71.525, -13.704 ], [ -71.53, -13.707 ], [ -71.525, -13.705 ] ], [ [ -71.566, -13.744 ], [ -71.56, -13.734 ], [ -71.562, -13.736 ], [ -71.566, -13.744 ] ], [ [ -71.634, -13.699 ], [ -71.633, -13.698 ], [ -71.636, -13.68 ], [ -71.634, -13.699 ] ], [ [ -71.746, -13.579 ], [ -71.747, -13.579 ], [ -71.746, -13.586 ], [ -71.746, -13.579 ] ], [ [ -71.362, -13.644 ], [ -71.361, -13.645 ], [ -71.358, -13.644 ], [ -71.362, -13.644 ] ], [ [ -71.181, -13.515 ], [ -71.167, -13.522 ], [ -71.174, -13.518 ], [ -71.181, -13.515 ] ], [ [ -71.371, -13.808 ], [ -71.378, -13.81 ], [ -71.367, -13.821 ], [ -71.371, -13.808 ] ], [ [ -71.557, -13.894 ], [ -71.555, -13.885 ], [ -71.558, -13.895 ], [ -71.557, -13.894 ] ], [ [ -71.493, -13.847 ], [ -71.5, -13.845 ], [ -71.5, -13.846 ], [ -71.493, -13.847 ] ], [ [ -71.414, -13.833 ], [ -71.401, -13.831 ], [ -71.423, -13.832 ], [ -71.414, -13.833 ] ], [ [ -71.395, -13.831 ], [ -71.394, -13.825 ], [ -71.396, -13.831 ], [ -71.395, -13.831 ] ], [ [ -70.834, -13.434 ], [ -70.83, -13.437 ], [ -70.837, -13.43 ], [ -70.834, -13.434 ] ], [ [ -70.737, -13.644 ], [ -70.736, -13.64 ], [ -70.737, -13.637 ], [ -70.737, -13.644 ] ], [ [ -70.73, -13.657 ], [ -70.733, -13.649 ], [ -70.731, -13.656 ], [ -70.73, -13.657 ] ] ] } },
{ "type": "Feature", "properties": { "DEPARTAMEN": "CUSCO", "PROVINCIA": "URUBAMBA", "clave": "CUSCO|URUBAMBA" }, "geometry": { "type": "Polygon", "coordinates": [ [ [ -71.974, -13.423 ], [ -71.992, -13.442 ], [ -72.017, -13.439 ], [ -72.051, -13.454 ], [ -72.076, -13.435 ], [ -72.099, -13.431 ], [ -72.113, -13.417 ], [ -72.117, -13.397 ], [ -72.133, -13.389 ], [ -72.167, -13.393 ], [ -72.212, -13.365 ], [ -72.212, -13.331 ], [ -72.22, -13.326 ], [ -72.267, -13.33 ], [ -72.285, -13.312 ], [ -72.302, -13.318 ], [ -72.314, -13.308 ], [ -72.337, -13.314 ], [ -72.363, -13.285 ], [ -72.386, -13.304 ], [ -72.374, -13.363 ], [ -72.383, -13.365 ], [ -72.409, -13.345 ], [ -72.441, -13.344 ], [ -72.453, -13.363 ], [ -72.533, -13.373 ], [ -72.541, -13.368 ], [ -72.535, -13.35 ], [ -72.547, -13.333 ], [ -72.544, -13.305 ], [ -72.556, -13.273 ], [ -72.552, -13.219 ], [ -72.564, -13.212 ], [ -72.567, -13.175 ], [ -72.579, -13.173 ], [ -72.58, -13.145 ], [ -72.601, -13.107 ], [ -72.57, -13.093 ], [ -72.553, -13.095 ], [ -72.541, -13.083 ], [ -72.486, -13.102 ], [ -72.47, -13.123 ], [ -72.449, -13.128 ], [ -72.437, -13.151 ], [ -72.39, -13.174 ], [ -72.367, -13.161 ], [ -72.322, -13.162 ], [ -72.301, -13.136 ], [ -72.306, -13.117 ], [ -72.289, -13.105 ], [ -72.277, -13.123 ], [ -72.253, -13.123 ], [ -72.246, -13.139 ], [ -72.231, -13.143 ], [ -72.223, -13.1 ], [ -72.198, -13.106 ], [ -72.19, -13.096 ], [ -72.166, -13.113 ], [ -72.152, -13.139 ], [ -72.148, -13.171 ], [ -72.158, -13.177 ], [ -72.138, -13.181 ], [ -72.131, -13.192 ], [ -72.089, -13.193 ], [ -72.058, -13.218 ], [ -72.038, -13.319 ], [ -72.034, -13.325 ], [ -72.024, -13.316 ], [ -72.014, -13.324 ], [ -71.985, -13.378 ], [ -71.975, -13.382 ], [ -71.974, -13.423 ] ], [ [ -72.219, -13.275 ], [ -72.227, -13.283 ], [ -72.22, -13.277 ], [ -72.219, -13.275 ] ], [ [ -72.06, -13.279 ], [ -72.063, -13.286 ], [ -72.062, -13.285 ], [ -72.06, -13.279 ] ], [ [ -72.061, -13.367 ], [ -72.044, -13.383 ], [ -72.058, -13.368 ], [ -72.061, -13.367 ] ], [ [ -72.089, -13.385 ], [ -72.086, -13.385 ], [ -72.09, -13.384 ], [ -72.089, -13.385 ] ], [ [ -72.383, -13.216 ], [ -72.383, -13.215 ], [ -72.397, -13.225 ], [ -72.383, -13.216 ] ] ] } },
{ "type": "Feature", "properties": { "DEPARTAMEN": "HUANCAVELICA", "PROVINCIA": "HUANCAVELICA", "clave": "HUANCAVELICA|HUANCAVELICA" }, "geometry": { "type": "Polygon", "coordinates": [ [ [ -75.25, -12.879 ], [ -75.281, -12.917 ], [ -75.306, -12.904 ], [ -75.322, -12.931 ], [ -75.337, -12.937 ], [ -75.355, -12.929 ], [ -75.346, -12.916 ], [ -75.362, -12.888 ], [ -75.353, -12.879 ], [ -75.377, -12.852 ], [ -75.38, -12.835 ], [ -75.37, -12.826 ], [ -75.38, -12.812 ], [ -75.408, -12.792 ], [ -75.427, -12.797 ], [ -75.447, -12.774 ], [ -75.474, -12.778 ], [ -75.48, -12.797 ], [ -75.508, -12.795 ], [ -75.514, -12.789 ], [ -75.508, -12.775 ], [ -75.577, -12.716 ], [ -75.554, -12.704 ], [ -75.551, -12.684 ], [ -75.563, -12.676 ], [ -75.561, -12.663 ], [ -75.575, -12.659 ], [ -75.58, -12.641 ], [ -75.525, -12.619 ], [ -75.491, -12.648 ], [ -75.484, -12.676 ], [ -75.468, -12.684 ], [ -75.453, -12.657 ], [ -75.462, -12.633 ], [ -75.456, -12.626 ], [ -75.44, -12.618 ], [ -75.427, -12.628 ], [ -75.417, -12.629 ], [ -75.404, -12.626 ], [ -75.415, -12.628 ], [ -75.409, -12.585 ], [ -75.392, -12.576 ], [ -75.367, -12.543 ], [ -75.319, -12.515 ], [ -75.325, -12.486 ], [ -75.309, -12.479 ], [ -75.298, -12.485 ], [ -75.277, -12.467 ], [ -75.244, -12.463 ], [ -75.227, -12.475 ], [ -75.216, -12.463 ], [ -75.223, -12.439 ], [ -75.214, -12.414 ], [ -75.22, -12.391 ], [ -75.182, -12.36 ], [ -75.154, -12.396 ], [ -75.131, -12.379 ], [ -75.101, -12.377 ], [ -75.067, -12.394 ], [ -75.067, -12.408 ], [ -75.061, -12.402 ], [ -75.042, -12.409 ], [ -75.021, -12.44 ], [ -75.007, -12.494 ], [ -74.964, -12.515 ], [ -74.95, -12.512 ], [ -74.943, -12.536 ], [ -74.885, -12.516 ], [ -74.885, -12.529 ], [ -74.876, -12.531 ], [ -74.838, -12.497 ], [ -74.822, -12.499 ], [ -74.817, -12.477 ], [ -74.781, -12.464 ], [ -74.751, -12.485 ], [ -74.722, -12.487 ], [ -74.706, -12.523 ], [ -74.692, -12.522 ], [ -74.697, -12.548 ], [ -74.71, -12.557 ], [ -74.688, -12.573 ], [ -74.695, -12.584 ], [ -74.684, -12.6 ], [ -74.688, -12.619 ], [ -74.712, -12.634 ], [ -74.736, -12.628 ], [ -74.745, -12.616 ], [ -74.778, -12.628 ], [ -74.778, -12.669 ], [ -74.767, -12.677 ], [ -74.77, -12.713 ], [ -74.786, -12.784 ], [ -74.795, -12.789 ], [ -74.782, -12.803 ], [ -74.75, -12.802 ], [ -74.744, -12.826 ], [ -74.726, -12.841 ], [ -74.699, -12.844 ], [ -74.734, -12.88 ], [ -74.762, -12.868 ], [ -74.783, -12.878 ], [ -74.808, -12.908 ], [ -74.804, -12.915 ], [ -74.817, -12.922 ], [ -74.818, -12.939 ], [ -74.83, -12.942 ], [ -74.851, -12.921 ], [ -74.877, -12.919 ], [ -74.887, -12.929 ], [ -74.896, -12.945 ], [ -74.89, -12.968 ], [ -74.838, -12.975 ], [ -74.877, -12.999 ], [ -74.882, -13.015 ], [ -74.908, -13.035 ], [ -74.909, -13.093 ], [ -74.92, -13.1 ], [ -74.91, -13.134 ], [ -74.913, -13.184 ], [ -74.955, -13.182 ], [ -74.985, -13.163 ], [ -74.989, -13.14 ], [ -75.038, -13.089 ], [ -75.031, -13.078 ], [ -75.04, -13.048 ], [ -75.038, -13.024 ], [ -75.029, -13.019 ], [ -75.034, -12.973 ], [ -75.024, -12.975 ], [ -75.039, -12.967 ], [ -75.037, -12.94 ], [ -75.05, -12.93 ], [ -75.044, -12.915 ], [ -75.128, -12.933 ], [ -75.149, -12.96 ], [ -75.146, -12.974 ], [ -75.158, -12.98 ], [ -75.25, -12.879 ] ], [ [ -74.977, -12.749 ], [ -74.977, -12.748 ], [ -74.981, -12.741 ], [ -74.977, -12.749 ] ], [ [ -75.208, -12.916 ], [ -75.198, -12.911 ], [ -75.211, -12.916 ], [ -75.208, -12.916 ] ], [ [ -75.061, -12.494 ], [ -75.054, -12.496 ], [ -75.064, -12.492 ], [ -75.061, -12.494 ] ], [ [ -75.078, -12.487 ], [ -75.069, -12.491 ], [ -75.077, -12.486 ], [ -75.078, -12.487 ] ], [ [ -75.096, -12.505 ], [ -75.096, -12.501 ], [ -75.099, -12.497 ], [ -75.096, -12.505 ] ], [ [ -75.101, -12.512 ], [ -75.085, -12.519 ], [ -75.092, -12.509 ], [ -75.101, -12.512 ] ], [ [ -75.096, -12.719 ], [ -75.099, -12.72 ], [ -75.094, -12.72 ], [ -75.096, -12.719 ] ], [ [ -75.077, -12.731 ], [ -75.079, -12.724 ], [ -75.077, -12.736 ], [ -75.077, -12.731 ] ], [ [ -75.007, -12.722 ], [ -75.014, -12.721 ], [ -75.007, -12.723 ], [ -75.007, -12.722 ] ], [ [ -74.983, -12.715 ], [ -74.986, -12.716 ], [ -74.982, -12.716 ], [ -74.983, -12.715 ] ], [ [ -75.383, -12.636 ], [ -75.377, -12.632 ], [ -75.376, -12.63 ], [ -75.383, -12.636 ] ], [ [ -75.308, -12.598 ], [ -75.305, -12.599 ], [ -75.306, -12.598 ], [ -75.308, -12.598 ] ], [ [ -75.281, -12.607 ], [ -75.274, -12.604 ], [ -75.279, -12.605 ], [ -75.281, -12.607 ] ], [ [ -75.212, -12.58 ], [ -75.224, -12.583 ], [ -75.209, -12.581 ], [ -75.212, -12.58 ] ], [ [ -75.138, -12.525 ], [ -75.137, -12.526 ], [ -75.129, -12.524 ], [ -75.138, -12.525 ] ], [ [ -75.123, -12.57 ], [ -75.125, -12.563 ], [ -75.124, -12.57 ], [ -75.123, -12.57 ] ], [ [ -75.122, -12.571 ], [ -75.117, -12.575 ], [ -75.118, -12.573 ], [ -75.122, -12.571 ] ], [ [ -75.154, -12.808 ], [ -75.159, -12.808 ], [ -75.16, -12.809 ], [ -75.154, -12.808 ] ], [ [ -75.177, -12.47 ], [ -75.173, -12.473 ], [ -75.178, -12.468 ], [ -75.177, -12.47 ] ], [ [ -75.079, -12.447 ], [ -75.107, -12.43 ], [ -75.084, -12.445 ], [ -75.079, -12.447 ] ], [ [ -75.075, -12.453 ], [ -75.075, -12.454 ], [ -75.063, -12.454 ], [ -75.075, -12.453 ] ], [ [ -75.055, -12.445 ], [ -75.06, -12.44 ], [ -75.06, -12.441 ], [ -75.055, -12.445 ] ], [ [ -74.98, -12.623 ], [ -74.98, -12.617 ], [ -74.981, -12.617 ], [ -74.98, -12.623 ] ], [ [ -74.951, -12.693 ], [ -74.957, -12.699 ], [ -74.957, -12.7 ], [ -74.951, -12.693 ] ], [ [ -74.957, -12.703 ], [ -74.957, -12.706 ], [ -74.955, -12.71 ], [ -74.957, -12.703 ] ], [ [ -74.896, -12.722 ], [ -74.882, -12.721 ], [ -74.881, -12.72 ], [ -74.896, -12.722 ] ], [ [ -74.922, -12.942 ], [ -74.921, -12.941 ], [ -74.925, -12.941 ], [ -74.922, -12.942 ] ] ] } },
{ "type": "Feature", "properties": { "DEPARTAMEN": "HUANCAVELICA", "PROVINCIA": "ACOBAMBA", "clave": "HUANCAVELICA|ACOBAMBA" }, "geometry": { "type": "Polygon", "coordinates": [ [ [ -74.389, -12.808 ], [ -74.361, -12.835 ], [ -74.324, -12.833 ], [ -74.333, -12.852 ], [ -74.319, -12.887 ], [ -74.374, -12.936 ], [ -74.432, -12.952 ], [ -74.447, -12.967 ], [ -74.465, -12.955 ], [ -74.476, -12.93 ], [ -74.503, -12.924 ], [ -74.525, -12.904 ], [ -74.558, -12.894 ], [ -74.574, -12.914 ], [ -74.624, -12.842 ], [ -74.65, -12.882 ], [ -74.68, -12.9 ], [ -74.654, -12.856 ], [ -74.674, -12.826 ], [ -74.699, -12.844 ], [ -74.722, -12.843 ], [ -74.744, -12.826 ], [ -74.75, -12.802 ], [ -74.769, -12.807 ], [ -74.796, -12.792 ], [ -74.786, -12.784 ], [ -74.77, -12.713 ], [ -74.767, -12.677 ], [ -74.778, -12.669 ], [ -74.778, -12.629 ], [ -74.745, -12.616 ], [ -74.736, -12.628 ], [ -74.711, -12.635 ], [ -74.688, -12.619 ], [ -74.686, -12.59 ], [ -74.672, -12.592 ], [ -74.639, -12.647 ], [ -74.629, -12.646 ], [ -74.615, -12.671 ], [ -74.591, -12.678 ], [ -74.591, -12.69 ], [ -74.549, -12.715 ], [ -74.533, -12.756 ], [ -74.499, -12.771 ], [ -74.502, -12.787 ], [ -74.466, -12.805 ], [ -74.441, -12.799 ], [ -74.389, -12.808 ] ], [ [ -74.618, -12.809 ], [ -74.614, -12.811 ], [ -74.614, -12.81 ], [ -74.618, -12.809 ] ], [ [ -74.585, -12.746 ], [ -74.588, -12.745 ], [ -74.579, -12.756 ], [ -74.585, -12.746 ] ], [ [ -74.448, -12.865 ], [ -74.454, -12.864 ], [ -74.448, -12.866 ], [ -74.448, -12.865 ] ], [ [ -74.51, -12.802 ], [ -74.509, -12.801 ], [ -74.514, -12.802 ], [ -74.51, -12.802 ] ], [ [ -74.712, -12.797 ], [ -74.708, -12.789 ], [ -74.71, -12.79 ], [ -74.712, -12.797 ] ], [ [ -74.655, -12.751 ], [ -74.654, -12.751 ], [ -74.649, -12.736 ], [ -74.655, -12.751 ] ], [ [ -74.623, -12.783 ], [ -74.623, -12.782 ], [ -74.631, -12.777 ], [ -74.623, -12.783 ] ], [ [ -74.62, -12.788 ], [ -74.619, -12.788 ], [ -74.621, -12.786 ], [ -74.62, -12.788 ] ] ] } },
{ "type": "Feature", "properties": { "DEPARTAMEN": "HUANCAVELICA", "PROVINCIA": "ANGARAES", "clave": "HUANCAVELICA|ANGARAES" }, "geometry": { "type": "Polygon", "coordinates": [ [ [ -74.575, -12.914 ], [ -74.557, -12.894 ], [ -74.476, -12.93 ], [ -74.446, -12.973 ], [ -74.432, -12.952 ], [ -74.375, -12.936 ], [ -74.319, -12.887 ], [ -74.328, -12.928 ], [ -74.295, -12.938 ], [ -74.297, -12.968 ], [ -74.271, -13.023 ], [ -74.272, -13.069 ], [ -74.278, -13.074 ], [ -74.311, -13.059 ], [ -74.346, -13.026 ], [ -74.38, -13.024 ], [ -74.386, -13.029 ], [ -74.389, -13.042 ], [ -74.401, -13.054 ], [ -74.411, -13.079 ], [ -74.411, -13.12 ], [ -74.389, -13.13 ], [ -74.396, -13.169 ], [ -74.42, -13.16 ], [ -74.458, -13.19 ], [ -74.494, -13.187 ], [ -74.517, -13.197 ], [ -74.526, -13.19 ], [ -74.544, -13.2 ], [ -74.572, -13.185 ], [ -74.645, -13.274 ], [ -74.663, -13.271 ], [ -74.701, -13.292 ], [ -74.722, -13.29 ], [ -74.727, -13.271 ], [ -74.72, -13.258 ], [ -74.731, -13.231 ], [ -74.716, -13.196 ], [ -74.722, -13.179 ], [ -74.747, -13.177 ], [ -74.761, -13.161 ], [ -74.78, -13.157 ], [ -74.803, -13.168 ], [ -74.84, -13.144 ], [ -74.875, -13.162 ], [ -74.913, -13.167 ], [ -74.91, -13.134 ], [ -74.92, -13.1 ], [ -74.909, -13.093 ], [ -74.908, -13.035 ], [ -74.882, -13.015 ], [ -74.877, -12.999 ], [ -74.839, -12.975 ], [ -74.89, -12.968 ], [ -74.896, -12.945 ], [ -74.878, -12.919 ], [ -74.851, -12.921 ], [ -74.83, -12.942 ], [ -74.819, -12.94 ], [ -74.817, -12.922 ], [ -74.781, -12.877 ], [ -74.765, -12.868 ], [ -74.734, -12.88 ], [ -74.678, -12.823 ], [ -74.654, -12.856 ], [ -74.682, -12.902 ], [ -74.649, -12.883 ], [ -74.624, -12.842 ], [ -74.575, -12.914 ] ], [ [ -74.403, -13.039 ], [ -74.395, -13.042 ], [ -74.389, -13.042 ], [ -74.403, -13.039 ] ], [ [ -74.635, -13.061 ], [ -74.631, -13.071 ], [ -74.632, -13.054 ], [ -74.635, -13.061 ] ], [ [ -74.639, -13.06 ], [ -74.645, -13.06 ], [ -74.635, -13.061 ], [ -74.639, -13.06 ] ], [ [ -74.666, -12.96 ], [ -74.649, -12.921 ], [ -74.671, -12.957 ], [ -74.671, -12.967 ], [ -74.666, -12.96 ] ], [ [ -74.644, -12.91 ], [ -74.642, -12.903 ], [ -74.649, -12.921 ], [ -74.644, -12.91 ] ], [ [ -74.832, -12.978 ], [ -74.836, -12.975 ], [ -74.838, -12.975 ], [ -74.832, -12.978 ] ], [ [ -74.704, -12.935 ], [ -74.7, -12.929 ], [ -74.702, -12.93 ], [ -74.704, -12.935 ] ], [ [ -74.487, -13.033 ], [ -74.485, -13.035 ], [ -74.482, -13.035 ], [ -74.487, -13.033 ] ], [ [ -74.469, -13.03 ], [ -74.476, -13.036 ], [ -74.47, -13.033 ], [ -74.469, -13.03 ] ], [ [ -74.468, -13.036 ], [ -74.467, -13.039 ], [ -74.464, -13.042 ], [ -74.468, -13.036 ] ], [ [ -74.447, -13.047 ], [ -74.456, -13.051 ], [ -74.447, -13.048 ], [ -74.447, -13.047 ] ], [ [ -74.444, -13.044 ], [ -74.441, -13.04 ], [ -74.442, -13.04 ], [ -74.444, -13.044 ] ], [ [ -74.429, -13.043 ], [ -74.428, -13.043 ], [ -74.426, -13.042 ], [ -74.429, -13.043 ] ], [ [ -74.411, -13.039 ], [ -74.405, -13.039 ], [ -74.406, -13.038 ], [ -74.411, -13.039 ] ], [ [ -74.491, -13.104 ], [ -74.502, -13.121 ], [ -74.503, -13.125 ], [ -74.491, -13.104 ] ], [ [ -74.47, -13.077 ], [ -74.471, -13.076 ], [ -74.479, -13.083 ], [ -74.47, -13.077 ] ], [ [ -74.419, -12.996 ], [ -74.415, -12.996 ], [ -74.422, -12.993 ], [ -74.419, -12.996 ] ], [ [ -74.414, -12.996 ], [ -74.412, -12.997 ], [ -74.407, -12.994 ], [ -74.414, -12.996 ] ] ] } },
{ "type": "Feature", "properties": { "DEPARTAMEN": "HUANCAVELICA", "PROVINCIA": "CASTROVIRREYNA", "clave": "HUANCAVELICA|CASTROVIRREYNA" }, "geometry": { "type": "Polygon", "coordinates": [ [ [ -75.539, -13.405 ], [ -75.585, -13.403 ], [ -75.599, -13.39 ], [ -75.615, -13.417 ], [ -75.633, -13.411 ], [ -75.689, -13.44 ], [ -75.719, -13.413 ], [ -75.746, -13.405 ], [ -75.763, -13.414 ], [ -75.809, -13.397 ], [ -75.788, -13.335 ], [ -75.754, -13.309 ], [ -75.731, -13.31 ], [ -75.706, -13.288 ], [ -75.702, -13.227 ], [ -75.689, -13.215 ], [ -75.706, -13.188 ], [ -75.692, -13.16 ], [ -75.719, -13.111 ], [ -75.687, -13.043 ], [ -75.676, -13.044 ], [ -75.681, -13.07 ], [ -75.658, -13.083 ], [ -75.629, -13.056 ], [ -75.639, -13.031 ], [ -75.61, -13.007 ], [ -75.603, -12.98 ], [ -75.636, -12.916 ], [ -75.613, -12.859 ], [ -75.57, -12.843 ], [ -75.56, -12.817 ], [ -75.53, -12.822 ], [ -75.52, -12.788 ], [ -75.48, -12.797 ], [ -75.474, -12.778 ], [ -75.445, -12.774 ], [ -75.427, -12.797 ], [ -75.408, -12.792 ], [ -75.38, -12.812 ], [ -75.371, -12.826 ], [ -75.38, -12.835 ], [ -75.377, -12.852 ], [ -75.353, -12.879 ], [ -75.362, -12.888 ], [ -75.346, -12.916 ], [ -75.355, -12.929 ], [ -75.335, -12.937 ], [ -75.306, -12.904 ], [ -75.281, -12.917 ], [ -75.263, -12.886 ], [ -75.249, -12.88 ], [ -75.158, -12.979 ], [ -75.146, -12.974 ], [ -75.149, -12.96 ], [ -75.128, -12.932 ], [ -75.044, -12.915 ], [ -75.05, -12.93 ], [ -75.037, -12.94 ], [ -75.03, -13.001 ], [ -75.04, -13.047 ], [ -75.031, -13.078 ], [ -75.038, -13.089 ], [ -74.989, -13.142 ], [ -75.038, -13.168 ], [ -75.051, -13.188 ], [ -75.095, -13.202 ], [ -75.114, -13.193 ], [ -75.12, -13.211 ], [ -75.168, -13.225 ], [ -75.164, -13.275 ], [ -75.205, -13.313 ], [ -75.212, -13.336 ], [ -75.206, -13.346 ], [ -75.238, -13.41 ], [ -75.257, -13.417 ], [ -75.27, -13.406 ], [ -75.294, -13.402 ], [ -75.318, -13.456 ], [ -75.341, -13.462 ], [ -75.349, -13.452 ], [ -75.379, -13.455 ], [ -75.435, -13.47 ], [ -75.436, -13.495 ], [ -75.484, -13.527 ], [ -75.495, -13.524 ], [ -75.47, -13.483 ], [ -75.465, -13.431 ], [ -75.5, -13.389 ], [ -75.492, -13.378 ], [ -75.503, -13.353 ], [ -75.504, -13.369 ], [ -75.539, -13.405 ] ], [ [ -75.409, -13.25 ], [ -75.411, -13.242 ], [ -75.412, -13.243 ], [ -75.409, -13.25 ] ], [ [ -75.501, -13.331 ], [ -75.5, -13.32 ], [ -75.502, -13.326 ], [ -75.501, -13.331 ] ], [ [ -75.612, -13.227 ], [ -75.61, -13.231 ], [ -75.609, -13.226 ], [ -75.612, -13.227 ] ], [ [ -75.611, -13.232 ], [ -75.6, -13.234 ], [ -75.61, -13.231 ], [ -75.611, -13.232 ] ], [ [ -75.627, -13.285 ], [ -75.629, -13.262 ], [ -75.628, -13.286 ], [ -75.627, -13.285 ] ], [ [ -75.62, -13.257 ], [ -75.619, -13.253 ], [ -75.621, -13.257 ], [ -75.62, -13.257 ] ], [ [ -75.595, -13.068 ], [ -75.593, -13.078 ], [ -75.594, -13.068 ], [ -75.595, -13.068 ] ], [ [ -75.655, -13.145 ], [ -75.655, -13.156 ], [ -75.654, -13.157 ], [ -75.655, -13.145 ] ], [ [ -75.665, -13.103 ], [ -75.669, -13.1 ], [ -75.665, -13.104 ], [ -75.665, -13.103 ] ], [ [ -75.478, -12.867 ], [ -75.48, -12.869 ], [ -75.48, -12.875 ], [ -75.478, -12.867 ] ], [ [ -75.539, -12.995 ], [ -75.54, -12.99 ], [ -75.54, -12.999 ], [ -75.539, -12.995 ] ], [ [ -75.368, -13.165 ], [ -75.359, -13.166 ], [ -75.359, -13.165 ], [ -75.368, -13.165 ] ], [ [ -75.388, -13.294 ], [ -75.391, -13.296 ], [ -75.398, -13.307 ], [ -75.388, -13.294 ] ], [ [ -75.409, -13.313 ], [ -75.407, -13.313 ], [ -75.398, -13.307 ], [ -75.409, -13.313 ] ], [ [ -75.417, -13.319 ], [ -75.416, -13.321 ], [ -75.416, -13.317 ], [ -75.417, -13.319 ] ], [ [ -75.377, -13.042 ], [ -75.375, -13.041 ], [ -75.38, -13.042 ], [ -75.377, -13.042 ] ], [ [ -75.247, -13.102 ], [ -75.248, -13.093 ], [ -75.248, -13.103 ], [ -75.247, -13.102 ] ], [ [ -75.252, -13.131 ], [ -75.251, -13.146 ], [ -75.251, -13.136 ], [ -75.252, -13.131 ] ] ] } },
{ "type": "Feature", "properties": { "DEPARTAMEN": "HUANCAVELICA", "PROVINCIA": "CHURCAMPA", "clave": "HUANCAVELICA|CHURCAMPA" }, "geometry": { "type": "Polygon", "coordinates": [ [ [ -74.533, -12.756 ], [ -74.549, -12.715 ], [ -74.591, -12.691 ], [ -74.591, -12.678 ], [ -74.615, -12.671 ], [ -74.672, -12.592 ], [ -74.691, -12.59 ], [ -74.689, -12.572 ], [ -74.71, -12.557 ], [ -74.697, -12.548 ], [ -74.691, -12.524 ], [ -74.647, -12.525 ], [ -74.623, -12.514 ], [ -74.639, -12.493 ], [ -74.633, -12.484 ], [ -74.604, -12.469 ], [ -74.587, -12.471 ], [ -74.597, -12.407 ], [ -74.625, -12.368 ], [ -74.617, -12.362 ], [ -74.602, -12.36 ], [ -74.575, -12.374 ], [ -74.565, -12.361 ], [ -74.549, -12.374 ], [ -74.535, -12.41 ], [ -74.521, -12.41 ], [ -74.522, -12.436 ], [ -74.507, -12.448 ], [ -74.454, -12.444 ], [ -74.409, -12.452 ], [ -74.402, -12.467 ], [ -74.415, -12.492 ], [ -74.399, -12.502 ], [ -74.4, -12.524 ], [ -74.384, -12.545 ], [ -74.387, -12.567 ], [ -74.366, -12.576 ], [ -74.363, -12.594 ], [ -74.324, -12.604 ], [ -74.342, -12.625 ], [ -74.33, -12.672 ], [ -74.33, -12.673 ], [ -74.327, -12.681 ], [ -74.341, -12.69 ], [ -74.349, -12.717 ], [ -74.332, -12.741 ], [ -74.312, -12.737 ], [ -74.296, -12.749 ], [ -74.286, -12.8 ], [ -74.297, -12.801 ], [ -74.297, -12.831 ], [ -74.363, -12.834 ], [ -74.389, -12.808 ], [ -74.404, -12.812 ], [ -74.445, -12.799 ], [ -74.466, -12.805 ], [ -74.502, -12.787 ], [ -74.493, -12.763 ], [ -74.499, -12.771 ], [ -74.533, -12.756 ] ], [ [ -74.47, -12.64 ], [ -74.472, -12.642 ], [ -74.471, -12.651 ], [ -74.47, -12.64 ] ], [ [ -74.476, -12.692 ], [ -74.481, -12.664 ], [ -74.479, -12.681 ], [ -74.476, -12.692 ] ], [ [ -74.611, -12.531 ], [ -74.613, -12.523 ], [ -74.613, -12.526 ], [ -74.611, -12.531 ] ], [ [ -74.527, -12.5 ], [ -74.533, -12.509 ], [ -74.532, -12.509 ], [ -74.527, -12.5 ] ], [ [ -74.511, -12.451 ], [ -74.51, -12.462 ], [ -74.51, -12.451 ], [ -74.511, -12.451 ] ], [ [ -74.471, -12.579 ], [ -74.46, -12.58 ], [ -74.463, -12.579 ], [ -74.471, -12.579 ] ], [ [ -74.484, -12.613 ], [ -74.486, -12.613 ], [ -74.483, -12.615 ], [ -74.484, -12.613 ] ], [ [ -74.596, -12.555 ], [ -74.589, -12.556 ], [ -74.596, -12.554 ], [ -74.596, -12.555 ] ], [ [ -74.52, -12.613 ], [ -74.514, -12.616 ], [ -74.509, -12.617 ], [ -74.52, -12.613 ] ], [ [ -74.375, -12.79 ], [ -74.379, -12.795 ], [ -74.376, -12.793 ], [ -74.375, -12.79 ] ], [ [ -74.379, -12.8 ], [ -74.38, -12.797 ], [ -74.381, -12.809 ], [ -74.379, -12.8 ] ], [ [ -74.36, -12.761 ], [ -74.352, -12.756 ], [ -74.36, -12.76 ], [ -74.36, -12.761 ] ], [ [ -74.335, -12.767 ], [ -74.334, -12.768 ], [ -74.327, -12.768 ], [ -74.335, -12.767 ] ], [ [ -74.432, -12.701 ], [ -74.433, -12.7 ], [ -74.427, -12.716 ], [ -74.432, -12.701 ] ], [ [ -74.437, -12.691 ], [ -74.437, -12.692 ], [ -74.436, -12.693 ], [ -74.437, -12.691 ] ] ] } },
{ "type": "Feature", "properties": { "DEPARTAMEN": "HUANCAVELICA", "PROVINCIA": "HUAYTARA", "clave": "HUANCAVELICA|HUAYTARA" }, "geometry": { "type": "Polygon", "coordinates": [ [ [ -75.233, -14.003 ], [ -75.252, -13.998 ], [ -75.27, -14.011 ], [ -75.333, -14.016 ], [ -75.356, -13.996 ], [ -75.348, -13.994 ], [ -75.359, -13.971 ], [ -75.382, -13.963 ], [ -75.434, -13.914 ], [ -75.457, -13.905 ], [ -75.482, -13.911 ], [ -75.522, -13.885 ], [ -75.547, -13.889 ], [ -75.56, -13.871 ], [ -75.563, -13.841 ], [ -75.543, -13.835 ], [ -75.521, -13.815 ], [ -75.538, -13.793 ], [ -75.538, -13.762 ], [ -75.555, -13.75 ], [ -75.531, -13.743 ], [ -75.516, -13.696 ], [ -75.496, -13.673 ], [ -75.488, -13.676 ], [ -75.485, -13.655 ], [ -75.517, -13.613 ], [ -75.51, -13.565 ], [ -75.496, -13.567 ], [ -75.474, -13.518 ], [ -75.436, -13.495 ], [ -75.435, -13.47 ], [ -75.349, -13.452 ], [ -75.341, -13.462 ], [ -75.347, -13.468 ], [ -75.31, -13.45 ], [ -75.294, -13.402 ], [ -75.256, -13.417 ], [ -75.237, -13.409 ], [ -75.206, -13.344 ], [ -75.212, -13.336 ], [ -75.205, -13.313 ], [ -75.164, -13.275 ], [ -75.168, -13.225 ], [ -75.12, -13.211 ], [ -75.114, -13.193 ], [ -75.095, -13.202 ], [ -75.051, -13.188 ], [ -75.038, -13.168 ], [ -74.989, -13.142 ], [ -74.985, -13.163 ], [ -74.936, -13.185 ], [ -74.913, -13.184 ], [ -74.913, -13.167 ], [ -74.875, -13.162 ], [ -74.841, -13.144 ], [ -74.803, -13.168 ], [ -74.781, -13.157 ], [ -74.761, -13.161 ], [ -74.747, -13.177 ], [ -74.723, -13.178 ], [ -74.716, -13.196 ], [ -74.731, -13.231 ], [ -74.72, -13.258 ], [ -74.723, -13.289 ], [ -74.687, -13.286 ], [ -74.667, -13.327 ], [ -74.633, -13.345 ], [ -74.718, -13.364 ], [ -74.734, -13.357 ], [ -74.739, -13.34 ], [ -74.76, -13.325 ], [ -74.77, -13.346 ], [ -74.809, -13.357 ], [ -74.858, -13.355 ], [ -74.898, -13.395 ], [ -74.893, -13.414 ], [ -74.905, -13.437 ], [ -74.902, -13.466 ], [ -74.862, -13.482 ], [ -74.832, -13.532 ], [ -74.795, -13.552 ], [ -74.771, -13.61 ], [ -74.781, -13.648 ], [ -74.775, -13.711 ], [ -74.754, -13.737 ], [ -74.762, -13.781 ], [ -74.779, -13.785 ], [ -74.761, -13.838 ], [ -74.767, -13.867 ], [ -74.784, -13.883 ], [ -74.777, -13.899 ], [ -74.786, -13.925 ], [ -74.768, -13.979 ], [ -74.785, -13.992 ], [ -74.779, -13.998 ], [ -74.784, -14.017 ], [ -74.759, -14.079 ], [ -74.772, -14.09 ], [ -74.825, -14.092 ], [ -74.842, -14.071 ], [ -74.853, -14.076 ], [ -74.861, -14.067 ], [ -74.878, -14.076 ], [ -74.896, -14.104 ], [ -74.908, -14.092 ], [ -74.924, -14.099 ], [ -74.975, -14.074 ], [ -75.015, -14.069 ], [ -75.03, -14.073 ], [ -75.059, -14.13 ], [ -75.064, -14.088 ], [ -75.07, -14.08 ], [ -75.089, -14.082 ], [ -75.109, -14.033 ], [ -75.166, -14.073 ], [ -75.187, -14.054 ], [ -75.259, -14.043 ], [ -75.233, -14.003 ] ], [ [ -75.215, -13.379 ], [ -75.217, -13.378 ], [ -75.213, -13.385 ], [ -75.215, -13.379 ] ], [ [ -75.176, -13.377 ], [ -75.183, -13.378 ], [ -75.176, -13.378 ], [ -75.176, -13.377 ] ], [ [ -75.166, -13.434 ], [ -75.173, -13.421 ], [ -75.172, -13.425 ], [ -75.166, -13.434 ] ], [ [ -75.153, -13.49 ], [ -75.17, -13.481 ], [ -75.17, -13.482 ], [ -75.153, -13.49 ] ], [ [ -75.302, -13.73 ], [ -75.302, -13.728 ], [ -75.303, -13.728 ], [ -75.302, -13.73 ] ], [ [ -75.054, -13.521 ], [ -75.056, -13.524 ], [ -75.053, -13.522 ], [ -75.054, -13.521 ] ], [ [ -75.046, -13.525 ], [ -75.046, -13.524 ], [ -75.047, -13.524 ], [ -75.047, -13.525 ], [ -75.046, -13.525 ] ], [ [ -75.088, -13.568 ], [ -75.088, -13.563 ], [ -75.089, -13.57 ], [ -75.088, -13.568 ] ], [ [ -75.084, -13.584 ], [ -75.084, -13.579 ], [ -75.085, -13.584 ], [ -75.084, -13.584 ] ], [ [ -75.086, -13.597 ], [ -75.092, -13.592 ], [ -75.084, -13.602 ], [ -75.086, -13.597 ] ], [ [ -75.15, -13.734 ], [ -75.15, -13.729 ], [ -75.151, -13.735 ], [ -75.15, -13.734 ] ], [ [ -75.231, -13.762 ], [ -75.228, -13.759 ], [ -75.232, -13.761 ], [ -75.231, -13.762 ] ], [ [ -75.38, -13.789 ], [ -75.383, -13.787 ], [ -75.381, -13.789 ], [ -75.38, -13.789 ] ], [ [ -75.01, -13.662 ], [ -75.014, -13.666 ], [ -75.013, -13.666 ], [ -75.01, -13.662 ] ], [ [ -74.922, -13.638 ], [ -74.923, -13.634 ], [ -74.923, -13.642 ], [ -74.922, -13.638 ] ], [ [ -74.969, -13.753 ], [ -74.961, -13.744 ], [ -74.969, -13.751 ], [ -74.969, -13.753 ] ], [ [ -74.999, -13.805 ], [ -74.997, -13.821 ], [ -74.995, -13.814 ], [ -74.999, -13.805 ] ], [ [ -75.01, -13.829 ], [ -75.01, -13.828 ], [ -75.011, -13.829 ], [ -75.01, -13.829 ] ], [ [ -75.14, -13.897 ], [ -75.138, -13.889 ], [ -75.139, -13.89 ], [ -75.14, -13.897 ] ], [ [ -75.398, -13.609 ], [ -75.407, -13.607 ], [ -75.406, -13.608 ], [ -75.398, -13.609 ] ], [ [ -75.396, -13.608 ], [ -75.385, -13.605 ], [ -75.391, -13.606 ], [ -75.396, -13.608 ] ], [ [ -75.319, -13.74 ], [ -75.315, -13.736 ], [ -75.322, -13.741 ], [ -75.319, -13.74 ] ], [ [ -75.324, -13.741 ], [ -75.335, -13.742 ], [ -75.328, -13.742 ], [ -75.324, -13.741 ] ], [ [ -75.439, -13.785 ], [ -75.445, -13.783 ], [ -75.446, -13.784 ], [ -75.439, -13.785 ] ], [ [ -75.402, -13.789 ], [ -75.398, -13.787 ], [ -75.409, -13.789 ], [ -75.402, -13.789 ] ], [ [ -75.291, -13.954 ], [ -75.293, -13.96 ], [ -75.29, -13.954 ], [ -75.291, -13.954 ] ], [ [ -75.326, -13.536 ], [ -75.327, -13.536 ], [ -75.332, -13.545 ], [ -75.326, -13.536 ] ], [ [ -74.909, -14.034 ], [ -74.909, -14.035 ], [ -74.908, -14.035 ], [ -74.909, -14.034 ] ], [ [ -75.093, -13.98 ], [ -75.093, -13.979 ], [ -75.101, -13.991 ], [ -75.093, -13.98 ] ], [ [ -75.086, -13.967 ], [ -75.063, -13.96 ], [ -75.07, -13.958 ], [ -75.086, -13.967 ] ], [ [ -75.098, -13.948 ], [ -75.099, -13.948 ], [ -75.097, -13.955 ], [ -75.098, -13.948 ] ], [ [ -75.078, -13.46 ], [ -75.078, -13.464 ], [ -75.077, -13.459 ], [ -75.078, -13.46 ] ] ] } },
{ "type": "Feature", "properties": { "DEPARTAMEN": "HUANCAVELICA", "PROVINCIA": "TAYACAJA", "clave": "HUANCAVELICA|TAYACAJA" }, "geometry": { "type": "Polygon", "coordinates": [ [ [ -74.822, -12.499 ], [ -74.838, -12.497 ], [ -74.876, -12.531 ], [ -74.885, -12.527 ], [ -74.885, -12.516 ], [ -74.944, -12.533 ], [ -74.95, -12.512 ], [ -74.964, -12.515 ], [ -75.007, -12.494 ], [ -75.021, -12.44 ], [ -75.042, -12.408 ], [ -75.101, -12.377 ], [ -75.113, -12.382 ], [ -75.133, -12.373 ], [ -75.14, -12.341 ], [ -75.096, -12.283 ], [ -75.105, -12.271 ], [ -75.1, -12.251 ], [ -75.072, -12.235 ], [ -75.059, -12.205 ], [ -75.05, -12.203 ], [ -75.049, -12.168 ], [ -75.074, -12.157 ], [ -75.077, -12.145 ], [ -75.063, -12.135 ], [ -75.071, -12.114 ], [ -75.065, -12.092 ], [ -75.074, -12.061 ], [ -75.086, -12.052 ], [ -75.047, -12.012 ], [ -75.049, -12.0 ], [ -75.027, -12.002 ], [ -75.022, -12.013 ], [ -74.998, -12.021 ], [ -74.939, -12.018 ], [ -74.871, -12.066 ], [ -74.837, -12.071 ], [ -74.819, -12.054 ], [ -74.794, -12.058 ], [ -74.744, -12.041 ], [ -74.721, -12.062 ], [ -74.683, -12.038 ], [ -74.679, -12.018 ], [ -74.658, -11.994 ], [ -74.624, -11.985 ], [ -74.603, -12.0 ], [ -74.594, -11.987 ], [ -74.572, -11.985 ], [ -74.567, -11.997 ], [ -74.544, -11.999 ], [ -74.488, -12.034 ], [ -74.481, -12.027 ], [ -74.454, -12.034 ], [ -74.453, -12.049 ], [ -74.442, -12.045 ], [ -74.433, -12.07 ], [ -74.421, -12.068 ], [ -74.414, -12.076 ], [ -74.42, -12.094 ], [ -74.41, -12.106 ], [ -74.399, -12.104 ], [ -74.363, -12.138 ], [ -74.352, -12.137 ], [ -74.361, -12.155 ], [ -74.343, -12.17 ], [ -74.379, -12.176 ], [ -74.388, -12.188 ], [ -74.376, -12.229 ], [ -74.394, -12.252 ], [ -74.385, -12.272 ], [ -74.416, -12.305 ], [ -74.442, -12.272 ], [ -74.453, -12.27 ], [ -74.486, -12.277 ], [ -74.506, -12.312 ], [ -74.552, -12.287 ], [ -74.581, -12.324 ], [ -74.576, -12.373 ], [ -74.602, -12.36 ], [ -74.628, -12.368 ], [ -74.597, -12.407 ], [ -74.587, -12.471 ], [ -74.604, -12.469 ], [ -74.633, -12.484 ], [ -74.636, -12.518 ], [ -74.647, -12.525 ], [ -74.706, -12.523 ], [ -74.722, -12.487 ], [ -74.751, -12.485 ], [ -74.781, -12.464 ], [ -74.813, -12.475 ], [ -74.822, -12.499 ] ], [ [ -74.769, -12.29 ], [ -74.769, -12.288 ], [ -74.771, -12.29 ], [ -74.769, -12.29 ] ], [ [ -74.867, -12.162 ], [ -74.871, -12.163 ], [ -74.867, -12.163 ], [ -74.867, -12.162 ] ], [ [ -74.847, -12.149 ], [ -74.841, -12.155 ], [ -74.848, -12.146 ], [ -74.847, -12.149 ] ], [ [ -74.843, -12.141 ], [ -74.848, -12.145 ], [ -74.848, -12.146 ], [ -74.843, -12.141 ] ], [ [ -74.839, -12.138 ], [ -74.84, -12.139 ], [ -74.833, -12.137 ], [ -74.839, -12.138 ] ], [ [ -74.701, -12.162 ], [ -74.704, -12.154 ], [ -74.704, -12.158 ], [ -74.701, -12.162 ] ], [ [ -74.709, -12.251 ], [ -74.698, -12.232 ], [ -74.71, -12.251 ], [ -74.709, -12.251 ] ], [ [ -74.758, -12.209 ], [ -74.757, -12.212 ], [ -74.757, -12.209 ], [ -74.758, -12.209 ] ], [ [ -74.79, -12.243 ], [ -74.784, -12.224 ], [ -74.785, -12.225 ], [ -74.79, -12.243 ] ], [ [ -74.786, -12.269 ], [ -74.791, -12.259 ], [ -74.791, -12.261 ], [ -74.786, -12.269 ] ], [ [ -74.783, -12.28 ], [ -74.785, -12.284 ], [ -74.78, -12.284 ], [ -74.783, -12.28 ] ], [ [ -74.86, -12.357 ], [ -74.855, -12.354 ], [ -74.87, -12.36 ], [ -74.86, -12.357 ] ], [ [ -74.878, -12.371 ], [ -74.878, -12.372 ], [ -74.87, -12.36 ], [ -74.878, -12.371 ] ], [ [ -74.841, -12.292 ], [ -74.834, -12.292 ], [ -74.837, -12.291 ], [ -74.841, -12.292 ] ], [ [ -74.788, -12.284 ], [ -74.798, -12.289 ], [ -74.796, -12.289 ], [ -74.788, -12.284 ] ], [ [ -75.03, -12.33 ], [ -75.031, -12.331 ], [ -75.029, -12.331 ], [ -75.03, -12.33 ] ], [ [ -74.915, -12.296 ], [ -74.903, -12.298 ], [ -74.913, -12.295 ], [ -74.915, -12.296 ] ], [ [ -74.862, -12.397 ], [ -74.865, -12.386 ], [ -74.866, -12.384 ], [ -74.862, -12.397 ] ], [ [ -74.867, -12.432 ], [ -74.871, -12.448 ], [ -74.871, -12.453 ], [ -74.867, -12.432 ] ], [ [ -74.866, -12.427 ], [ -74.867, -12.425 ], [ -74.867, -12.428 ], [ -74.866, -12.427 ] ], [ [ -74.894, -12.455 ], [ -74.902, -12.455 ], [ -74.895, -12.456 ], [ -74.894, -12.455 ] ], [ [ -74.898, -12.41 ], [ -74.888, -12.44 ], [ -74.888, -12.438 ], [ -74.898, -12.41 ] ], [ [ -74.904, -12.366 ], [ -74.911, -12.364 ], [ -74.91, -12.365 ], [ -74.904, -12.366 ] ], [ [ -74.972, -12.29 ], [ -74.973, -12.289 ], [ -74.974, -12.29 ], [ -74.972, -12.29 ] ], [ [ -74.926, -12.249 ], [ -74.928, -12.248 ], [ -74.933, -12.251 ], [ -74.926, -12.249 ] ], [ [ -74.838, -12.288 ], [ -74.838, -12.29 ], [ -74.833, -12.269 ], [ -74.838, -12.288 ] ], [ [ -74.894, -12.273 ], [ -74.885, -12.274 ], [ -74.874, -12.274 ], [ -74.894, -12.273 ] ], [ [ -74.871, -12.277 ], [ -74.869, -12.283 ], [ -74.868, -12.283 ], [ -74.871, -12.277 ] ], [ [ -74.739, -12.27 ], [ -74.743, -12.27 ], [ -74.739, -12.271 ], [ -74.739, -12.27 ] ], [ [ -74.746, -12.272 ], [ -74.747, -12.272 ], [ -74.749, -12.279 ], [ -74.746, -12.272 ] ], [ [ -74.659, -12.243 ], [ -74.656, -12.242 ], [ -74.658, -12.242 ], [ -74.659, -12.243 ] ], [ [ -74.467, -12.16 ], [ -74.457, -12.161 ], [ -74.466, -12.159 ], [ -74.467, -12.16 ] ], [ [ -74.722, -12.426 ], [ -74.731, -12.423 ], [ -74.728, -12.425 ], [ -74.722, -12.426 ] ], [ [ -74.722, -12.428 ], [ -74.721, -12.432 ], [ -74.718, -12.439 ], [ -74.722, -12.428 ] ], [ [ -74.706, -12.077 ], [ -74.7, -12.077 ], [ -74.71, -12.076 ], [ -74.706, -12.077 ] ], [ [ -74.527, -12.159 ], [ -74.527, -12.166 ], [ -74.526, -12.158 ], [ -74.527, -12.159 ] ], [ [ -74.519, -12.157 ], [ -74.525, -12.157 ], [ -74.526, -12.158 ], [ -74.519, -12.157 ] ], [ [ -74.588, -12.134 ], [ -74.572, -12.134 ], [ -74.585, -12.133 ], [ -74.588, -12.134 ] ] ] } },
{ "type": "Feature", "properties": { "DEPARTAMEN": "HUANUCO", "PROVINCIA": "HUANUCO", "clave": "HUANUCO|HUANUCO" }, "geometry": { "type": "Polygon", "coordinates": [ [ [ -76.229, -10.037 ], [ -76.263, -10.063 ], [ -76.293, -10.075 ], [ -76.348, -10.126 ], [ -76.369, -10.131 ], [ -76.374, -10.151 ], [ -76.411, -10.137 ], [ -76.411, -10.179 ], [ -76.43, -10.2 ], [ -76.436, -10.234 ], [ -76.45, -10.214 ], [ -76.448, -10.187 ], [ -76.461, -10.149 ], [ -76.482, -10.157 ], [ -76.51, -10.152 ], [ -76.505, -10.179 ], [ -76.528, -10.187 ], [ -76.547, -10.111 ], [ -76.568, -10.096 ], [ -76.597, -10.101 ], [ -76.606, -10.083 ], [ -76.597, -10.042 ], [ -76.578, -10.031 ], [ -76.586, -10.017 ], [ -76.577, -9.965 ], [ -76.548, -9.943 ], [ -76.549, -9.923 ], [ -76.465, -9.892 ], [ -76.487, -9.881 ], [ -76.5, -9.835 ], [ -76.469, -9.801 ], [ -76.463, -9.762 ], [ -76.484, -9.74 ], [ -76.463, -9.707 ], [ -76.438, -9.706 ], [ -76.427, -9.672 ], [ -76.413, -9.667 ], [ -76.409, -9.629 ], [ -76.365, -9.578 ], [ -76.361, -9.547 ], [ -76.35, -9.536 ], [ -76.314, -9.517 ], [ -76.286, -9.525 ], [ -76.25, -9.521 ], [ -76.213, -9.507 ], [ -76.16, -9.469 ], [ -76.125, -9.481 ], [ -76.072, -9.472 ], [ -76.011, -9.508 ], [ -75.955, -9.492 ], [ -75.93, -9.513 ], [ -75.917, -9.55 ], [ -75.924, -9.564 ], [ -75.916, -9.56 ], [ -75.84, -9.651 ], [ -75.852, -9.683 ], [ -75.805, -9.732 ], [ -75.809, -9.767 ], [ -75.796, -9.815 ], [ -75.825, -9.831 ], [ -75.874, -9.793 ], [ -75.892, -9.791 ], [ -75.926, -9.795 ], [ -75.964, -9.815 ], [ -76.062, -9.82 ], [ -76.087, -9.881 ], [ -76.123, -9.888 ], [ -76.123, -9.889 ], [ -76.117, -9.903 ], [ -76.125, -9.925 ], [ -76.115, -9.94 ], [ -76.127, -9.98 ], [ -76.164, -9.981 ], [ -76.189, -10.007 ], [ -76.213, -10.01 ], [ -76.229, -10.037 ] ], [ [ -76.25, -9.942 ], [ -76.252, -9.943 ], [ -76.244, -9.95 ], [ -76.25, -9.942 ] ], [ [ -76.235, -10.0 ], [ -76.238, -9.995 ], [ -76.231, -10.012 ], [ -76.235, -10.0 ] ], [ [ -76.402, -9.928 ], [ -76.404, -9.926 ], [ -76.403, -9.928 ], [ -76.402, -9.928 ] ], [ [ -76.347, -9.924 ], [ -76.36, -9.924 ], [ -76.342, -9.925 ], [ -76.347, -9.924 ] ], [ [ -76.285, -10.034 ], [ -76.284, -10.034 ], [ -76.284, -10.03 ], [ -76.285, -10.034 ] ], [ [ -76.56, -9.975 ], [ -76.559, -9.972 ], [ -76.56, -9.972 ], [ -76.56, -9.975 ] ], [ [ -76.555, -9.969 ], [ -76.554, -9.969 ], [ -76.554, -9.968 ], [ -76.555, -9.969 ] ], [ [ -76.487, -9.991 ], [ -76.49, -9.989 ], [ -76.486, -9.994 ], [ -76.487, -9.991 ] ], [ [ -76.479, -9.994 ], [ -76.476, -9.998 ], [ -76.478, -9.994 ], [ -76.479, -9.994 ] ], [ [ -76.386, -9.953 ], [ -76.387, -9.954 ], [ -76.389, -9.957 ], [ -76.384, -9.961 ], [ -76.386, -9.953 ] ], [ [ -76.419, -9.799 ], [ -76.405, -9.798 ], [ -76.406, -9.797 ], [ -76.419, -9.799 ] ], [ [ -76.326, -9.876 ], [ -76.312, -9.883 ], [ -76.311, -9.883 ], [ -76.326, -9.876 ] ], [ [ -76.307, -9.882 ], [ -76.302, -9.884 ], [ -76.302, -9.883 ], [ -76.307, -9.882 ] ], [ [ -76.258, -9.626 ], [ -76.251, -9.621 ], [ -76.249, -9.618 ], [ -76.258, -9.626 ] ], [ [ -76.08, -9.829 ], [ -76.082, -9.829 ], [ -76.087, -9.832 ], [ -76.08, -9.829 ] ], [ [ -76.319, -9.665 ], [ -76.327, -9.661 ], [ -76.325, -9.663 ], [ -76.319, -9.665 ] ], [ [ -76.31, -9.694 ], [ -76.317, -9.669 ], [ -76.319, -9.665 ], [ -76.31, -9.694 ] ], [ [ -76.29, -9.756 ], [ -76.291, -9.754 ], [ -76.291, -9.755 ], [ -76.29, -9.756 ] ], [ [ -76.113, -9.858 ], [ -76.129, -9.847 ], [ -76.129, -9.848 ], [ -76.113, -9.858 ] ], [ [ -76.11, -9.865 ], [ -76.109, -9.865 ], [ -76.113, -9.858 ], [ -76.11, -9.865 ] ], [ [ -76.112, -9.868 ], [ -76.116, -9.88 ], [ -76.11, -9.865 ], [ -76.112, -9.868 ] ] ] } },
{ "type": "Feature", "properties": { "DEPARTAMEN": "HUANUCO", "PROVINCIA": "AMBO", "clave": "HUANUCO|AMBO" }, "geometry": { "type": "Polygon", "coordinates": [ [ [ -76.035, -10.26 ], [ -76.05, -10.269 ], [ -76.047, -10.307 ], [ -76.066, -10.317 ], [ -76.042, -10.331 ], [ -76.041, -10.374 ], [ -76.033, -10.384 ], [ -76.04, -10.396 ], [ -76.026, -10.426 ], [ -76.032, -10.456 ], [ -76.053, -10.465 ], [ -76.078, -10.452 ], [ -76.078, -10.434 ], [ -76.13, -10.431 ], [ -76.141, -10.409 ], [ -76.172, -10.412 ], [ -76.185, -10.395 ], [ -76.207, -10.389 ], [ -76.203, -10.378 ], [ -76.232, -10.369 ], [ -76.226, -10.397 ], [ -76.268, -10.369 ], [ -76.285, -10.416 ], [ -76.306, -10.413 ], [ -76.323, -10.36 ], [ -76.317, -10.34 ], [ -76.336, -10.286 ], [ -76.364, -10.299 ], [ -76.387, -10.289 ], [ -76.401, -10.308 ], [ -76.425, -10.319 ], [ -76.497, -10.31 ], [ -76.513, -10.291 ], [ -76.512, -10.242 ], [ -76.525, -10.219 ], [ -76.521, -10.193 ], [ -76.505, -10.179 ], [ -76.513, -10.156 ], [ -76.461, -10.149 ], [ -76.448, -10.187 ], [ -76.45, -10.214 ], [ -76.436, -10.233 ], [ -76.43, -10.2 ], [ -76.411, -10.179 ], [ -76.411, -10.137 ], [ -76.374, -10.151 ], [ -76.369, -10.131 ], [ -76.355, -10.122 ], [ -76.345, -10.128 ], [ -76.293, -10.075 ], [ -76.229, -10.037 ], [ -76.229, -10.017 ], [ -76.19, -10.007 ], [ -76.164, -9.981 ], [ -76.136, -9.986 ], [ -76.124, -10.015 ], [ -76.128, -10.035 ], [ -76.117, -10.052 ], [ -76.13, -10.069 ], [ -76.042, -10.102 ], [ -76.065, -10.134 ], [ -76.055, -10.14 ], [ -76.053, -10.158 ], [ -76.067, -10.195 ], [ -76.055, -10.205 ], [ -76.06, -10.218 ], [ -76.035, -10.26 ] ], [ [ -76.313, -10.225 ], [ -76.318, -10.223 ], [ -76.316, -10.225 ], [ -76.313, -10.225 ] ], [ [ -76.311, -10.226 ], [ -76.312, -10.226 ], [ -76.311, -10.229 ], [ -76.311, -10.226 ] ], [ [ -76.201, -10.251 ], [ -76.2, -10.254 ], [ -76.2, -10.252 ], [ -76.201, -10.251 ] ], [ [ -76.067, -10.21 ], [ -76.069, -10.21 ], [ -76.067, -10.211 ], [ -76.067, -10.21 ] ], [ [ -76.234, -10.359 ], [ -76.235, -10.358 ], [ -76.234, -10.363 ], [ -76.234, -10.359 ] ], [ [ -76.243, -10.356 ], [ -76.25, -10.358 ], [ -76.249, -10.359 ], [ -76.243, -10.356 ] ], [ [ -76.398, -10.215 ], [ -76.401, -10.221 ], [ -76.402, -10.228 ], [ -76.398, -10.215 ] ], [ [ -76.401, -10.282 ], [ -76.396, -10.284 ], [ -76.404, -10.278 ], [ -76.401, -10.282 ] ], [ [ -76.256, -10.099 ], [ -76.25, -10.097 ], [ -76.248, -10.095 ], [ -76.256, -10.099 ] ], [ [ -76.216, -10.081 ], [ -76.215, -10.089 ], [ -76.215, -10.083 ], [ -76.216, -10.081 ] ], [ [ -76.209, -10.099 ], [ -76.202, -10.098 ], [ -76.198, -10.096 ], [ -76.209, -10.099 ] ], [ [ -76.172, -10.03 ], [ -76.18, -10.028 ], [ -76.182, -10.028 ], [ -76.172, -10.03 ] ], [ [ -76.132, -10.036 ], [ -76.133, -10.036 ], [ -76.135, -10.039 ], [ -76.132, -10.036 ] ] ] } },
{ "type": "Feature", "properties": { "DEPARTAMEN": "HUANUCO", "PROVINCIA": "DOS DE MAYO", "clave": "HUANUCO|DOS DE MAYO" }, "geometry": { "type": "Polygon", "coordinates": [ [ [ -76.72, -9.898 ], [ -76.733, -9.912 ], [ -76.736, -9.935 ], [ -76.751, -9.945 ], [ -76.762, -9.94 ], [ -76.78, -9.957 ], [ -76.773, -9.994 ], [ -76.823, -10.011 ], [ -76.826, -9.989 ], [ -76.814, -9.96 ], [ -76.842, -9.931 ], [ -76.842, -9.911 ], [ -76.873, -9.863 ], [ -76.864, -9.858 ], [ -76.895, -9.816 ], [ -76.902, -9.77 ], [ -76.935, -9.729 ], [ -76.948, -9.682 ], [ -76.917, -9.689 ], [ -76.908, -9.653 ], [ -76.896, -9.657 ], [ -76.89, -9.674 ], [ -76.883, -9.668 ], [ -76.871, -9.675 ], [ -76.862, -9.664 ], [ -76.852, -9.668 ], [ -76.861, -9.643 ], [ -76.84, -9.637 ], [ -76.835, -9.625 ], [ -76.823, -9.633 ], [ -76.809, -9.628 ], [ -76.809, -9.613 ], [ -76.762, -9.618 ], [ -76.752, -9.588 ], [ -76.742, -9.616 ], [ -76.736, -9.614 ], [ -76.728, -9.596 ], [ -76.743, -9.579 ], [ -76.697, -9.558 ], [ -76.595, -9.545 ], [ -76.583, -9.552 ], [ -76.523, -9.527 ], [ -76.506, -9.533 ], [ -76.487, -9.507 ], [ -76.458, -9.499 ], [ -76.428, -9.507 ], [ -76.383, -9.495 ], [ -76.371, -9.443 ], [ -76.347, -9.423 ], [ -76.312, -9.418 ], [ -76.31, -9.391 ], [ -76.267, -9.396 ], [ -76.204, -9.447 ], [ -76.199, -9.474 ], [ -76.213, -9.507 ], [ -76.272, -9.525 ], [ -76.314, -9.517 ], [ -76.361, -9.547 ], [ -76.365, -9.579 ], [ -76.409, -9.629 ], [ -76.413, -9.667 ], [ -76.427, -9.672 ], [ -76.438, -9.706 ], [ -76.463, -9.707 ], [ -76.477, -9.674 ], [ -76.493, -9.68 ], [ -76.526, -9.666 ], [ -76.559, -9.683 ], [ -76.598, -9.673 ], [ -76.644, -9.688 ], [ -76.664, -9.677 ], [ -76.69, -9.702 ], [ -76.715, -9.677 ], [ -76.704, -9.69 ], [ -76.723, -9.711 ], [ -76.702, -9.747 ], [ -76.741, -9.75 ], [ -76.733, -9.779 ], [ -76.758, -9.842 ], [ -76.72, -9.898 ] ], [ [ -76.744, -9.747 ], [ -76.743, -9.749 ], [ -76.741, -9.75 ], [ -76.744, -9.747 ] ], [ [ -76.858, -9.745 ], [ -76.875, -9.741 ], [ -76.866, -9.744 ], [ -76.858, -9.745 ] ], [ [ -76.763, -9.732 ], [ -76.763, -9.731 ], [ -76.767, -9.737 ], [ -76.763, -9.732 ] ], [ [ -76.786, -9.839 ], [ -76.785, -9.85 ], [ -76.784, -9.849 ], [ -76.786, -9.839 ] ], [ [ -76.767, -9.866 ], [ -76.765, -9.868 ], [ -76.764, -9.867 ], [ -76.767, -9.866 ] ], [ [ -76.813, -9.787 ], [ -76.807, -9.786 ], [ -76.806, -9.785 ], [ -76.813, -9.787 ] ], [ [ -76.805, -9.783 ], [ -76.806, -9.784 ], [ -76.804, -9.79 ], [ -76.805, -9.783 ] ], [ [ -76.796, -9.804 ], [ -76.801, -9.802 ], [ -76.798, -9.812 ], [ -76.796, -9.804 ] ], [ [ -76.835, -9.855 ], [ -76.83, -9.852 ], [ -76.847, -9.858 ], [ -76.835, -9.855 ] ], [ [ -76.799, -9.817 ], [ -76.803, -9.833 ], [ -76.799, -9.821 ], [ -76.799, -9.817 ] ], [ [ -76.722, -9.609 ], [ -76.718, -9.617 ], [ -76.719, -9.612 ], [ -76.722, -9.609 ] ], [ [ -76.706, -9.616 ], [ -76.718, -9.618 ], [ -76.716, -9.618 ], [ -76.706, -9.616 ] ], [ [ -76.719, -9.624 ], [ -76.72, -9.625 ], [ -76.719, -9.63 ], [ -76.719, -9.624 ] ], [ [ -76.759, -9.706 ], [ -76.764, -9.718 ], [ -76.758, -9.706 ], [ -76.759, -9.706 ] ], [ [ -76.539, -9.659 ], [ -76.537, -9.661 ], [ -76.539, -9.654 ], [ -76.539, -9.659 ] ], [ [ -76.689, -9.598 ], [ -76.688, -9.596 ], [ -76.691, -9.598 ], [ -76.689, -9.598 ] ] ] } },
{ "type": "Feature", "properties": { "DEPARTAMEN": "HUANUCO", "PROVINCIA": "HUACAYBAMBA", "clave": "HUANUCO|HUACAYBAMBA" }, "geometry": { "type": "Polygon", "coordinates": [ [ [ -76.64, -9.015 ], [ -76.652, -9.025 ], [ -76.618, -9.054 ], [ -76.543, -9.015 ], [ -76.53, -9.028 ], [ -76.474, -9.012 ], [ -76.48, -9.172 ], [ -76.463, -9.17 ], [ -76.443, -9.181 ], [ -76.413, -9.177 ], [ -76.406, -9.188 ], [ -76.384, -9.185 ], [ -76.361, -9.197 ], [ -76.308, -9.176 ], [ -76.278, -9.195 ], [ -76.272, -9.214 ], [ -76.32, -9.195 ], [ -76.348, -9.205 ], [ -76.364, -9.229 ], [ -76.396, -9.238 ], [ -76.439, -9.229 ], [ -76.51, -9.186 ], [ -76.541, -9.203 ], [ -76.558, -9.176 ], [ -76.592, -9.169 ], [ -76.655, -9.124 ], [ -76.764, -9.107 ], [ -76.774, -9.053 ], [ -76.776, -9.073 ], [ -76.794, -9.086 ], [ -76.818, -9.127 ], [ -76.873, -9.113 ], [ -76.918, -9.076 ], [ -76.98, -9.063 ], [ -77.003, -9.033 ], [ -77.033, -9.013 ], [ -77.036, -9.0 ], [ -77.11, -8.97 ], [ -77.103, -8.955 ], [ -77.122, -8.947 ], [ -77.123, -8.942 ], [ -77.13, -8.918 ], [ -77.165, -8.889 ], [ -77.177, -8.84 ], [ -77.15, -8.811 ], [ -77.156, -8.798 ], [ -77.148, -8.777 ], [ -77.127, -8.782 ], [ -77.102, -8.767 ], [ -77.075, -8.78 ], [ -77.033, -8.822 ], [ -77.037, -8.834 ], [ -77.009, -8.849 ], [ -76.994, -8.841 ], [ -76.979, -8.852 ], [ -76.965, -8.836 ], [ -76.937, -8.846 ], [ -76.93, -8.837 ], [ -76.898, -8.85 ], [ -76.894, -8.862 ], [ -76.861, -8.866 ], [ -76.856, -8.851 ], [ -76.81, -8.833 ], [ -76.785, -8.842 ], [ -76.771, -8.863 ], [ -76.76, -8.859 ], [ -76.745, -8.883 ], [ -76.729, -8.873 ], [ -76.712, -8.912 ], [ -76.684, -8.931 ], [ -76.64, -9.015 ] ] ] } },
{ "type": "Feature", "properties": { "DEPARTAMEN": "HUANUCO", "PROVINCIA": "HUAMALIES", "clave": "HUANUCO|HUAMALIES" }, "geometry": { "type": "Polygon", "coordinates": [ [ [ -76.728, -9.596 ], [ -76.738, -9.616 ], [ -76.753, -9.587 ], [ -76.762, -9.618 ], [ -76.809, -9.613 ], [ -76.809, -9.628 ], [ -76.823, -9.633 ], [ -76.835, -9.625 ], [ -76.84, -9.637 ], [ -76.861, -9.643 ], [ -76.85, -9.667 ], [ -76.891, -9.674 ], [ -76.896, -9.657 ], [ -76.908, -9.653 ], [ -76.917, -9.689 ], [ -76.946, -9.68 ], [ -76.946, -9.703 ], [ -76.972, -9.712 ], [ -76.981, -9.725 ], [ -76.974, -9.76 ], [ -77.021, -9.711 ], [ -77.047, -9.654 ], [ -77.046, -9.629 ], [ -77.029, -9.613 ], [ -76.995, -9.603 ], [ -76.981, -9.565 ], [ -76.955, -9.56 ], [ -76.955, -9.543 ], [ -76.937, -9.525 ], [ -76.939, -9.492 ], [ -76.953, -9.467 ], [ -76.931, -9.434 ], [ -76.936, -9.402 ], [ -76.918, -9.37 ], [ -76.906, -9.37 ], [ -76.894, -9.333 ], [ -76.87, -9.314 ], [ -76.868, -9.291 ], [ -76.855, -9.29 ], [ -76.846, -9.263 ], [ -76.834, -9.266 ], [ -76.815, -9.326 ], [ -76.783, -9.343 ], [ -76.766, -9.367 ], [ -76.741, -9.33 ], [ -76.745, -9.297 ], [ -76.726, -9.256 ], [ -76.735, -9.209 ], [ -76.79, -9.136 ], [ -76.819, -9.127 ], [ -76.776, -9.073 ], [ -76.779, -9.054 ], [ -76.768, -9.065 ], [ -76.77, -9.094 ], [ -76.755, -9.112 ], [ -76.716, -9.108 ], [ -76.688, -9.124 ], [ -76.655, -9.124 ], [ -76.592, -9.169 ], [ -76.558, -9.176 ], [ -76.544, -9.202 ], [ -76.528, -9.202 ], [ -76.51, -9.186 ], [ -76.439, -9.229 ], [ -76.396, -9.238 ], [ -76.364, -9.229 ], [ -76.348, -9.205 ], [ -76.32, -9.195 ], [ -76.272, -9.214 ], [ -76.235, -9.14 ], [ -76.235, -9.172 ], [ -76.217, -9.202 ], [ -76.115, -9.204 ], [ -76.079, -9.233 ], [ -76.077, -9.27 ], [ -76.058, -9.283 ], [ -76.083, -9.303 ], [ -76.105, -9.296 ], [ -76.146, -9.306 ], [ -76.227, -9.378 ], [ -76.235, -9.418 ], [ -76.267, -9.396 ], [ -76.309, -9.391 ], [ -76.312, -9.418 ], [ -76.347, -9.423 ], [ -76.371, -9.443 ], [ -76.385, -9.496 ], [ -76.428, -9.507 ], [ -76.458, -9.499 ], [ -76.487, -9.507 ], [ -76.506, -9.533 ], [ -76.523, -9.527 ], [ -76.583, -9.552 ], [ -76.595, -9.545 ], [ -76.696, -9.558 ], [ -76.742, -9.58 ], [ -76.728, -9.596 ] ], [ [ -76.743, -9.578 ], [ -76.745, -9.57 ], [ -76.745, -9.575 ], [ -76.743, -9.578 ] ], [ [ -76.71, -9.433 ], [ -76.715, -9.433 ], [ -76.713, -9.434 ], [ -76.71, -9.433 ] ], [ [ -76.706, -9.445 ], [ -76.705, -9.453 ], [ -76.704, -9.452 ], [ -76.706, -9.445 ] ], [ [ -76.76, -9.506 ], [ -76.751, -9.507 ], [ -76.763, -9.504 ], [ -76.76, -9.506 ] ], [ [ -76.942, -9.556 ], [ -76.951, -9.547 ], [ -76.952, -9.547 ], [ -76.942, -9.556 ] ], [ [ -76.854, -9.526 ], [ -76.852, -9.519 ], [ -76.856, -9.528 ], [ -76.854, -9.526 ] ], [ [ -76.876, -9.43 ], [ -76.875, -9.43 ], [ -76.876, -9.422 ], [ -76.876, -9.43 ] ], [ [ -76.62, -9.307 ], [ -76.621, -9.308 ], [ -76.62, -9.311 ], [ -76.62, -9.307 ] ], [ [ -76.62, -9.314 ], [ -76.62, -9.315 ], [ -76.617, -9.32 ], [ -76.62, -9.314 ] ] ] } },
{ "type": "Feature", "properties": { "DEPARTAMEN": "HUANUCO", "PROVINCIA": "LEONCIO PRADO", "clave": "HUANUCO|LEONCIO PRADO" }, "geometry": { "type": "Polygon", "coordinates": [ [ [ -75.825, -9.09 ], [ -75.822, -9.119 ], [ -75.806, -9.14 ], [ -75.796, -9.203 ], [ -75.775, -9.22 ], [ -75.764, -9.217 ], [ -75.764, -9.238 ], [ -75.72, -9.277 ], [ -75.706, -9.336 ], [ -75.689, -9.349 ], [ -75.695, -9.364 ], [ -75.671, -9.385 ], [ -75.67, -9.418 ], [ -75.629, -9.411 ], [ -75.633, -9.448 ], [ -75.672, -9.517 ], [ -75.679, -9.567 ], [ -75.699, -9.58 ], [ -75.721, -9.618 ], [ -75.75, -9.591 ], [ -75.756, -9.545 ], [ -75.776, -9.522 ], [ -75.778, -9.491 ], [ -75.793, -9.463 ], [ -75.786, -9.405 ], [ -75.81, -9.391 ], [ -75.853, -9.427 ], [ -75.887, -9.428 ], [ -75.947, -9.497 ], [ -75.956, -9.492 ], [ -76.011, -9.508 ], [ -76.072, -9.472 ], [ -76.125, -9.481 ], [ -76.161, -9.469 ], [ -76.205, -9.499 ], [ -76.202, -9.452 ], [ -76.235, -9.418 ], [ -76.227, -9.378 ], [ -76.14, -9.303 ], [ -76.105, -9.296 ], [ -76.083, -9.303 ], [ -76.057, -9.281 ], [ -76.077, -9.27 ], [ -76.076, -9.239 ], [ -76.105, -9.208 ], [ -76.172, -9.199 ], [ -76.186, -9.207 ], [ -76.192, -9.2 ], [ -76.214, -9.204 ], [ -76.235, -9.172 ], [ -76.235, -9.141 ], [ -76.272, -9.214 ], [ -76.278, -9.195 ], [ -76.308, -9.176 ], [ -76.361, -9.197 ], [ -76.384, -9.185 ], [ -76.406, -9.188 ], [ -76.413, -9.177 ], [ -76.443, -9.181 ], [ -76.463, -9.17 ], [ -76.48, -9.172 ], [ -76.474, -9.012 ], [ -76.458, -8.997 ], [ -76.419, -8.986 ], [ -76.371, -9.025 ], [ -76.353, -9.024 ], [ -76.279, -8.997 ], [ -76.267, -8.975 ], [ -76.252, -8.977 ], [ -76.23, -8.958 ], [ -76.236, -8.945 ], [ -76.216, -8.925 ], [ -76.225, -8.904 ], [ -76.219, -8.882 ], [ -76.229, -8.87 ], [ -76.221, -8.862 ], [ -76.224, -8.847 ], [ -76.201, -8.835 ], [ -76.204, -8.809 ], [ -76.19, -8.796 ], [ -76.198, -8.782 ], [ -76.232, -8.797 ], [ -76.237, -8.79 ], [ -76.233, -8.781 ], [ -76.223, -8.785 ], [ -76.2, -8.771 ], [ -76.203, -8.753 ], [ -76.195, -8.762 ], [ -76.167, -8.757 ], [ -76.165, -8.732 ], [ -76.157, -8.734 ], [ -76.145, -8.711 ], [ -76.139, -8.667 ], [ -76.107, -8.649 ], [ -76.121, -8.634 ], [ -76.12, -8.59 ], [ -76.135, -8.566 ], [ -76.126, -8.545 ], [ -76.131, -8.468 ], [ -76.108, -8.399 ], [ -76.109, -8.38 ], [ -76.128, -8.361 ], [ -76.107, -8.332 ], [ -76.056, -8.329 ], [ -76.043, -8.342 ], [ -75.998, -8.305 ], [ -75.968, -8.346 ], [ -75.946, -8.399 ], [ -75.947, -8.422 ], [ -75.968, -8.46 ], [ -75.955, -8.502 ], [ -75.971, -8.513 ], [ -75.965, -8.58 ], [ -75.979, -8.654 ], [ -75.922, -8.781 ], [ -75.928, -8.845 ], [ -75.911, -8.896 ], [ -75.901, -8.898 ], [ -75.884, -8.973 ], [ -75.895, -8.984 ], [ -75.891, -9.005 ], [ -75.86, -9.05 ], [ -75.838, -9.062 ], [ -75.838, -9.085 ], [ -75.825, -9.09 ] ], [ [ -76.024, -9.326 ], [ -76.025, -9.326 ], [ -76.024, -9.327 ], [ -76.024, -9.326 ] ], [ [ -76.013, -9.323 ], [ -76.02, -9.324 ], [ -76.005, -9.323 ], [ -76.013, -9.323 ] ], [ [ -75.989, -9.32 ], [ -76.001, -9.321 ], [ -75.976, -9.321 ], [ -75.989, -9.32 ] ], [ [ -75.94, -9.308 ], [ -75.936, -9.316 ], [ -75.935, -9.316 ], [ -75.94, -9.308 ] ], [ [ -76.002, -9.276 ], [ -76.001, -9.277 ], [ -76.002, -9.268 ], [ -76.002, -9.276 ] ], [ [ -76.04, -9.239 ], [ -76.04, -9.242 ], [ -76.039, -9.24 ], [ -76.04, -9.239 ] ], [ [ -76.066, -9.127 ], [ -76.066, -9.125 ], [ -76.071, -9.132 ], [ -76.066, -9.127 ] ], [ [ -76.072, -9.14 ], [ -76.073, -9.137 ], [ -76.073, -9.139 ], [ -76.072, -9.14 ] ], [ [ -76.066, -9.145 ], [ -76.07, -9.143 ], [ -76.069, -9.144 ], [ -76.066, -9.145 ] ], [ [ -76.03, -9.148 ], [ -76.042, -9.145 ], [ -76.038, -9.147 ], [ -76.03, -9.148 ] ], [ [ -76.019, -9.167 ], [ -76.019, -9.157 ], [ -76.03, -9.148 ], [ -76.019, -9.167 ] ], [ [ -75.993, -9.156 ], [ -75.996, -9.156 ], [ -76.0, -9.158 ], [ -75.993, -9.156 ] ], [ [ -75.988, -9.152 ], [ -75.989, -9.152 ], [ -75.988, -9.155 ], [ -75.988, -9.152 ] ], [ [ -75.956, -9.136 ], [ -75.959, -9.138 ], [ -75.957, -9.138 ], [ -75.956, -9.136 ] ], [ [ -75.86, -9.32 ], [ -75.859, -9.312 ], [ -75.861, -9.319 ], [ -75.86, -9.32 ] ], [ [ -75.964, -9.177 ], [ -75.96, -9.179 ], [ -75.962, -9.177 ], [ -75.964, -9.177 ] ], [ [ -75.925, -9.162 ], [ -75.922, -9.164 ], [ -75.909, -9.167 ], [ -75.925, -9.162 ] ], [ [ -75.86, -9.264 ], [ -75.861, -9.27 ], [ -75.86, -9.27 ], [ -75.86, -9.264 ] ], [ [ -75.777, -9.323 ], [ -75.776, -9.324 ], [ -75.771, -9.321 ], [ -75.777, -9.323 ] ], [ [ -75.99, -9.16 ], [ -75.99, -9.159 ], [ -75.991, -9.159 ], [ -75.99, -9.16 ] ], [ [ -75.969, -9.165 ], [ -75.969, -9.173 ], [ -75.968, -9.166 ], [ -75.969, -9.165 ] ], [ [ -75.97, -9.179 ], [ -75.969, -9.179 ], [ -75.969, -9.177 ], [ -75.97, -9.179 ] ], [ [ -76.114, -9.016 ], [ -76.113, -9.015 ], [ -76.114, -9.015 ], [ -76.114, -9.016 ] ], [ [ -76.093, -9.046 ], [ -76.093, -9.047 ], [ -76.09, -9.047 ], [ -76.093, -9.046 ] ], [ [ -75.974, -9.029 ], [ -75.973, -9.027 ], [ -75.974, -9.027 ], [ -75.974, -9.029 ] ], [ [ -76.074, -9.077 ], [ -76.074, -9.075 ], [ -76.075, -9.074 ], [ -76.074, -9.077 ] ], [ [ -76.07, -9.108 ], [ -76.07, -9.096 ], [ -76.071, -9.095 ], [ -76.07, -9.108 ] ], [ [ -76.066, -9.123 ], [ -76.065, -9.122 ], [ -76.066, -9.114 ], [ -76.066, -9.123 ] ], [ [ -75.94, -8.886 ], [ -75.939, -8.885 ], [ -75.943, -8.886 ], [ -75.94, -8.886 ] ], [ [ -75.983, -8.496 ], [ -75.983, -8.51 ], [ -75.982, -8.492 ], [ -75.983, -8.496 ] ] ] } },
{ "type": "Feature", "properties": { "DEPARTAMEN": "HUANUCO", "PROVINCIA": "MARAÑON", "clave": "HUANUCO|MARANON" }, "geometry": { "type": "Polygon", "coordinates": [ [ [ -76.249, -8.681 ], [ -76.257, -8.685 ], [ -76.257, -8.707 ], [ -76.229, -8.745 ], [ -76.245, -8.749 ], [ -76.23, -8.758 ], [ -76.241, -8.767 ], [ -76.233, -8.779 ], [ -76.237, -8.793 ], [ -76.207, -8.791 ], [ -76.198, -8.782 ], [ -76.19, -8.796 ], [ -76.204, -8.809 ], [ -76.201, -8.835 ], [ -76.224, -8.847 ], [ -76.221, -8.862 ], [ -76.229, -8.87 ], [ -76.219, -8.882 ], [ -76.225, -8.904 ], [ -76.216, -8.925 ], [ -76.236, -8.945 ], [ -76.23, -8.958 ], [ -76.252, -8.977 ], [ -76.267, -8.975 ], [ -76.279, -8.997 ], [ -76.353, -9.024 ], [ -76.371, -9.025 ], [ -76.418, -8.987 ], [ -76.437, -8.986 ], [ -76.477, -9.014 ], [ -76.51, -9.017 ], [ -76.53, -9.028 ], [ -76.543, -9.015 ], [ -76.618, -9.054 ], [ -76.652, -9.025 ], [ -76.64, -9.015 ], [ -76.684, -8.931 ], [ -76.712, -8.912 ], [ -76.729, -8.873 ], [ -76.745, -8.883 ], [ -76.76, -8.859 ], [ -76.771, -8.863 ], [ -76.785, -8.842 ], [ -76.822, -8.834 ], [ -76.856, -8.851 ], [ -76.861, -8.866 ], [ -76.894, -8.862 ], [ -76.898, -8.85 ], [ -76.929, -8.837 ], [ -76.937, -8.846 ], [ -76.964, -8.836 ], [ -76.979, -8.852 ], [ -76.994, -8.841 ], [ -77.009, -8.849 ], [ -77.037, -8.834 ], [ -77.035, -8.82 ], [ -77.082, -8.773 ], [ -77.101, -8.767 ], [ -77.127, -8.782 ], [ -77.148, -8.777 ], [ -77.156, -8.798 ], [ -77.15, -8.811 ], [ -77.174, -8.833 ], [ -77.185, -8.828 ], [ -77.207, -8.782 ], [ -77.217, -8.777 ], [ -77.222, -8.771 ], [ -77.226, -8.767 ], [ -77.227, -8.743 ], [ -77.248, -8.727 ], [ -77.261, -8.649 ], [ -77.294, -8.637 ], [ -77.289, -8.59 ], [ -77.317, -8.53 ], [ -77.283, -8.506 ], [ -77.264, -8.467 ], [ -77.204, -8.486 ], [ -77.182, -8.479 ], [ -77.134, -8.44 ], [ -77.14, -8.48 ], [ -77.082, -8.487 ], [ -77.092, -8.517 ], [ -77.05, -8.554 ], [ -77.012, -8.538 ], [ -76.977, -8.561 ], [ -76.954, -8.545 ], [ -76.94, -8.552 ], [ -76.936, -8.567 ], [ -76.897, -8.569 ], [ -76.887, -8.555 ], [ -76.865, -8.566 ], [ -76.863, -8.553 ], [ -76.847, -8.546 ], [ -76.843, -8.525 ], [ -76.804, -8.511 ], [ -76.79, -8.524 ], [ -76.768, -8.527 ], [ -76.728, -8.515 ], [ -76.697, -8.532 ], [ -76.678, -8.521 ], [ -76.643, -8.524 ], [ -76.637, -8.515 ], [ -76.566, -8.508 ], [ -76.548, -8.498 ], [ -76.495, -8.55 ], [ -76.493, -8.576 ], [ -76.466, -8.57 ], [ -76.444, -8.49 ], [ -76.418, -8.444 ], [ -76.369, -8.411 ], [ -76.356, -8.425 ], [ -76.333, -8.429 ], [ -76.322, -8.47 ], [ -76.327, -8.48 ], [ -76.312, -8.501 ], [ -76.325, -8.524 ], [ -76.3, -8.557 ], [ -76.306, -8.573 ], [ -76.28, -8.574 ], [ -76.287, -8.585 ], [ -76.264, -8.613 ], [ -76.269, -8.647 ], [ -76.249, -8.681 ] ], [ [ -76.628, -9.017 ], [ -76.639, -9.016 ], [ -76.636, -9.017 ], [ -76.628, -9.017 ] ], [ [ -76.417, -8.858 ], [ -76.42, -8.861 ], [ -76.417, -8.859 ], [ -76.417, -8.858 ] ], [ [ -76.42, -8.797 ], [ -76.42, -8.798 ], [ -76.412, -8.791 ], [ -76.42, -8.797 ] ], [ [ -76.297, -8.645 ], [ -76.297, -8.646 ], [ -76.291, -8.643 ], [ -76.297, -8.645 ] ], [ [ -76.339, -8.551 ], [ -76.337, -8.549 ], [ -76.336, -8.544 ], [ -76.339, -8.551 ] ], [ [ -77.045, -8.653 ], [ -77.044, -8.652 ], [ -77.053, -8.655 ], [ -77.045, -8.653 ] ], [ [ -77.07, -8.554 ], [ -77.07, -8.557 ], [ -77.068, -8.562 ], [ -77.07, -8.554 ] ], [ [ -77.068, -8.547 ], [ -77.07, -8.551 ], [ -77.07, -8.554 ], [ -77.068, -8.547 ] ] ] } },
{ "type": "Feature", "properties": { "DEPARTAMEN": "HUANUCO", "PROVINCIA": "PACHITEA", "clave": "HUANUCO|PACHITEA" }, "geometry": { "type": "Polygon", "coordinates": [ [ [ -75.674, -10.049 ], [ -75.691, -10.092 ], [ -75.69, -10.119 ], [ -75.701, -10.129 ], [ -75.706, -10.159 ], [ -75.701, -10.198 ], [ -75.709, -10.215 ], [ -75.729, -10.233 ], [ -75.785, -10.252 ], [ -75.813, -10.244 ], [ -75.84, -10.257 ], [ -75.856, -10.302 ], [ -75.925, -10.357 ], [ -75.935, -10.375 ], [ -75.925, -10.407 ], [ -75.961, -10.461 ], [ -75.976, -10.479 ], [ -76.003, -10.489 ], [ -76.011, -10.455 ], [ -76.025, -10.467 ], [ -76.031, -10.463 ], [ -76.026, -10.426 ], [ -76.04, -10.396 ], [ -76.033, -10.384 ], [ -76.041, -10.374 ], [ -76.042, -10.331 ], [ -76.066, -10.317 ], [ -76.047, -10.307 ], [ -76.05, -10.269 ], [ -76.035, -10.258 ], [ -76.043, -10.229 ], [ -76.06, -10.218 ], [ -76.055, -10.205 ], [ -76.067, -10.196 ], [ -76.053, -10.158 ], [ -76.055, -10.14 ], [ -76.065, -10.134 ], [ -76.041, -10.109 ], [ -76.043, -10.1 ], [ -76.072, -10.095 ], [ -76.089, -10.079 ], [ -76.124, -10.071 ], [ -76.117, -10.05 ], [ -76.136, -9.986 ], [ -76.116, -9.952 ], [ -76.123, -9.889 ], [ -76.087, -9.881 ], [ -76.062, -9.82 ], [ -75.935, -9.81 ], [ -75.939, -9.805 ], [ -75.926, -9.795 ], [ -75.892, -9.791 ], [ -75.874, -9.793 ], [ -75.824, -9.832 ], [ -75.795, -9.813 ], [ -75.809, -9.767 ], [ -75.805, -9.732 ], [ -75.852, -9.683 ], [ -75.84, -9.651 ], [ -75.913, -9.567 ], [ -75.93, -9.513 ], [ -75.947, -9.497 ], [ -75.887, -9.428 ], [ -75.853, -9.427 ], [ -75.81, -9.391 ], [ -75.785, -9.407 ], [ -75.793, -9.463 ], [ -75.778, -9.491 ], [ -75.776, -9.522 ], [ -75.755, -9.548 ], [ -75.75, -9.59 ], [ -75.73, -9.615 ], [ -75.714, -9.613 ], [ -75.711, -9.691 ], [ -75.725, -9.74 ], [ -75.714, -9.79 ], [ -75.718, -9.804 ], [ -75.752, -9.813 ], [ -75.761, -9.854 ], [ -75.753, -9.883 ], [ -75.74, -9.884 ], [ -75.709, -9.916 ], [ -75.685, -9.917 ], [ -75.673, -9.94 ], [ -75.649, -9.948 ], [ -75.593, -9.945 ], [ -75.603, -10.025 ], [ -75.645, -10.027 ], [ -75.674, -10.049 ] ], [ [ -75.929, -9.838 ], [ -75.929, -9.84 ], [ -75.926, -9.843 ], [ -75.929, -9.838 ] ], [ [ -76.102, -9.928 ], [ -76.109, -9.931 ], [ -76.094, -9.928 ], [ -76.102, -9.928 ] ], [ [ -76.044, -9.902 ], [ -76.047, -9.902 ], [ -76.048, -9.903 ], [ -76.044, -9.902 ] ], [ [ -76.035, -9.909 ], [ -76.036, -9.908 ], [ -76.035, -9.916 ], [ -76.035, -9.909 ] ], [ [ -75.933, -9.832 ], [ -75.931, -9.833 ], [ -75.931, -9.832 ], [ -75.933, -9.832 ] ], [ [ -76.006, -10.047 ], [ -76.004, -10.043 ], [ -76.005, -10.042 ], [ -76.006, -10.047 ] ], [ [ -76.015, -9.909 ], [ -76.008, -9.918 ], [ -76.008, -9.917 ], [ -76.015, -9.909 ] ] ] } },
{ "type": "Feature", "properties": { "DEPARTAMEN": "HUANUCO", "PROVINCIA": "PUERTO INCA", "clave": "HUANUCO|PUERTO INCA" }, "geometry": { "type": "Polygon", "coordinates": [ [ [ -75.313, -9.302 ], [ -75.274, -9.27 ], [ -75.272, -9.233 ], [ -75.242, -9.221 ], [ -75.212, -9.176 ], [ -75.241, -9.101 ], [ -75.205, -9.099 ], [ -75.205, -9.08 ], [ -75.195, -9.073 ], [ -75.201, -9.064 ], [ -75.162, -9.034 ], [ -75.176, -9.025 ], [ -75.174, -9.012 ], [ -75.157, -9.01 ], [ -75.154, -8.999 ], [ -75.139, -9.0 ], [ -75.138, -8.988 ], [ -75.12, -8.983 ], [ -75.12, -8.961 ], [ -75.135, -8.946 ], [ -75.108, -8.922 ], [ -75.122, -8.88 ], [ -75.073, -8.873 ], [ -75.065, -8.882 ], [ -75.022, -8.859 ], [ -74.979, -8.872 ], [ -74.941, -8.858 ], [ -74.852, -8.763 ], [ -74.841, -8.679 ], [ -74.847, -8.662 ], [ -74.664, -8.562 ], [ -74.593, -8.549 ], [ -74.569, -8.562 ], [ -74.544, -8.594 ], [ -74.525, -8.749 ], [ -74.532, -8.776 ], [ -74.573, -8.793 ], [ -74.616, -8.828 ], [ -74.624, -8.889 ], [ -74.644, -8.919 ], [ -74.648, -8.996 ], [ -74.669, -9.02 ], [ -74.651, -9.049 ], [ -74.678, -9.094 ], [ -74.672, -9.111 ], [ -74.637, -9.126 ], [ -74.64, -9.16 ], [ -74.624, -9.216 ], [ -74.59, -9.267 ], [ -74.587, -9.296 ], [ -74.627, -9.365 ], [ -74.656, -9.37 ], [ -74.685, -9.409 ], [ -74.706, -9.416 ], [ -74.701, -9.433 ], [ -74.676, -9.447 ], [ -74.695, -9.448 ], [ -74.729, -9.472 ], [ -74.751, -9.525 ], [ -74.736, -9.574 ], [ -74.756, -9.584 ], [ -74.756, -9.607 ], [ -74.772, -9.612 ], [ -74.765, -9.636 ], [ -74.787, -9.666 ], [ -74.822, -9.677 ], [ -74.818, -9.691 ], [ -74.829, -9.704 ], [ -74.817, -9.736 ], [ -74.844, -9.749 ], [ -74.839, -9.765 ], [ -74.847, -9.78 ], [ -74.843, -9.787 ], [ -74.821, -9.785 ], [ -74.816, -9.795 ], [ -74.826, -9.82 ], [ -74.836, -9.82 ], [ -74.834, -9.845 ], [ -74.853, -9.848 ], [ -74.882, -9.82 ], [ -74.903, -9.839 ], [ -74.952, -9.86 ], [ -74.986, -9.864 ], [ -74.994, -9.84 ], [ -75.058, -9.819 ], [ -75.094, -9.844 ], [ -75.16, -9.84 ], [ -75.241, -9.786 ], [ -75.311, -9.775 ], [ -75.3, -9.789 ], [ -75.279, -9.838 ], [ -75.282, -9.865 ], [ -75.321, -9.877 ], [ -75.369, -9.871 ], [ -75.402, -9.88 ], [ -75.411, -9.888 ], [ -75.41, -9.902 ], [ -75.396, -9.913 ], [ -75.405, -9.93 ], [ -75.421, -9.943 ], [ -75.446, -9.938 ], [ -75.462, -9.957 ], [ -75.473, -9.992 ], [ -75.509, -9.977 ], [ -75.548, -9.984 ], [ -75.56, -9.964 ], [ -75.59, -9.956 ], [ -75.594, -9.945 ], [ -75.649, -9.948 ], [ -75.673, -9.94 ], [ -75.685, -9.917 ], [ -75.709, -9.916 ], [ -75.74, -9.884 ], [ -75.753, -9.884 ], [ -75.761, -9.853 ], [ -75.752, -9.813 ], [ -75.716, -9.802 ], [ -75.725, -9.738 ], [ -75.711, -9.691 ], [ -75.713, -9.604 ], [ -75.679, -9.567 ], [ -75.672, -9.517 ], [ -75.633, -9.448 ], [ -75.629, -9.411 ], [ -75.609, -9.406 ], [ -75.601, -9.414 ], [ -75.493, -9.376 ], [ -75.456, -9.325 ], [ -75.452, -9.296 ], [ -75.418, -9.293 ], [ -75.372, -9.31 ], [ -75.349, -9.305 ], [ -75.335, -9.289 ], [ -75.315, -9.302 ], [ -75.313, -9.302 ] ], [ [ -75.284, -9.31 ], [ -75.287, -9.312 ], [ -75.286, -9.312 ], [ -75.284, -9.31 ] ], [ [ -75.198, -9.527 ], [ -75.199, -9.516 ], [ -75.199, -9.523 ], [ -75.198, -9.527 ] ], [ [ -75.085, -9.46 ], [ -75.093, -9.463 ], [ -75.084, -9.46 ], [ -75.085, -9.46 ] ], [ [ -75.038, -9.483 ], [ -75.04, -9.484 ], [ -75.037, -9.484 ], [ -75.038, -9.483 ] ], [ [ -74.734, -9.39 ], [ -74.739, -9.392 ], [ -74.731, -9.39 ], [ -74.734, -9.39 ] ], [ [ -74.725, -9.39 ], [ -74.728, -9.39 ], [ -74.724, -9.391 ], [ -74.725, -9.39 ] ], [ [ -75.309, -9.7 ], [ -75.326, -9.723 ], [ -75.327, -9.727 ], [ -75.309, -9.7 ] ], [ [ -75.33, -9.733 ], [ -75.331, -9.736 ], [ -75.331, -9.742 ], [ -75.33, -9.733 ] ], [ [ -75.327, -9.756 ], [ -75.331, -9.745 ], [ -75.331, -9.748 ], [ -75.327, -9.756 ] ], [ [ -74.942, -9.117 ], [ -74.936, -9.116 ], [ -74.935, -9.115 ], [ -74.942, -9.117 ] ], [ [ -74.648, -8.806 ], [ -74.657, -8.796 ], [ -74.662, -8.792 ], [ -74.648, -8.806 ] ], [ [ -74.64, -8.829 ], [ -74.645, -8.811 ], [ -74.648, -8.806 ], [ -74.64, -8.829 ] ], [ [ -74.686, -8.786 ], [ -74.688, -8.786 ], [ -74.692, -8.788 ], [ -74.686, -8.786 ] ] ] } },
{ "type": "Feature", "properties": { "DEPARTAMEN": "HUANUCO", "PROVINCIA": "LAURICOCHA", "clave": "HUANUCO|LAURICOCHA" }, "geometry": { "type": "Polygon", "coordinates": [ [ [ -76.535, -10.14 ], [ -76.539, -10.166 ], [ -76.528, -10.187 ], [ -76.518, -10.187 ], [ -76.525, -10.219 ], [ -76.512, -10.242 ], [ -76.513, -10.291 ], [ -76.473, -10.337 ], [ -76.487, -10.352 ], [ -76.49, -10.378 ], [ -76.524, -10.377 ], [ -76.558, -10.393 ], [ -76.578, -10.376 ], [ -76.593, -10.387 ], [ -76.593, -10.401 ], [ -76.62, -10.415 ], [ -76.649, -10.416 ], [ -76.665, -10.439 ], [ -76.697, -10.442 ], [ -76.701, -10.461 ], [ -76.716, -10.462 ], [ -76.727, -10.479 ], [ -76.74, -10.467 ], [ -76.772, -10.464 ], [ -76.787, -10.439 ], [ -76.8, -10.44 ], [ -76.805, -10.392 ], [ -76.832, -10.393 ], [ -76.841, -10.363 ], [ -76.856, -10.377 ], [ -76.866, -10.375 ], [ -76.875, -10.321 ], [ -76.895, -10.304 ], [ -76.891, -10.295 ], [ -76.906, -10.275 ], [ -76.905, -10.238 ], [ -76.916, -10.225 ], [ -76.909, -10.177 ], [ -76.916, -10.12 ], [ -76.904, -10.115 ], [ -76.902, -10.131 ], [ -76.903, -10.114 ], [ -76.88, -10.117 ], [ -76.873, -10.095 ], [ -76.854, -10.102 ], [ -76.843, -10.087 ], [ -76.807, -10.084 ], [ -76.815, -10.023 ], [ -76.824, -10.011 ], [ -76.773, -9.994 ], [ -76.78, -9.957 ], [ -76.762, -9.94 ], [ -76.751, -9.945 ], [ -76.736, -9.935 ], [ -76.733, -9.912 ], [ -76.72, -9.898 ], [ -76.704, -9.928 ], [ -76.696, -9.925 ], [ -76.681, -9.911 ], [ -76.676, -9.881 ], [ -76.66, -9.868 ], [ -76.641, -9.882 ], [ -76.659, -9.909 ], [ -76.653, -9.919 ], [ -76.627, -9.919 ], [ -76.635, -9.931 ], [ -76.61, -9.927 ], [ -76.586, -9.945 ], [ -76.571, -9.944 ], [ -76.585, -10.011 ], [ -76.578, -10.031 ], [ -76.596, -10.04 ], [ -76.606, -10.085 ], [ -76.596, -10.103 ], [ -76.559, -10.098 ], [ -76.535, -10.14 ] ], [ [ -76.897, -10.131 ], [ -76.901, -10.131 ], [ -76.9, -10.132 ], [ -76.897, -10.131 ] ], [ [ -76.783, -10.169 ], [ -76.786, -10.163 ], [ -76.783, -10.172 ], [ -76.783, -10.169 ] ], [ [ -76.783, -10.178 ], [ -76.782, -10.178 ], [ -76.782, -10.177 ], [ -76.783, -10.178 ] ], [ [ -76.76, -10.197 ], [ -76.759, -10.196 ], [ -76.766, -10.197 ], [ -76.76, -10.197 ] ], [ [ -76.669, -10.078 ], [ -76.677, -10.079 ], [ -76.672, -10.079 ], [ -76.669, -10.078 ] ], [ [ -76.667, -10.07 ], [ -76.668, -10.069 ], [ -76.669, -10.078 ], [ -76.667, -10.07 ] ], [ [ -76.604, -10.033 ], [ -76.612, -10.038 ], [ -76.603, -10.033 ], [ -76.604, -10.033 ] ], [ [ -76.778, -10.371 ], [ -76.777, -10.37 ], [ -76.78, -10.358 ], [ -76.778, -10.371 ] ], [ [ -76.786, -10.348 ], [ -76.786, -10.344 ], [ -76.787, -10.345 ], [ -76.786, -10.348 ] ], [ [ -76.727, -10.232 ], [ -76.721, -10.219 ], [ -76.722, -10.219 ], [ -76.727, -10.232 ] ], [ [ -76.682, -9.988 ], [ -76.684, -9.99 ], [ -76.679, -10.002 ], [ -76.682, -9.988 ] ], [ [ -76.679, -10.021 ], [ -76.678, -10.026 ], [ -76.677, -10.027 ], [ -76.679, -10.021 ] ] ] } },
{ "type": "Feature", "properties": { "DEPARTAMEN": "HUANUCO", "PROVINCIA": "YAROWILCA", "clave": "HUANUCO|YAROWILCA" }, "geometry": { "type": "Polygon", "coordinates": [ [ [ -76.548, -9.922 ], [ -76.548, -9.943 ], [ -76.57, -9.959 ], [ -76.572, -9.942 ], [ -76.586, -9.945 ], [ -76.61, -9.927 ], [ -76.636, -9.931 ], [ -76.624, -9.917 ], [ -76.62, -9.908 ], [ -76.627, -9.919 ], [ -76.653, -9.919 ], [ -76.659, -9.909 ], [ -76.641, -9.882 ], [ -76.661, -9.868 ], [ -76.678, -9.885 ], [ -76.683, -9.913 ], [ -76.703, -9.929 ], [ -76.758, -9.842 ], [ -76.736, -9.791 ], [ -76.736, -9.753 ], [ -76.702, -9.747 ], [ -76.721, -9.702 ], [ -76.703, -9.69 ], [ -76.69, -9.701 ], [ -76.664, -9.677 ], [ -76.644, -9.688 ], [ -76.598, -9.673 ], [ -76.559, -9.683 ], [ -76.526, -9.666 ], [ -76.492, -9.681 ], [ -76.477, -9.674 ], [ -76.463, -9.713 ], [ -76.486, -9.742 ], [ -76.467, -9.751 ], [ -76.463, -9.765 ], [ -76.471, -9.811 ], [ -76.502, -9.836 ], [ -76.487, -9.881 ], [ -76.465, -9.892 ], [ -76.548, -9.922 ] ], [ [ -76.648, -9.833 ], [ -76.662, -9.843 ], [ -76.65, -9.836 ], [ -76.648, -9.833 ] ], [ [ -76.561, -9.884 ], [ -76.562, -9.886 ], [ -76.554, -9.881 ], [ -76.561, -9.884 ] ], [ [ -76.548, -9.855 ], [ -76.547, -9.856 ], [ -76.547, -9.854 ], [ -76.548, -9.855 ] ], [ [ -76.511, -9.845 ], [ -76.518, -9.847 ], [ -76.515, -9.847 ], [ -76.511, -9.845 ] ], [ [ -76.609, -9.902 ], [ -76.608, -9.897 ], [ -76.611, -9.905 ], [ -76.609, -9.902 ] ], [ [ -76.605, -9.89 ], [ -76.606, -9.889 ], [ -76.607, -9.892 ], [ -76.605, -9.89 ] ], [ [ -76.542, -9.743 ], [ -76.539, -9.742 ], [ -76.537, -9.739 ], [ -76.542, -9.743 ] ], [ [ -76.534, -9.736 ], [ -76.531, -9.735 ], [ -76.526, -9.728 ], [ -76.534, -9.736 ] ], [ [ -76.665, -9.714 ], [ -76.665, -9.713 ], [ -76.666, -9.713 ], [ -76.665, -9.714 ] ] ] } },
{ "type": "Feature", "properties": { "DEPARTAMEN": "ICA", "PROVINCIA": "ICA", "clave": "ICA|ICA" }, "geometry": { "type": "Polygon", "coordinates": [ [ [ -75.849, -14.71 ], [ -75.855, -14.696 ], [ -75.916, -14.659 ], [ -75.927, -14.643 ], [ -75.93, -14.571 ], [ -75.975, -14.525 ], [ -75.965, -14.506 ], [ -75.972, -14.47 ], [ -76.037, -14.426 ], [ -76.004, -14.392 ], [ -76.004, -14.369 ], [ -75.981, -14.311 ], [ -76.021, -14.271 ], [ -76.03, -14.277 ], [ -76.047, -14.265 ], [ -76.071, -14.234 ], [ -76.071, -14.204 ], [ -76.022, -14.125 ], [ -76.026, -14.108 ], [ -75.986, -14.073 ], [ -76.005, -14.04 ], [ -75.997, -14.028 ], [ -76.002, -14.019 ], [ -76.025, -14.005 ], [ -76.023, -13.963 ], [ -76.057, -13.928 ], [ -76.061, -13.905 ], [ -76.028, -13.84 ], [ -76.016, -13.844 ], [ -75.992, -13.833 ], [ -75.971, -13.846 ], [ -75.939, -13.85 ], [ -75.925, -13.841 ], [ -75.885, -13.855 ], [ -75.848, -13.836 ], [ -75.789, -13.856 ], [ -75.776, -13.844 ], [ -75.723, -13.835 ], [ -75.701, -13.817 ], [ -75.648, -13.807 ], [ -75.608, -13.786 ], [ -75.591, -13.758 ], [ -75.568, -13.743 ], [ -75.538, -13.762 ], [ -75.542, -13.782 ], [ -75.525, -13.813 ], [ -75.543, -13.835 ], [ -75.563, -13.841 ], [ -75.566, -13.854 ], [ -75.546, -13.889 ], [ -75.522, -13.885 ], [ -75.482, -13.911 ], [ -75.457, -13.905 ], [ -75.435, -13.913 ], [ -75.382, -13.963 ], [ -75.359, -13.971 ], [ -75.356, -13.996 ], [ -75.329, -14.018 ], [ -75.27, -14.011 ], [ -75.252, -13.998 ], [ -75.233, -14.004 ], [ -75.261, -14.041 ], [ -75.211, -14.05 ], [ -75.24, -14.083 ], [ -75.224, -14.099 ], [ -75.226, -14.126 ], [ -75.243, -14.152 ], [ -75.23, -14.172 ], [ -75.238, -14.343 ], [ -75.218, -14.354 ], [ -75.228, -14.395 ], [ -75.25, -14.428 ], [ -75.246, -14.441 ], [ -75.301, -14.473 ], [ -75.319, -14.535 ], [ -75.363, -14.569 ], [ -75.369, -14.601 ], [ -75.361, -14.621 ], [ -75.371, -14.637 ], [ -75.403, -14.627 ], [ -75.426, -14.641 ], [ -75.411, -14.686 ], [ -75.426, -14.707 ], [ -75.432, -14.754 ], [ -75.415, -14.782 ], [ -75.44, -14.895 ], [ -75.474, -14.923 ], [ -75.494, -14.93 ], [ -75.547, -14.883 ], [ -75.682, -14.818 ], [ -75.76, -14.761 ], [ -75.856, -14.716 ], [ -75.849, -14.71 ] ], [ [ -75.708, -13.918 ], [ -75.707, -13.913 ], [ -75.712, -13.922 ], [ -75.708, -13.918 ] ], [ [ -75.713, -13.926 ], [ -75.713, -13.924 ], [ -75.714, -13.924 ], [ -75.713, -13.926 ] ], [ [ -75.713, -13.928 ], [ -75.714, -13.93 ], [ -75.713, -13.93 ], [ -75.713, -13.928 ] ], [ [ -75.72, -13.968 ], [ -75.703, -13.944 ], [ -75.719, -13.965 ], [ -75.72, -13.968 ] ], [ [ -75.728, -14.052 ], [ -75.729, -14.004 ], [ -75.729, -14.043 ], [ -75.728, -14.052 ] ], [ [ -75.668, -14.047 ], [ -75.675, -14.047 ], [ -75.675, -14.048 ], [ -75.668, -14.047 ] ], [ [ -75.719, -14.076 ], [ -75.717, -14.077 ], [ -75.727, -14.054 ], [ -75.719, -14.076 ] ], [ [ -75.727, -14.128 ], [ -75.719, -14.105 ], [ -75.725, -14.12 ], [ -75.727, -14.128 ] ], [ [ -75.745, -14.19 ], [ -75.742, -14.184 ], [ -75.746, -14.19 ], [ -75.745, -14.19 ] ], [ [ -75.747, -14.191 ], [ -75.747, -14.19 ], [ -75.751, -14.189 ], [ -75.747, -14.191 ] ], [ [ -75.81, -14.224 ], [ -75.809, -14.224 ], [ -75.809, -14.223 ], [ -75.81, -14.224 ] ], [ [ -75.867, -14.276 ], [ -75.863, -14.267 ], [ -75.867, -14.274 ], [ -75.867, -14.276 ] ], [ [ -75.862, -14.279 ], [ -75.866, -14.294 ], [ -75.864, -14.292 ], [ -75.862, -14.279 ] ], [ [ -75.894, -14.074 ], [ -75.882, -14.076 ], [ -75.876, -14.076 ], [ -75.894, -14.074 ] ], [ [ -75.76, -14.008 ], [ -75.762, -14.007 ], [ -75.771, -14.008 ], [ -75.76, -14.008 ] ], [ [ -75.743, -13.934 ], [ -75.747, -13.939 ], [ -75.753, -13.952 ], [ -75.743, -13.934 ] ], [ [ -75.7, -14.169 ], [ -75.7, -14.168 ], [ -75.707, -14.166 ], [ -75.7, -14.169 ] ], [ [ -75.72, -14.135 ], [ -75.712, -14.135 ], [ -75.716, -14.134 ], [ -75.72, -14.135 ] ], [ [ -75.69, -14.14 ], [ -75.69, -14.138 ], [ -75.692, -14.141 ], [ -75.69, -14.14 ] ], [ [ -75.322, -14.226 ], [ -75.321, -14.228 ], [ -75.32, -14.227 ], [ -75.322, -14.226 ] ], [ [ -75.256, -14.225 ], [ -75.254, -14.226 ], [ -75.253, -14.225 ], [ -75.256, -14.225 ] ], [ [ -75.64, -14.11 ], [ -75.641, -14.113 ], [ -75.639, -14.111 ], [ -75.64, -14.11 ] ], [ [ -75.629, -14.112 ], [ -75.627, -14.116 ], [ -75.628, -14.113 ], [ -75.629, -14.112 ] ], [ [ -75.607, -14.037 ], [ -75.609, -14.038 ], [ -75.613, -14.043 ], [ -75.607, -14.037 ] ], [ [ -75.587, -13.973 ], [ -75.591, -13.972 ], [ -75.597, -13.973 ], [ -75.587, -13.973 ] ], [ [ -75.574, -13.972 ], [ -75.567, -13.969 ], [ -75.577, -13.971 ], [ -75.574, -13.972 ] ], [ [ -75.563, -13.968 ], [ -75.556, -13.96 ], [ -75.564, -13.968 ], [ -75.563, -13.968 ] ], [ [ -75.498, -13.912 ], [ -75.498, -13.911 ], [ -75.504, -13.913 ], [ -75.498, -13.912 ] ], [ [ -75.681, -13.995 ], [ -75.683, -13.995 ], [ -75.683, -13.996 ], [ -75.681, -13.995 ] ], [ [ -75.603, -13.971 ], [ -75.612, -13.979 ], [ -75.604, -13.973 ], [ -75.603, -13.971 ] ] ] } },
{ "type": "Feature", "properties": { "DEPARTAMEN": "ICA", "PROVINCIA": "CHINCHA", "clave": "ICA|CHINCHA" }, "geometry": { "type": "Polygon", "coordinates": [ [ [ -76.19, -13.435 ], [ -76.214, -13.371 ], [ -76.245, -13.324 ], [ -76.205, -13.305 ], [ -76.163, -13.226 ], [ -76.155, -13.192 ], [ -76.127, -13.177 ], [ -76.071, -13.127 ], [ -76.026, -13.098 ], [ -75.969, -13.041 ], [ -75.961, -13.001 ], [ -75.938, -12.991 ], [ -75.852, -13.035 ], [ -75.824, -13.031 ], [ -75.818, -13.052 ], [ -75.802, -13.06 ], [ -75.772, -13.038 ], [ -75.765, -13.018 ], [ -75.723, -13.039 ], [ -75.691, -13.035 ], [ -75.666, -13.016 ], [ -75.667, -12.997 ], [ -75.634, -12.985 ], [ -75.638, -12.973 ], [ -75.613, -12.965 ], [ -75.607, -12.971 ], [ -75.609, -13.004 ], [ -75.639, -13.032 ], [ -75.629, -13.057 ], [ -75.658, -13.082 ], [ -75.681, -13.07 ], [ -75.675, -13.045 ], [ -75.682, -13.041 ], [ -75.719, -13.11 ], [ -75.709, -13.143 ], [ -75.694, -13.147 ], [ -75.706, -13.188 ], [ -75.689, -13.215 ], [ -75.702, -13.227 ], [ -75.706, -13.288 ], [ -75.731, -13.31 ], [ -75.754, -13.309 ], [ -75.786, -13.331 ], [ -75.81, -13.389 ], [ -75.807, -13.401 ], [ -75.763, -13.414 ], [ -75.746, -13.405 ], [ -75.719, -13.413 ], [ -75.689, -13.44 ], [ -75.709, -13.459 ], [ -75.708, -13.472 ], [ -75.756, -13.501 ], [ -75.753, -13.514 ], [ -75.773, -13.556 ], [ -75.814, -13.578 ], [ -75.805, -13.594 ], [ -75.816, -13.621 ], [ -75.835, -13.625 ], [ -75.864, -13.611 ], [ -75.889, -13.613 ], [ -75.899, -13.626 ], [ -75.935, -13.631 ], [ -75.946, -13.619 ], [ -75.959, -13.62 ], [ -75.963, -13.6 ], [ -76.007, -13.561 ], [ -76.038, -13.563 ], [ -76.05, -13.577 ], [ -76.087, -13.564 ], [ -76.152, -13.592 ], [ -76.187, -13.595 ], [ -76.19, -13.435 ] ], [ [ -76.19, -13.413 ], [ -76.195, -13.417 ], [ -76.189, -13.413 ], [ -76.19, -13.413 ] ], [ [ -76.092, -13.481 ], [ -76.089, -13.48 ], [ -76.105, -13.482 ], [ -76.092, -13.481 ] ], [ [ -75.979, -13.214 ], [ -75.98, -13.214 ], [ -75.977, -13.217 ], [ -75.979, -13.214 ] ], [ [ -75.963, -13.337 ], [ -75.962, -13.336 ], [ -75.976, -13.345 ], [ -75.963, -13.337 ] ], [ [ -76.021, -13.38 ], [ -76.021, -13.379 ], [ -76.025, -13.379 ], [ -76.021, -13.38 ] ], [ [ -76.045, -13.397 ], [ -76.045, -13.39 ], [ -76.046, -13.398 ], [ -76.045, -13.397 ] ], [ [ -75.866, -13.263 ], [ -75.863, -13.258 ], [ -75.864, -13.257 ], [ -75.866, -13.263 ] ], [ [ -75.862, -13.422 ], [ -75.859, -13.416 ], [ -75.862, -13.418 ], [ -75.862, -13.422 ] ], [ [ -75.805, -13.165 ], [ -75.802, -13.164 ], [ -75.806, -13.164 ], [ -75.805, -13.165 ] ], [ [ -75.802, -13.071 ], [ -75.803, -13.064 ], [ -75.804, -13.066 ], [ -75.802, -13.071 ] ] ] } },
{ "type": "Feature", "properties": { "DEPARTAMEN": "ICA", "PROVINCIA": "NASCA", "clave": "ICA|NASCA" }, "geometry": { "type": "Polygon", "coordinates": [ [ [ -74.671, -15.055 ], [ -74.758, -15.093 ], [ -74.816, -15.139 ], [ -74.877, -15.154 ], [ -74.929, -15.192 ], [ -74.964, -15.254 ], [ -74.968, -15.299 ], [ -75.017, -15.351 ], [ -75.018, -15.382 ], [ -75.046, -15.43 ], [ -75.075, -15.443 ], [ -75.082, -15.424 ], [ -75.1, -15.423 ], [ -75.122, -15.406 ], [ -75.14, -15.407 ], [ -75.145, -15.394 ], [ -75.159, -15.393 ], [ -75.162, -15.378 ], [ -75.194, -15.369 ], [ -75.186, -15.355 ], [ -75.157, -15.356 ], [ -75.152, -15.335 ], [ -75.169, -15.307 ], [ -75.196, -15.291 ], [ -75.229, -15.286 ], [ -75.249, -15.255 ], [ -75.264, -15.251 ], [ -75.223, -15.256 ], [ -75.216, -15.233 ], [ -75.231, -15.204 ], [ -75.275, -15.168 ], [ -75.316, -15.15 ], [ -75.336, -15.146 ], [ -75.349, -15.158 ], [ -75.358, -15.14 ], [ -75.371, -15.153 ], [ -75.371, -15.128 ], [ -75.443, -15.001 ], [ -75.486, -14.979 ], [ -75.504, -14.96 ], [ -75.494, -14.93 ], [ -75.44, -14.895 ], [ -75.415, -14.782 ], [ -75.432, -14.754 ], [ -75.426, -14.707 ], [ -75.411, -14.686 ], [ -75.426, -14.641 ], [ -75.4, -14.627 ], [ -75.372, -14.638 ], [ -75.361, -14.621 ], [ -75.369, -14.601 ], [ -75.364, -14.582 ], [ -75.362, -14.598 ], [ -75.332, -14.616 ], [ -75.249, -14.588 ], [ -75.229, -14.606 ], [ -75.226, -14.645 ], [ -75.186, -14.637 ], [ -75.155, -14.677 ], [ -75.14, -14.68 ], [ -75.132, -14.644 ], [ -75.117, -14.628 ], [ -75.095, -14.624 ], [ -75.081, -14.604 ], [ -75.09, -14.581 ], [ -75.08, -14.569 ], [ -75.066, -14.574 ], [ -75.053, -14.627 ], [ -75.032, -14.611 ], [ -74.959, -14.606 ], [ -74.947, -14.581 ], [ -74.913, -14.566 ], [ -74.903, -14.547 ], [ -74.884, -14.545 ], [ -74.875, -14.556 ], [ -74.884, -14.576 ], [ -74.859, -14.608 ], [ -74.788, -14.616 ], [ -74.847, -14.666 ], [ -74.847, -14.687 ], [ -74.838, -14.695 ], [ -74.854, -14.709 ], [ -74.844, -14.703 ], [ -74.826, -14.735 ], [ -74.803, -14.752 ], [ -74.777, -14.729 ], [ -74.75, -14.729 ], [ -74.716, -14.71 ], [ -74.765, -14.79 ], [ -74.748, -14.813 ], [ -74.715, -14.818 ], [ -74.752, -14.828 ], [ -74.75, -14.842 ], [ -74.693, -14.839 ], [ -74.676, -14.862 ], [ -74.68, -14.875 ], [ -74.664, -14.892 ], [ -74.663, -14.908 ], [ -74.685, -14.929 ], [ -74.659, -14.97 ], [ -74.646, -14.976 ], [ -74.666, -14.998 ], [ -74.671, -15.055 ] ], [ [ -74.733, -14.842 ], [ -74.736, -14.844 ], [ -74.732, -14.843 ], [ -74.733, -14.842 ] ], [ [ -75.228, -14.778 ], [ -75.225, -14.769 ], [ -75.226, -14.768 ], [ -75.228, -14.778 ] ] ] } },
{ "type": "Feature", "properties": { "DEPARTAMEN": "ICA", "PROVINCIA": "PALPA", "clave": "ICA|PALPA" }, "geometry": { "type": "Polygon", "coordinates": [ [ [ -75.09, -14.58 ], [ -75.081, -14.604 ], [ -75.095, -14.624 ], [ -75.117, -14.628 ], [ -75.132, -14.644 ], [ -75.142, -14.679 ], [ -75.155, -14.677 ], [ -75.186, -14.637 ], [ -75.226, -14.645 ], [ -75.238, -14.591 ], [ -75.272, -14.593 ], [ -75.332, -14.616 ], [ -75.362, -14.598 ], [ -75.363, -14.57 ], [ -75.319, -14.535 ], [ -75.301, -14.473 ], [ -75.245, -14.44 ], [ -75.25, -14.428 ], [ -75.228, -14.395 ], [ -75.218, -14.354 ], [ -75.238, -14.344 ], [ -75.23, -14.173 ], [ -75.243, -14.152 ], [ -75.226, -14.126 ], [ -75.224, -14.099 ], [ -75.24, -14.083 ], [ -75.211, -14.05 ], [ -75.187, -14.054 ], [ -75.166, -14.073 ], [ -75.109, -14.033 ], [ -75.089, -14.082 ], [ -75.07, -14.08 ], [ -75.064, -14.088 ], [ -75.057, -14.124 ], [ -75.076, -14.166 ], [ -75.088, -14.231 ], [ -75.032, -14.266 ], [ -75.05, -14.287 ], [ -75.082, -14.297 ], [ -75.094, -14.312 ], [ -75.105, -14.359 ], [ -75.14, -14.416 ], [ -75.106, -14.434 ], [ -75.089, -14.426 ], [ -75.053, -14.431 ], [ -75.098, -14.485 ], [ -75.092, -14.52 ], [ -75.082, -14.532 ], [ -75.068, -14.527 ], [ -75.09, -14.58 ] ], [ [ -75.252, -14.58 ], [ -75.251, -14.581 ], [ -75.25, -14.577 ], [ -75.252, -14.58 ] ], [ [ -75.243, -14.552 ], [ -75.243, -14.557 ], [ -75.242, -14.557 ], [ -75.243, -14.552 ] ], [ [ -75.217, -14.54 ], [ -75.218, -14.542 ], [ -75.222, -14.559 ], [ -75.217, -14.54 ] ], [ [ -75.211, -14.545 ], [ -75.209, -14.544 ], [ -75.21, -14.544 ], [ -75.211, -14.545 ] ], [ [ -75.226, -14.291 ], [ -75.219, -14.29 ], [ -75.221, -14.29 ], [ -75.226, -14.291 ] ], [ [ -75.091, -14.213 ], [ -75.092, -14.21 ], [ -75.102, -14.2 ], [ -75.091, -14.213 ] ], [ [ -75.155, -14.192 ], [ -75.157, -14.192 ], [ -75.157, -14.193 ], [ -75.155, -14.192 ] ], [ [ -75.15, -14.192 ], [ -75.146, -14.191 ], [ -75.152, -14.191 ], [ -75.15, -14.192 ] ] ] } },
{ "type": "Feature", "properties": { "DEPARTAMEN": "ICA", "PROVINCIA": "PISCO", "clave": "ICA|PISCO" }, "geometry": { "type": "Polygon", "coordinates": [ [ [ -76.023, -13.963 ], [ -76.025, -14.005 ], [ -76.001, -14.02 ], [ -76.005, -14.04 ], [ -75.986, -14.073 ], [ -76.026, -14.107 ], [ -76.022, -14.125 ], [ -76.071, -14.205 ], [ -76.072, -14.233 ], [ -76.037, -14.274 ], [ -76.021, -14.271 ], [ -75.986, -14.296 ], [ -75.981, -14.311 ], [ -76.005, -14.372 ], [ -76.004, -14.392 ], [ -76.037, -14.426 ], [ -76.066, -14.387 ], [ -76.137, -14.349 ], [ -76.145, -14.33 ], [ -76.111, -14.329 ], [ -76.105, -14.314 ], [ -76.144, -14.228 ], [ -76.19, -14.198 ], [ -76.198, -14.173 ], [ -76.218, -14.168 ], [ -76.226, -14.15 ], [ -76.252, -14.154 ], [ -76.271, -14.142 ], [ -76.257, -14.167 ], [ -76.272, -14.2 ], [ -76.293, -14.163 ], [ -76.279, -14.152 ], [ -76.292, -14.089 ], [ -76.276, -14.082 ], [ -76.276, -14.062 ], [ -76.261, -14.056 ], [ -76.271, -14.036 ], [ -76.263, -14.02 ], [ -76.286, -13.997 ], [ -76.27, -13.981 ], [ -76.273, -13.952 ], [ -76.295, -13.932 ], [ -76.283, -13.909 ], [ -76.298, -13.894 ], [ -76.314, -13.894 ], [ -76.316, -13.915 ], [ -76.328, -13.925 ], [ -76.339, -13.915 ], [ -76.356, -13.923 ], [ -76.362, -13.914 ], [ -76.396, -13.909 ], [ -76.386, -13.844 ], [ -76.368, -13.828 ], [ -76.371, -13.806 ], [ -76.317, -13.792 ], [ -76.289, -13.798 ], [ -76.312, -13.847 ], [ -76.298, -13.838 ], [ -76.263, -13.869 ], [ -76.251, -13.853 ], [ -76.258, -13.839 ], [ -76.247, -13.83 ], [ -76.22, -13.681 ], [ -76.192, -13.594 ], [ -76.152, -13.592 ], [ -76.087, -13.564 ], [ -76.05, -13.577 ], [ -76.038, -13.563 ], [ -76.003, -13.562 ], [ -75.963, -13.6 ], [ -75.959, -13.62 ], [ -75.945, -13.619 ], [ -75.935, -13.631 ], [ -75.899, -13.626 ], [ -75.889, -13.613 ], [ -75.863, -13.612 ], [ -75.835, -13.625 ], [ -75.814, -13.62 ], [ -75.805, -13.593 ], [ -75.814, -13.578 ], [ -75.773, -13.556 ], [ -75.753, -13.514 ], [ -75.756, -13.501 ], [ -75.708, -13.472 ], [ -75.709, -13.458 ], [ -75.68, -13.431 ], [ -75.651, -13.427 ], [ -75.633, -13.411 ], [ -75.615, -13.417 ], [ -75.598, -13.39 ], [ -75.585, -13.403 ], [ -75.538, -13.405 ], [ -75.505, -13.372 ], [ -75.502, -13.353 ], [ -75.492, -13.378 ], [ -75.5, -13.389 ], [ -75.466, -13.434 ], [ -75.47, -13.484 ], [ -75.495, -13.524 ], [ -75.477, -13.525 ], [ -75.496, -13.567 ], [ -75.51, -13.565 ], [ -75.52, -13.604 ], [ -75.488, -13.643 ], [ -75.488, -13.675 ], [ -75.496, -13.673 ], [ -75.516, -13.696 ], [ -75.533, -13.745 ], [ -75.562, -13.748 ], [ -75.568, -13.742 ], [ -75.591, -13.758 ], [ -75.608, -13.786 ], [ -75.662, -13.812 ], [ -75.701, -13.817 ], [ -75.72, -13.834 ], [ -75.776, -13.843 ], [ -75.789, -13.856 ], [ -75.848, -13.836 ], [ -75.885, -13.855 ], [ -75.925, -13.841 ], [ -75.937, -13.85 ], [ -75.967, -13.847 ], [ -75.992, -13.833 ], [ -76.016, -13.844 ], [ -76.028, -13.84 ], [ -76.061, -13.905 ], [ -76.057, -13.928 ], [ -76.023, -13.963 ] ], [ [ -76.093, -13.577 ], [ -76.09, -13.574 ], [ -76.087, -13.564 ], [ -76.093, -13.577 ] ], [ [ -76.014, -13.715 ], [ -76.055, -13.708 ], [ -76.051, -13.709 ], [ -76.014, -13.715 ] ] ] } },
{ "type": "Feature", "properties": { "DEPARTAMEN": "JUNIN", "PROVINCIA": "HUANCAYO", "clave": "JUNIN|HUANCAYO" }, "geometry": { "type": "Polygon", "coordinates": [ [ [ -75.214, -12.414 ], [ -75.224, -12.437 ], [ -75.214, -12.461 ], [ -75.23, -12.476 ], [ -75.252, -12.463 ], [ -75.277, -12.467 ], [ -75.298, -12.485 ], [ -75.309, -12.479 ], [ -75.324, -12.485 ], [ -75.319, -12.515 ], [ -75.367, -12.543 ], [ -75.392, -12.576 ], [ -75.409, -12.585 ], [ -75.416, -12.629 ], [ -75.443, -12.618 ], [ -75.456, -12.626 ], [ -75.462, -12.635 ], [ -75.453, -12.658 ], [ -75.468, -12.684 ], [ -75.484, -12.676 ], [ -75.491, -12.648 ], [ -75.525, -12.618 ], [ -75.58, -12.641 ], [ -75.579, -12.595 ], [ -75.566, -12.572 ], [ -75.572, -12.564 ], [ -75.536, -12.519 ], [ -75.557, -12.457 ], [ -75.56, -12.411 ], [ -75.472, -12.392 ], [ -75.443, -12.37 ], [ -75.41, -12.364 ], [ -75.36, -12.336 ], [ -75.353, -12.327 ], [ -75.357, -12.309 ], [ -75.315, -12.27 ], [ -75.304, -12.271 ], [ -75.3, -12.258 ], [ -75.253, -12.276 ], [ -75.274, -12.258 ], [ -75.264, -12.249 ], [ -75.25, -12.254 ], [ -75.244, -12.242 ], [ -75.276, -12.178 ], [ -75.261, -12.154 ], [ -75.246, -12.152 ], [ -75.24, -12.161 ], [ -75.233, -12.088 ], [ -75.232, -12.088 ], [ -75.239, -12.053 ], [ -75.239, -12.063 ], [ -75.269, -12.06 ], [ -75.317, -12.041 ], [ -75.325, -12.009 ], [ -75.311, -12.008 ], [ -75.304, -11.985 ], [ -75.279, -11.981 ], [ -75.313, -11.938 ], [ -75.295, -11.923 ], [ -75.295, -11.887 ], [ -75.267, -11.873 ], [ -75.275, -11.863 ], [ -75.251, -11.81 ], [ -75.179, -11.794 ], [ -75.161, -11.821 ], [ -75.129, -11.842 ], [ -75.092, -11.834 ], [ -75.062, -11.889 ], [ -75.016, -11.821 ], [ -74.994, -11.817 ], [ -74.968, -11.845 ], [ -74.95, -11.827 ], [ -74.924, -11.845 ], [ -74.888, -11.846 ], [ -74.851, -11.803 ], [ -74.869, -11.777 ], [ -74.839, -11.763 ], [ -74.768, -11.762 ], [ -74.779, -11.741 ], [ -74.775, -11.723 ], [ -74.765, -11.707 ], [ -74.744, -11.703 ], [ -74.737, -11.675 ], [ -74.721, -11.665 ], [ -74.708, -11.675 ], [ -74.68, -11.661 ], [ -74.643, -11.701 ], [ -74.65, -11.736 ], [ -74.606, -11.793 ], [ -74.611, -11.807 ], [ -74.596, -11.819 ], [ -74.597, -11.843 ], [ -74.581, -11.855 ], [ -74.578, -11.882 ], [ -74.534, -11.879 ], [ -74.508, -11.916 ], [ -74.491, -11.914 ], [ -74.488, -11.923 ], [ -74.505, -11.938 ], [ -74.499, -11.954 ], [ -74.508, -11.987 ], [ -74.543, -11.984 ], [ -74.558, -12.001 ], [ -74.572, -11.985 ], [ -74.594, -11.987 ], [ -74.593, -11.995 ], [ -74.604, -12.0 ], [ -74.613, -11.988 ], [ -74.632, -11.985 ], [ -74.658, -11.993 ], [ -74.679, -12.018 ], [ -74.683, -12.038 ], [ -74.71, -12.057 ], [ -74.72, -12.059 ], [ -74.745, -12.041 ], [ -74.794, -12.058 ], [ -74.819, -12.054 ], [ -74.847, -12.07 ], [ -74.871, -12.066 ], [ -74.941, -12.018 ], [ -74.998, -12.021 ], [ -75.048, -11.999 ], [ -75.047, -12.012 ], [ -75.086, -12.052 ], [ -75.075, -12.06 ], [ -75.066, -12.089 ], [ -75.071, -12.114 ], [ -75.063, -12.135 ], [ -75.077, -12.144 ], [ -75.074, -12.156 ], [ -75.05, -12.166 ], [ -75.049, -12.201 ], [ -75.072, -12.235 ], [ -75.1, -12.251 ], [ -75.105, -12.271 ], [ -75.098, -12.284 ], [ -75.14, -12.342 ], [ -75.131, -12.379 ], [ -75.143, -12.393 ], [ -75.165, -12.389 ], [ -75.184, -12.357 ], [ -75.22, -12.391 ], [ -75.214, -12.414 ] ], [ [ -75.221, -12.329 ], [ -75.222, -12.325 ], [ -75.222, -12.332 ], [ -75.221, -12.329 ] ], [ [ -75.242, -12.315 ], [ -75.247, -12.303 ], [ -75.248, -12.311 ], [ -75.242, -12.315 ] ], [ [ -75.248, -12.313 ], [ -75.248, -12.312 ], [ -75.263, -12.312 ], [ -75.248, -12.313 ] ], [ [ -75.279, -12.315 ], [ -75.273, -12.319 ], [ -75.275, -12.317 ], [ -75.279, -12.315 ] ], [ [ -75.285, -12.319 ], [ -75.28, -12.315 ], [ -75.281, -12.314 ], [ -75.285, -12.319 ] ], [ [ -75.289, -12.321 ], [ -75.292, -12.325 ], [ -75.288, -12.321 ], [ -75.289, -12.321 ] ], [ [ -75.279, -11.893 ], [ -75.279, -11.892 ], [ -75.281, -11.892 ], [ -75.279, -11.893 ] ], [ [ -75.262, -11.945 ], [ -75.27, -11.945 ], [ -75.266, -11.953 ], [ -75.262, -11.945 ] ], [ [ -75.223, -11.93 ], [ -75.231, -11.934 ], [ -75.222, -11.931 ], [ -75.223, -11.93 ] ], [ [ -75.22, -11.944 ], [ -75.21, -11.946 ], [ -75.213, -11.941 ], [ -75.22, -11.944 ] ], [ [ -75.2, -11.953 ], [ -75.201, -11.951 ], [ -75.21, -11.946 ], [ -75.2, -11.953 ] ], [ [ -75.201, -11.962 ], [ -75.199, -11.959 ], [ -75.209, -11.969 ], [ -75.201, -11.962 ] ], [ [ -75.249, -12.028 ], [ -75.247, -12.034 ], [ -75.238, -12.025 ], [ -75.249, -12.028 ] ], [ [ -75.264, -11.983 ], [ -75.267, -11.982 ], [ -75.269, -11.982 ], [ -75.264, -11.983 ] ], [ [ -75.267, -12.011 ], [ -75.266, -12.012 ], [ -75.266, -12.0 ], [ -75.267, -12.011 ] ], [ [ -75.269, -11.972 ], [ -75.267, -11.972 ], [ -75.267, -11.97 ], [ -75.269, -11.972 ] ], [ [ -75.207, -12.328 ], [ -75.216, -12.333 ], [ -75.207, -12.329 ], [ -75.207, -12.328 ] ], [ [ -75.164, -12.166 ], [ -75.166, -12.17 ], [ -75.159, -12.162 ], [ -75.164, -12.166 ] ], [ [ -75.153, -12.155 ], [ -75.154, -12.157 ], [ -75.152, -12.155 ], [ -75.153, -12.155 ] ], [ [ -75.085, -12.1 ], [ -75.086, -12.101 ], [ -75.082, -12.1 ], [ -75.085, -12.1 ] ], [ [ -75.112, -11.927 ], [ -75.11, -11.925 ], [ -75.112, -11.926 ], [ -75.112, -11.927 ] ], [ [ -75.16, -12.004 ], [ -75.146, -12.003 ], [ -75.149, -12.003 ], [ -75.16, -12.004 ] ], [ [ -75.08, -11.966 ], [ -75.082, -11.959 ], [ -75.081, -11.97 ], [ -75.08, -11.966 ] ], [ [ -75.074, -11.904 ], [ -75.064, -11.901 ], [ -75.065, -11.901 ], [ -75.074, -11.904 ] ], [ [ -74.846, -11.883 ], [ -74.846, -11.88 ], [ -74.851, -11.892 ], [ -74.846, -11.883 ] ], [ [ -75.201, -11.832 ], [ -75.201, -11.833 ], [ -75.198, -11.831 ], [ -75.201, -11.832 ] ] ] } },
{ "type": "Feature", "properties": { "DEPARTAMEN": "JUNIN", "PROVINCIA": "CONCEPCION", "clave": "JUNIN|CONCEPCION" }, "geometry": { "type": "MultiPolygon", "coordinates": [ [ [ [ -75.499, -11.966 ], [ -75.479, -11.936 ], [ -75.46, -11.938 ], [ -75.452, -11.959 ], [ -75.432, -11.954 ], [ -75.408, -11.935 ], [ -75.408, -11.925 ], [ -75.393, -11.926 ], [ -75.353, -11.904 ], [ -75.401, -11.874 ], [ -75.319, -11.854 ], [ -75.313, -11.858 ], [ -75.301, -11.86 ], [ -75.313, -11.85 ], [ -75.305, -11.831 ], [ -75.251, -11.81 ], [ -75.275, -11.863 ], [ -75.267, -11.873 ], [ -75.295, -11.887 ], [ -75.294, -11.922 ], [ -75.312, -11.938 ], [ -75.305, -11.942 ], [ -75.279, -11.981 ], [ -75.304, -11.985 ], [ -75.311, -12.008 ], [ -75.333, -12.009 ], [ -75.375, -12.035 ], [ -75.389, -12.033 ], [ -75.429, -12.063 ], [ -75.459, -12.067 ], [ -75.475, -12.102 ], [ -75.518, -12.121 ], [ -75.532, -12.146 ], [ -75.526, -12.164 ], [ -75.535, -12.187 ], [ -75.586, -12.145 ], [ -75.628, -12.142 ], [ -75.635, -12.115 ], [ -75.688, -12.082 ], [ -75.674, -12.058 ], [ -75.694, -12.043 ], [ -75.683, -12.036 ], [ -75.687, -12.013 ], [ -75.657, -12.009 ], [ -75.623, -12.022 ], [ -75.588, -12.0 ], [ -75.535, -12.027 ], [ -75.469, -11.99 ], [ -75.499, -11.966 ] ], [ [ -75.313, -11.938 ], [ -75.323, -11.952 ], [ -75.312, -11.938 ], [ -75.313, -11.938 ] ], [ [ -75.32, -11.905 ], [ -75.325, -11.901 ], [ -75.321, -11.905 ], [ -75.32, -11.905 ] ], [ [ -75.4, -11.967 ], [ -75.398, -11.967 ], [ -75.398, -11.966 ], [ -75.4, -11.967 ] ], [ [ -75.4, -11.971 ], [ -75.4, -11.98 ], [ -75.399, -11.973 ], [ -75.398, -11.967 ], [ -75.4, -11.971 ] ], [ [ -75.391, -11.983 ], [ -75.384, -11.984 ], [ -75.383, -11.983 ], [ -75.391, -11.983 ] ], [ [ -75.394, -11.988 ], [ -75.399, -11.981 ], [ -75.389, -11.998 ], [ -75.394, -11.988 ] ], [ [ -75.364, -11.94 ], [ -75.363, -11.94 ], [ -75.364, -11.939 ], [ -75.364, -11.94 ] ], [ [ -75.368, -11.969 ], [ -75.366, -11.976 ], [ -75.367, -11.968 ], [ -75.368, -11.969 ] ] ], [ [ [ -74.789, -11.602 ], [ -74.766, -11.598 ], [ -74.762, -11.612 ], [ -74.736, -11.607 ], [ -74.725, -11.615 ], [ -74.718, -11.659 ], [ -74.737, -11.676 ], [ -74.744, -11.703 ], [ -74.765, -11.707 ], [ -74.775, -11.723 ], [ -74.779, -11.741 ], [ -74.768, -11.762 ], [ -74.839, -11.763 ], [ -74.869, -11.777 ], [ -74.851, -11.803 ], [ -74.888, -11.846 ], [ -74.921, -11.846 ], [ -74.951, -11.827 ], [ -74.967, -11.845 ], [ -74.993, -11.817 ], [ -75.012, -11.82 ], [ -75.062, -11.889 ], [ -75.09, -11.836 ], [ -75.129, -11.842 ], [ -75.16, -11.822 ], [ -75.18, -11.793 ], [ -75.266, -11.812 ], [ -75.269, -11.799 ], [ -75.238, -11.781 ], [ -75.233, -11.766 ], [ -75.187, -11.776 ], [ -75.201, -11.749 ], [ -75.192, -11.709 ], [ -75.224, -11.664 ], [ -75.212, -11.651 ], [ -75.212, -11.625 ], [ -75.195, -11.625 ], [ -75.203, -11.599 ], [ -75.187, -11.589 ], [ -75.163, -11.535 ], [ -75.127, -11.529 ], [ -75.127, -11.514 ], [ -75.062, -11.487 ], [ -75.055, -11.471 ], [ -75.036, -11.473 ], [ -75.033, -11.455 ], [ -75.012, -11.446 ], [ -74.999, -11.427 ], [ -74.915, -11.48 ], [ -74.918, -11.491 ], [ -74.953, -11.502 ], [ -74.948, -11.518 ], [ -74.975, -11.551 ], [ -74.971, -11.571 ], [ -74.942, -11.565 ], [ -74.917, -11.528 ], [ -74.789, -11.602 ] ], [ [ -75.086, -11.697 ], [ -75.084, -11.696 ], [ -75.1, -11.695 ], [ -75.086, -11.697 ] ], [ [ -74.98, -11.783 ], [ -74.98, -11.784 ], [ -74.978, -11.783 ], [ -74.98, -11.783 ] ], [ [ -74.936, -11.686 ], [ -74.937, -11.687 ], [ -74.928, -11.687 ], [ -74.936, -11.686 ] ], [ [ -74.904, -11.686 ], [ -74.916, -11.681 ], [ -74.905, -11.687 ], [ -74.904, -11.686 ] ] ] ] } },
{ "type": "Feature", "properties": { "DEPARTAMEN": "JUNIN", "PROVINCIA": "CHANCHAMAYO", "clave": "JUNIN|CHANCHAMAYO" }, "geometry": { "type": "Polygon", "coordinates": [ [ [ -75.026, -11.339 ], [ -75.028, -11.35 ], [ -75.307, -11.301 ], [ -75.435, -11.258 ], [ -75.506, -11.224 ], [ -75.579, -11.229 ], [ -75.591, -11.191 ], [ -75.584, -11.168 ], [ -75.602, -11.172 ], [ -75.62, -11.155 ], [ -75.638, -11.164 ], [ -75.671, -11.104 ], [ -75.625, -11.077 ], [ -75.602, -11.074 ], [ -75.584, -11.051 ], [ -75.529, -11.051 ], [ -75.499, -11.023 ], [ -75.482, -11.016 ], [ -75.464, -11.024 ], [ -75.452, -11.016 ], [ -75.445, -11.007 ], [ -75.455, -10.999 ], [ -75.441, -10.969 ], [ -75.422, -10.957 ], [ -75.436, -10.912 ], [ -75.453, -10.9 ], [ -75.447, -10.888 ], [ -75.431, -10.879 ], [ -75.418, -10.89 ], [ -75.402, -10.855 ], [ -75.386, -10.865 ], [ -75.363, -10.85 ], [ -75.355, -10.829 ], [ -75.362, -10.819 ], [ -75.346, -10.8 ], [ -75.304, -10.838 ], [ -75.284, -10.841 ], [ -75.248, -10.803 ], [ -75.244, -10.764 ], [ -75.204, -10.765 ], [ -75.19, -10.78 ], [ -75.177, -10.75 ], [ -75.157, -10.762 ], [ -75.142, -10.741 ], [ -75.11, -10.724 ], [ -75.088, -10.684 ], [ -75.072, -10.678 ], [ -75.065, -10.653 ], [ -75.036, -10.682 ], [ -75.021, -10.674 ], [ -75.012, -10.68 ], [ -75.006, -10.719 ], [ -74.983, -10.75 ], [ -74.982, -10.75 ], [ -74.956, -10.733 ], [ -74.938, -10.75 ], [ -74.918, -10.755 ], [ -74.913, -10.748 ], [ -74.885, -10.771 ], [ -74.866, -10.759 ], [ -74.888, -10.711 ], [ -74.878, -10.701 ], [ -74.795, -10.83 ], [ -74.76, -10.825 ], [ -74.734, -10.833 ], [ -74.708, -10.858 ], [ -74.695, -10.894 ], [ -74.699, -10.957 ], [ -74.66, -10.953 ], [ -74.629, -10.964 ], [ -74.623, -10.976 ], [ -74.646, -11.009 ], [ -74.718, -11.021 ], [ -74.747, -11.011 ], [ -74.747, -11.07 ], [ -74.763, -11.072 ], [ -74.786, -11.102 ], [ -74.81, -11.108 ], [ -74.816, -11.124 ], [ -74.843, -11.126 ], [ -74.854, -11.148 ], [ -74.899, -11.167 ], [ -74.891, -11.189 ], [ -74.905, -11.187 ], [ -74.911, -11.216 ], [ -74.903, -11.237 ], [ -74.888, -11.24 ], [ -74.895, -11.246 ], [ -74.89, -11.27 ], [ -74.957, -11.298 ], [ -75.016, -11.296 ], [ -75.039, -11.304 ], [ -75.045, -11.297 ], [ -75.051, -11.309 ], [ -75.026, -11.339 ] ], [ [ -75.074, -11.28 ], [ -75.081, -11.277 ], [ -75.081, -11.278 ], [ -75.074, -11.28 ] ], [ [ -75.271, -10.865 ], [ -75.276, -10.872 ], [ -75.268, -10.863 ], [ -75.271, -10.865 ] ], [ [ -75.251, -10.865 ], [ -75.262, -10.862 ], [ -75.268, -10.863 ], [ -75.251, -10.865 ] ], [ [ -75.242, -10.857 ], [ -75.242, -10.858 ], [ -75.24, -10.858 ], [ -75.242, -10.857 ] ], [ [ -75.151, -11.139 ], [ -75.154, -11.14 ], [ -75.153, -11.141 ], [ -75.151, -11.139 ] ], [ [ -75.121, -11.235 ], [ -75.122, -11.228 ], [ -75.122, -11.235 ], [ -75.121, -11.235 ] ], [ [ -75.113, -11.265 ], [ -75.112, -11.266 ], [ -75.111, -11.265 ], [ -75.113, -11.265 ] ], [ [ -75.11, -11.265 ], [ -75.11, -11.258 ], [ -75.111, -11.265 ], [ -75.11, -11.265 ] ], [ [ -75.122, -11.249 ], [ -75.122, -11.248 ], [ -75.124, -11.244 ], [ -75.122, -11.249 ] ], [ [ -75.584, -11.145 ], [ -75.581, -11.145 ], [ -75.592, -11.142 ], [ -75.584, -11.145 ] ], [ [ -75.39, -11.041 ], [ -75.393, -11.041 ], [ -75.395, -11.042 ], [ -75.39, -11.041 ] ], [ [ -75.0, -11.062 ], [ -75.008, -11.057 ], [ -75.005, -11.06 ], [ -75.0, -11.062 ] ], [ [ -75.181, -10.788 ], [ -75.189, -10.785 ], [ -75.18, -10.79 ], [ -75.181, -10.788 ] ] ] } },
{ "type": "Feature", "properties": { "DEPARTAMEN": "JUNIN", "PROVINCIA": "JAUJA", "clave": "JUNIN|JAUJA" }, "geometry": { "type": "Polygon", "coordinates": [ [ [ -75.364, -11.907 ], [ -75.393, -11.926 ], [ -75.408, -11.925 ], [ -75.408, -11.935 ], [ -75.434, -11.955 ], [ -75.452, -11.959 ], [ -75.462, -11.936 ], [ -75.481, -11.937 ], [ -75.499, -11.966 ], [ -75.469, -11.99 ], [ -75.535, -12.027 ], [ -75.575, -12.013 ], [ -75.586, -11.984 ], [ -75.58, -12.002 ], [ -75.61, -12.008 ], [ -75.623, -12.022 ], [ -75.676, -12.008 ], [ -75.688, -12.014 ], [ -75.683, -12.036 ], [ -75.7, -12.048 ], [ -75.742, -12.037 ], [ -75.751, -12.055 ], [ -75.766, -12.06 ], [ -75.819, -12.014 ], [ -75.832, -12.025 ], [ -75.843, -12.006 ], [ -75.886, -11.993 ], [ -75.904, -11.998 ], [ -75.923, -11.984 ], [ -75.949, -11.994 ], [ -75.975, -11.984 ], [ -75.993, -11.995 ], [ -76.053, -11.943 ], [ -76.034, -11.929 ], [ -76.024, -11.898 ], [ -75.993, -11.9 ], [ -75.956, -11.87 ], [ -75.905, -11.873 ], [ -75.896, -11.845 ], [ -75.898, -11.803 ], [ -75.882, -11.775 ], [ -75.835, -11.769 ], [ -75.816, -11.789 ], [ -75.798, -11.79 ], [ -75.779, -11.776 ], [ -75.756, -11.776 ], [ -75.742, -11.749 ], [ -75.697, -11.718 ], [ -75.715, -11.701 ], [ -75.728, -11.664 ], [ -75.756, -11.64 ], [ -75.799, -11.543 ], [ -75.749, -11.542 ], [ -75.735, -11.523 ], [ -75.71, -11.567 ], [ -75.692, -11.556 ], [ -75.679, -11.567 ], [ -75.64, -11.564 ], [ -75.627, -11.588 ], [ -75.598, -11.577 ], [ -75.582, -11.595 ], [ -75.575, -11.582 ], [ -75.556, -11.601 ], [ -75.549, -11.59 ], [ -75.573, -11.542 ], [ -75.547, -11.526 ], [ -75.547, -11.504 ], [ -75.532, -11.494 ], [ -75.511, -11.517 ], [ -75.498, -11.509 ], [ -75.475, -11.522 ], [ -75.472, -11.496 ], [ -75.479, -11.486 ], [ -75.457, -11.453 ], [ -75.461, -11.428 ], [ -75.429, -11.391 ], [ -75.41, -11.388 ], [ -75.404, -11.364 ], [ -75.404, -11.34 ], [ -75.431, -11.332 ], [ -75.434, -11.309 ], [ -75.444, -11.302 ], [ -75.438, -11.288 ], [ -75.447, -11.271 ], [ -75.434, -11.266 ], [ -75.435, -11.258 ], [ -75.307, -11.301 ], [ -75.001, -11.361 ], [ -74.988, -11.375 ], [ -74.999, -11.397 ], [ -74.973, -11.438 ], [ -74.986, -11.44 ], [ -75.0, -11.427 ], [ -75.012, -11.446 ], [ -75.033, -11.455 ], [ -75.036, -11.473 ], [ -75.055, -11.471 ], [ -75.062, -11.487 ], [ -75.1, -11.497 ], [ -75.132, -11.524 ], [ -75.163, -11.535 ], [ -75.187, -11.589 ], [ -75.203, -11.599 ], [ -75.195, -11.625 ], [ -75.212, -11.625 ], [ -75.212, -11.651 ], [ -75.224, -11.664 ], [ -75.192, -11.709 ], [ -75.201, -11.749 ], [ -75.187, -11.776 ], [ -75.233, -11.766 ], [ -75.238, -11.781 ], [ -75.269, -11.799 ], [ -75.266, -11.812 ], [ -75.305, -11.831 ], [ -75.311, -11.858 ], [ -75.369, -11.869 ], [ -75.376, -11.861 ], [ -75.406, -11.876 ], [ -75.364, -11.894 ], [ -75.364, -11.907 ] ], [ [ -75.541, -11.609 ], [ -75.546, -11.601 ], [ -75.543, -11.607 ], [ -75.541, -11.609 ] ], [ [ -75.513, -11.69 ], [ -75.505, -11.707 ], [ -75.507, -11.697 ], [ -75.513, -11.69 ] ], [ [ -75.498, -11.826 ], [ -75.494, -11.824 ], [ -75.498, -11.824 ], [ -75.498, -11.826 ] ], [ [ -75.476, -11.861 ], [ -75.477, -11.859 ], [ -75.482, -11.857 ], [ -75.476, -11.861 ] ], [ [ -75.47, -11.884 ], [ -75.465, -11.874 ], [ -75.47, -11.882 ], [ -75.47, -11.884 ] ], [ [ -75.732, -11.749 ], [ -75.723, -11.754 ], [ -75.728, -11.75 ], [ -75.732, -11.749 ] ], [ [ -75.671, -11.788 ], [ -75.666, -11.794 ], [ -75.67, -11.788 ], [ -75.671, -11.788 ] ], [ [ -75.561, -11.782 ], [ -75.565, -11.784 ], [ -75.56, -11.782 ], [ -75.561, -11.782 ] ], [ [ -75.549, -11.791 ], [ -75.549, -11.793 ], [ -75.548, -11.791 ], [ -75.549, -11.791 ] ], [ [ -75.541, -11.857 ], [ -75.537, -11.858 ], [ -75.544, -11.855 ], [ -75.541, -11.857 ] ], [ [ -75.522, -11.907 ], [ -75.523, -11.901 ], [ -75.523, -11.907 ], [ -75.522, -11.907 ] ], [ [ -75.497, -11.92 ], [ -75.501, -11.917 ], [ -75.498, -11.921 ], [ -75.497, -11.92 ] ], [ [ -75.481, -11.907 ], [ -75.495, -11.918 ], [ -75.491, -11.916 ], [ -75.481, -11.907 ] ], [ [ -75.598, -11.96 ], [ -75.617, -11.956 ], [ -75.616, -11.957 ], [ -75.598, -11.96 ] ], [ [ -75.618, -11.954 ], [ -75.619, -11.935 ], [ -75.619, -11.954 ], [ -75.618, -11.954 ] ], [ [ -75.606, -11.739 ], [ -75.605, -11.737 ], [ -75.606, -11.736 ], [ -75.606, -11.739 ] ], [ [ -75.604, -11.735 ], [ -75.605, -11.73 ], [ -75.605, -11.737 ], [ -75.604, -11.735 ] ], [ [ -75.559, -11.731 ], [ -75.57, -11.735 ], [ -75.557, -11.734 ], [ -75.559, -11.731 ] ], [ [ -75.595, -11.757 ], [ -75.6, -11.757 ], [ -75.594, -11.759 ], [ -75.595, -11.757 ] ], [ [ -75.592, -11.76 ], [ -75.593, -11.759 ], [ -75.591, -11.766 ], [ -75.592, -11.76 ] ], [ [ -75.499, -11.729 ], [ -75.496, -11.731 ], [ -75.498, -11.729 ], [ -75.499, -11.729 ] ], [ [ -75.598, -11.677 ], [ -75.603, -11.677 ], [ -75.595, -11.679 ], [ -75.598, -11.677 ] ], [ [ -75.575, -11.714 ], [ -75.578, -11.713 ], [ -75.578, -11.714 ], [ -75.575, -11.714 ] ], [ [ -75.613, -11.648 ], [ -75.612, -11.646 ], [ -75.616, -11.649 ], [ -75.613, -11.648 ] ], [ [ -75.613, -11.633 ], [ -75.617, -11.622 ], [ -75.612, -11.646 ], [ -75.613, -11.633 ] ], [ [ -75.453, -11.781 ], [ -75.45, -11.782 ], [ -75.451, -11.781 ], [ -75.453, -11.781 ] ], [ [ -75.431, -11.798 ], [ -75.412, -11.797 ], [ -75.411, -11.796 ], [ -75.431, -11.798 ] ], [ [ -75.404, -11.784 ], [ -75.403, -11.783 ], [ -75.402, -11.78 ], [ -75.404, -11.784 ] ], [ [ -75.397, -11.756 ], [ -75.398, -11.76 ], [ -75.397, -11.76 ], [ -75.397, -11.756 ] ], [ [ -75.375, -11.766 ], [ -75.382, -11.777 ], [ -75.375, -11.768 ], [ -75.375, -11.766 ] ], [ [ -75.394, -11.798 ], [ -75.392, -11.786 ], [ -75.395, -11.798 ], [ -75.394, -11.798 ] ], [ [ -75.463, -11.808 ], [ -75.452, -11.801 ], [ -75.459, -11.797 ], [ -75.463, -11.808 ] ], [ [ -75.422, -11.847 ], [ -75.412, -11.841 ], [ -75.421, -11.834 ], [ -75.422, -11.847 ] ], [ [ -75.389, -11.835 ], [ -75.386, -11.833 ], [ -75.397, -11.837 ], [ -75.389, -11.835 ] ], [ [ -75.374, -11.821 ], [ -75.374, -11.817 ], [ -75.377, -11.824 ], [ -75.374, -11.821 ] ], [ [ -75.448, -11.865 ], [ -75.453, -11.864 ], [ -75.449, -11.866 ], [ -75.448, -11.865 ] ], [ [ -75.445, -11.865 ], [ -75.428, -11.848 ], [ -75.443, -11.862 ], [ -75.445, -11.865 ] ], [ [ -75.362, -11.745 ], [ -75.365, -11.744 ], [ -75.374, -11.742 ], [ -75.362, -11.745 ] ], [ [ -75.33, -11.766 ], [ -75.332, -11.765 ], [ -75.341, -11.768 ], [ -75.33, -11.766 ] ], [ [ -75.336, -11.775 ], [ -75.329, -11.766 ], [ -75.33, -11.766 ], [ -75.336, -11.775 ] ], [ [ -75.402, -11.736 ], [ -75.399, -11.737 ], [ -75.402, -11.735 ], [ -75.402, -11.736 ] ], [ [ -75.394, -11.739 ], [ -75.393, -11.738 ], [ -75.395, -11.738 ], [ -75.394, -11.739 ] ], [ [ -75.427, -11.773 ], [ -75.437, -11.776 ], [ -75.427, -11.774 ], [ -75.427, -11.773 ] ], [ [ -75.451, -11.642 ], [ -75.453, -11.641 ], [ -75.45, -11.647 ], [ -75.451, -11.642 ] ], [ [ -75.433, -11.718 ], [ -75.427, -11.698 ], [ -75.434, -11.718 ], [ -75.433, -11.718 ] ], [ [ -75.332, -11.693 ], [ -75.332, -11.699 ], [ -75.331, -11.696 ], [ -75.332, -11.693 ] ], [ [ -75.259, -11.462 ], [ -75.265, -11.468 ], [ -75.26, -11.464 ], [ -75.259, -11.462 ] ], [ [ -75.258, -11.432 ], [ -75.26, -11.444 ], [ -75.258, -11.443 ], [ -75.258, -11.432 ] ], [ [ -75.373, -11.587 ], [ -75.369, -11.586 ], [ -75.373, -11.586 ], [ -75.373, -11.587 ] ], [ [ -75.367, -11.583 ], [ -75.367, -11.581 ], [ -75.369, -11.586 ], [ -75.367, -11.583 ] ], [ [ -75.37, -11.565 ], [ -75.371, -11.563 ], [ -75.38, -11.557 ], [ -75.37, -11.565 ] ], [ [ -75.387, -11.53 ], [ -75.389, -11.523 ], [ -75.39, -11.524 ], [ -75.387, -11.53 ] ], [ [ -75.352, -11.515 ], [ -75.361, -11.51 ], [ -75.355, -11.514 ], [ -75.352, -11.515 ] ], [ [ -75.388, -11.486 ], [ -75.382, -11.493 ], [ -75.388, -11.484 ], [ -75.388, -11.486 ] ] ] } },
{ "type": "Feature", "properties": { "DEPARTAMEN": "JUNIN", "PROVINCIA": "JUNIN", "clave": "JUNIN|JUNIN" }, "geometry": { "type": "Polygon", "coordinates": [ [ [ -75.885, -11.158 ], [ -75.905, -11.176 ], [ -75.901, -11.199 ], [ -75.921, -11.219 ], [ -75.972, -11.214 ], [ -75.89, -11.333 ], [ -75.96, -11.333 ], [ -75.97, -11.353 ], [ -76.013, -11.376 ], [ -76.047, -11.372 ], [ -76.082, -11.388 ], [ -76.108, -11.335 ], [ -76.137, -11.315 ], [ -76.141, -11.294 ], [ -76.165, -11.271 ], [ -76.177, -11.242 ], [ -76.168, -11.221 ], [ -76.183, -11.218 ], [ -76.193, -11.202 ], [ -76.182, -11.18 ], [ -76.195, -11.182 ], [ -76.209, -11.169 ], [ -76.202, -11.15 ], [ -76.213, -11.152 ], [ -76.249, -11.107 ], [ -76.24, -11.049 ], [ -76.26, -11.027 ], [ -76.256, -11.002 ], [ -76.273, -10.971 ], [ -76.265, -10.96 ], [ -76.277, -10.95 ], [ -76.277, -10.919 ], [ -76.248, -10.933 ], [ -76.191, -11.029 ], [ -76.157, -11.056 ], [ -76.148, -11.079 ], [ -76.122, -11.086 ], [ -76.123, -11.098 ], [ -76.096, -11.121 ], [ -76.096, -11.108 ], [ -76.067, -11.114 ], [ -76.064, -11.095 ], [ -76.03, -11.087 ], [ -76.029, -11.065 ], [ -76.009, -11.048 ], [ -76.011, -11.032 ], [ -76.046, -11.023 ], [ -76.049, -10.998 ], [ -76.073, -10.974 ], [ -76.123, -10.962 ], [ -76.082, -10.895 ], [ -76.046, -10.881 ], [ -75.997, -10.822 ], [ -75.937, -10.872 ], [ -75.942, -10.901 ], [ -75.931, -10.883 ], [ -75.898, -10.869 ], [ -75.874, -10.868 ], [ -75.865, -10.877 ], [ -75.86, -10.867 ], [ -75.837, -10.886 ], [ -75.816, -10.872 ], [ -75.815, -10.847 ], [ -75.789, -10.825 ], [ -75.759, -10.83 ], [ -75.733, -10.809 ], [ -75.693, -10.817 ], [ -75.693, -10.835 ], [ -75.679, -10.84 ], [ -75.65, -10.823 ], [ -75.607, -10.823 ], [ -75.584, -10.802 ], [ -75.568, -10.727 ], [ -75.557, -10.744 ], [ -75.49, -10.757 ], [ -75.478, -10.781 ], [ -75.461, -10.75 ], [ -75.395, -10.759 ], [ -75.391, -10.832 ], [ -75.409, -10.845 ], [ -75.411, -10.879 ], [ -75.418, -10.89 ], [ -75.438, -10.88 ], [ -75.453, -10.9 ], [ -75.495, -10.923 ], [ -75.503, -10.962 ], [ -75.537, -10.948 ], [ -75.615, -10.961 ], [ -75.668, -10.949 ], [ -75.732, -11.001 ], [ -75.762, -11.01 ], [ -75.784, -10.997 ], [ -75.817, -11.034 ], [ -75.813, -11.051 ], [ -75.833, -11.052 ], [ -75.839, -11.119 ], [ -75.852, -11.12 ], [ -75.861, -11.145 ], [ -75.875, -11.14 ], [ -75.88, -11.141 ], [ -75.885, -11.158 ] ], [ [ -75.951, -10.96 ], [ -75.954, -10.951 ], [ -75.952, -10.959 ], [ -75.951, -10.96 ] ], [ [ -75.901, -11.124 ], [ -75.899, -11.121 ], [ -75.904, -11.126 ], [ -75.901, -11.124 ] ], [ [ -75.961, -10.94 ], [ -75.967, -10.95 ], [ -75.96, -10.948 ], [ -75.961, -10.94 ] ], [ [ -76.13, -11.206 ], [ -76.129, -11.206 ], [ -76.128, -11.2 ], [ -76.13, -11.206 ] ], [ [ -76.072, -11.15 ], [ -76.071, -11.147 ], [ -76.072, -11.148 ], [ -76.072, -11.15 ] ] ] } },
{ "type": "Feature", "properties": { "DEPARTAMEN": "JUNIN", "PROVINCIA": "SATIPO", "clave": "JUNIN|SATIPO" }, "geometry": { "type": "Polygon", "coordinates": [ [ [ -74.003, -12.284 ], [ -74.04, -12.261 ], [ -74.059, -12.277 ], [ -74.097, -12.284 ], [ -74.104, -12.313 ], [ -74.125, -12.334 ], [ -74.131, -12.315 ], [ -74.147, -12.324 ], [ -74.166, -12.312 ], [ -74.185, -12.316 ], [ -74.19, -12.302 ], [ -74.219, -12.302 ], [ -74.218, -12.278 ], [ -74.246, -12.269 ], [ -74.27, -12.239 ], [ -74.284, -12.241 ], [ -74.291, -12.223 ], [ -74.322, -12.23 ], [ -74.337, -12.215 ], [ -74.33, -12.211 ], [ -74.334, -12.194 ], [ -74.344, -12.195 ], [ -74.352, -12.178 ], [ -74.344, -12.169 ], [ -74.361, -12.156 ], [ -74.352, -12.137 ], [ -74.362, -12.139 ], [ -74.399, -12.104 ], [ -74.41, -12.106 ], [ -74.42, -12.094 ], [ -74.414, -12.076 ], [ -74.421, -12.068 ], [ -74.433, -12.07 ], [ -74.442, -12.045 ], [ -74.453, -12.049 ], [ -74.454, -12.034 ], [ -74.481, -12.027 ], [ -74.488, -12.034 ], [ -74.549, -11.997 ], [ -74.543, -11.984 ], [ -74.505, -11.983 ], [ -74.505, -11.938 ], [ -74.488, -11.923 ], [ -74.491, -11.914 ], [ -74.508, -11.916 ], [ -74.534, -11.879 ], [ -74.578, -11.882 ], [ -74.581, -11.855 ], [ -74.597, -11.843 ], [ -74.596, -11.819 ], [ -74.611, -11.807 ], [ -74.606, -11.793 ], [ -74.65, -11.736 ], [ -74.643, -11.701 ], [ -74.653, -11.686 ], [ -74.68, -11.661 ], [ -74.708, -11.675 ], [ -74.721, -11.665 ], [ -74.725, -11.615 ], [ -74.736, -11.607 ], [ -74.762, -11.612 ], [ -74.766, -11.598 ], [ -74.789, -11.602 ], [ -74.911, -11.529 ], [ -74.942, -11.565 ], [ -74.967, -11.573 ], [ -74.975, -11.563 ], [ -74.963, -11.528 ], [ -74.948, -11.518 ], [ -74.954, -11.504 ], [ -74.918, -11.491 ], [ -74.915, -11.48 ], [ -74.963, -11.452 ], [ -74.999, -11.397 ], [ -74.988, -11.375 ], [ -75.028, -11.35 ], [ -75.026, -11.34 ], [ -75.051, -11.309 ], [ -75.044, -11.298 ], [ -75.038, -11.304 ], [ -75.016, -11.296 ], [ -74.957, -11.298 ], [ -74.89, -11.27 ], [ -74.895, -11.246 ], [ -74.888, -11.24 ], [ -74.903, -11.238 ], [ -74.911, -11.216 ], [ -74.906, -11.189 ], [ -74.891, -11.189 ], [ -74.899, -11.166 ], [ -74.878, -11.162 ], [ -74.859, -11.144 ], [ -74.849, -11.159 ], [ -74.855, -11.14 ], [ -74.843, -11.126 ], [ -74.816, -11.124 ], [ -74.81, -11.108 ], [ -74.786, -11.102 ], [ -74.763, -11.072 ], [ -74.747, -11.07 ], [ -74.748, -11.011 ], [ -74.718, -11.021 ], [ -74.643, -11.006 ], [ -74.622, -10.976 ], [ -74.629, -10.964 ], [ -74.66, -10.953 ], [ -74.699, -10.957 ], [ -74.7, -10.878 ], [ -74.681, -10.889 ], [ -74.666, -10.873 ], [ -74.635, -10.872 ], [ -74.614, -10.905 ], [ -74.562, -10.914 ], [ -74.508, -10.95 ], [ -74.496, -11.0 ], [ -74.45, -11.002 ], [ -74.373, -11.057 ], [ -74.342, -11.055 ], [ -74.316, -11.037 ], [ -74.282, -11.033 ], [ -74.256, -11.018 ], [ -74.203, -11.021 ], [ -74.191, -10.986 ], [ -74.156, -10.999 ], [ -74.103, -10.986 ], [ -74.061, -10.996 ], [ -74.007, -10.991 ], [ -73.979, -11.069 ], [ -73.984, -11.092 ], [ -73.976, -11.125 ], [ -73.955, -11.15 ], [ -73.916, -11.143 ], [ -73.891, -11.17 ], [ -73.873, -11.17 ], [ -73.853, -11.164 ], [ -73.866, -11.099 ], [ -73.862, -10.979 ], [ -73.856, -10.957 ], [ -73.824, -10.922 ], [ -73.827, -10.911 ], [ -73.813, -10.889 ], [ -73.821, -10.879 ], [ -73.818, -10.814 ], [ -73.814, -10.8 ], [ -73.782, -10.786 ], [ -73.782, -10.751 ], [ -73.742, -10.734 ], [ -73.732, -10.754 ], [ -73.668, -10.791 ], [ -73.667, -10.803 ], [ -73.61, -10.847 ], [ -73.561, -10.859 ], [ -73.573, -10.954 ], [ -73.559, -10.975 ], [ -73.553, -11.014 ], [ -73.541, -11.022 ], [ -73.543, -11.047 ], [ -73.483, -11.065 ], [ -73.471, -11.087 ], [ -73.467, -11.119 ], [ -73.475, -11.128 ], [ -73.45, -11.237 ], [ -73.463, -11.284 ], [ -73.459, -11.301 ], [ -73.484, -11.319 ], [ -73.484, -11.352 ], [ -73.468, -11.344 ], [ -73.45, -11.368 ], [ -73.42, -11.383 ], [ -73.48, -11.47 ], [ -73.454, -11.505 ], [ -73.45, -11.532 ], [ -73.487, -11.535 ], [ -73.502, -11.563 ], [ -73.56, -11.592 ], [ -73.582, -11.616 ], [ -73.613, -11.678 ], [ -73.572, -11.743 ], [ -73.581, -11.789 ], [ -73.578, -11.836 ], [ -73.491, -11.878 ], [ -73.463, -11.93 ], [ -73.442, -11.941 ], [ -73.445, -11.961 ], [ -73.43, -11.982 ], [ -73.436, -11.997 ], [ -73.421, -12.015 ], [ -73.405, -12.005 ], [ -73.398, -12.021 ], [ -73.408, -12.064 ], [ -73.391, -12.076 ], [ -73.401, -12.091 ], [ -73.355, -12.113 ], [ -73.361, -12.134 ], [ -73.438, -12.151 ], [ -73.47, -12.237 ], [ -73.498, -12.252 ], [ -73.522, -12.25 ], [ -73.574, -12.277 ], [ -73.592, -12.334 ], [ -73.586, -12.367 ], [ -73.604, -12.387 ], [ -73.616, -12.376 ], [ -73.637, -12.379 ], [ -73.658, -12.36 ], [ -73.66, -12.329 ], [ -73.703, -12.27 ], [ -73.721, -12.264 ], [ -73.738, -12.267 ], [ -73.762, -12.253 ], [ -73.796, -12.262 ], [ -73.825, -12.244 ], [ -73.868, -12.244 ], [ -73.883, -12.262 ], [ -73.925, -12.283 ], [ -73.953, -12.281 ], [ -73.972, -12.294 ], [ -73.981, -12.242 ], [ -73.986, -12.268 ], [ -74.003, -12.284 ] ], [ [ -74.575, -11.365 ], [ -74.578, -11.368 ], [ -74.577, -11.368 ], [ -74.575, -11.365 ] ], [ [ -74.529, -11.349 ], [ -74.534, -11.348 ], [ -74.528, -11.35 ], [ -74.529, -11.349 ] ], [ [ -74.484, -11.378 ], [ -74.495, -11.365 ], [ -74.486, -11.377 ], [ -74.484, -11.378 ] ], [ [ -74.41, -11.36 ], [ -74.417, -11.349 ], [ -74.415, -11.354 ], [ -74.41, -11.36 ] ], [ [ -74.099, -11.6 ], [ -74.105, -11.587 ], [ -74.101, -11.598 ], [ -74.099, -11.6 ] ], [ [ -74.085, -11.599 ], [ -74.084, -11.603 ], [ -74.084, -11.598 ], [ -74.085, -11.599 ] ], [ [ -74.067, -11.563 ], [ -74.067, -11.577 ], [ -74.066, -11.575 ], [ -74.067, -11.563 ] ], [ [ -74.298, -11.148 ], [ -74.29, -11.149 ], [ -74.291, -11.148 ], [ -74.298, -11.148 ] ], [ [ -74.385, -11.21 ], [ -74.383, -11.203 ], [ -74.384, -11.204 ], [ -74.385, -11.21 ] ], [ [ -74.498, -11.034 ], [ -74.494, -11.03 ], [ -74.499, -11.034 ], [ -74.498, -11.034 ] ], [ [ -74.502, -11.035 ], [ -74.501, -11.034 ], [ -74.503, -11.034 ], [ -74.502, -11.035 ] ], [ [ -74.531, -11.007 ], [ -74.529, -11.006 ], [ -74.534, -11.006 ], [ -74.531, -11.007 ] ], [ [ -74.54, -10.998 ], [ -74.539, -11.001 ], [ -74.539, -10.999 ], [ -74.54, -10.998 ] ], [ [ -74.582, -10.982 ], [ -74.563, -10.984 ], [ -74.564, -10.983 ], [ -74.582, -10.982 ] ], [ [ -74.075, -12.166 ], [ -74.073, -12.169 ], [ -74.07, -12.17 ], [ -74.075, -12.166 ] ], [ [ -74.067, -12.172 ], [ -74.065, -12.173 ], [ -74.061, -12.172 ], [ -74.067, -12.172 ] ], [ [ -74.039, -12.165 ], [ -74.036, -12.168 ], [ -74.031, -12.171 ], [ -74.039, -12.165 ] ], [ [ -74.039, -11.604 ], [ -74.032, -11.616 ], [ -74.034, -11.61 ], [ -74.039, -11.604 ] ], [ [ -74.012, -11.679 ], [ -74.013, -11.682 ], [ -74.012, -11.68 ], [ -74.012, -11.679 ] ], [ [ -74.711, -11.298 ], [ -74.705, -11.303 ], [ -74.704, -11.303 ], [ -74.711, -11.298 ] ], [ [ -74.49, -11.252 ], [ -74.487, -11.252 ], [ -74.487, -11.251 ], [ -74.49, -11.252 ] ], [ [ -74.435, -11.219 ], [ -74.427, -11.222 ], [ -74.427, -11.221 ], [ -74.435, -11.219 ] ], [ [ -74.643, -11.265 ], [ -74.645, -11.264 ], [ -74.655, -11.267 ], [ -74.643, -11.265 ] ], [ [ -74.834, -11.183 ], [ -74.836, -11.181 ], [ -74.834, -11.186 ], [ -74.834, -11.183 ] ], [ [ -74.815, -11.202 ], [ -74.818, -11.202 ], [ -74.813, -11.204 ], [ -74.815, -11.202 ] ], [ [ -74.806, -11.206 ], [ -74.81, -11.205 ], [ -74.793, -11.212 ], [ -74.806, -11.206 ] ], [ [ -74.654, -11.229 ], [ -74.664, -11.237 ], [ -74.663, -11.237 ], [ -74.654, -11.229 ] ] ] } },
{ "type": "Feature", "properties": { "DEPARTAMEN": "JUNIN", "PROVINCIA": "TARMA", "clave": "JUNIN|TARMA" }, "geometry": { "type": "Polygon", "coordinates": [ [ [ -75.573, -11.542 ], [ -75.549, -11.588 ], [ -75.553, -11.601 ], [ -75.576, -11.582 ], [ -75.582, -11.595 ], [ -75.599, -11.577 ], [ -75.626, -11.589 ], [ -75.638, -11.565 ], [ -75.682, -11.566 ], [ -75.69, -11.556 ], [ -75.712, -11.566 ], [ -75.727, -11.527 ], [ -75.736, -11.523 ], [ -75.749, -11.542 ], [ -75.771, -11.537 ], [ -75.812, -11.547 ], [ -75.857, -11.507 ], [ -75.869, -11.509 ], [ -75.903, -11.438 ], [ -75.915, -11.431 ], [ -75.916, -11.416 ], [ -75.883, -11.403 ], [ -75.913, -11.384 ], [ -75.909, -11.376 ], [ -75.96, -11.333 ], [ -75.897, -11.337 ], [ -75.881, -11.33 ], [ -75.89, -11.333 ], [ -75.972, -11.214 ], [ -75.922, -11.22 ], [ -75.901, -11.2 ], [ -75.904, -11.176 ], [ -75.885, -11.158 ], [ -75.884, -11.144 ], [ -75.861, -11.145 ], [ -75.852, -11.12 ], [ -75.839, -11.119 ], [ -75.833, -11.052 ], [ -75.813, -11.051 ], [ -75.817, -11.034 ], [ -75.784, -10.997 ], [ -75.762, -11.01 ], [ -75.732, -11.001 ], [ -75.666, -10.949 ], [ -75.615, -10.961 ], [ -75.537, -10.948 ], [ -75.503, -10.962 ], [ -75.495, -10.923 ], [ -75.453, -10.901 ], [ -75.436, -10.912 ], [ -75.422, -10.957 ], [ -75.441, -10.969 ], [ -75.455, -10.999 ], [ -75.445, -11.007 ], [ -75.452, -11.016 ], [ -75.464, -11.024 ], [ -75.482, -11.016 ], [ -75.499, -11.023 ], [ -75.529, -11.051 ], [ -75.584, -11.051 ], [ -75.602, -11.074 ], [ -75.625, -11.077 ], [ -75.671, -11.104 ], [ -75.638, -11.164 ], [ -75.62, -11.155 ], [ -75.602, -11.172 ], [ -75.584, -11.168 ], [ -75.591, -11.191 ], [ -75.582, -11.227 ], [ -75.506, -11.224 ], [ -75.435, -11.258 ], [ -75.434, -11.266 ], [ -75.447, -11.272 ], [ -75.438, -11.288 ], [ -75.444, -11.302 ], [ -75.434, -11.309 ], [ -75.431, -11.332 ], [ -75.412, -11.334 ], [ -75.402, -11.346 ], [ -75.41, -11.388 ], [ -75.43, -11.391 ], [ -75.461, -11.429 ], [ -75.457, -11.453 ], [ -75.479, -11.485 ], [ -75.472, -11.496 ], [ -75.475, -11.522 ], [ -75.498, -11.509 ], [ -75.511, -11.517 ], [ -75.53, -11.494 ], [ -75.547, -11.504 ], [ -75.547, -11.526 ], [ -75.573, -11.542 ] ], [ [ -75.731, -11.337 ], [ -75.742, -11.343 ], [ -75.738, -11.343 ], [ -75.731, -11.337 ] ], [ [ -75.593, -11.387 ], [ -75.598, -11.391 ], [ -75.6, -11.38 ], [ -75.599, -11.394 ], [ -75.597, -11.402 ], [ -75.593, -11.387 ] ], [ [ -75.55, -11.345 ], [ -75.564, -11.352 ], [ -75.548, -11.345 ], [ -75.55, -11.345 ] ], [ [ -75.481, -11.359 ], [ -75.496, -11.363 ], [ -75.484, -11.361 ], [ -75.481, -11.359 ] ], [ [ -75.474, -11.378 ], [ -75.472, -11.369 ], [ -75.476, -11.381 ], [ -75.474, -11.378 ] ], [ [ -75.464, -11.408 ], [ -75.465, -11.407 ], [ -75.465, -11.409 ], [ -75.464, -11.408 ] ], [ [ -75.785, -11.393 ], [ -75.76, -11.398 ], [ -75.758, -11.398 ], [ -75.785, -11.393 ] ], [ [ -75.753, -11.398 ], [ -75.752, -11.398 ], [ -75.747, -11.396 ], [ -75.753, -11.398 ] ], [ [ -75.595, -11.411 ], [ -75.601, -11.423 ], [ -75.594, -11.413 ], [ -75.595, -11.411 ] ], [ [ -75.611, -11.431 ], [ -75.612, -11.432 ], [ -75.612, -11.434 ], [ -75.611, -11.431 ] ], [ [ -75.599, -11.445 ], [ -75.592, -11.456 ], [ -75.598, -11.445 ], [ -75.599, -11.445 ] ], [ [ -75.689, -11.517 ], [ -75.694, -11.508 ], [ -75.687, -11.524 ], [ -75.689, -11.517 ] ], [ [ -75.689, -11.495 ], [ -75.69, -11.495 ], [ -75.692, -11.497 ], [ -75.689, -11.495 ] ], [ [ -75.61, -11.447 ], [ -75.614, -11.448 ], [ -75.62, -11.453 ], [ -75.61, -11.447 ] ], [ [ -75.692, -11.29 ], [ -75.68, -11.295 ], [ -75.68, -11.294 ], [ -75.692, -11.29 ] ], [ [ -75.838, -11.182 ], [ -75.84, -11.182 ], [ -75.841, -11.183 ], [ -75.838, -11.182 ] ], [ [ -75.666, -11.079 ], [ -75.666, -11.078 ], [ -75.677, -11.071 ], [ -75.666, -11.079 ] ], [ [ -75.79, -11.115 ], [ -75.78, -11.116 ], [ -75.783, -11.115 ], [ -75.79, -11.115 ] ], [ [ -75.774, -11.149 ], [ -75.779, -11.142 ], [ -75.779, -11.144 ], [ -75.774, -11.149 ] ] ] } },
{ "type": "Feature", "properties": { "DEPARTAMEN": "JUNIN", "PROVINCIA": "YAULI", "clave": "JUNIN|YAULI" }, "geometry": { "type": "Polygon", "coordinates": [ [ [ -75.907, -11.874 ], [ -75.956, -11.87 ], [ -75.993, -11.9 ], [ -76.024, -11.898 ], [ -76.035, -11.931 ], [ -76.054, -11.939 ], [ -76.058, -11.913 ], [ -76.05, -11.901 ], [ -76.058, -11.88 ], [ -76.094, -11.848 ], [ -76.137, -11.781 ], [ -76.154, -11.782 ], [ -76.202, -11.727 ], [ -76.208, -11.7 ], [ -76.197, -11.693 ], [ -76.194, -11.673 ], [ -76.205, -11.66 ], [ -76.188, -11.643 ], [ -76.198, -11.624 ], [ -76.173, -11.614 ], [ -76.181, -11.614 ], [ -76.189, -11.59 ], [ -76.227, -11.554 ], [ -76.237, -11.569 ], [ -76.265, -11.567 ], [ -76.298, -11.596 ], [ -76.304, -11.568 ], [ -76.328, -11.544 ], [ -76.35, -11.542 ], [ -76.351, -11.52 ], [ -76.359, -11.523 ], [ -76.377, -11.501 ], [ -76.377, -11.444 ], [ -76.394, -11.445 ], [ -76.412, -11.416 ], [ -76.401, -11.403 ], [ -76.423, -11.355 ], [ -76.453, -11.342 ], [ -76.479, -11.291 ], [ -76.457, -11.273 ], [ -76.491, -11.247 ], [ -76.483, -11.237 ], [ -76.492, -11.189 ], [ -76.506, -11.174 ], [ -76.505, -11.144 ], [ -76.519, -11.117 ], [ -76.496, -11.11 ], [ -76.491, -11.089 ], [ -76.461, -11.084 ], [ -76.447, -11.071 ], [ -76.434, -11.08 ], [ -76.392, -11.071 ], [ -76.351, -11.094 ], [ -76.337, -11.082 ], [ -76.319, -11.091 ], [ -76.308, -11.133 ], [ -76.258, -11.152 ], [ -76.245, -11.143 ], [ -76.227, -11.156 ], [ -76.203, -11.149 ], [ -76.209, -11.17 ], [ -76.181, -11.181 ], [ -76.193, -11.202 ], [ -76.183, -11.218 ], [ -76.168, -11.221 ], [ -76.177, -11.242 ], [ -76.165, -11.271 ], [ -76.141, -11.294 ], [ -76.137, -11.315 ], [ -76.108, -11.335 ], [ -76.082, -11.388 ], [ -76.047, -11.372 ], [ -76.013, -11.376 ], [ -75.97, -11.353 ], [ -75.958, -11.334 ], [ -75.909, -11.376 ], [ -75.913, -11.384 ], [ -75.883, -11.403 ], [ -75.917, -11.417 ], [ -75.895, -11.456 ], [ -75.901, -11.466 ], [ -75.894, -11.458 ], [ -75.869, -11.509 ], [ -75.857, -11.507 ], [ -75.827, -11.537 ], [ -75.787, -11.559 ], [ -75.756, -11.64 ], [ -75.743, -11.646 ], [ -75.72, -11.676 ], [ -75.715, -11.701 ], [ -75.7, -11.713 ], [ -75.742, -11.749 ], [ -75.756, -11.776 ], [ -75.815, -11.79 ], [ -75.832, -11.77 ], [ -75.874, -11.77 ], [ -75.893, -11.784 ], [ -75.907, -11.874 ] ], [ [ -76.149, -11.625 ], [ -76.155, -11.626 ], [ -76.148, -11.626 ], [ -76.149, -11.625 ] ], [ [ -76.026, -11.598 ], [ -76.028, -11.588 ], [ -76.027, -11.597 ], [ -76.026, -11.598 ] ], [ [ -75.908, -11.478 ], [ -75.908, -11.479 ], [ -75.901, -11.473 ], [ -75.908, -11.478 ] ], [ [ -75.98, -11.646 ], [ -75.982, -11.633 ], [ -75.982, -11.64 ], [ -75.98, -11.646 ] ], [ [ -76.04, -11.729 ], [ -76.039, -11.741 ], [ -76.039, -11.738 ], [ -76.04, -11.729 ] ], [ [ -76.052, -11.755 ], [ -76.052, -11.757 ], [ -76.051, -11.76 ], [ -76.052, -11.755 ] ], [ [ -76.043, -11.775 ], [ -76.04, -11.775 ], [ -76.051, -11.761 ], [ -76.043, -11.775 ] ], [ [ -76.05, -11.824 ], [ -76.054, -11.828 ], [ -76.056, -11.834 ], [ -76.05, -11.824 ] ], [ [ -75.856, -11.682 ], [ -75.856, -11.681 ], [ -75.859, -11.682 ], [ -75.856, -11.682 ] ], [ [ -75.874, -11.71 ], [ -75.873, -11.709 ], [ -75.871, -11.702 ], [ -75.874, -11.71 ] ], [ [ -75.854, -11.673 ], [ -75.855, -11.678 ], [ -75.851, -11.666 ], [ -75.854, -11.673 ] ], [ [ -75.848, -11.655 ], [ -75.851, -11.662 ], [ -75.846, -11.653 ], [ -75.848, -11.655 ] ], [ [ -76.22, -11.549 ], [ -76.219, -11.549 ], [ -76.219, -11.546 ], [ -76.22, -11.549 ] ], [ [ -76.214, -11.538 ], [ -76.207, -11.534 ], [ -76.209, -11.534 ], [ -76.214, -11.538 ] ], [ [ -76.121, -11.458 ], [ -76.116, -11.454 ], [ -76.115, -11.45 ], [ -76.121, -11.458 ] ], [ [ -76.063, -11.54 ], [ -76.059, -11.541 ], [ -76.06, -11.54 ], [ -76.063, -11.54 ] ], [ [ -76.058, -11.543 ], [ -76.058, -11.546 ], [ -76.055, -11.541 ], [ -76.058, -11.543 ] ] ] } },
{ "type": "Feature", "properties": { "DEPARTAMEN": "JUNIN", "PROVINCIA": "CHUPACA", "clave": "JUNIN|CHUPACA" }, "geometry": { "type": "Polygon", "coordinates": [ [ [ -75.24, -12.149 ], [ -75.265, -12.157 ], [ -75.276, -12.178 ], [ -75.249, -12.224 ], [ -75.244, -12.242 ], [ -75.252, -12.255 ], [ -75.266, -12.25 ], [ -75.272, -12.267 ], [ -75.3, -12.258 ], [ -75.303, -12.27 ], [ -75.315, -12.27 ], [ -75.357, -12.309 ], [ -75.353, -12.328 ], [ -75.36, -12.336 ], [ -75.41, -12.364 ], [ -75.443, -12.37 ], [ -75.488, -12.398 ], [ -75.565, -12.413 ], [ -75.549, -12.364 ], [ -75.568, -12.332 ], [ -75.589, -12.325 ], [ -75.587, -12.299 ], [ -75.653, -12.206 ], [ -75.671, -12.192 ], [ -75.648, -12.174 ], [ -75.641, -12.149 ], [ -75.622, -12.14 ], [ -75.586, -12.145 ], [ -75.536, -12.187 ], [ -75.526, -12.164 ], [ -75.532, -12.146 ], [ -75.518, -12.121 ], [ -75.478, -12.105 ], [ -75.472, -12.087 ], [ -75.458, -12.079 ], [ -75.46, -12.067 ], [ -75.414, -12.058 ], [ -75.414, -12.048 ], [ -75.389, -12.033 ], [ -75.355, -12.028 ], [ -75.326, -12.008 ], [ -75.317, -12.041 ], [ -75.306, -12.049 ], [ -75.239, -12.063 ], [ -75.232, -12.096 ], [ -75.24, -12.149 ] ], [ [ -75.245, -12.094 ], [ -75.247, -12.094 ], [ -75.232, -12.096 ], [ -75.245, -12.094 ] ], [ [ -75.35, -12.126 ], [ -75.351, -12.115 ], [ -75.351, -12.124 ], [ -75.35, -12.126 ] ], [ [ -75.34, -12.138 ], [ -75.348, -12.13 ], [ -75.347, -12.132 ], [ -75.34, -12.138 ] ], [ [ -75.267, -12.098 ], [ -75.259, -12.102 ], [ -75.259, -12.096 ], [ -75.267, -12.098 ] ], [ [ -75.379, -12.104 ], [ -75.372, -12.101 ], [ -75.38, -12.094 ], [ -75.379, -12.104 ] ], [ [ -75.248, -12.128 ], [ -75.249, -12.143 ], [ -75.248, -12.143 ], [ -75.248, -12.128 ] ], [ [ -75.4, -12.156 ], [ -75.392, -12.156 ], [ -75.392, -12.155 ], [ -75.4, -12.156 ] ], [ [ -75.388, -12.119 ], [ -75.386, -12.109 ], [ -75.387, -12.109 ], [ -75.388, -12.119 ] ], [ [ -75.303, -12.174 ], [ -75.302, -12.173 ], [ -75.302, -12.172 ], [ -75.303, -12.174 ] ], [ [ -75.311, -12.182 ], [ -75.317, -12.193 ], [ -75.306, -12.177 ], [ -75.311, -12.182 ] ], [ [ -75.329, -12.237 ], [ -75.329, -12.239 ], [ -75.325, -12.234 ], [ -75.329, -12.237 ] ], [ [ -75.295, -12.086 ], [ -75.291, -12.087 ], [ -75.295, -12.085 ], [ -75.295, -12.086 ] ], [ [ -75.378, -12.044 ], [ -75.371, -12.049 ], [ -75.366, -12.05 ], [ -75.378, -12.044 ] ], [ [ -75.326, -12.122 ], [ -75.328, -12.13 ], [ -75.327, -12.133 ], [ -75.326, -12.122 ] ], [ [ -75.313, -12.049 ], [ -75.314, -12.05 ], [ -75.309, -12.049 ], [ -75.313, -12.049 ] ] ] } },
{ "type": "Feature", "properties": { "DEPARTAMEN": "LA LIBERTAD", "PROVINCIA": "TRUJILLO", "clave": "LA LIBERTAD|TRUJILLO" }, "geometry": { "type": "Polygon", "coordinates": [ [ [ -79.116, -8.097 ], [ -79.13, -8.06 ], [ -79.211, -7.999 ], [ -79.178, -7.978 ], [ -79.15, -7.944 ], [ -79.126, -7.937 ], [ -79.106, -7.982 ], [ -79.04, -7.988 ], [ -79.037, -7.971 ], [ -79.012, -7.96 ], [ -78.985, -7.893 ], [ -78.957, -7.903 ], [ -78.944, -7.892 ], [ -78.903, -7.887 ], [ -78.881, -7.837 ], [ -78.856, -7.825 ], [ -78.838, -7.804 ], [ -78.812, -7.797 ], [ -78.774, -7.802 ], [ -78.781, -7.82 ], [ -78.768, -7.833 ], [ -78.783, -7.863 ], [ -78.78, -7.884 ], [ -78.727, -7.883 ], [ -78.737, -7.911 ], [ -78.732, -7.928 ], [ -78.69, -7.946 ], [ -78.694, -7.973 ], [ -78.682, -7.997 ], [ -78.716, -8.017 ], [ -78.706, -8.039 ], [ -78.72, -8.05 ], [ -78.723, -8.092 ], [ -78.736, -8.097 ], [ -78.684, -8.091 ], [ -78.682, -8.125 ], [ -78.638, -8.13 ], [ -78.64, -8.145 ], [ -78.669, -8.141 ], [ -78.73, -8.172 ], [ -78.772, -8.176 ], [ -78.782, -8.21 ], [ -78.797, -8.201 ], [ -78.831, -8.204 ], [ -78.841, -8.191 ], [ -78.837, -8.229 ], [ -78.816, -8.233 ], [ -78.803, -8.251 ], [ -78.815, -8.272 ], [ -78.808, -8.287 ], [ -78.817, -8.31 ], [ -78.882, -8.343 ], [ -78.901, -8.371 ], [ -78.957, -8.293 ], [ -78.963, -8.262 ], [ -78.994, -8.236 ], [ -78.991, -8.226 ], [ -78.981, -8.228 ], [ -78.984, -8.213 ], [ -79.116, -8.097 ] ], [ [ -78.921, -7.968 ], [ -78.922, -7.967 ], [ -78.923, -7.968 ], [ -78.921, -7.968 ] ], [ [ -79.021, -8.074 ], [ -79.0, -8.066 ], [ -79.033, -8.072 ], [ -79.021, -8.074 ] ], [ [ -79.03, -8.084 ], [ -79.033, -8.077 ], [ -79.03, -8.088 ], [ -79.03, -8.084 ] ], [ [ -79.035, -8.087 ], [ -79.03, -8.089 ], [ -79.024, -8.089 ], [ -79.03, -8.088 ], [ -79.035, -8.087 ] ], [ [ -78.993, -8.09 ], [ -78.992, -8.089 ], [ -78.993, -8.084 ], [ -79.015, -8.086 ], [ -78.993, -8.09 ] ], [ [ -78.997, -8.179 ], [ -78.998, -8.18 ], [ -78.997, -8.19 ], [ -78.997, -8.179 ] ], [ [ -78.968, -8.164 ], [ -78.97, -8.162 ], [ -78.969, -8.164 ], [ -78.968, -8.164 ] ], [ [ -78.825, -8.014 ], [ -78.826, -8.015 ], [ -78.81, -8.019 ], [ -78.825, -8.014 ] ], [ [ -78.756, -7.973 ], [ -78.757, -7.974 ], [ -78.752, -7.974 ], [ -78.756, -7.973 ] ] ] } },
{ "type": "Feature", "properties": { "DEPARTAMEN": "LA LIBERTAD", "PROVINCIA": "ASCOPE", "clave": "LA LIBERTAD|ASCOPE" }, "geometry": { "type": "Polygon", "coordinates": [ [ [ -79.211, -7.999 ], [ -79.308, -7.925 ], [ -79.375, -7.843 ], [ -79.39, -7.791 ], [ -79.466, -7.712 ], [ -79.435, -7.691 ], [ -79.456, -7.637 ], [ -79.386, -7.598 ], [ -79.358, -7.559 ], [ -79.336, -7.582 ], [ -79.31, -7.578 ], [ -79.292, -7.545 ], [ -79.296, -7.513 ], [ -79.262, -7.505 ], [ -79.268, -7.49 ], [ -79.254, -7.463 ], [ -79.239, -7.458 ], [ -79.242, -7.45 ], [ -79.212, -7.422 ], [ -79.207, -7.402 ], [ -79.187, -7.389 ], [ -79.154, -7.439 ], [ -79.123, -7.442 ], [ -79.065, -7.473 ], [ -79.072, -7.505 ], [ -79.057, -7.528 ], [ -79.06, -7.547 ], [ -79.039, -7.562 ], [ -79.041, -7.6 ], [ -78.993, -7.661 ], [ -78.962, -7.659 ], [ -78.941, -7.617 ], [ -78.918, -7.603 ], [ -78.839, -7.59 ], [ -78.824, -7.575 ], [ -78.807, -7.574 ], [ -78.794, -7.609 ], [ -78.805, -7.635 ], [ -78.817, -7.64 ], [ -78.83, -7.633 ], [ -78.895, -7.645 ], [ -78.898, -7.675 ], [ -78.912, -7.686 ], [ -78.914, -7.719 ], [ -78.901, -7.726 ], [ -78.888, -7.752 ], [ -78.89, -7.772 ], [ -78.869, -7.771 ], [ -78.86, -7.789 ], [ -78.833, -7.784 ], [ -78.816, -7.796 ], [ -78.881, -7.837 ], [ -78.903, -7.887 ], [ -78.944, -7.892 ], [ -78.955, -7.903 ], [ -78.985, -7.893 ], [ -79.012, -7.96 ], [ -79.037, -7.971 ], [ -79.04, -7.988 ], [ -79.106, -7.982 ], [ -79.126, -7.937 ], [ -79.15, -7.944 ], [ -79.211, -7.999 ] ], [ [ -79.31, -7.795 ], [ -79.339, -7.803 ], [ -79.31, -7.796 ], [ -79.31, -7.795 ] ], [ [ -79.305, -7.799 ], [ -79.309, -7.796 ], [ -79.306, -7.799 ], [ -79.305, -7.799 ] ], [ [ -79.242, -7.732 ], [ -79.245, -7.743 ], [ -79.243, -7.738 ], [ -79.242, -7.732 ] ], [ [ -79.141, -7.772 ], [ -79.152, -7.784 ], [ -79.155, -7.789 ], [ -79.141, -7.772 ] ], [ [ -79.198, -7.839 ], [ -79.195, -7.838 ], [ -79.207, -7.839 ], [ -79.198, -7.839 ] ], [ [ -79.276, -7.695 ], [ -79.277, -7.696 ], [ -79.276, -7.697 ], [ -79.276, -7.695 ] ], [ [ -79.291, -7.682 ], [ -79.296, -7.677 ], [ -79.298, -7.677 ], [ -79.291, -7.682 ] ], [ [ -79.3, -7.677 ], [ -79.306, -7.68 ], [ -79.298, -7.677 ], [ -79.3, -7.677 ] ], [ [ -79.313, -7.769 ], [ -79.314, -7.769 ], [ -79.313, -7.771 ], [ -79.313, -7.769 ] ], [ [ -79.162, -7.634 ], [ -79.166, -7.636 ], [ -79.177, -7.646 ], [ -79.162, -7.634 ] ] ] } },
{ "type": "Feature", "properties": { "DEPARTAMEN": "LA LIBERTAD", "PROVINCIA": "BOLIVAR", "clave": "LA LIBERTAD|BOLIVAR" }, "geometry": { "type": "Polygon", "coordinates": [ [ [ -77.539, -7.507 ], [ -77.521, -7.51 ], [ -77.541, -7.564 ], [ -77.538, -7.581 ], [ -77.497, -7.583 ], [ -77.486, -7.604 ], [ -77.495, -7.614 ], [ -77.528, -7.616 ], [ -77.523, -7.633 ], [ -77.539, -7.649 ], [ -77.532, -7.663 ], [ -77.552, -7.674 ], [ -77.606, -7.647 ], [ -77.633, -7.615 ], [ -77.701, -7.594 ], [ -77.698, -7.565 ], [ -77.744, -7.507 ], [ -77.741, -7.467 ], [ -77.755, -7.441 ], [ -77.767, -7.441 ], [ -77.772, -7.419 ], [ -77.825, -7.379 ], [ -77.829, -7.344 ], [ -77.838, -7.341 ], [ -77.833, -7.305 ], [ -77.857, -7.283 ], [ -77.859, -7.254 ], [ -77.849, -7.236 ], [ -77.882, -7.221 ], [ -77.881, -7.195 ], [ -77.898, -7.181 ], [ -77.898, -7.167 ], [ -77.924, -7.156 ], [ -77.93, -7.106 ], [ -77.966, -7.051 ], [ -77.971, -7.026 ], [ -77.987, -7.013 ], [ -77.985, -7.001 ], [ -78.001, -6.988 ], [ -77.989, -6.977 ], [ -77.999, -6.968 ], [ -77.985, -6.963 ], [ -77.962, -6.977 ], [ -77.94, -6.976 ], [ -77.931, -6.987 ], [ -77.899, -6.98 ], [ -77.88, -6.963 ], [ -77.843, -6.977 ], [ -77.833, -6.957 ], [ -77.802, -6.966 ], [ -77.778, -6.942 ], [ -77.747, -6.986 ], [ -77.739, -7.037 ], [ -77.707, -7.068 ], [ -77.718, -7.086 ], [ -77.714, -7.107 ], [ -77.641, -7.151 ], [ -77.634, -7.169 ], [ -77.616, -7.178 ], [ -77.621, -7.192 ], [ -77.606, -7.219 ], [ -77.638, -7.243 ], [ -77.647, -7.242 ], [ -77.645, -7.253 ], [ -77.637, -7.254 ], [ -77.647, -7.27 ], [ -77.628, -7.321 ], [ -77.639, -7.343 ], [ -77.622, -7.397 ], [ -77.631, -7.414 ], [ -77.615, -7.419 ], [ -77.599, -7.456 ], [ -77.592, -7.444 ], [ -77.569, -7.457 ], [ -77.539, -7.507 ] ], [ [ -77.829, -7.107 ], [ -77.828, -7.113 ], [ -77.823, -7.118 ], [ -77.829, -7.107 ] ] ] } },
{ "type": "Feature", "properties": { "DEPARTAMEN": "LA LIBERTAD", "PROVINCIA": "CHEPEN", "clave": "LA LIBERTAD|CHEPEN" }, "geometry": { "type": "Polygon", "coordinates": [ [ [ -79.281, -7.157 ], [ -79.275, -7.183 ], [ -79.252, -7.198 ], [ -79.276, -7.216 ], [ -79.269, -7.228 ], [ -79.279, -7.248 ], [ -79.269, -7.278 ], [ -79.307, -7.284 ], [ -79.328, -7.309 ], [ -79.358, -7.325 ], [ -79.406, -7.3 ], [ -79.425, -7.255 ], [ -79.462, -7.224 ], [ -79.472, -7.23 ], [ -79.489, -7.221 ], [ -79.486, -7.23 ], [ -79.501, -7.234 ], [ -79.51, -7.259 ], [ -79.541, -7.246 ], [ -79.556, -7.287 ], [ -79.6, -7.286 ], [ -79.621, -7.25 ], [ -79.691, -7.177 ], [ -79.529, -7.005 ], [ -79.508, -6.97 ], [ -79.469, -6.967 ], [ -79.452, -6.946 ], [ -79.401, -6.957 ], [ -79.36, -7.005 ], [ -79.323, -7.026 ], [ -79.33, -7.076 ], [ -79.313, -7.09 ], [ -79.314, -7.121 ], [ -79.296, -7.13 ], [ -79.305, -7.147 ], [ -79.281, -7.157 ] ], [ [ -79.467, -7.212 ], [ -79.464, -7.215 ], [ -79.464, -7.214 ], [ -79.467, -7.212 ] ], [ [ -79.316, -7.141 ], [ -79.326, -7.145 ], [ -79.312, -7.141 ], [ -79.316, -7.141 ] ] ] } },
{ "type": "Feature", "properties": { "DEPARTAMEN": "LA LIBERTAD", "PROVINCIA": "JULCAN", "clave": "LA LIBERTAD|JULCAN" }, "geometry": { "type": "Polygon", "coordinates": [ [ [ -78.304, -8.17 ], [ -78.301, -8.236 ], [ -78.313, -8.253 ], [ -78.347, -8.271 ], [ -78.37, -8.307 ], [ -78.413, -8.304 ], [ -78.424, -8.358 ], [ -78.442, -8.382 ], [ -78.472, -8.387 ], [ -78.495, -8.37 ], [ -78.479, -8.351 ], [ -78.487, -8.346 ], [ -78.588, -8.307 ], [ -78.566, -8.251 ], [ -78.596, -8.236 ], [ -78.607, -8.195 ], [ -78.652, -8.185 ], [ -78.637, -8.156 ], [ -78.638, -8.13 ], [ -78.682, -8.125 ], [ -78.682, -8.097 ], [ -78.652, -8.091 ], [ -78.634, -8.097 ], [ -78.619, -8.069 ], [ -78.599, -8.061 ], [ -78.536, -8.084 ], [ -78.533, -8.043 ], [ -78.514, -8.023 ], [ -78.501, -8.027 ], [ -78.467, -7.993 ], [ -78.431, -8.0 ], [ -78.406, -7.99 ], [ -78.382, -8.017 ], [ -78.352, -8.025 ], [ -78.347, -8.041 ], [ -78.326, -8.056 ], [ -78.304, -8.052 ], [ -78.288, -8.063 ], [ -78.316, -8.146 ], [ -78.329, -8.151 ], [ -78.304, -8.17 ] ] ] } },
{ "type": "Feature", "properties": { "DEPARTAMEN": "LA LIBERTAD", "PROVINCIA": "OTUZCO", "clave": "LA LIBERTAD|OTUZCO" }, "geometry": { "type": "Polygon", "coordinates": [ [ [ -78.514, -8.023 ], [ -78.533, -8.043 ], [ -78.536, -8.084 ], [ -78.602, -8.061 ], [ -78.625, -8.076 ], [ -78.635, -8.098 ], [ -78.723, -8.092 ], [ -78.72, -8.05 ], [ -78.706, -8.039 ], [ -78.716, -8.017 ], [ -78.679, -7.995 ], [ -78.694, -7.973 ], [ -78.69, -7.946 ], [ -78.732, -7.928 ], [ -78.737, -7.911 ], [ -78.723, -7.881 ], [ -78.779, -7.884 ], [ -78.783, -7.863 ], [ -78.768, -7.833 ], [ -78.781, -7.82 ], [ -78.774, -7.802 ], [ -78.816, -7.797 ], [ -78.833, -7.784 ], [ -78.859, -7.789 ], [ -78.863, -7.774 ], [ -78.89, -7.772 ], [ -78.888, -7.752 ], [ -78.914, -7.718 ], [ -78.896, -7.645 ], [ -78.829, -7.633 ], [ -78.792, -7.64 ], [ -78.77, -7.667 ], [ -78.713, -7.704 ], [ -78.699, -7.755 ], [ -78.665, -7.797 ], [ -78.627, -7.751 ], [ -78.601, -7.736 ], [ -78.596, -7.703 ], [ -78.552, -7.726 ], [ -78.533, -7.721 ], [ -78.499, -7.697 ], [ -78.48, -7.669 ], [ -78.455, -7.656 ], [ -78.49, -7.634 ], [ -78.472, -7.637 ], [ -78.448, -7.623 ], [ -78.442, -7.641 ], [ -78.361, -7.644 ], [ -78.348, -7.685 ], [ -78.33, -7.7 ], [ -78.304, -7.696 ], [ -78.289, -7.707 ], [ -78.276, -7.72 ], [ -78.281, -7.747 ], [ -78.261, -7.754 ], [ -78.273, -7.797 ], [ -78.252, -7.837 ], [ -78.254, -7.888 ], [ -78.303, -7.894 ], [ -78.321, -7.907 ], [ -78.328, -7.934 ], [ -78.366, -7.95 ], [ -78.379, -7.976 ], [ -78.431, -8.0 ], [ -78.467, -7.993 ], [ -78.502, -8.027 ], [ -78.514, -8.023 ] ], [ [ -78.629, -7.963 ], [ -78.635, -7.969 ], [ -78.628, -7.963 ], [ -78.629, -7.963 ] ], [ [ -78.56, -7.923 ], [ -78.566, -7.923 ], [ -78.554, -7.924 ], [ -78.56, -7.923 ] ], [ [ -78.521, -7.932 ], [ -78.527, -7.935 ], [ -78.523, -7.934 ], [ -78.521, -7.932 ] ], [ [ -78.517, -7.926 ], [ -78.52, -7.931 ], [ -78.513, -7.924 ], [ -78.517, -7.926 ] ], [ [ -78.553, -8.019 ], [ -78.556, -8.021 ], [ -78.557, -8.024 ], [ -78.553, -8.019 ] ], [ [ -78.706, -7.872 ], [ -78.707, -7.873 ], [ -78.69, -7.874 ], [ -78.706, -7.872 ] ], [ [ -78.652, -7.858 ], [ -78.653, -7.858 ], [ -78.652, -7.859 ], [ -78.652, -7.858 ] ], [ [ -78.535, -7.745 ], [ -78.543, -7.741 ], [ -78.538, -7.745 ], [ -78.535, -7.745 ] ], [ [ -78.525, -7.749 ], [ -78.528, -7.749 ], [ -78.513, -7.755 ], [ -78.525, -7.749 ] ], [ [ -78.493, -7.754 ], [ -78.5, -7.754 ], [ -78.505, -7.755 ], [ -78.493, -7.754 ] ], [ [ -78.652, -7.854 ], [ -78.645, -7.846 ], [ -78.649, -7.849 ], [ -78.652, -7.854 ] ], [ [ -78.633, -7.831 ], [ -78.634, -7.833 ], [ -78.626, -7.827 ], [ -78.633, -7.831 ] ], [ [ -78.502, -7.769 ], [ -78.501, -7.76 ], [ -78.502, -7.757 ], [ -78.502, -7.769 ] ], [ [ -78.502, -7.803 ], [ -78.501, -7.802 ], [ -78.502, -7.795 ], [ -78.502, -7.803 ] ], [ [ -78.51, -7.819 ], [ -78.503, -7.808 ], [ -78.502, -7.805 ], [ -78.51, -7.819 ] ], [ [ -78.51, -7.836 ], [ -78.501, -7.845 ], [ -78.511, -7.834 ], [ -78.51, -7.836 ] ], [ [ -78.464, -7.747 ], [ -78.465, -7.746 ], [ -78.47, -7.751 ], [ -78.464, -7.747 ] ] ] } },
{ "type": "Feature", "properties": { "DEPARTAMEN": "LA LIBERTAD", "PROVINCIA": "PACASMAYO", "clave": "LA LIBERTAD|PACASMAYO" }, "geometry": { "type": "Polygon", "coordinates": [ [ [ -79.231, -7.391 ], [ -79.197, -7.373 ], [ -79.186, -7.377 ], [ -79.187, -7.389 ], [ -79.207, -7.402 ], [ -79.212, -7.422 ], [ -79.242, -7.45 ], [ -79.239, -7.458 ], [ -79.254, -7.463 ], [ -79.268, -7.49 ], [ -79.262, -7.505 ], [ -79.296, -7.513 ], [ -79.292, -7.545 ], [ -79.311, -7.578 ], [ -79.319, -7.584 ], [ -79.329, -7.575 ], [ -79.336, -7.582 ], [ -79.358, -7.559 ], [ -79.386, -7.598 ], [ -79.456, -7.637 ], [ -79.577, -7.462 ], [ -79.588, -7.414 ], [ -79.57, -7.389 ], [ -79.589, -7.351 ], [ -79.588, -7.318 ], [ -79.6, -7.286 ], [ -79.556, -7.287 ], [ -79.541, -7.246 ], [ -79.509, -7.259 ], [ -79.501, -7.234 ], [ -79.486, -7.23 ], [ -79.488, -7.221 ], [ -79.472, -7.23 ], [ -79.462, -7.224 ], [ -79.423, -7.257 ], [ -79.406, -7.3 ], [ -79.371, -7.32 ], [ -79.379, -7.327 ], [ -79.369, -7.324 ], [ -79.316, -7.36 ], [ -79.283, -7.349 ], [ -79.274, -7.366 ], [ -79.231, -7.391 ] ], [ [ -79.447, -7.372 ], [ -79.448, -7.37 ], [ -79.447, -7.387 ], [ -79.447, -7.372 ] ], [ [ -79.515, -7.352 ], [ -79.536, -7.371 ], [ -79.514, -7.353 ], [ -79.515, -7.352 ] ], [ [ -79.462, -7.322 ], [ -79.461, -7.323 ], [ -79.452, -7.326 ], [ -79.462, -7.322 ] ], [ [ -79.481, -7.325 ], [ -79.496, -7.333 ], [ -79.48, -7.325 ], [ -79.481, -7.325 ] ] ] } },
{ "type": "Feature", "properties": { "DEPARTAMEN": "LA LIBERTAD", "PROVINCIA": "PATAZ", "clave": "LA LIBERTAD|PATAZ" }, "geometry": { "type": "Polygon", "coordinates": [ [ [ -77.46, -8.334 ], [ -77.478, -8.327 ], [ -77.491, -8.283 ], [ -77.528, -8.267 ], [ -77.531, -8.243 ], [ -77.574, -8.232 ], [ -77.573, -8.21 ], [ -77.557, -8.194 ], [ -77.575, -8.168 ], [ -77.605, -8.156 ], [ -77.602, -8.136 ], [ -77.637, -8.108 ], [ -77.619, -8.08 ], [ -77.644, -8.067 ], [ -77.649, -8.032 ], [ -77.641, -7.961 ], [ -77.624, -7.945 ], [ -77.627, -7.901 ], [ -77.636, -7.891 ], [ -77.623, -7.874 ], [ -77.656, -7.798 ], [ -77.654, -7.77 ], [ -77.669, -7.722 ], [ -77.655, -7.71 ], [ -77.677, -7.687 ], [ -77.676, -7.641 ], [ -77.698, -7.615 ], [ -77.701, -7.594 ], [ -77.633, -7.615 ], [ -77.606, -7.647 ], [ -77.559, -7.674 ], [ -77.518, -7.654 ], [ -77.498, -7.686 ], [ -77.461, -7.679 ], [ -77.461, -7.691 ], [ -77.484, -7.698 ], [ -77.483, -7.719 ], [ -77.496, -7.738 ], [ -77.528, -7.756 ], [ -77.525, -7.769 ], [ -77.507, -7.77 ], [ -77.479, -7.804 ], [ -77.443, -7.814 ], [ -77.432, -7.842 ], [ -77.438, -7.85 ], [ -77.409, -7.902 ], [ -77.377, -7.909 ], [ -77.388, -7.964 ], [ -77.407, -7.992 ], [ -77.375, -8.032 ], [ -77.385, -8.055 ], [ -77.372, -8.065 ], [ -77.327, -8.055 ], [ -77.307, -8.057 ], [ -77.302, -8.068 ], [ -77.281, -8.049 ], [ -77.26, -8.048 ], [ -77.235, -8.012 ], [ -77.201, -8.013 ], [ -77.151, -8.032 ], [ -77.111, -8.025 ], [ -77.018, -8.054 ], [ -76.985, -8.114 ], [ -76.95, -8.138 ], [ -76.933, -8.137 ], [ -76.907, -8.171 ], [ -76.926, -8.218 ], [ -76.901, -8.283 ], [ -76.914, -8.326 ], [ -76.932, -8.343 ], [ -76.927, -8.359 ], [ -76.943, -8.36 ], [ -76.951, -8.376 ], [ -76.968, -8.371 ], [ -76.977, -8.396 ], [ -76.992, -8.396 ], [ -77.0, -8.382 ], [ -77.034, -8.405 ], [ -77.068, -8.397 ], [ -77.087, -8.408 ], [ -77.104, -8.444 ], [ -77.134, -8.44 ], [ -77.186, -8.48 ], [ -77.203, -8.485 ], [ -77.264, -8.467 ], [ -77.283, -8.506 ], [ -77.317, -8.53 ], [ -77.335, -8.533 ], [ -77.4, -8.482 ], [ -77.405, -8.441 ], [ -77.439, -8.421 ], [ -77.438, -8.401 ], [ -77.45, -8.376 ], [ -77.442, -8.367 ], [ -77.452, -8.362 ], [ -77.46, -8.334 ] ], [ [ -77.384, -8.268 ], [ -77.377, -8.257 ], [ -77.382, -8.262 ], [ -77.384, -8.268 ] ], [ [ -77.355, -8.161 ], [ -77.341, -8.157 ], [ -77.342, -8.156 ], [ -77.355, -8.161 ] ], [ [ -77.358, -8.159 ], [ -77.359, -8.16 ], [ -77.355, -8.161 ], [ -77.358, -8.159 ] ], [ [ -77.362, -8.162 ], [ -77.36, -8.16 ], [ -77.361, -8.16 ], [ -77.362, -8.162 ] ], [ [ -77.582, -8.09 ], [ -77.574, -8.092 ], [ -77.577, -8.09 ], [ -77.582, -8.09 ] ], [ [ -77.512, -8.047 ], [ -77.507, -8.057 ], [ -77.509, -8.051 ], [ -77.512, -8.047 ] ], [ [ -77.474, -8.099 ], [ -77.479, -8.078 ], [ -77.475, -8.098 ], [ -77.474, -8.099 ] ], [ [ -77.423, -8.219 ], [ -77.422, -8.231 ], [ -77.418, -8.228 ], [ -77.418, -8.227 ], [ -77.423, -8.219 ] ], [ [ -77.629, -7.967 ], [ -77.626, -7.967 ], [ -77.63, -7.966 ], [ -77.629, -7.967 ] ], [ [ -77.492, -7.946 ], [ -77.494, -7.945 ], [ -77.49, -7.952 ], [ -77.492, -7.946 ] ], [ [ -77.432, -7.995 ], [ -77.434, -7.993 ], [ -77.426, -8.005 ], [ -77.432, -7.995 ] ], [ [ -77.335, -8.354 ], [ -77.321, -8.356 ], [ -77.329, -8.354 ], [ -77.335, -8.354 ] ], [ [ -77.346, -8.186 ], [ -77.348, -8.184 ], [ -77.351, -8.184 ], [ -77.346, -8.186 ] ], [ [ -77.273, -8.243 ], [ -77.271, -8.242 ], [ -77.276, -8.241 ], [ -77.273, -8.243 ] ], [ [ -77.164, -8.331 ], [ -77.172, -8.334 ], [ -77.163, -8.332 ], [ -77.164, -8.331 ] ], [ [ -77.111, -8.431 ], [ -77.108, -8.435 ], [ -77.111, -8.428 ], [ -77.111, -8.431 ] ] ] } },
{ "type": "Feature", "properties": { "DEPARTAMEN": "LA LIBERTAD", "PROVINCIA": "SANCHEZ CARRION", "clave": "LA LIBERTAD|SANCHEZ CARRION" }, "geometry": { "type": "Polygon", "coordinates": [ [ [ -77.719, -7.968 ], [ -77.756, -7.991 ], [ -77.755, -8.002 ], [ -77.79, -8.008 ], [ -77.804, -8.007 ], [ -77.838, -7.975 ], [ -77.865, -7.987 ], [ -77.877, -7.979 ], [ -77.888, -8.0 ], [ -77.906, -7.993 ], [ -77.92, -8.0 ], [ -77.961, -7.971 ], [ -77.959, -8.0 ], [ -77.973, -8.012 ], [ -77.986, -7.982 ], [ -78.007, -7.981 ], [ -78.032, -7.907 ], [ -78.048, -7.926 ], [ -78.065, -7.928 ], [ -78.071, -7.944 ], [ -78.133, -7.957 ], [ -78.147, -7.933 ], [ -78.188, -7.941 ], [ -78.215, -7.894 ], [ -78.217, -7.902 ], [ -78.243, -7.882 ], [ -78.253, -7.887 ], [ -78.249, -7.853 ], [ -78.27, -7.813 ], [ -78.273, -7.783 ], [ -78.261, -7.773 ], [ -78.261, -7.754 ], [ -78.222, -7.763 ], [ -78.213, -7.758 ], [ -78.219, -7.724 ], [ -78.198, -7.729 ], [ -78.19, -7.718 ], [ -78.171, -7.713 ], [ -78.141, -7.683 ], [ -78.142, -7.665 ], [ -78.128, -7.653 ], [ -78.093, -7.675 ], [ -78.079, -7.716 ], [ -78.081, -7.696 ], [ -78.05, -7.679 ], [ -77.999, -7.679 ], [ -77.974, -7.667 ], [ -77.963, -7.674 ], [ -77.96, -7.655 ], [ -77.937, -7.657 ], [ -77.941, -7.641 ], [ -77.913, -7.626 ], [ -77.922, -7.6 ], [ -77.876, -7.585 ], [ -77.865, -7.599 ], [ -77.857, -7.524 ], [ -77.792, -7.5 ], [ -77.771, -7.482 ], [ -77.746, -7.479 ], [ -77.743, -7.508 ], [ -77.698, -7.565 ], [ -77.699, -7.614 ], [ -77.675, -7.645 ], [ -77.677, -7.687 ], [ -77.655, -7.71 ], [ -77.669, -7.722 ], [ -77.654, -7.77 ], [ -77.657, -7.796 ], [ -77.623, -7.872 ], [ -77.636, -7.891 ], [ -77.627, -7.9 ], [ -77.624, -7.945 ], [ -77.64, -7.961 ], [ -77.641, -7.984 ], [ -77.67, -7.983 ], [ -77.718, -7.959 ], [ -77.719, -7.968 ] ], [ [ -77.724, -7.959 ], [ -77.729, -7.964 ], [ -77.728, -7.964 ], [ -77.724, -7.959 ] ], [ [ -77.746, -7.909 ], [ -77.747, -7.909 ], [ -77.746, -7.912 ], [ -77.746, -7.909 ] ], [ [ -77.738, -7.961 ], [ -77.739, -7.958 ], [ -77.739, -7.961 ], [ -77.738, -7.961 ] ], [ [ -78.113, -7.828 ], [ -78.114, -7.832 ], [ -78.112, -7.827 ], [ -78.113, -7.828 ] ], [ [ -78.106, -7.812 ], [ -78.104, -7.821 ], [ -78.103, -7.82 ], [ -78.106, -7.812 ] ], [ [ -77.935, -7.694 ], [ -77.939, -7.696 ], [ -77.934, -7.695 ], [ -77.935, -7.694 ] ], [ [ -77.928, -7.697 ], [ -77.93, -7.697 ], [ -77.927, -7.698 ], [ -77.928, -7.697 ] ], [ [ -77.945, -7.79 ], [ -77.942, -7.789 ], [ -77.944, -7.789 ], [ -77.945, -7.79 ] ], [ [ -77.94, -7.789 ], [ -77.926, -7.799 ], [ -77.939, -7.789 ], [ -77.94, -7.789 ] ], [ [ -77.98, -7.904 ], [ -77.982, -7.903 ], [ -77.984, -7.904 ], [ -77.98, -7.904 ] ], [ [ -77.97, -7.906 ], [ -77.966, -7.905 ], [ -77.976, -7.905 ], [ -77.97, -7.906 ] ], [ [ -77.962, -7.905 ], [ -77.949, -7.897 ], [ -77.965, -7.905 ], [ -77.962, -7.905 ] ], [ [ -77.629, -7.944 ], [ -77.628, -7.942 ], [ -77.632, -7.945 ], [ -77.629, -7.944 ] ], [ [ -77.735, -7.766 ], [ -77.737, -7.769 ], [ -77.736, -7.769 ], [ -77.735, -7.766 ] ], [ [ -77.736, -7.755 ], [ -77.736, -7.761 ], [ -77.735, -7.766 ], [ -77.736, -7.755 ] ], [ [ -77.839, -7.639 ], [ -77.826, -7.64 ], [ -77.844, -7.637 ], [ -77.839, -7.639 ] ], [ [ -77.785, -7.662 ], [ -77.787, -7.662 ], [ -77.787, -7.664 ], [ -77.785, -7.662 ] ], [ [ -77.785, -7.684 ], [ -77.788, -7.68 ], [ -77.781, -7.694 ], [ -77.785, -7.684 ] ] ] } },
{ "type": "Feature", "properties": { "DEPARTAMEN": "LA LIBERTAD", "PROVINCIA": "SANTIAGO DE CHUCO", "clave": "LA LIBERTAD|SANTIAGO DE CHUCO" }, "geometry": { "type": "Polygon", "coordinates": [ [ [ -77.933, -8.197 ], [ -78.015, -8.223 ], [ -78.029, -8.238 ], [ -78.029, -8.239 ], [ -78.037, -8.256 ], [ -78.118, -8.309 ], [ -78.108, -8.338 ], [ -78.137, -8.369 ], [ -78.139, -8.427 ], [ -78.157, -8.479 ], [ -78.203, -8.526 ], [ -78.217, -8.557 ], [ -78.194, -8.6 ], [ -78.201, -8.623 ], [ -78.236, -8.653 ], [ -78.29, -8.549 ], [ -78.266, -8.537 ], [ -78.281, -8.511 ], [ -78.262, -8.469 ], [ -78.296, -8.462 ], [ -78.333, -8.467 ], [ -78.343, -8.484 ], [ -78.375, -8.46 ], [ -78.374, -8.404 ], [ -78.395, -8.402 ], [ -78.407, -8.412 ], [ -78.411, -8.393 ], [ -78.426, -8.39 ], [ -78.43, -8.36 ], [ -78.415, -8.335 ], [ -78.413, -8.304 ], [ -78.37, -8.307 ], [ -78.347, -8.271 ], [ -78.312, -8.252 ], [ -78.3, -8.234 ], [ -78.304, -8.169 ], [ -78.324, -8.154 ], [ -78.288, -8.063 ], [ -78.304, -8.052 ], [ -78.328, -8.055 ], [ -78.353, -8.033 ], [ -78.352, -8.025 ], [ -78.382, -8.017 ], [ -78.406, -7.99 ], [ -78.379, -7.976 ], [ -78.366, -7.95 ], [ -78.328, -7.934 ], [ -78.32, -7.906 ], [ -78.303, -7.894 ], [ -78.26, -7.894 ], [ -78.244, -7.881 ], [ -78.217, -7.902 ], [ -78.212, -7.897 ], [ -78.189, -7.941 ], [ -78.146, -7.933 ], [ -78.132, -7.96 ], [ -78.113, -7.948 ], [ -78.071, -7.944 ], [ -78.066, -7.929 ], [ -78.046, -7.925 ], [ -78.032, -7.907 ], [ -78.007, -7.982 ], [ -77.986, -7.982 ], [ -77.974, -8.012 ], [ -77.966, -8.015 ], [ -77.961, -7.971 ], [ -77.92, -8.0 ], [ -77.906, -7.993 ], [ -77.888, -8.0 ], [ -77.877, -7.979 ], [ -77.865, -7.987 ], [ -77.838, -7.975 ], [ -77.804, -8.007 ], [ -77.755, -8.002 ], [ -77.756, -7.991 ], [ -77.72, -7.968 ], [ -77.718, -7.959 ], [ -77.67, -7.983 ], [ -77.641, -7.983 ], [ -77.648, -8.051 ], [ -77.666, -8.058 ], [ -77.718, -8.073 ], [ -77.786, -8.079 ], [ -77.81, -8.068 ], [ -77.852, -8.075 ], [ -77.869, -8.056 ], [ -77.896, -8.062 ], [ -77.933, -8.197 ] ], [ [ -78.014, -8.066 ], [ -78.029, -8.063 ], [ -78.025, -8.065 ], [ -78.014, -8.066 ] ], [ [ -77.989, -8.052 ], [ -77.992, -8.053 ], [ -77.989, -8.053 ], [ -77.989, -8.052 ] ], [ [ -77.977, -8.062 ], [ -77.98, -8.059 ], [ -77.978, -8.062 ], [ -77.977, -8.062 ] ], [ [ -78.003, -8.106 ], [ -77.988, -8.1 ], [ -78.002, -8.105 ], [ -78.003, -8.106 ] ], [ [ -78.004, -8.127 ], [ -78.003, -8.107 ], [ -78.004, -8.108 ], [ -78.004, -8.127 ] ], [ [ -78.032, -8.16 ], [ -78.024, -8.15 ], [ -78.031, -8.157 ], [ -78.032, -8.16 ] ], [ [ -78.024, -8.172 ], [ -78.031, -8.169 ], [ -78.027, -8.172 ], [ -78.024, -8.172 ] ], [ [ -78.171, -8.107 ], [ -78.173, -8.109 ], [ -78.169, -8.108 ], [ -78.171, -8.107 ] ], [ [ -78.161, -8.119 ], [ -78.159, -8.123 ], [ -78.161, -8.118 ], [ -78.161, -8.119 ] ], [ [ -77.955, -8.049 ], [ -77.958, -8.059 ], [ -77.956, -8.056 ], [ -77.955, -8.049 ] ], [ [ -77.964, -8.034 ], [ -77.964, -8.036 ], [ -77.955, -8.049 ], [ -77.964, -8.034 ] ], [ [ -77.954, -8.056 ], [ -77.948, -8.056 ], [ -77.953, -8.055 ], [ -77.954, -8.056 ] ], [ [ -78.158, -8.068 ], [ -78.158, -8.07 ], [ -78.156, -8.074 ], [ -78.158, -8.068 ] ] ] } },
{ "type": "Feature", "properties": { "DEPARTAMEN": "LA LIBERTAD", "PROVINCIA": "GRAN CHIMU", "clave": "LA LIBERTAD|GRAN CHIMU" }, "geometry": { "type": "Polygon", "coordinates": [ [ [ -78.554, -7.557 ], [ -78.545, -7.549 ], [ -78.491, -7.555 ], [ -78.416, -7.485 ], [ -78.322, -7.504 ], [ -78.349, -7.511 ], [ -78.361, -7.53 ], [ -78.357, -7.573 ], [ -78.378, -7.594 ], [ -78.383, -7.63 ], [ -78.376, -7.64 ], [ -78.442, -7.641 ], [ -78.448, -7.622 ], [ -78.472, -7.637 ], [ -78.491, -7.633 ], [ -78.455, -7.657 ], [ -78.48, -7.668 ], [ -78.499, -7.697 ], [ -78.533, -7.721 ], [ -78.551, -7.726 ], [ -78.587, -7.703 ], [ -78.599, -7.703 ], [ -78.601, -7.736 ], [ -78.627, -7.751 ], [ -78.665, -7.797 ], [ -78.697, -7.76 ], [ -78.713, -7.704 ], [ -78.803, -7.637 ], [ -78.794, -7.608 ], [ -78.808, -7.573 ], [ -78.858, -7.595 ], [ -78.908, -7.598 ], [ -78.944, -7.619 ], [ -78.944, -7.598 ], [ -78.913, -7.551 ], [ -78.851, -7.522 ], [ -78.861, -7.498 ], [ -78.885, -7.481 ], [ -78.848, -7.453 ], [ -78.842, -7.438 ], [ -78.804, -7.419 ], [ -78.801, -7.404 ], [ -78.789, -7.395 ], [ -78.781, -7.424 ], [ -78.76, -7.402 ], [ -78.734, -7.421 ], [ -78.664, -7.404 ], [ -78.655, -7.426 ], [ -78.639, -7.433 ], [ -78.628, -7.453 ], [ -78.627, -7.479 ], [ -78.65, -7.528 ], [ -78.62, -7.546 ], [ -78.554, -7.557 ] ], [ [ -78.79, -7.549 ], [ -78.791, -7.55 ], [ -78.789, -7.55 ], [ -78.79, -7.549 ] ] ] } },
{ "type": "Feature", "properties": { "DEPARTAMEN": "LA LIBERTAD", "PROVINCIA": "VIRU", "clave": "LA LIBERTAD|VIRU" }, "geometry": { "type": "Polygon", "coordinates": [ [ [ -78.588, -8.858 ], [ -78.576, -8.889 ], [ -78.59, -8.943 ], [ -78.62, -8.967 ], [ -78.645, -8.969 ], [ -78.644, -8.935 ], [ -78.654, -8.91 ], [ -78.761, -8.773 ], [ -78.761, -8.757 ], [ -78.741, -8.733 ], [ -78.747, -8.684 ], [ -78.738, -8.666 ], [ -78.766, -8.586 ], [ -78.832, -8.517 ], [ -78.915, -8.46 ], [ -78.934, -8.437 ], [ -78.934, -8.428 ], [ -78.913, -8.429 ], [ -78.901, -8.414 ], [ -78.901, -8.371 ], [ -78.883, -8.344 ], [ -78.817, -8.31 ], [ -78.808, -8.287 ], [ -78.815, -8.272 ], [ -78.803, -8.251 ], [ -78.816, -8.233 ], [ -78.837, -8.229 ], [ -78.841, -8.191 ], [ -78.831, -8.204 ], [ -78.797, -8.201 ], [ -78.782, -8.21 ], [ -78.773, -8.177 ], [ -78.73, -8.172 ], [ -78.669, -8.141 ], [ -78.639, -8.143 ], [ -78.637, -8.156 ], [ -78.652, -8.185 ], [ -78.607, -8.195 ], [ -78.596, -8.236 ], [ -78.566, -8.25 ], [ -78.588, -8.307 ], [ -78.487, -8.346 ], [ -78.479, -8.351 ], [ -78.495, -8.37 ], [ -78.472, -8.387 ], [ -78.442, -8.382 ], [ -78.43, -8.36 ], [ -78.426, -8.39 ], [ -78.411, -8.393 ], [ -78.407, -8.412 ], [ -78.395, -8.402 ], [ -78.374, -8.404 ], [ -78.375, -8.46 ], [ -78.343, -8.484 ], [ -78.333, -8.467 ], [ -78.296, -8.462 ], [ -78.262, -8.469 ], [ -78.281, -8.511 ], [ -78.266, -8.537 ], [ -78.29, -8.549 ], [ -78.236, -8.653 ], [ -78.355, -8.673 ], [ -78.438, -8.733 ], [ -78.518, -8.753 ], [ -78.552, -8.775 ], [ -78.561, -8.788 ], [ -78.588, -8.858 ] ], [ [ -78.55, -8.766 ], [ -78.558, -8.758 ], [ -78.548, -8.769 ], [ -78.55, -8.766 ] ], [ [ -78.566, -8.746 ], [ -78.567, -8.746 ], [ -78.565, -8.754 ], [ -78.566, -8.746 ] ] ] } },
{ "type": "Feature", "properties": { "DEPARTAMEN": "LAMBAYEQUE", "PROVINCIA": "CHICLAYO", "clave": "LAMBAYEQUE|CHICLAYO" }, "geometry": { "type": "Polygon", "coordinates": [ [ [ -79.874, -6.922 ], [ -79.932, -6.874 ], [ -79.942, -6.82 ], [ -79.901, -6.759 ], [ -79.898, -6.735 ], [ -79.872, -6.719 ], [ -79.829, -6.722 ], [ -79.828, -6.722 ], [ -79.781, -6.68 ], [ -79.73, -6.689 ], [ -79.7, -6.678 ], [ -79.698, -6.689 ], [ -79.664, -6.716 ], [ -79.658, -6.696 ], [ -79.625, -6.702 ], [ -79.625, -6.652 ], [ -79.61, -6.655 ], [ -79.589, -6.628 ], [ -79.604, -6.617 ], [ -79.603, -6.602 ], [ -79.624, -6.601 ], [ -79.642, -6.571 ], [ -79.641, -6.531 ], [ -79.619, -6.51 ], [ -79.563, -6.504 ], [ -79.537, -6.519 ], [ -79.508, -6.513 ], [ -79.492, -6.521 ], [ -79.43, -6.482 ], [ -79.417, -6.505 ], [ -79.419, -6.537 ], [ -79.404, -6.541 ], [ -79.37, -6.521 ], [ -79.361, -6.569 ], [ -79.348, -6.574 ], [ -79.336, -6.602 ], [ -79.362, -6.635 ], [ -79.345, -6.646 ], [ -79.326, -6.64 ], [ -79.304, -6.652 ], [ -79.302, -6.676 ], [ -79.272, -6.68 ], [ -79.229, -6.671 ], [ -79.216, -6.694 ], [ -79.196, -6.695 ], [ -79.188, -6.717 ], [ -79.171, -6.702 ], [ -79.142, -6.7 ], [ -79.139, -6.739 ], [ -79.122, -6.772 ], [ -79.124, -6.783 ], [ -79.207, -6.821 ], [ -79.225, -6.858 ], [ -79.263, -6.859 ], [ -79.273, -6.877 ], [ -79.294, -6.883 ], [ -79.311, -6.902 ], [ -79.299, -6.941 ], [ -79.307, -6.969 ], [ -79.297, -7.0 ], [ -79.32, -7.025 ], [ -79.36, -7.005 ], [ -79.401, -6.957 ], [ -79.455, -6.946 ], [ -79.468, -6.966 ], [ -79.508, -6.97 ], [ -79.529, -7.005 ], [ -79.691, -7.177 ], [ -79.685, -7.123 ], [ -79.741, -7.057 ], [ -79.867, -6.941 ], [ -79.874, -6.922 ] ], [ [ -79.727, -6.756 ], [ -79.713, -6.739 ], [ -79.725, -6.752 ], [ -79.727, -6.756 ] ], [ [ -79.735, -6.739 ], [ -79.731, -6.749 ], [ -79.733, -6.74 ], [ -79.735, -6.739 ] ], [ [ -79.782, -6.734 ], [ -79.779, -6.732 ], [ -79.779, -6.731 ], [ -79.782, -6.734 ] ], [ [ -79.751, -6.816 ], [ -79.752, -6.817 ], [ -79.752, -6.826 ], [ -79.751, -6.816 ] ], [ [ -79.898, -6.849 ], [ -79.901, -6.849 ], [ -79.893, -6.85 ], [ -79.898, -6.849 ] ], [ [ -79.845, -6.882 ], [ -79.842, -6.88 ], [ -79.843, -6.879 ], [ -79.843, -6.877 ], [ -79.844, -6.878 ], [ -79.845, -6.882 ] ], [ [ -79.893, -6.857 ], [ -79.891, -6.854 ], [ -79.892, -6.854 ], [ -79.893, -6.857 ] ], [ [ -79.908, -6.877 ], [ -79.901, -6.865 ], [ -79.904, -6.868 ], [ -79.908, -6.877 ] ], [ [ -79.864, -6.758 ], [ -79.845, -6.762 ], [ -79.856, -6.759 ], [ -79.864, -6.758 ] ], [ [ -79.813, -6.737 ], [ -79.813, -6.738 ], [ -79.808, -6.737 ], [ -79.813, -6.737 ] ], [ [ -79.669, -6.808 ], [ -79.665, -6.807 ], [ -79.669, -6.807 ], [ -79.669, -6.808 ] ], [ [ -79.41, -6.772 ], [ -79.4, -6.771 ], [ -79.4, -6.77 ], [ -79.41, -6.772 ] ], [ [ -79.657, -6.907 ], [ -79.66, -6.9 ], [ -79.661, -6.9 ], [ -79.657, -6.907 ] ], [ [ -79.505, -6.942 ], [ -79.502, -6.944 ], [ -79.506, -6.939 ], [ -79.505, -6.942 ] ], [ [ -79.52, -6.934 ], [ -79.517, -6.932 ], [ -79.518, -6.932 ], [ -79.52, -6.934 ] ], [ [ -79.728, -6.765 ], [ -79.723, -6.769 ], [ -79.728, -6.764 ], [ -79.728, -6.765 ] ], [ [ -79.704, -6.79 ], [ -79.704, -6.783 ], [ -79.706, -6.778 ], [ -79.704, -6.79 ] ], [ [ -79.342, -6.685 ], [ -79.343, -6.688 ], [ -79.336, -6.678 ], [ -79.342, -6.685 ] ], [ [ -79.307, -6.673 ], [ -79.332, -6.676 ], [ -79.336, -6.678 ], [ -79.307, -6.673 ] ] ] } },
{ "type": "Feature", "properties": { "DEPARTAMEN": "LAMBAYEQUE", "PROVINCIA": "FERREÑAFE", "clave": "LAMBAYEQUE|FERRENAFE" }, "geometry": { "type": "Polygon", "coordinates": [ [ [ -79.624, -6.601 ], [ -79.604, -6.601 ], [ -79.604, -6.617 ], [ -79.59, -6.631 ], [ -79.61, -6.655 ], [ -79.625, -6.652 ], [ -79.625, -6.702 ], [ -79.658, -6.696 ], [ -79.664, -6.715 ], [ -79.698, -6.689 ], [ -79.7, -6.678 ], [ -79.73, -6.689 ], [ -79.79, -6.678 ], [ -79.809, -6.662 ], [ -79.835, -6.662 ], [ -79.851, -6.643 ], [ -79.848, -6.61 ], [ -79.814, -6.524 ], [ -79.826, -6.521 ], [ -79.824, -6.497 ], [ -79.787, -6.476 ], [ -79.806, -6.462 ], [ -79.8, -6.432 ], [ -79.778, -6.444 ], [ -79.747, -6.44 ], [ -79.652, -6.455 ], [ -79.6, -6.419 ], [ -79.528, -6.4 ], [ -79.543, -6.355 ], [ -79.478, -6.322 ], [ -79.472, -6.269 ], [ -79.437, -6.24 ], [ -79.436, -6.212 ], [ -79.402, -6.174 ], [ -79.432, -6.14 ], [ -79.405, -6.084 ], [ -79.403, -6.034 ], [ -79.421, -6.013 ], [ -79.396, -5.977 ], [ -79.349, -5.98 ], [ -79.345, -6.006 ], [ -79.319, -6.043 ], [ -79.311, -6.035 ], [ -79.322, -5.999 ], [ -79.305, -5.985 ], [ -79.263, -6.003 ], [ -79.266, -6.025 ], [ -79.241, -6.029 ], [ -79.225, -6.055 ], [ -79.204, -6.024 ], [ -79.186, -6.028 ], [ -79.176, -6.041 ], [ -79.189, -6.059 ], [ -79.182, -6.089 ], [ -79.201, -6.1 ], [ -79.235, -6.094 ], [ -79.26, -6.142 ], [ -79.273, -6.148 ], [ -79.249, -6.224 ], [ -79.279, -6.229 ], [ -79.277, -6.242 ], [ -79.3, -6.267 ], [ -79.329, -6.266 ], [ -79.353, -6.304 ], [ -79.386, -6.298 ], [ -79.406, -6.312 ], [ -79.423, -6.31 ], [ -79.445, -6.362 ], [ -79.462, -6.372 ], [ -79.447, -6.377 ], [ -79.453, -6.399 ], [ -79.423, -6.452 ], [ -79.426, -6.474 ], [ -79.492, -6.521 ], [ -79.508, -6.513 ], [ -79.537, -6.519 ], [ -79.562, -6.504 ], [ -79.619, -6.51 ], [ -79.641, -6.531 ], [ -79.645, -6.555 ], [ -79.653, -6.554 ], [ -79.624, -6.601 ] ], [ [ -79.722, -6.59 ], [ -79.73, -6.585 ], [ -79.725, -6.589 ], [ -79.722, -6.59 ] ], [ [ -79.709, -6.59 ], [ -79.72, -6.59 ], [ -79.719, -6.591 ], [ -79.709, -6.59 ] ], [ [ -79.664, -6.556 ], [ -79.663, -6.563 ], [ -79.663, -6.555 ], [ -79.664, -6.556 ] ], [ [ -79.66, -6.55 ], [ -79.66, -6.551 ], [ -79.656, -6.551 ], [ -79.66, -6.55 ] ], [ [ -79.523, -6.401 ], [ -79.521, -6.402 ], [ -79.513, -6.4 ], [ -79.523, -6.401 ] ], [ [ -79.38, -6.074 ], [ -79.381, -6.074 ], [ -79.386, -6.077 ], [ -79.38, -6.074 ] ] ] } },
{ "type": "Feature", "properties": { "DEPARTAMEN": "LAMBAYEQUE", "PROVINCIA": "LAMBAYEQUE", "clave": "LAMBAYEQUE|LAMBAYEQUE" }, "geometry": { "type": "Polygon", "coordinates": [ [ [ -79.942, -6.82 ], [ -79.996, -6.739 ], [ -80.18, -6.604 ], [ -80.627, -6.372 ], [ -80.425, -6.028 ], [ -80.388, -5.996 ], [ -80.349, -5.995 ], [ -80.328, -6.006 ], [ -80.327, -5.994 ], [ -80.35, -5.978 ], [ -80.337, -5.971 ], [ -80.33, -5.95 ], [ -80.287, -5.921 ], [ -80.171, -5.88 ], [ -80.124, -5.891 ], [ -80.12, -5.872 ], [ -80.058, -5.819 ], [ -80.053, -5.811 ], [ -80.092, -5.795 ], [ -80.103, -5.761 ], [ -80.091, -5.727 ], [ -80.095, -5.703 ], [ -80.066, -5.698 ], [ -80.061, -5.684 ], [ -80.071, -5.673 ], [ -80.07, -5.646 ], [ -80.057, -5.618 ], [ -80.051, -5.541 ], [ -79.939, -5.517 ], [ -79.898, -5.48 ], [ -79.854, -5.531 ], [ -79.864, -5.563 ], [ -79.833, -5.645 ], [ -79.818, -5.658 ], [ -79.79, -5.646 ], [ -79.766, -5.662 ], [ -79.768, -5.685 ], [ -79.753, -5.691 ], [ -79.766, -5.708 ], [ -79.748, -5.71 ], [ -79.717, -5.74 ], [ -79.739, -5.8 ], [ -79.736, -5.83 ], [ -79.689, -5.848 ], [ -79.663, -5.835 ], [ -79.66, -5.861 ], [ -79.611, -5.941 ], [ -79.594, -5.934 ], [ -79.554, -5.938 ], [ -79.508, -5.895 ], [ -79.481, -5.888 ], [ -79.457, -5.895 ], [ -79.447, -5.918 ], [ -79.424, -5.927 ], [ -79.335, -5.894 ], [ -79.362, -5.933 ], [ -79.398, -5.95 ], [ -79.421, -5.972 ], [ -79.421, -6.015 ], [ -79.403, -6.034 ], [ -79.407, -6.085 ], [ -79.432, -6.14 ], [ -79.402, -6.174 ], [ -79.436, -6.212 ], [ -79.437, -6.24 ], [ -79.472, -6.269 ], [ -79.478, -6.322 ], [ -79.542, -6.355 ], [ -79.528, -6.4 ], [ -79.612, -6.424 ], [ -79.652, -6.455 ], [ -79.747, -6.44 ], [ -79.778, -6.444 ], [ -79.8, -6.432 ], [ -79.809, -6.448 ], [ -79.806, -6.464 ], [ -79.787, -6.476 ], [ -79.824, -6.496 ], [ -79.826, -6.521 ], [ -79.814, -6.524 ], [ -79.848, -6.61 ], [ -79.851, -6.643 ], [ -79.835, -6.662 ], [ -79.809, -6.662 ], [ -79.781, -6.68 ], [ -79.831, -6.723 ], [ -79.872, -6.719 ], [ -79.893, -6.729 ], [ -79.896, -6.731 ], [ -79.897, -6.746 ], [ -79.942, -6.82 ] ], [ [ -79.952, -6.64 ], [ -80.112, -6.651 ], [ -79.953, -6.641 ], [ -79.952, -6.64 ] ], [ [ -79.911, -6.736 ], [ -79.903, -6.735 ], [ -79.913, -6.736 ], [ -79.911, -6.736 ] ], [ [ -79.593, -5.959 ], [ -79.601, -5.944 ], [ -79.601, -5.946 ], [ -79.593, -5.959 ] ], [ [ -79.654, -6.0 ], [ -79.637, -5.997 ], [ -79.645, -5.997 ], [ -79.654, -6.0 ] ], [ [ -79.808, -6.247 ], [ -79.807, -6.246 ], [ -79.819, -6.248 ], [ -79.808, -6.247 ] ], [ [ -79.929, -6.142 ], [ -79.926, -6.141 ], [ -79.929, -6.141 ], [ -79.929, -6.142 ] ], [ [ -79.579, -6.197 ], [ -79.577, -6.195 ], [ -79.583, -6.197 ], [ -79.579, -6.197 ] ], [ [ -79.57, -6.19 ], [ -79.571, -6.19 ], [ -79.574, -6.193 ], [ -79.57, -6.19 ] ], [ [ -79.594, -6.231 ], [ -79.598, -6.239 ], [ -79.586, -6.222 ], [ -79.594, -6.231 ] ], [ [ -79.699, -6.287 ], [ -79.684, -6.276 ], [ -79.672, -6.266 ], [ -79.699, -6.287 ] ] ] } },
{ "type": "Feature", "properties": { "DEPARTAMEN": "LIMA", "PROVINCIA": "LIMA", "clave": "LIMA|LIMA" }, "geometry": { "type": "MultiPolygon", "coordinates": [ [ [ [ -77.038, -12.206 ], [ -77.037, -12.165 ], [ -77.019, -12.154 ], [ -77.026, -12.157 ], [ -77.039, -12.126 ], [ -77.111, -12.08 ], [ -77.105, -12.063 ], [ -77.088, -12.061 ], [ -77.088, -12.052 ], [ -77.078, -12.049 ], [ -77.083, -12.037 ], [ -77.096, -12.034 ], [ -77.088, -12.015 ], [ -77.094, -12.006 ], [ -77.118, -11.995 ], [ -77.11, -11.976 ], [ -77.129, -11.938 ], [ -77.096, -11.949 ], [ -77.104, -11.936 ], [ -77.089, -11.9 ], [ -77.092, -11.883 ], [ -77.127, -11.818 ], [ -77.188, -11.829 ], [ -77.177, -11.815 ], [ -77.178, -11.802 ], [ -77.198, -11.783 ], [ -77.198, -11.768 ], [ -77.175, -11.772 ], [ -77.169, -11.746 ], [ -77.196, -11.698 ], [ -77.182, -11.686 ], [ -77.155, -11.702 ], [ -77.152, -11.671 ], [ -77.122, -11.657 ], [ -77.137, -11.638 ], [ -77.135, -11.627 ], [ -77.107, -11.627 ], [ -77.085, -11.604 ], [ -77.078, -11.577 ], [ -77.067, -11.573 ], [ -77.046, -11.579 ], [ -77.005, -11.614 ], [ -77.035, -11.652 ], [ -77.024, -11.692 ], [ -77.044, -11.715 ], [ -77.032, -11.741 ], [ -76.997, -11.752 ], [ -76.974, -11.748 ], [ -76.974, -11.736 ], [ -76.961, -11.734 ], [ -76.933, -11.756 ], [ -76.902, -11.729 ], [ -76.881, -11.732 ], [ -76.868, -11.747 ], [ -76.834, -11.744 ], [ -76.805, -11.756 ], [ -76.851, -11.798 ], [ -76.906, -11.795 ], [ -76.904, -11.824 ], [ -76.936, -11.834 ], [ -76.937, -11.869 ], [ -76.895, -11.866 ], [ -76.918, -11.906 ], [ -76.915, -11.927 ], [ -76.931, -11.942 ], [ -76.918, -11.96 ], [ -76.85, -11.935 ], [ -76.829, -11.945 ], [ -76.82, -11.929 ], [ -76.792, -11.928 ], [ -76.739, -11.893 ], [ -76.727, -11.875 ], [ -76.694, -11.897 ], [ -76.647, -11.952 ], [ -76.648, -11.967 ], [ -76.661, -11.979 ], [ -76.722, -12.0 ], [ -76.707, -12.032 ], [ -76.678, -12.053 ], [ -76.674, -12.074 ], [ -76.685, -12.086 ], [ -76.705, -12.086 ], [ -76.717, -12.099 ], [ -76.709, -12.114 ], [ -76.717, -12.118 ], [ -76.698, -12.115 ], [ -76.679, -12.131 ], [ -76.692, -12.141 ], [ -76.688, -12.152 ], [ -76.672, -12.172 ], [ -76.661, -12.173 ], [ -76.649, -12.208 ], [ -76.622, -12.225 ], [ -76.621, -12.238 ], [ -76.637, -12.279 ], [ -76.651, -12.286 ], [ -76.654, -12.305 ], [ -76.674, -12.32 ], [ -76.682, -12.354 ], [ -76.668, -12.36 ], [ -76.675, -12.376 ], [ -76.757, -12.401 ], [ -76.757, -12.402 ], [ -76.752, -12.463 ], [ -76.773, -12.495 ], [ -76.791, -12.503 ], [ -76.784, -12.52 ], [ -76.804, -12.509 ], [ -76.799, -12.5 ], [ -76.805, -12.494 ], [ -76.798, -12.489 ], [ -76.803, -12.48 ], [ -76.798, -12.481 ], [ -76.791, -12.477 ], [ -76.785, -12.443 ], [ -76.775, -12.439 ], [ -76.776, -12.404 ], [ -76.779, -12.399 ], [ -76.799, -12.362 ], [ -76.818, -12.35 ], [ -76.807, -12.34 ], [ -76.827, -12.343 ], [ -76.844, -12.313 ], [ -76.843, -12.312 ], [ -76.976, -12.231 ], [ -77.038, -12.206 ] ], [ [ -77.158, -11.781 ], [ -77.186, -11.789 ], [ -77.158, -11.782 ], [ -77.158, -11.781 ] ], [ [ -76.976, -12.078 ], [ -76.972, -12.067 ], [ -76.981, -12.084 ], [ -76.976, -12.078 ] ], [ [ -76.963, -12.076 ], [ -76.963, -12.077 ], [ -76.958, -12.076 ], [ -76.963, -12.076 ] ], [ [ -76.921, -12.119 ], [ -76.933, -12.123 ], [ -76.931, -12.123 ], [ -76.921, -12.119 ] ], [ [ -76.883, -12.155 ], [ -76.884, -12.155 ], [ -76.883, -12.158 ], [ -76.883, -12.155 ] ], [ [ -76.881, -12.168 ], [ -76.881, -12.167 ], [ -76.885, -12.174 ], [ -76.881, -12.168 ] ], [ [ -76.89, -12.203 ], [ -76.892, -12.199 ], [ -76.891, -12.206 ], [ -76.89, -12.203 ] ], [ [ -76.913, -12.238 ], [ -76.912, -12.238 ], [ -76.911, -12.233 ], [ -76.913, -12.238 ] ], [ [ -76.927, -12.247 ], [ -76.918, -12.249 ], [ -76.918, -12.248 ], [ -76.927, -12.247 ] ], [ [ -77.088, -11.825 ], [ -77.091, -11.823 ], [ -77.088, -11.826 ], [ -77.088, -11.825 ] ], [ [ -76.991, -11.9 ], [ -76.999, -11.9 ], [ -76.992, -11.901 ], [ -76.991, -11.9 ] ], [ [ -77.018, -12.036 ], [ -77.017, -12.036 ], [ -77.022, -12.028 ], [ -77.018, -12.036 ] ], [ [ -77.011, -12.031 ], [ -77.011, -12.033 ], [ -77.01, -12.031 ], [ -77.011, -12.031 ] ], [ [ -76.999, -12.061 ], [ -77.005, -12.061 ], [ -77.002, -12.062 ], [ -76.999, -12.061 ] ], [ [ -76.998, -12.064 ], [ -76.998, -12.061 ], [ -76.999, -12.061 ], [ -76.998, -12.064 ] ], [ [ -77.035, -12.06 ], [ -77.016, -12.061 ], [ -77.017, -12.057 ], [ -77.035, -12.06 ] ], [ [ -77.094, -11.948 ], [ -77.09, -11.943 ], [ -77.094, -11.946 ], [ -77.094, -11.948 ] ], [ [ -77.085, -11.996 ], [ -77.082, -12.008 ], [ -77.08, -12.013 ], [ -77.085, -11.996 ] ], [ [ -77.054, -12.007 ], [ -77.061, -12.008 ], [ -77.08, -12.013 ], [ -77.054, -12.007 ] ], [ [ -77.06, -11.977 ], [ -77.059, -11.977 ], [ -77.065, -11.952 ], [ -77.06, -11.977 ] ], [ [ -77.058, -11.977 ], [ -77.054, -11.973 ], [ -77.059, -11.977 ], [ -77.058, -11.977 ] ], [ [ -77.034, -12.089 ], [ -77.048, -12.092 ], [ -77.047, -12.092 ], [ -77.034, -12.089 ] ], [ [ -77.074, -12.088 ], [ -77.075, -12.089 ], [ -77.074, -12.089 ], [ -77.074, -12.088 ] ], [ [ -77.053, -12.093 ], [ -77.055, -12.092 ], [ -77.055, -12.093 ], [ -77.053, -12.093 ] ], [ [ -77.018, -12.043 ], [ -77.029, -12.043 ], [ -77.02, -12.044 ], [ -77.018, -12.043 ] ], [ [ -77.058, -12.056 ], [ -77.042, -12.051 ], [ -77.054, -12.049 ], [ -77.058, -12.056 ] ], [ [ -77.047, -12.018 ], [ -77.046, -12.018 ], [ -77.046, -12.017 ], [ -77.047, -12.018 ] ], [ [ -76.954, -12.186 ], [ -76.955, -12.186 ], [ -76.954, -12.19 ], [ -76.954, -12.186 ] ], [ [ -76.949, -12.186 ], [ -76.952, -12.185 ], [ -76.954, -12.186 ], [ -76.949, -12.186 ] ], [ [ -76.971, -12.132 ], [ -76.972, -12.135 ], [ -76.969, -12.131 ], [ -76.971, -12.132 ] ], [ [ -77.018, -12.131 ], [ -77.014, -12.129 ], [ -77.02, -12.131 ], [ -77.018, -12.131 ] ], [ [ -77.002, -12.129 ], [ -77.002, -12.128 ], [ -77.01, -12.128 ], [ -77.002, -12.129 ] ], [ [ -76.936, -11.947 ], [ -76.938, -11.948 ], [ -76.941, -11.952 ], [ -76.936, -11.947 ] ], [ [ -76.921, -12.023 ], [ -76.952, -12.021 ], [ -76.937, -12.023 ], [ -76.921, -12.023 ] ], [ [ -76.952, -12.029 ], [ -76.955, -12.029 ], [ -76.962, -12.031 ], [ -76.952, -12.029 ] ], [ [ -76.944, -12.028 ], [ -76.943, -12.03 ], [ -76.943, -12.028 ], [ -76.944, -12.028 ] ], [ [ -76.938, -12.044 ], [ -76.982, -12.06 ], [ -76.973, -12.058 ], [ -76.938, -12.044 ] ], [ [ -77.01, -12.076 ], [ -77.01, -12.077 ], [ -77.009, -12.076 ], [ -77.01, -12.076 ] ], [ [ -76.986, -11.895 ], [ -76.987, -11.897 ], [ -76.975, -11.89 ], [ -76.986, -11.895 ] ], [ [ -76.894, -12.106 ], [ -76.898, -12.114 ], [ -76.896, -12.112 ], [ -76.894, -12.106 ] ], [ [ -76.907, -12.118 ], [ -76.908, -12.12 ], [ -76.907, -12.119 ], [ -76.907, -12.118 ] ], [ [ -76.702, -12.339 ], [ -76.698, -12.341 ], [ -76.697, -12.341 ], [ -76.702, -12.339 ] ], [ [ -76.805, -12.038 ], [ -76.825, -12.048 ], [ -76.817, -12.045 ], [ -76.805, -12.038 ] ], [ [ -76.683, -12.177 ], [ -76.68, -12.176 ], [ -76.682, -12.176 ], [ -76.683, -12.177 ] ], [ [ -76.741, -12.169 ], [ -76.733, -12.165 ], [ -76.734, -12.164 ], [ -76.741, -12.169 ] ] ], [ [ [ -76.8, -12.479 ], [ -76.802, -12.473 ], [ -76.799, -12.471 ], [ -76.8, -12.479 ] ] ] ] } },
{ "type": "Feature", "properties": { "DEPARTAMEN": "LIMA", "PROVINCIA": "BARRANCA", "clave": "LIMA|BARRANCA" }, "geometry": { "type": "Polygon", "coordinates": [ [ [ -77.577, -10.726 ], [ -77.591, -10.786 ], [ -77.524, -10.735 ], [ -77.491, -10.746 ], [ -77.436, -10.724 ], [ -77.415, -10.73 ], [ -77.386, -10.708 ], [ -77.366, -10.714 ], [ -77.387, -10.753 ], [ -77.402, -10.768 ], [ -77.425, -10.768 ], [ -77.439, -10.803 ], [ -77.458, -10.81 ], [ -77.462, -10.87 ], [ -77.444, -10.916 ], [ -77.526, -10.932 ], [ -77.549, -10.89 ], [ -77.596, -10.86 ], [ -77.639, -10.873 ], [ -77.658, -10.865 ], [ -77.702, -10.886 ], [ -77.706, -10.854 ], [ -77.751, -10.819 ], [ -77.755, -10.804 ], [ -77.744, -10.796 ], [ -77.765, -10.772 ], [ -77.761, -10.765 ], [ -77.772, -10.751 ], [ -77.794, -10.736 ], [ -77.805, -10.725 ], [ -77.808, -10.704 ], [ -77.886, -10.612 ], [ -77.84, -10.568 ], [ -77.8, -10.585 ], [ -77.771, -10.572 ], [ -77.771, -10.516 ], [ -77.799, -10.477 ], [ -77.765, -10.439 ], [ -77.768, -10.429 ], [ -77.76, -10.43 ], [ -77.75, -10.407 ], [ -77.752, -10.322 ], [ -77.692, -10.321 ], [ -77.651, -10.345 ], [ -77.631, -10.322 ], [ -77.6, -10.36 ], [ -77.605, -10.391 ], [ -77.687, -10.434 ], [ -77.711, -10.504 ], [ -77.738, -10.521 ], [ -77.746, -10.552 ], [ -77.736, -10.568 ], [ -77.728, -10.553 ], [ -77.71, -10.56 ], [ -77.709, -10.548 ], [ -77.694, -10.54 ], [ -77.669, -10.541 ], [ -77.651, -10.53 ], [ -77.625, -10.502 ], [ -77.602, -10.508 ], [ -77.6, -10.517 ], [ -77.616, -10.525 ], [ -77.615, -10.546 ], [ -77.638, -10.563 ], [ -77.645, -10.583 ], [ -77.638, -10.603 ], [ -77.62, -10.614 ], [ -77.619, -10.602 ], [ -77.605, -10.59 ], [ -77.577, -10.584 ], [ -77.574, -10.615 ], [ -77.591, -10.646 ], [ -77.576, -10.657 ], [ -77.575, -10.694 ], [ -77.563, -10.709 ], [ -77.577, -10.726 ] ], [ [ -77.69, -10.758 ], [ -77.68, -10.754 ], [ -77.751, -10.783 ], [ -77.69, -10.758 ] ], [ [ -77.776, -10.722 ], [ -77.782, -10.726 ], [ -77.794, -10.736 ], [ -77.776, -10.722 ] ], [ [ -77.605, -10.71 ], [ -77.604, -10.71 ], [ -77.606, -10.707 ], [ -77.605, -10.71 ] ], [ [ -77.598, -10.712 ], [ -77.593, -10.712 ], [ -77.603, -10.711 ], [ -77.598, -10.712 ] ], [ [ -77.673, -10.759 ], [ -77.676, -10.755 ], [ -77.678, -10.755 ], [ -77.673, -10.759 ] ], [ [ -77.667, -10.758 ], [ -77.667, -10.757 ], [ -77.668, -10.758 ], [ -77.667, -10.758 ] ], [ [ -77.607, -10.705 ], [ -77.608, -10.704 ], [ -77.609, -10.704 ], [ -77.607, -10.705 ] ], [ [ -77.759, -10.711 ], [ -77.773, -10.72 ], [ -77.752, -10.708 ], [ -77.759, -10.711 ] ], [ [ -77.742, -10.702 ], [ -77.745, -10.704 ], [ -77.72, -10.69 ], [ -77.742, -10.702 ] ], [ [ -77.685, -10.671 ], [ -77.687, -10.672 ], [ -77.683, -10.671 ], [ -77.685, -10.671 ] ], [ [ -77.629, -10.666 ], [ -77.666, -10.667 ], [ -77.671, -10.668 ], [ -77.629, -10.666 ] ], [ [ -77.61, -10.669 ], [ -77.62, -10.667 ], [ -77.616, -10.669 ], [ -77.61, -10.669 ] ], [ [ -77.738, -10.597 ], [ -77.744, -10.582 ], [ -77.744, -10.583 ], [ -77.738, -10.597 ] ] ] } },
{ "type": "Feature", "properties": { "DEPARTAMEN": "LIMA", "PROVINCIA": "CAJATAMBO", "clave": "LIMA|CAJATAMBO" }, "geometry": { "type": "Polygon", "coordinates": [ [ [ -76.878, -10.655 ], [ -76.89, -10.653 ], [ -76.896, -10.666 ], [ -76.952, -10.698 ], [ -76.96, -10.688 ], [ -76.993, -10.681 ], [ -77.011, -10.696 ], [ -77.026, -10.678 ], [ -77.048, -10.679 ], [ -77.058, -10.692 ], [ -77.084, -10.667 ], [ -77.106, -10.672 ], [ -77.126, -10.646 ], [ -77.194, -10.686 ], [ -77.215, -10.677 ], [ -77.249, -10.683 ], [ -77.3, -10.66 ], [ -77.344, -10.61 ], [ -77.292, -10.556 ], [ -77.272, -10.561 ], [ -77.252, -10.545 ], [ -77.191, -10.552 ], [ -77.167, -10.508 ], [ -77.175, -10.465 ], [ -77.15, -10.451 ], [ -77.138, -10.426 ], [ -77.112, -10.405 ], [ -77.072, -10.338 ], [ -77.025, -10.328 ], [ -77.009, -10.308 ], [ -77.005, -10.283 ], [ -76.965, -10.305 ], [ -76.936, -10.279 ], [ -76.906, -10.275 ], [ -76.891, -10.295 ], [ -76.895, -10.304 ], [ -76.894, -10.305 ], [ -76.875, -10.321 ], [ -76.866, -10.375 ], [ -76.856, -10.377 ], [ -76.84, -10.363 ], [ -76.832, -10.393 ], [ -76.806, -10.392 ], [ -76.8, -10.419 ], [ -76.829, -10.43 ], [ -76.823, -10.483 ], [ -76.841, -10.474 ], [ -76.857, -10.493 ], [ -76.855, -10.547 ], [ -76.866, -10.558 ], [ -76.858, -10.567 ], [ -76.865, -10.584 ], [ -76.859, -10.596 ], [ -76.878, -10.655 ] ], [ [ -76.879, -10.56 ], [ -76.886, -10.562 ], [ -76.885, -10.562 ], [ -76.879, -10.56 ] ], [ [ -77.145, -10.566 ], [ -77.146, -10.56 ], [ -77.146, -10.566 ], [ -77.145, -10.566 ] ], [ [ -77.084, -10.477 ], [ -77.083, -10.48 ], [ -77.083, -10.478 ], [ -77.084, -10.477 ] ], [ [ -77.077, -10.486 ], [ -77.059, -10.488 ], [ -77.07, -10.486 ], [ -77.077, -10.486 ] ], [ [ -77.042, -10.517 ], [ -77.044, -10.521 ], [ -77.044, -10.526 ], [ -77.042, -10.517 ] ], [ [ -77.171, -10.476 ], [ -77.152, -10.47 ], [ -77.168, -10.474 ], [ -77.171, -10.476 ] ], [ [ -77.146, -10.472 ], [ -77.142, -10.467 ], [ -77.143, -10.467 ], [ -77.146, -10.472 ] ], [ [ -77.129, -10.47 ], [ -77.125, -10.47 ], [ -77.122, -10.468 ], [ -77.129, -10.47 ] ], [ [ -77.103, -10.463 ], [ -77.106, -10.47 ], [ -77.104, -10.468 ], [ -77.103, -10.463 ] ] ] } },
{ "type": "Feature", "properties": { "DEPARTAMEN": "LIMA", "PROVINCIA": "CANTA", "clave": "LIMA|CANTA" }, "geometry": { "type": "Polygon", "coordinates": [ [ [ -76.575, -11.632 ], [ -76.603, -11.639 ], [ -76.613, -11.653 ], [ -76.664, -11.658 ], [ -76.707, -11.691 ], [ -76.739, -11.697 ], [ -76.753, -11.732 ], [ -76.805, -11.756 ], [ -76.834, -11.744 ], [ -76.868, -11.747 ], [ -76.881, -11.732 ], [ -76.903, -11.729 ], [ -76.933, -11.756 ], [ -76.961, -11.734 ], [ -76.974, -11.736 ], [ -76.974, -11.748 ], [ -77.017, -11.75 ], [ -77.032, -11.741 ], [ -77.044, -11.715 ], [ -77.024, -11.692 ], [ -77.035, -11.651 ], [ -77.016, -11.633 ], [ -77.001, -11.599 ], [ -76.953, -11.584 ], [ -76.938, -11.55 ], [ -76.924, -11.559 ], [ -76.896, -11.535 ], [ -76.875, -11.538 ], [ -76.86, -11.504 ], [ -76.892, -11.492 ], [ -76.894, -11.461 ], [ -76.856, -11.468 ], [ -76.77, -11.42 ], [ -76.723, -11.435 ], [ -76.705, -11.424 ], [ -76.695, -11.429 ], [ -76.667, -11.389 ], [ -76.668, -11.346 ], [ -76.64, -11.344 ], [ -76.63, -11.355 ], [ -76.603, -11.348 ], [ -76.598, -11.327 ], [ -76.58, -11.313 ], [ -76.545, -11.316 ], [ -76.533, -11.334 ], [ -76.514, -11.327 ], [ -76.483, -11.344 ], [ -76.457, -11.334 ], [ -76.448, -11.346 ], [ -76.43, -11.346 ], [ -76.402, -11.401 ], [ -76.412, -11.416 ], [ -76.394, -11.445 ], [ -76.377, -11.444 ], [ -76.377, -11.501 ], [ -76.401, -11.507 ], [ -76.414, -11.492 ], [ -76.437, -11.487 ], [ -76.455, -11.463 ], [ -76.475, -11.467 ], [ -76.497, -11.459 ], [ -76.53, -11.512 ], [ -76.549, -11.518 ], [ -76.536, -11.561 ], [ -76.56, -11.594 ], [ -76.558, -11.612 ], [ -76.575, -11.621 ], [ -76.575, -11.632 ] ], [ [ -76.795, -11.563 ], [ -76.795, -11.57 ], [ -76.794, -11.561 ], [ -76.795, -11.563 ] ], [ [ -76.751, -11.585 ], [ -76.753, -11.585 ], [ -76.753, -11.586 ], [ -76.751, -11.585 ] ], [ [ -76.65, -11.601 ], [ -76.635, -11.609 ], [ -76.649, -11.601 ], [ -76.65, -11.601 ] ], [ [ -76.657, -11.566 ], [ -76.66, -11.554 ], [ -76.661, -11.554 ], [ -76.657, -11.566 ] ], [ [ -76.651, -11.582 ], [ -76.643, -11.582 ], [ -76.642, -11.58 ], [ -76.651, -11.582 ] ], [ [ -76.633, -11.464 ], [ -76.625, -11.458 ], [ -76.623, -11.455 ], [ -76.633, -11.464 ] ] ] } },
{ "type": "Feature", "properties": { "DEPARTAMEN": "LIMA", "PROVINCIA": "CAÑETE", "clave": "LIMA|CANETE" }, "geometry": { "type": "Polygon", "coordinates": [ [ [ -76.468, -13.056 ], [ -76.49, -13.03 ], [ -76.483, -13.016 ], [ -76.516, -12.955 ], [ -76.506, -12.938 ], [ -76.52, -12.85 ], [ -76.638, -12.745 ], [ -76.63, -12.722 ], [ -76.656, -12.699 ], [ -76.654, -12.686 ], [ -76.672, -12.662 ], [ -76.672, -12.628 ], [ -76.726, -12.562 ], [ -76.712, -12.558 ], [ -76.735, -12.556 ], [ -76.734, -12.548 ], [ -76.784, -12.52 ], [ -76.791, -12.506 ], [ -76.752, -12.463 ], [ -76.755, -12.398 ], [ -76.683, -12.382 ], [ -76.664, -12.358 ], [ -76.607, -12.369 ], [ -76.589, -12.3 ], [ -76.558, -12.276 ], [ -76.532, -12.316 ], [ -76.538, -12.339 ], [ -76.516, -12.386 ], [ -76.483, -12.41 ], [ -76.467, -12.401 ], [ -76.453, -12.404 ], [ -76.454, -12.411 ], [ -76.388, -12.318 ], [ -76.373, -12.335 ], [ -76.346, -12.338 ], [ -76.345, -12.388 ], [ -76.333, -12.416 ], [ -76.313, -12.429 ], [ -76.322, -12.444 ], [ -76.332, -12.442 ], [ -76.34, -12.495 ], [ -76.368, -12.533 ], [ -76.335, -12.536 ], [ -76.324, -12.528 ], [ -76.288, -12.587 ], [ -76.252, -12.592 ], [ -76.27, -12.645 ], [ -76.288, -12.654 ], [ -76.285, -12.683 ], [ -76.299, -12.714 ], [ -76.296, -12.734 ], [ -76.283, -12.752 ], [ -76.247, -12.756 ], [ -76.246, -12.795 ], [ -76.234, -12.791 ], [ -76.199, -12.813 ], [ -76.177, -12.854 ], [ -76.154, -12.838 ], [ -76.142, -12.793 ], [ -76.122, -12.787 ], [ -76.097, -12.801 ], [ -76.077, -12.786 ], [ -76.061, -12.793 ], [ -76.045, -12.782 ], [ -76.022, -12.789 ], [ -76.0, -12.757 ], [ -75.984, -12.782 ], [ -75.943, -12.802 ], [ -75.941, -12.819 ], [ -75.959, -12.849 ], [ -75.981, -12.839 ], [ -76.003, -12.841 ], [ -76.008, -12.853 ], [ -75.993, -12.896 ], [ -76.004, -12.922 ], [ -75.973, -12.924 ], [ -75.957, -12.97 ], [ -75.969, -13.042 ], [ -76.022, -13.094 ], [ -76.155, -13.192 ], [ -76.163, -13.226 ], [ -76.207, -13.306 ], [ -76.245, -13.324 ], [ -76.468, -13.056 ] ], [ [ -76.443, -13.045 ], [ -76.441, -13.043 ], [ -76.468, -13.056 ], [ -76.443, -13.045 ] ], [ [ -76.442, -12.584 ], [ -76.425, -12.579 ], [ -76.446, -12.584 ], [ -76.442, -12.584 ] ], [ [ -76.452, -12.587 ], [ -76.45, -12.585 ], [ -76.457, -12.587 ], [ -76.452, -12.587 ] ], [ [ -76.546, -12.615 ], [ -76.525, -12.612 ], [ -76.545, -12.614 ], [ -76.546, -12.615 ] ], [ [ -76.564, -12.684 ], [ -76.565, -12.684 ], [ -76.569, -12.689 ], [ -76.564, -12.684 ] ], [ [ -76.402, -12.764 ], [ -76.402, -12.769 ], [ -76.401, -12.778 ], [ -76.402, -12.764 ] ], [ [ -76.393, -12.762 ], [ -76.4, -12.763 ], [ -76.402, -12.764 ], [ -76.393, -12.762 ] ], [ [ -76.448, -12.881 ], [ -76.429, -12.881 ], [ -76.432, -12.879 ], [ -76.448, -12.881 ] ], [ [ -76.427, -12.903 ], [ -76.428, -12.896 ], [ -76.428, -12.905 ], [ -76.427, -12.903 ] ], [ [ -76.445, -12.958 ], [ -76.446, -12.956 ], [ -76.447, -12.956 ], [ -76.445, -12.958 ] ], [ [ -76.422, -13.017 ], [ -76.429, -13.012 ], [ -76.428, -13.014 ], [ -76.422, -13.017 ] ], [ [ -76.617, -12.569 ], [ -76.604, -12.576 ], [ -76.604, -12.575 ], [ -76.617, -12.569 ] ], [ [ -76.433, -13.029 ], [ -76.433, -13.032 ], [ -76.432, -13.031 ], [ -76.433, -13.029 ] ], [ [ -76.435, -13.024 ], [ -76.435, -13.025 ], [ -76.431, -13.019 ], [ -76.435, -13.024 ] ], [ [ -76.597, -12.722 ], [ -76.593, -12.729 ], [ -76.593, -12.727 ], [ -76.597, -12.722 ] ], [ [ -76.573, -12.701 ], [ -76.585, -12.716 ], [ -76.577, -12.708 ], [ -76.573, -12.701 ] ], [ [ -76.669, -12.507 ], [ -76.67, -12.506 ], [ -76.67, -12.51 ], [ -76.669, -12.507 ] ], [ [ -76.628, -12.485 ], [ -76.614, -12.489 ], [ -76.623, -12.485 ], [ -76.628, -12.485 ] ], [ [ -76.604, -12.509 ], [ -76.599, -12.504 ], [ -76.599, -12.503 ], [ -76.604, -12.509 ] ], [ [ -76.586, -12.483 ], [ -76.588, -12.484 ], [ -76.586, -12.484 ], [ -76.586, -12.483 ] ], [ [ -76.391, -12.997 ], [ -76.356, -12.983 ], [ -76.357, -12.982 ], [ -76.391, -12.997 ] ], [ [ -76.351, -12.985 ], [ -76.355, -12.991 ], [ -76.348, -12.982 ], [ -76.351, -12.985 ] ], [ [ -76.18, -12.859 ], [ -76.181, -12.861 ], [ -76.18, -12.862 ], [ -76.18, -12.859 ] ], [ [ -76.18, -12.876 ], [ -76.185, -12.882 ], [ -76.185, -12.883 ], [ -76.18, -12.876 ] ], [ [ -76.338, -13.102 ], [ -76.336, -13.102 ], [ -76.338, -13.099 ], [ -76.338, -13.102 ] ], [ [ -76.341, -13.102 ], [ -76.346, -13.101 ], [ -76.346, -13.102 ], [ -76.341, -13.102 ] ], [ [ -76.38, -13.062 ], [ -76.385, -13.064 ], [ -76.384, -13.065 ], [ -76.38, -13.062 ] ], [ [ -76.041, -12.871 ], [ -76.04, -12.87 ], [ -76.045, -12.865 ], [ -76.041, -12.871 ] ], [ [ -76.388, -12.764 ], [ -76.389, -12.762 ], [ -76.39, -12.762 ], [ -76.388, -12.764 ] ], [ [ -76.386, -12.766 ], [ -76.382, -12.766 ], [ -76.386, -12.765 ], [ -76.386, -12.766 ] ], [ [ -76.324, -12.749 ], [ -76.321, -12.749 ], [ -76.337, -12.746 ], [ -76.324, -12.749 ] ], [ [ -76.314, -12.749 ], [ -76.313, -12.748 ], [ -76.316, -12.749 ], [ -76.314, -12.749 ] ], [ [ -76.299, -12.732 ], [ -76.298, -12.728 ], [ -76.307, -12.744 ], [ -76.299, -12.732 ] ] ] } },
{ "type": "Feature", "properties": { "DEPARTAMEN": "LIMA", "PROVINCIA": "HUARAL", "clave": "LIMA|HUARAL" }, "geometry": { "type": "Polygon", "coordinates": [ [ [ -76.892, -11.492 ], [ -76.86, -11.504 ], [ -76.875, -11.538 ], [ -76.896, -11.535 ], [ -76.924, -11.559 ], [ -76.938, -11.55 ], [ -76.946, -11.579 ], [ -77.0, -11.598 ], [ -77.005, -11.613 ], [ -77.046, -11.579 ], [ -77.077, -11.577 ], [ -77.085, -11.604 ], [ -77.107, -11.627 ], [ -77.135, -11.627 ], [ -77.137, -11.638 ], [ -77.122, -11.657 ], [ -77.152, -11.671 ], [ -77.155, -11.702 ], [ -77.161, -11.702 ], [ -77.182, -11.686 ], [ -77.191, -11.697 ], [ -77.2, -11.693 ], [ -77.193, -11.681 ], [ -77.208, -11.648 ], [ -77.283, -11.587 ], [ -77.272, -11.584 ], [ -77.271, -11.572 ], [ -77.305, -11.512 ], [ -77.342, -11.487 ], [ -77.343, -11.474 ], [ -77.382, -11.443 ], [ -77.37, -11.415 ], [ -77.324, -11.385 ], [ -77.32, -11.365 ], [ -77.331, -11.334 ], [ -77.303, -11.274 ], [ -77.286, -11.274 ], [ -77.27, -11.294 ], [ -77.244, -11.303 ], [ -77.232, -11.314 ], [ -77.225, -11.342 ], [ -77.205, -11.343 ], [ -77.189, -11.363 ], [ -77.164, -11.366 ], [ -77.159, -11.345 ], [ -77.145, -11.342 ], [ -77.131, -11.298 ], [ -77.111, -11.282 ], [ -77.078, -11.277 ], [ -77.057, -11.231 ], [ -77.06, -11.195 ], [ -77.085, -11.185 ], [ -77.088, -11.152 ], [ -77.076, -11.092 ], [ -77.052, -11.096 ], [ -77.057, -11.118 ], [ -77.043, -11.138 ], [ -77.017, -11.134 ], [ -76.989, -11.104 ], [ -76.943, -11.078 ], [ -76.908, -11.088 ], [ -76.874, -11.084 ], [ -76.823, -11.103 ], [ -76.793, -11.076 ], [ -76.782, -11.046 ], [ -76.764, -11.035 ], [ -76.74, -11.041 ], [ -76.741, -11.066 ], [ -76.72, -11.052 ], [ -76.684, -11.047 ], [ -76.671, -11.054 ], [ -76.657, -11.033 ], [ -76.634, -11.038 ], [ -76.629, -11.024 ], [ -76.619, -11.029 ], [ -76.569, -11.013 ], [ -76.533, -11.034 ], [ -76.527, -11.051 ], [ -76.542, -11.056 ], [ -76.527, -11.052 ], [ -76.491, -11.089 ], [ -76.496, -11.11 ], [ -76.519, -11.118 ], [ -76.505, -11.144 ], [ -76.506, -11.174 ], [ -76.492, -11.189 ], [ -76.483, -11.237 ], [ -76.489, -11.25 ], [ -76.457, -11.273 ], [ -76.479, -11.291 ], [ -76.457, -11.334 ], [ -76.482, -11.344 ], [ -76.509, -11.328 ], [ -76.533, -11.334 ], [ -76.545, -11.316 ], [ -76.58, -11.313 ], [ -76.598, -11.327 ], [ -76.603, -11.348 ], [ -76.631, -11.354 ], [ -76.641, -11.344 ], [ -76.668, -11.346 ], [ -76.667, -11.388 ], [ -76.695, -11.429 ], [ -76.706, -11.424 ], [ -76.723, -11.435 ], [ -76.772, -11.42 ], [ -76.856, -11.468 ], [ -76.886, -11.465 ], [ -76.896, -11.451 ], [ -76.892, -11.492 ] ], [ [ -77.317, -11.393 ], [ -77.32, -11.388 ], [ -77.324, -11.385 ], [ -77.317, -11.393 ] ], [ [ -76.806, -11.176 ], [ -76.807, -11.173 ], [ -76.808, -11.19 ], [ -76.806, -11.176 ] ], [ [ -76.912, -11.421 ], [ -76.903, -11.437 ], [ -76.904, -11.434 ], [ -76.912, -11.421 ] ], [ [ -76.9, -11.443 ], [ -76.898, -11.446 ], [ -76.898, -11.444 ], [ -76.9, -11.443 ] ], [ [ -76.988, -11.349 ], [ -77.002, -11.355 ], [ -76.988, -11.35 ], [ -76.988, -11.349 ] ], [ [ -77.212, -11.585 ], [ -77.21, -11.581 ], [ -77.216, -11.588 ], [ -77.212, -11.585 ] ], [ [ -77.208, -11.571 ], [ -77.21, -11.576 ], [ -77.21, -11.581 ], [ -77.208, -11.571 ] ], [ [ -77.204, -11.561 ], [ -77.215, -11.558 ], [ -77.204, -11.562 ], [ -77.204, -11.561 ] ], [ [ -76.941, -11.343 ], [ -76.934, -11.342 ], [ -76.943, -11.342 ], [ -76.941, -11.343 ] ], [ [ -76.851, -11.167 ], [ -76.853, -11.174 ], [ -76.851, -11.171 ], [ -76.851, -11.167 ] ], [ [ -76.841, -11.145 ], [ -76.84, -11.156 ], [ -76.839, -11.156 ], [ -76.841, -11.145 ] ], [ [ -76.656, -11.222 ], [ -76.655, -11.223 ], [ -76.655, -11.214 ], [ -76.656, -11.222 ] ], [ [ -76.552, -11.209 ], [ -76.55, -11.209 ], [ -76.546, -11.207 ], [ -76.552, -11.209 ] ], [ [ -76.538, -11.204 ], [ -76.529, -11.206 ], [ -76.537, -11.203 ], [ -76.538, -11.204 ] ] ] } },
{ "type": "Feature", "properties": { "DEPARTAMEN": "LIMA", "PROVINCIA": "HUAROCHIRI", "clave": "LIMA|HUAROCHIRI" }, "geometry": { "type": "Polygon", "coordinates": [ [ [ -76.435, -12.387 ], [ -76.453, -12.404 ], [ -76.476, -12.41 ], [ -76.516, -12.386 ], [ -76.538, -12.339 ], [ -76.532, -12.316 ], [ -76.556, -12.276 ], [ -76.589, -12.3 ], [ -76.607, -12.369 ], [ -76.682, -12.354 ], [ -76.674, -12.32 ], [ -76.635, -12.277 ], [ -76.621, -12.227 ], [ -76.648, -12.21 ], [ -76.66, -12.173 ], [ -76.672, -12.172 ], [ -76.688, -12.152 ], [ -76.692, -12.141 ], [ -76.672, -12.134 ], [ -76.714, -12.108 ], [ -76.705, -12.086 ], [ -76.684, -12.086 ], [ -76.673, -12.073 ], [ -76.678, -12.053 ], [ -76.707, -12.032 ], [ -76.722, -12.0 ], [ -76.661, -11.979 ], [ -76.648, -11.967 ], [ -76.647, -11.952 ], [ -76.694, -11.897 ], [ -76.727, -11.875 ], [ -76.739, -11.893 ], [ -76.792, -11.928 ], [ -76.818, -11.928 ], [ -76.829, -11.945 ], [ -76.85, -11.935 ], [ -76.92, -11.959 ], [ -76.931, -11.942 ], [ -76.915, -11.927 ], [ -76.918, -11.906 ], [ -76.895, -11.866 ], [ -76.931, -11.871 ], [ -76.942, -11.861 ], [ -76.936, -11.834 ], [ -76.904, -11.824 ], [ -76.907, -11.796 ], [ -76.851, -11.798 ], [ -76.805, -11.756 ], [ -76.752, -11.731 ], [ -76.739, -11.697 ], [ -76.707, -11.691 ], [ -76.664, -11.658 ], [ -76.612, -11.652 ], [ -76.6, -11.637 ], [ -76.575, -11.633 ], [ -76.575, -11.621 ], [ -76.558, -11.612 ], [ -76.554, -11.581 ], [ -76.536, -11.561 ], [ -76.545, -11.519 ], [ -76.529, -11.512 ], [ -76.495, -11.458 ], [ -76.475, -11.467 ], [ -76.454, -11.464 ], [ -76.437, -11.487 ], [ -76.414, -11.492 ], [ -76.401, -11.507 ], [ -76.392, -11.499 ], [ -76.373, -11.502 ], [ -76.359, -11.523 ], [ -76.351, -11.52 ], [ -76.355, -11.555 ], [ -76.35, -11.542 ], [ -76.328, -11.544 ], [ -76.304, -11.568 ], [ -76.297, -11.595 ], [ -76.265, -11.567 ], [ -76.237, -11.569 ], [ -76.227, -11.554 ], [ -76.189, -11.59 ], [ -76.18, -11.612 ], [ -76.197, -11.622 ], [ -76.188, -11.643 ], [ -76.205, -11.66 ], [ -76.193, -11.673 ], [ -76.197, -11.693 ], [ -76.208, -11.7 ], [ -76.198, -11.738 ], [ -76.186, -11.739 ], [ -76.154, -11.781 ], [ -76.143, -11.777 ], [ -76.125, -11.795 ], [ -76.094, -11.848 ], [ -76.052, -11.891 ], [ -76.05, -11.91 ], [ -76.058, -11.913 ], [ -76.053, -11.948 ], [ -75.993, -11.995 ], [ -76.02, -12.064 ], [ -76.061, -12.089 ], [ -76.073, -12.109 ], [ -76.057, -12.133 ], [ -76.086, -12.16 ], [ -76.068, -12.186 ], [ -76.069, -12.207 ], [ -76.099, -12.207 ], [ -76.113, -12.226 ], [ -76.153, -12.24 ], [ -76.171, -12.259 ], [ -76.215, -12.263 ], [ -76.246, -12.297 ], [ -76.269, -12.304 ], [ -76.291, -12.28 ], [ -76.297, -12.25 ], [ -76.303, -12.273 ], [ -76.323, -12.29 ], [ -76.346, -12.338 ], [ -76.373, -12.335 ], [ -76.378, -12.321 ], [ -76.386, -12.317 ], [ -76.435, -12.387 ] ], [ [ -76.39, -12.17 ], [ -76.391, -12.169 ], [ -76.39, -12.173 ], [ -76.39, -12.17 ] ], [ [ -76.41, -12.178 ], [ -76.407, -12.177 ], [ -76.409, -12.177 ], [ -76.41, -12.178 ] ], [ [ -76.508, -11.531 ], [ -76.506, -11.528 ], [ -76.505, -11.52 ], [ -76.508, -11.531 ] ], [ [ -76.525, -11.662 ], [ -76.526, -11.661 ], [ -76.525, -11.666 ], [ -76.525, -11.662 ] ], [ [ -76.517, -11.673 ], [ -76.486, -11.676 ], [ -76.501, -11.672 ], [ -76.517, -11.673 ] ], [ [ -76.383, -11.713 ], [ -76.384, -11.712 ], [ -76.383, -11.719 ], [ -76.383, -11.713 ] ], [ [ -76.412, -11.749 ], [ -76.409, -11.74 ], [ -76.41, -11.741 ], [ -76.412, -11.749 ] ], [ [ -76.415, -11.944 ], [ -76.416, -11.945 ], [ -76.414, -11.948 ], [ -76.415, -11.944 ] ], [ [ -76.423, -12.022 ], [ -76.423, -12.019 ], [ -76.424, -12.023 ], [ -76.423, -12.022 ] ], [ [ -76.429, -12.027 ], [ -76.427, -12.025 ], [ -76.437, -12.029 ], [ -76.429, -12.027 ] ], [ [ -76.635, -11.922 ], [ -76.627, -11.922 ], [ -76.626, -11.921 ], [ -76.635, -11.922 ] ], [ [ -76.591, -11.925 ], [ -76.591, -11.912 ], [ -76.592, -11.924 ], [ -76.591, -11.925 ] ], [ [ -76.64, -11.968 ], [ -76.639, -11.967 ], [ -76.643, -11.968 ], [ -76.64, -11.968 ] ], [ [ -76.582, -11.95 ], [ -76.591, -11.949 ], [ -76.592, -11.95 ], [ -76.582, -11.95 ] ], [ [ -76.575, -11.964 ], [ -76.572, -11.961 ], [ -76.573, -11.961 ], [ -76.575, -11.964 ] ], [ [ -76.574, -11.969 ], [ -76.568, -11.981 ], [ -76.575, -11.964 ], [ -76.574, -11.969 ] ], [ [ -76.552, -12.031 ], [ -76.551, -12.031 ], [ -76.553, -12.025 ], [ -76.552, -12.031 ] ], [ [ -76.52, -12.164 ], [ -76.517, -12.166 ], [ -76.524, -12.159 ], [ -76.52, -12.164 ] ], [ [ -76.498, -12.136 ], [ -76.498, -12.137 ], [ -76.489, -12.138 ], [ -76.498, -12.136 ] ], [ [ -76.478, -12.118 ], [ -76.474, -12.125 ], [ -76.478, -12.114 ], [ -76.478, -12.118 ] ], [ [ -76.658, -12.138 ], [ -76.663, -12.138 ], [ -76.662, -12.139 ], [ -76.658, -12.138 ] ], [ [ -76.487, -12.18 ], [ -76.497, -12.183 ], [ -76.484, -12.181 ], [ -76.487, -12.18 ] ], [ [ -76.444, -12.186 ], [ -76.432, -12.188 ], [ -76.442, -12.185 ], [ -76.444, -12.186 ] ], [ [ -76.624, -11.807 ], [ -76.628, -11.819 ], [ -76.624, -11.813 ], [ -76.624, -11.807 ] ], [ [ -76.615, -11.808 ], [ -76.619, -11.809 ], [ -76.621, -11.811 ], [ -76.615, -11.808 ] ], [ [ -76.574, -11.799 ], [ -76.573, -11.798 ], [ -76.586, -11.797 ], [ -76.574, -11.799 ] ], [ [ -76.646, -11.705 ], [ -76.646, -11.697 ], [ -76.647, -11.703 ], [ -76.646, -11.705 ] ], [ [ -76.62, -11.723 ], [ -76.623, -11.723 ], [ -76.637, -11.724 ], [ -76.62, -11.723 ] ], [ [ -76.617, -11.746 ], [ -76.617, -11.749 ], [ -76.615, -11.743 ], [ -76.617, -11.746 ] ], [ [ -76.615, -11.776 ], [ -76.614, -11.775 ], [ -76.614, -11.756 ], [ -76.615, -11.776 ] ], [ [ -76.633, -11.851 ], [ -76.633, -11.85 ], [ -76.634, -11.851 ], [ -76.633, -11.851 ] ], [ [ -76.617, -11.846 ], [ -76.628, -11.848 ], [ -76.633, -11.85 ], [ -76.617, -11.846 ] ], [ [ -76.56, -11.836 ], [ -76.563, -11.838 ], [ -76.561, -11.838 ], [ -76.56, -11.836 ] ], [ [ -76.677, -11.765 ], [ -76.676, -11.766 ], [ -76.673, -11.765 ], [ -76.677, -11.765 ] ], [ [ -76.666, -11.763 ], [ -76.669, -11.764 ], [ -76.665, -11.764 ], [ -76.666, -11.763 ] ], [ [ -76.474, -11.752 ], [ -76.473, -11.765 ], [ -76.473, -11.755 ], [ -76.474, -11.752 ] ], [ [ -76.477, -11.748 ], [ -76.476, -11.749 ], [ -76.476, -11.748 ], [ -76.477, -11.748 ] ], [ [ -76.576, -11.639 ], [ -76.58, -11.657 ], [ -76.577, -11.647 ], [ -76.576, -11.639 ] ], [ [ -76.441, -11.79 ], [ -76.433, -11.791 ], [ -76.434, -11.79 ], [ -76.441, -11.79 ] ], [ [ -76.108, -11.929 ], [ -76.107, -11.928 ], [ -76.108, -11.927 ], [ -76.108, -11.929 ] ], [ [ -76.085, -11.917 ], [ -76.081, -11.917 ], [ -76.081, -11.916 ], [ -76.085, -11.917 ] ], [ [ -76.078, -11.919 ], [ -76.076, -11.922 ], [ -76.069, -11.927 ], [ -76.078, -11.919 ] ], [ [ -76.396, -12.063 ], [ -76.382, -12.06 ], [ -76.387, -12.06 ], [ -76.396, -12.063 ] ], [ [ -76.219, -11.913 ], [ -76.218, -11.912 ], [ -76.221, -11.91 ], [ -76.219, -11.913 ] ], [ [ -76.181, -11.879 ], [ -76.165, -11.884 ], [ -76.178, -11.879 ], [ -76.181, -11.879 ] ], [ [ -76.156, -11.974 ], [ -76.136, -11.975 ], [ -76.155, -11.973 ], [ -76.156, -11.974 ] ], [ [ -76.139, -11.997 ], [ -76.14, -12.001 ], [ -76.139, -12.0 ], [ -76.139, -11.997 ] ], [ [ -76.271, -12.196 ], [ -76.271, -12.195 ], [ -76.282, -12.204 ], [ -76.271, -12.196 ] ], [ [ -76.276, -12.134 ], [ -76.277, -12.134 ], [ -76.282, -12.138 ], [ -76.276, -12.134 ] ], [ [ -76.266, -12.148 ], [ -76.273, -12.136 ], [ -76.275, -12.135 ], [ -76.266, -12.148 ] ], [ [ -76.26, -12.156 ], [ -76.26, -12.153 ], [ -76.261, -12.153 ], [ -76.26, -12.156 ] ], [ [ -76.22, -12.16 ], [ -76.216, -12.156 ], [ -76.219, -12.157 ], [ -76.22, -12.16 ] ], [ [ -76.213, -12.15 ], [ -76.214, -12.144 ], [ -76.215, -12.144 ], [ -76.213, -12.15 ] ], [ [ -76.421, -12.111 ], [ -76.439, -12.11 ], [ -76.442, -12.111 ], [ -76.421, -12.111 ] ], [ [ -76.348, -12.143 ], [ -76.347, -12.132 ], [ -76.348, -12.128 ], [ -76.348, -12.143 ] ], [ [ -76.329, -12.199 ], [ -76.32, -12.203 ], [ -76.321, -12.202 ], [ -76.329, -12.199 ] ], [ [ -76.253, -12.297 ], [ -76.252, -12.297 ], [ -76.254, -12.288 ], [ -76.253, -12.297 ] ], [ [ -76.203, -12.052 ], [ -76.204, -12.053 ], [ -76.194, -12.049 ], [ -76.203, -12.052 ] ], [ [ -76.244, -12.088 ], [ -76.242, -12.091 ], [ -76.239, -12.093 ], [ -76.244, -12.088 ] ], [ [ -76.341, -11.698 ], [ -76.343, -11.699 ], [ -76.34, -11.699 ], [ -76.341, -11.698 ] ], [ [ -76.336, -11.706 ], [ -76.338, -11.699 ], [ -76.339, -11.699 ], [ -76.336, -11.706 ] ], [ [ -76.329, -11.715 ], [ -76.328, -11.713 ], [ -76.33, -11.71 ], [ -76.329, -11.715 ] ], [ [ -76.358, -11.75 ], [ -76.358, -11.752 ], [ -76.357, -11.742 ], [ -76.358, -11.75 ] ], [ [ -76.36, -11.762 ], [ -76.36, -11.769 ], [ -76.358, -11.759 ], [ -76.36, -11.762 ] ], [ [ -76.326, -11.836 ], [ -76.306, -11.845 ], [ -76.309, -11.842 ], [ -76.326, -11.836 ] ], [ [ -76.3, -11.847 ], [ -76.297, -11.844 ], [ -76.301, -11.847 ], [ -76.3, -11.847 ] ], [ [ -76.41, -11.938 ], [ -76.413, -11.942 ], [ -76.398, -11.929 ], [ -76.41, -11.938 ] ], [ [ -76.431, -11.794 ], [ -76.43, -11.796 ], [ -76.43, -11.794 ], [ -76.431, -11.794 ] ], [ [ -76.432, -11.804 ], [ -76.432, -11.806 ], [ -76.43, -11.807 ], [ -76.432, -11.804 ] ], [ [ -76.426, -11.857 ], [ -76.426, -11.859 ], [ -76.422, -11.866 ], [ -76.426, -11.857 ] ], [ [ -76.306, -11.68 ], [ -76.306, -11.683 ], [ -76.304, -11.675 ], [ -76.306, -11.68 ] ], [ [ -76.295, -11.674 ], [ -76.301, -11.673 ], [ -76.304, -11.675 ], [ -76.295, -11.674 ] ], [ [ -76.286, -11.693 ], [ -76.285, -11.695 ], [ -76.285, -11.694 ], [ -76.286, -11.693 ] ], [ [ -76.285, -11.703 ], [ -76.286, -11.707 ], [ -76.285, -11.717 ], [ -76.285, -11.703 ] ], [ [ -76.203, -11.793 ], [ -76.202, -11.793 ], [ -76.2, -11.79 ], [ -76.203, -11.793 ] ], [ [ -76.507, -11.567 ], [ -76.504, -11.558 ], [ -76.507, -11.564 ], [ -76.507, -11.567 ] ], [ [ -76.51, -11.664 ], [ -76.507, -11.664 ], [ -76.505, -11.663 ], [ -76.51, -11.664 ] ] ] } },
{ "type": "Feature", "properties": { "DEPARTAMEN": "LIMA", "PROVINCIA": "HUAURA", "clave": "LIMA|HUAURA" }, "geometry": { "type": "Polygon", "coordinates": [ [ [ -77.32, -11.365 ], [ -77.324, -11.385 ], [ -77.37, -11.415 ], [ -77.383, -11.447 ], [ -77.498, -11.377 ], [ -77.648, -11.303 ], [ -77.654, -11.291 ], [ -77.643, -11.291 ], [ -77.64, -11.276 ], [ -77.647, -11.222 ], [ -77.631, -11.212 ], [ -77.603, -11.215 ], [ -77.592, -11.182 ], [ -77.62, -11.127 ], [ -77.612, -11.114 ], [ -77.634, -11.094 ], [ -77.633, -11.055 ], [ -77.662, -11.013 ], [ -77.647, -10.998 ], [ -77.665, -10.959 ], [ -77.658, -10.947 ], [ -77.702, -10.886 ], [ -77.658, -10.865 ], [ -77.639, -10.873 ], [ -77.598, -10.86 ], [ -77.547, -10.893 ], [ -77.526, -10.932 ], [ -77.444, -10.916 ], [ -77.462, -10.87 ], [ -77.458, -10.81 ], [ -77.439, -10.803 ], [ -77.425, -10.768 ], [ -77.402, -10.768 ], [ -77.387, -10.753 ], [ -77.366, -10.721 ], [ -77.404, -10.687 ], [ -77.38, -10.639 ], [ -77.367, -10.638 ], [ -77.349, -10.608 ], [ -77.329, -10.618 ], [ -77.3, -10.66 ], [ -77.249, -10.683 ], [ -77.215, -10.677 ], [ -77.197, -10.687 ], [ -77.126, -10.647 ], [ -77.105, -10.672 ], [ -77.084, -10.667 ], [ -77.056, -10.692 ], [ -77.048, -10.679 ], [ -77.025, -10.678 ], [ -77.008, -10.7 ], [ -77.023, -10.706 ], [ -77.042, -10.738 ], [ -77.081, -10.744 ], [ -77.086, -10.754 ], [ -77.14, -10.756 ], [ -77.178, -10.779 ], [ -77.188, -10.805 ], [ -77.174, -10.809 ], [ -77.156, -10.856 ], [ -77.168, -10.919 ], [ -77.194, -10.93 ], [ -77.196, -10.951 ], [ -77.18, -10.961 ], [ -77.171, -10.991 ], [ -77.139, -11.011 ], [ -77.119, -10.998 ], [ -77.081, -11.016 ], [ -77.027, -10.932 ], [ -76.993, -10.91 ], [ -76.96, -10.861 ], [ -76.924, -10.853 ], [ -76.915, -10.86 ], [ -76.889, -10.844 ], [ -76.794, -10.922 ], [ -76.744, -10.935 ], [ -76.732, -10.912 ], [ -76.698, -10.88 ], [ -76.654, -10.882 ], [ -76.588, -10.846 ], [ -76.565, -10.964 ], [ -76.582, -10.985 ], [ -76.577, -11.017 ], [ -76.619, -11.029 ], [ -76.629, -11.024 ], [ -76.634, -11.038 ], [ -76.657, -11.033 ], [ -76.671, -11.054 ], [ -76.684, -11.047 ], [ -76.72, -11.052 ], [ -76.735, -11.065 ], [ -76.741, -11.066 ], [ -76.744, -11.036 ], [ -76.765, -11.035 ], [ -76.782, -11.046 ], [ -76.793, -11.076 ], [ -76.826, -11.104 ], [ -76.875, -11.083 ], [ -76.908, -11.088 ], [ -76.943, -11.078 ], [ -76.989, -11.104 ], [ -77.018, -11.135 ], [ -77.046, -11.138 ], [ -77.057, -11.117 ], [ -77.052, -11.096 ], [ -77.077, -11.092 ], [ -77.086, -11.181 ], [ -77.06, -11.195 ], [ -77.057, -11.231 ], [ -77.078, -11.277 ], [ -77.111, -11.282 ], [ -77.131, -11.298 ], [ -77.145, -11.342 ], [ -77.159, -11.345 ], [ -77.164, -11.366 ], [ -77.189, -11.363 ], [ -77.205, -11.343 ], [ -77.225, -11.342 ], [ -77.232, -11.314 ], [ -77.286, -11.274 ], [ -77.303, -11.274 ], [ -77.331, -11.334 ], [ -77.32, -11.365 ] ], [ [ -77.613, -11.078 ], [ -77.628, -11.084 ], [ -77.611, -11.078 ], [ -77.613, -11.078 ] ], [ [ -77.326, -10.906 ], [ -77.34, -10.906 ], [ -77.326, -10.907 ], [ -77.326, -10.906 ] ], [ [ -77.584, -11.13 ], [ -77.582, -11.131 ], [ -77.587, -11.125 ], [ -77.584, -11.13 ] ], [ [ -77.622, -11.058 ], [ -77.624, -11.059 ], [ -77.608, -11.059 ], [ -77.622, -11.058 ] ], [ [ -77.526, -10.96 ], [ -77.523, -10.964 ], [ -77.525, -10.96 ], [ -77.526, -10.96 ] ], [ [ -77.534, -10.96 ], [ -77.531, -10.96 ], [ -77.534, -10.959 ], [ -77.534, -10.96 ] ], [ [ -77.54, -10.957 ], [ -77.537, -10.958 ], [ -77.539, -10.956 ], [ -77.54, -10.957 ] ], [ [ -77.255, -10.925 ], [ -77.25, -10.928 ], [ -77.253, -10.925 ], [ -77.255, -10.925 ] ], [ [ -77.231, -10.952 ], [ -77.227, -10.959 ], [ -77.224, -10.96 ], [ -77.231, -10.952 ] ], [ [ -77.219, -10.965 ], [ -77.217, -10.967 ], [ -77.213, -10.968 ], [ -77.219, -10.965 ] ], [ [ -76.879, -10.941 ], [ -76.874, -10.944 ], [ -76.875, -10.942 ], [ -76.879, -10.941 ] ], [ [ -76.887, -10.978 ], [ -76.889, -10.978 ], [ -76.884, -10.982 ], [ -76.887, -10.978 ] ], [ [ -76.871, -10.982 ], [ -76.874, -10.981 ], [ -76.884, -10.982 ], [ -76.871, -10.982 ] ], [ [ -77.075, -11.02 ], [ -77.08, -11.019 ], [ -77.078, -11.02 ], [ -77.075, -11.02 ] ], [ [ -77.067, -11.017 ], [ -77.073, -11.02 ], [ -77.071, -11.02 ], [ -77.067, -11.017 ] ] ] } },
{ "type": "Feature", "properties": { "DEPARTAMEN": "LIMA", "PROVINCIA": "OYON", "clave": "LIMA|OYON" }, "geometry": { "type": "Polygon", "coordinates": [ [ [ -77.028, -10.735 ], [ -77.035, -10.733 ], [ -77.023, -10.706 ], [ -77.012, -10.706 ], [ -77.007, -10.688 ], [ -76.995, -10.681 ], [ -76.96, -10.688 ], [ -76.954, -10.706 ], [ -76.937, -10.685 ], [ -76.896, -10.666 ], [ -76.89, -10.653 ], [ -76.878, -10.656 ], [ -76.859, -10.596 ], [ -76.865, -10.584 ], [ -76.858, -10.567 ], [ -76.866, -10.558 ], [ -76.855, -10.547 ], [ -76.857, -10.493 ], [ -76.841, -10.474 ], [ -76.823, -10.483 ], [ -76.829, -10.43 ], [ -76.8, -10.42 ], [ -76.8, -10.44 ], [ -76.787, -10.439 ], [ -76.772, -10.464 ], [ -76.74, -10.467 ], [ -76.729, -10.476 ], [ -76.73, -10.508 ], [ -76.71, -10.541 ], [ -76.704, -10.589 ], [ -76.686, -10.581 ], [ -76.676, -10.621 ], [ -76.656, -10.647 ], [ -76.671, -10.678 ], [ -76.628, -10.766 ], [ -76.633, -10.785 ], [ -76.62, -10.812 ], [ -76.602, -10.815 ], [ -76.588, -10.845 ], [ -76.654, -10.882 ], [ -76.695, -10.879 ], [ -76.732, -10.912 ], [ -76.744, -10.935 ], [ -76.791, -10.925 ], [ -76.889, -10.844 ], [ -76.916, -10.86 ], [ -76.924, -10.853 ], [ -76.96, -10.861 ], [ -76.974, -10.87 ], [ -76.993, -10.91 ], [ -77.027, -10.932 ], [ -77.081, -11.016 ], [ -77.118, -10.998 ], [ -77.139, -11.011 ], [ -77.171, -10.991 ], [ -77.18, -10.961 ], [ -77.196, -10.951 ], [ -77.194, -10.93 ], [ -77.168, -10.919 ], [ -77.156, -10.856 ], [ -77.174, -10.809 ], [ -77.188, -10.805 ], [ -77.161, -10.766 ], [ -77.121, -10.751 ], [ -77.028, -10.735 ] ], [ [ -77.022, -10.743 ], [ -77.023, -10.742 ], [ -77.021, -10.746 ], [ -77.022, -10.743 ] ], [ [ -77.104, -10.924 ], [ -77.073, -10.923 ], [ -77.086, -10.922 ], [ -77.104, -10.924 ] ], [ [ -77.072, -10.923 ], [ -77.07, -10.926 ], [ -77.071, -10.923 ], [ -77.072, -10.923 ] ], [ [ -77.072, -10.929 ], [ -77.07, -10.928 ], [ -77.07, -10.926 ], [ -77.072, -10.929 ] ], [ [ -76.726, -10.827 ], [ -76.727, -10.818 ], [ -76.727, -10.827 ], [ -76.726, -10.827 ] ], [ [ -76.871, -10.784 ], [ -76.875, -10.792 ], [ -76.871, -10.788 ], [ -76.871, -10.784 ] ], [ [ -76.802, -10.742 ], [ -76.803, -10.746 ], [ -76.799, -10.74 ], [ -76.802, -10.742 ] ], [ [ -76.957, -10.757 ], [ -76.959, -10.758 ], [ -76.957, -10.758 ], [ -76.957, -10.757 ] ], [ [ -76.969, -10.763 ], [ -76.984, -10.765 ], [ -76.972, -10.764 ], [ -76.969, -10.763 ] ], [ [ -76.882, -10.792 ], [ -76.88, -10.802 ], [ -76.882, -10.789 ], [ -76.882, -10.792 ] ] ] } },
{ "type": "Feature", "properties": { "DEPARTAMEN": "LIMA", "PROVINCIA": "YAUYOS", "clave": "LIMA|YAUYOS" }, "geometry": { "type": "Polygon", "coordinates": [ [ [ -75.943, -12.802 ], [ -75.984, -12.782 ], [ -76.0, -12.757 ], [ -76.022, -12.789 ], [ -76.045, -12.782 ], [ -76.061, -12.793 ], [ -76.077, -12.786 ], [ -76.101, -12.802 ], [ -76.13, -12.787 ], [ -76.142, -12.793 ], [ -76.154, -12.838 ], [ -76.177, -12.854 ], [ -76.199, -12.813 ], [ -76.241, -12.791 ], [ -76.247, -12.756 ], [ -76.283, -12.752 ], [ -76.296, -12.734 ], [ -76.299, -12.714 ], [ -76.285, -12.683 ], [ -76.288, -12.654 ], [ -76.273, -12.649 ], [ -76.252, -12.592 ], [ -76.288, -12.587 ], [ -76.323, -12.528 ], [ -76.335, -12.536 ], [ -76.367, -12.533 ], [ -76.34, -12.495 ], [ -76.331, -12.442 ], [ -76.322, -12.444 ], [ -76.314, -12.431 ], [ -76.333, -12.416 ], [ -76.345, -12.388 ], [ -76.346, -12.338 ], [ -76.301, -12.258 ], [ -76.269, -12.304 ], [ -76.248, -12.299 ], [ -76.215, -12.263 ], [ -76.171, -12.26 ], [ -76.152, -12.239 ], [ -76.113, -12.226 ], [ -76.099, -12.207 ], [ -76.069, -12.207 ], [ -76.069, -12.185 ], [ -76.086, -12.16 ], [ -76.057, -12.133 ], [ -76.073, -12.11 ], [ -76.062, -12.089 ], [ -76.02, -12.064 ], [ -76.01, -12.024 ], [ -75.998, -12.018 ], [ -76.0, -11.997 ], [ -75.974, -11.984 ], [ -75.948, -11.994 ], [ -75.922, -11.984 ], [ -75.904, -11.998 ], [ -75.886, -11.993 ], [ -75.843, -12.006 ], [ -75.832, -12.025 ], [ -75.819, -12.014 ], [ -75.766, -12.06 ], [ -75.751, -12.055 ], [ -75.741, -12.037 ], [ -75.717, -12.047 ], [ -75.694, -12.043 ], [ -75.674, -12.058 ], [ -75.688, -12.082 ], [ -75.635, -12.115 ], [ -75.628, -12.142 ], [ -75.671, -12.192 ], [ -75.653, -12.206 ], [ -75.587, -12.299 ], [ -75.589, -12.325 ], [ -75.566, -12.335 ], [ -75.549, -12.364 ], [ -75.567, -12.411 ], [ -75.559, -12.412 ], [ -75.557, -12.457 ], [ -75.536, -12.519 ], [ -75.572, -12.564 ], [ -75.566, -12.571 ], [ -75.583, -12.622 ], [ -75.575, -12.659 ], [ -75.561, -12.663 ], [ -75.563, -12.675 ], [ -75.552, -12.682 ], [ -75.554, -12.704 ], [ -75.577, -12.716 ], [ -75.571, -12.725 ], [ -75.555, -12.735 ], [ -75.551, -12.743 ], [ -75.508, -12.776 ], [ -75.531, -12.822 ], [ -75.56, -12.817 ], [ -75.57, -12.843 ], [ -75.613, -12.86 ], [ -75.636, -12.916 ], [ -75.614, -12.964 ], [ -75.638, -12.973 ], [ -75.637, -12.988 ], [ -75.667, -12.997 ], [ -75.67, -13.023 ], [ -75.71, -13.04 ], [ -75.765, -13.018 ], [ -75.772, -13.038 ], [ -75.802, -13.06 ], [ -75.818, -13.052 ], [ -75.824, -13.031 ], [ -75.85, -13.036 ], [ -75.939, -12.991 ], [ -75.961, -13.001 ], [ -75.957, -12.97 ], [ -75.973, -12.924 ], [ -76.004, -12.922 ], [ -75.993, -12.896 ], [ -76.008, -12.853 ], [ -76.002, -12.84 ], [ -75.959, -12.849 ], [ -75.941, -12.82 ], [ -75.943, -12.802 ] ], [ [ -76.045, -12.229 ], [ -76.042, -12.231 ], [ -76.043, -12.229 ], [ -76.045, -12.229 ] ], [ [ -76.035, -12.233 ], [ -76.041, -12.231 ], [ -76.041, -12.232 ], [ -76.035, -12.233 ] ], [ [ -75.879, -12.177 ], [ -75.884, -12.173 ], [ -75.884, -12.174 ], [ -75.879, -12.177 ] ], [ [ -75.798, -12.258 ], [ -75.81, -12.262 ], [ -75.813, -12.264 ], [ -75.798, -12.258 ] ], [ [ -75.851, -12.423 ], [ -75.851, -12.422 ], [ -75.856, -12.419 ], [ -75.851, -12.423 ] ], [ [ -75.953, -12.622 ], [ -75.962, -12.62 ], [ -75.949, -12.624 ], [ -75.953, -12.622 ] ], [ [ -75.842, -12.671 ], [ -75.85, -12.677 ], [ -75.852, -12.68 ], [ -75.842, -12.671 ] ], [ [ -75.837, -12.671 ], [ -75.839, -12.67 ], [ -75.842, -12.671 ], [ -75.837, -12.671 ] ], [ [ -75.967, -12.7 ], [ -75.968, -12.705 ], [ -75.964, -12.691 ], [ -75.967, -12.7 ] ], [ [ -75.948, -12.732 ], [ -75.952, -12.719 ], [ -75.951, -12.726 ], [ -75.948, -12.732 ] ], [ [ -75.904, -12.815 ], [ -75.903, -12.813 ], [ -75.907, -12.815 ], [ -75.904, -12.815 ] ], [ [ -75.942, -12.846 ], [ -75.944, -12.843 ], [ -75.939, -12.855 ], [ -75.942, -12.846 ] ], [ [ -75.847, -12.963 ], [ -75.847, -12.961 ], [ -75.848, -12.963 ], [ -75.847, -12.963 ] ], [ [ -76.027, -12.249 ], [ -76.027, -12.254 ], [ -76.026, -12.253 ], [ -76.027, -12.249 ] ], [ [ -76.034, -12.256 ], [ -76.028, -12.256 ], [ -76.027, -12.254 ], [ -76.034, -12.256 ] ], [ [ -76.217, -12.389 ], [ -76.21, -12.387 ], [ -76.216, -12.388 ], [ -76.217, -12.389 ] ], [ [ -75.871, -12.301 ], [ -75.87, -12.306 ], [ -75.87, -12.302 ], [ -75.871, -12.301 ] ], [ [ -76.192, -12.552 ], [ -76.188, -12.552 ], [ -76.195, -12.55 ], [ -76.192, -12.552 ] ], [ [ -76.185, -12.552 ], [ -76.185, -12.551 ], [ -76.187, -12.552 ], [ -76.185, -12.552 ] ], [ [ -76.013, -12.435 ], [ -76.012, -12.429 ], [ -76.013, -12.428 ], [ -76.013, -12.435 ] ], [ [ -76.046, -12.521 ], [ -76.045, -12.521 ], [ -76.045, -12.512 ], [ -76.046, -12.521 ] ], [ [ -76.004, -12.557 ], [ -76.001, -12.555 ], [ -76.006, -12.556 ], [ -76.004, -12.557 ] ], [ [ -75.99, -12.604 ], [ -75.989, -12.605 ], [ -75.99, -12.601 ], [ -75.99, -12.604 ] ], [ [ -76.088, -12.619 ], [ -76.091, -12.619 ], [ -76.088, -12.62 ], [ -76.088, -12.619 ] ], [ [ -76.215, -12.481 ], [ -76.214, -12.48 ], [ -76.223, -12.471 ], [ -76.215, -12.481 ] ], [ [ -76.102, -12.309 ], [ -76.094, -12.307 ], [ -76.111, -12.308 ], [ -76.102, -12.309 ] ], [ [ -76.189, -12.331 ], [ -76.193, -12.325 ], [ -76.193, -12.326 ], [ -76.189, -12.331 ] ], [ [ -76.182, -12.333 ], [ -76.183, -12.333 ], [ -76.174, -12.347 ], [ -76.182, -12.333 ] ], [ [ -76.16, -12.364 ], [ -76.166, -12.358 ], [ -76.161, -12.364 ], [ -76.16, -12.364 ] ], [ [ -76.151, -12.365 ], [ -76.152, -12.365 ], [ -76.151, -12.366 ], [ -76.151, -12.365 ] ], [ [ -76.147, -12.389 ], [ -76.148, -12.373 ], [ -76.15, -12.367 ], [ -76.147, -12.389 ] ], [ [ -76.156, -12.283 ], [ -76.157, -12.278 ], [ -76.156, -12.29 ], [ -76.156, -12.283 ] ], [ [ -75.942, -12.091 ], [ -75.942, -12.1 ], [ -75.941, -12.1 ], [ -75.942, -12.091 ] ], [ [ -75.584, -12.676 ], [ -75.576, -12.685 ], [ -75.579, -12.68 ], [ -75.584, -12.676 ] ], [ [ -75.627, -12.867 ], [ -75.629, -12.867 ], [ -75.646, -12.872 ], [ -75.627, -12.867 ] ], [ [ -75.933, -12.852 ], [ -75.933, -12.853 ], [ -75.931, -12.853 ], [ -75.933, -12.852 ] ], [ [ -75.615, -12.583 ], [ -75.613, -12.586 ], [ -75.615, -12.579 ], [ -75.615, -12.583 ] ], [ [ -75.603, -12.571 ], [ -75.607, -12.572 ], [ -75.615, -12.579 ], [ -75.603, -12.571 ] ], [ [ -75.588, -12.569 ], [ -75.59, -12.568 ], [ -75.6, -12.57 ], [ -75.588, -12.569 ] ], [ [ -75.807, -12.771 ], [ -75.797, -12.772 ], [ -75.796, -12.771 ], [ -75.807, -12.771 ] ], [ [ -75.78, -12.764 ], [ -75.771, -12.765 ], [ -75.769, -12.764 ], [ -75.78, -12.764 ] ], [ [ -75.615, -12.292 ], [ -75.608, -12.296 ], [ -75.614, -12.292 ], [ -75.615, -12.292 ] ], [ [ -75.725, -12.325 ], [ -75.717, -12.335 ], [ -75.72, -12.33 ], [ -75.725, -12.325 ] ], [ [ -75.715, -12.338 ], [ -75.714, -12.339 ], [ -75.711, -12.34 ], [ -75.715, -12.338 ] ], [ [ -75.708, -12.341 ], [ -75.707, -12.341 ], [ -75.703, -12.338 ], [ -75.708, -12.341 ] ], [ [ -75.921, -12.08 ], [ -75.92, -12.081 ], [ -75.915, -12.081 ], [ -75.921, -12.08 ] ], [ [ -75.784, -12.213 ], [ -75.778, -12.216 ], [ -75.782, -12.213 ], [ -75.784, -12.213 ] ] ] } },
{ "type": "Feature", "properties": { "DEPARTAMEN": "LORETO", "PROVINCIA": "MAYNAS", "clave": "LORETO|MAYNAS" }, "geometry": { "type": "Polygon", "coordinates": [ [ [ -73.468, -4.285 ], [ -73.483, -4.321 ], [ -73.545, -4.338 ], [ -73.593, -4.382 ], [ -73.709, -4.446 ], [ -73.822, -4.443 ], [ -73.884, -4.388 ], [ -73.937, -4.372 ], [ -73.945, -4.325 ], [ -74.059, -4.248 ], [ -74.086, -4.212 ], [ -74.135, -4.062 ], [ -74.135, -4.0 ], [ -74.146, -3.993 ], [ -74.186, -3.892 ], [ -74.211, -3.86 ], [ -74.24, -3.844 ], [ -74.258, -3.848 ], [ -74.278, -3.833 ], [ -74.314, -3.774 ], [ -74.347, -3.76 ], [ -74.371, -3.716 ], [ -74.412, -3.718 ], [ -74.459, -3.705 ], [ -74.472, -3.684 ], [ -74.492, -3.701 ], [ -74.504, -3.697 ], [ -74.555, -3.633 ], [ -74.679, -3.509 ], [ -74.686, -3.494 ], [ -74.679, -3.466 ], [ -74.692, -3.451 ], [ -74.717, -3.459 ], [ -74.713, -3.436 ], [ -74.732, -3.368 ], [ -74.75, -3.356 ], [ -74.754, -3.335 ], [ -74.78, -3.327 ], [ -74.782, -3.316 ], [ -74.811, -3.303 ], [ -74.833, -3.281 ], [ -74.816, -3.238 ], [ -74.843, -3.218 ], [ -74.855, -3.223 ], [ -74.874, -3.201 ], [ -74.893, -3.21 ], [ -74.922, -3.197 ], [ -74.967, -3.197 ], [ -74.992, -3.189 ], [ -75.0, -3.174 ], [ -75.017, -3.135 ], [ -75.014, -3.077 ], [ -75.026, -3.061 ], [ -75.036, -2.998 ], [ -75.057, -2.98 ], [ -75.059, -2.962 ], [ -75.01, -2.766 ], [ -75.01, -2.685 ], [ -74.974, -2.661 ], [ -74.958, -2.615 ], [ -74.962, -2.57 ], [ -74.98, -2.555 ], [ -74.993, -2.524 ], [ -74.981, -2.507 ], [ -74.954, -2.502 ], [ -74.95, -2.459 ], [ -74.961, -2.368 ], [ -75.012, -2.354 ], [ -75.083, -2.293 ], [ -75.104, -2.29 ], [ -75.111, -2.302 ], [ -75.136, -2.286 ], [ -75.155, -2.235 ], [ -75.172, -2.219 ], [ -75.167, -2.19 ], [ -75.192, -2.166 ], [ -75.224, -2.158 ], [ -75.246, -2.135 ], [ -75.243, -2.1 ], [ -75.256, -2.091 ], [ -75.253, -2.08 ], [ -75.288, -2.009 ], [ -75.338, -2.003 ], [ -75.438, -2.037 ], [ -75.466, -2.007 ], [ -75.536, -1.996 ], [ -75.571, -1.964 ], [ -75.611, -1.969 ], [ -75.651, -1.946 ], [ -75.747, -1.93 ], [ -75.779, -1.85 ], [ -75.778, -1.794 ], [ -75.583, -1.547 ], [ -75.558, -1.56 ], [ -75.55, -1.502 ], [ -75.538, -1.481 ], [ -75.387, -0.93 ], [ -75.37, -0.929 ], [ -75.3, -0.987 ], [ -75.274, -0.97 ], [ -75.188, -0.97 ], [ -75.229, -0.941 ], [ -75.234, -0.922 ], [ -75.221, -0.901 ], [ -75.223, -0.871 ], [ -75.25, -0.835 ], [ -75.242, -0.798 ], [ -75.265, -0.784 ], [ -75.251, -0.763 ], [ -75.27, -0.746 ], [ -75.273, -0.717 ], [ -75.248, -0.696 ], [ -75.272, -0.666 ], [ -75.257, -0.644 ], [ -75.232, -0.647 ], [ -75.241, -0.656 ], [ -75.229, -0.672 ], [ -75.231, -0.689 ], [ -75.182, -0.712 ], [ -75.199, -0.722 ], [ -75.193, -0.737 ], [ -75.131, -0.75 ], [ -75.128, -0.764 ], [ -75.104, -0.778 ], [ -75.058, -0.781 ], [ -75.044, -0.8 ], [ -75.028, -0.796 ], [ -74.987, -0.819 ], [ -74.954, -0.888 ], [ -74.927, -0.898 ], [ -74.91, -0.92 ], [ -74.887, -0.92 ], [ -74.884, -0.961 ], [ -74.848, -1.021 ], [ -74.76, -1.056 ], [ -74.737, -1.105 ], [ -74.72, -1.113 ], [ -74.711, -1.152 ], [ -74.644, -1.217 ], [ -74.641, -1.233 ], [ -74.603, -1.255 ], [ -74.587, -1.278 ], [ -74.589, -1.307 ], [ -74.549, -1.327 ], [ -74.543, -1.345 ], [ -74.516, -1.352 ], [ -74.494, -1.378 ], [ -74.463, -1.377 ], [ -74.444, -1.398 ], [ -74.429, -1.39 ], [ -74.404, -1.394 ], [ -74.323, -1.422 ], [ -74.304, -1.438 ], [ -74.285, -1.434 ], [ -74.223, -1.456 ], [ -74.196, -1.448 ], [ -74.088, -1.521 ], [ -74.006, -1.524 ], [ -73.976, -1.583 ], [ -73.941, -1.588 ], [ -73.941, -1.603 ], [ -73.925, -1.615 ], [ -73.887, -1.683 ], [ -73.851, -1.681 ], [ -73.823, -1.7 ], [ -73.819, -1.763 ], [ -73.842, -1.825 ], [ -73.838, -1.851 ], [ -73.879, -1.893 ], [ -73.881, -1.936 ], [ -73.9, -1.969 ], [ -73.923, -1.984 ], [ -73.885, -1.998 ], [ -73.864, -2.019 ], [ -73.807, -2.029 ], [ -73.787, -2.122 ], [ -73.737, -2.157 ], [ -73.757, -2.213 ], [ -73.732, -2.238 ], [ -73.716, -2.291 ], [ -73.697, -2.302 ], [ -73.671, -2.29 ], [ -73.634, -2.3 ], [ -73.574, -2.342 ], [ -73.561, -2.368 ], [ -73.517, -2.379 ], [ -73.479, -2.411 ], [ -73.444, -2.417 ], [ -73.406, -2.44 ], [ -73.369, -2.475 ], [ -73.371, -2.496 ], [ -73.396, -2.535 ], [ -73.36, -2.605 ], [ -73.276, -2.637 ], [ -73.209, -2.699 ], [ -73.146, -2.708 ], [ -73.125, -2.774 ], [ -73.069, -2.779 ], [ -72.93, -2.878 ], [ -72.891, -2.916 ], [ -72.834, -2.914 ], [ -72.766, -2.915 ], [ -72.669, -2.891 ], [ -72.571, -2.891 ], [ -72.573, -2.948 ], [ -72.554, -3.008 ], [ -72.553, -3.068 ], [ -72.479, -3.099 ], [ -72.475, -3.123 ], [ -72.454, -3.132 ], [ -72.43, -3.174 ], [ -72.418, -3.177 ], [ -72.407, -3.233 ], [ -72.363, -3.248 ], [ -72.338, -3.282 ], [ -72.293, -3.293 ], [ -72.274, -3.333 ], [ -72.198, -3.404 ], [ -72.192, -3.45 ], [ -72.118, -3.498 ], [ -72.148, -3.529 ], [ -72.155, -3.577 ], [ -72.174, -3.604 ], [ -72.304, -3.687 ], [ -72.278, -3.742 ], [ -72.283, -3.835 ], [ -72.254, -3.943 ], [ -72.306, -3.994 ], [ -72.348, -4.006 ], [ -72.396, -4.057 ], [ -72.408, -4.1 ], [ -72.426, -4.119 ], [ -72.437, -4.167 ], [ -72.388, -4.209 ], [ -72.482, -4.293 ], [ -72.498, -4.319 ], [ -72.54, -4.294 ], [ -72.629, -4.304 ], [ -72.603, -4.355 ], [ -72.635, -4.399 ], [ -72.757, -4.383 ], [ -72.766, -4.446 ], [ -72.783, -4.488 ], [ -72.796, -4.496 ], [ -72.882, -4.487 ], [ -72.906, -4.468 ], [ -72.935, -4.467 ], [ -73.007, -4.508 ], [ -73.035, -4.554 ], [ -73.035, -4.633 ], [ -73.068, -4.672 ], [ -73.16, -4.708 ], [ -73.184, -4.685 ], [ -73.217, -4.674 ], [ -73.27, -4.639 ], [ -73.289, -4.609 ], [ -73.323, -4.584 ], [ -73.397, -4.476 ], [ -73.428, -4.458 ], [ -73.435, -4.446 ], [ -73.421, -4.425 ], [ -73.422, -4.369 ], [ -73.45, -4.32 ], [ -73.425, -4.29 ], [ -73.379, -4.257 ], [ -73.4, -4.239 ], [ -73.468, -4.285 ] ], [ [ -73.39, -4.208 ], [ -73.389, -4.199 ], [ -73.4, -4.239 ], [ -73.39, -4.208 ] ], [ [ -73.373, -4.065 ], [ -73.373, -4.064 ], [ -73.379, -4.065 ], [ -73.373, -4.065 ] ], [ [ -73.39, -4.101 ], [ -73.388, -4.098 ], [ -73.39, -4.099 ], [ -73.39, -4.101 ] ], [ [ -73.386, -4.189 ], [ -73.386, -4.187 ], [ -73.387, -4.19 ], [ -73.386, -4.189 ] ], [ [ -74.533, -1.981 ], [ -74.549, -1.981 ], [ -74.534, -1.982 ], [ -74.533, -1.981 ] ], [ [ -74.437, -1.807 ], [ -74.444, -1.807 ], [ -74.438, -1.808 ], [ -74.437, -1.807 ] ], [ [ -74.429, -1.802 ], [ -74.435, -1.807 ], [ -74.433, -1.806 ], [ -74.429, -1.802 ] ], [ [ -74.423, -1.775 ], [ -74.422, -1.776 ], [ -74.418, -1.769 ], [ -74.423, -1.775 ] ], [ [ -74.412, -1.724 ], [ -74.411, -1.726 ], [ -74.411, -1.724 ], [ -74.412, -1.724 ] ], [ [ -74.443, -1.721 ], [ -74.435, -1.72 ], [ -74.447, -1.721 ], [ -74.443, -1.721 ] ], [ [ -74.767, -1.196 ], [ -74.764, -1.201 ], [ -74.765, -1.198 ], [ -74.767, -1.196 ] ], [ [ -74.832, -1.055 ], [ -74.829, -1.064 ], [ -74.831, -1.056 ], [ -74.832, -1.055 ] ], [ [ -74.87, -1.037 ], [ -74.862, -1.047 ], [ -74.878, -1.024 ], [ -74.87, -1.037 ] ], [ [ -72.836, -3.154 ], [ -72.866, -3.14 ], [ -72.847, -3.15 ], [ -72.836, -3.154 ] ], [ [ -72.91, -3.437 ], [ -72.904, -3.42 ], [ -72.907, -3.425 ], [ -72.91, -3.437 ] ], [ [ -73.299, -3.548 ], [ -73.29, -3.555 ], [ -73.307, -3.54 ], [ -73.299, -3.548 ] ], [ [ -73.401, -3.421 ], [ -73.36, -3.448 ], [ -73.391, -3.426 ], [ -73.401, -3.421 ] ], [ [ -73.471, -3.737 ], [ -73.499, -3.741 ], [ -73.497, -3.742 ], [ -73.471, -3.737 ] ], [ [ -73.591, -3.868 ], [ -73.515, -3.72 ], [ -73.592, -3.869 ], [ -73.591, -3.868 ] ], [ [ -73.618, -3.889 ], [ -73.616, -3.889 ], [ -73.614, -3.888 ], [ -73.618, -3.889 ] ], [ [ -73.3, -3.733 ], [ -73.296, -3.742 ], [ -73.299, -3.733 ], [ -73.3, -3.733 ] ], [ [ -73.581, -3.876 ], [ -73.586, -3.87 ], [ -73.589, -3.869 ], [ -73.581, -3.876 ] ], [ [ -73.563, -3.865 ], [ -73.564, -3.864 ], [ -73.567, -3.864 ], [ -73.563, -3.865 ] ], [ [ -73.553, -3.877 ], [ -73.556, -3.884 ], [ -73.553, -3.878 ], [ -73.553, -3.877 ] ], [ [ -73.547, -3.863 ], [ -73.547, -3.862 ], [ -73.555, -3.859 ], [ -73.547, -3.863 ] ], [ [ -73.537, -3.871 ], [ -73.535, -3.864 ], [ -73.536, -3.863 ], [ -73.537, -3.871 ] ], [ [ -73.52, -3.857 ], [ -73.52, -3.863 ], [ -73.519, -3.857 ], [ -73.52, -3.857 ] ], [ [ -73.502, -3.874 ], [ -73.506, -3.868 ], [ -73.51, -3.865 ], [ -73.502, -3.874 ] ], [ [ -73.698, -3.321 ], [ -73.676, -3.323 ], [ -73.73, -3.316 ], [ -73.698, -3.321 ] ], [ [ -73.496, -2.969 ], [ -73.504, -2.968 ], [ -73.483, -2.973 ], [ -73.496, -2.969 ] ], [ [ -73.411, -3.05 ], [ -73.434, -3.034 ], [ -73.42, -3.045 ], [ -73.411, -3.05 ] ], [ [ -73.361, -3.073 ], [ -73.402, -3.054 ], [ -73.392, -3.06 ], [ -73.361, -3.073 ] ], [ [ -74.854, -2.358 ], [ -74.877, -2.36 ], [ -74.869, -2.36 ], [ -74.854, -2.358 ] ], [ [ -73.11, -3.633 ], [ -73.117, -3.628 ], [ -73.116, -3.63 ], [ -73.11, -3.633 ] ], [ [ -72.964, -4.07 ], [ -72.968, -4.07 ], [ -72.966, -4.071 ], [ -72.964, -4.07 ] ], [ [ -73.231, -3.706 ], [ -73.233, -3.712 ], [ -73.234, -3.718 ], [ -73.231, -3.706 ] ], [ [ -73.217, -3.67 ], [ -73.225, -3.686 ], [ -73.227, -3.694 ], [ -73.217, -3.67 ] ] ] } },
{ "type": "Feature", "properties": { "DEPARTAMEN": "LORETO", "PROVINCIA": "ALTO AMAZONAS", "clave": "LORETO|ALTO AMAZONAS" }, "geometry": { "type": "Polygon", "coordinates": [ [ [ -75.567, -5.958 ], [ -75.571, -6.004 ], [ -75.621, -6.029 ], [ -75.629, -6.083 ], [ -75.652, -6.098 ], [ -75.68, -6.095 ], [ -75.719, -6.141 ], [ -75.77, -6.148 ], [ -75.775, -6.121 ], [ -75.828, -6.099 ], [ -75.835, -6.107 ], [ -75.852, -6.102 ], [ -75.838, -6.14 ], [ -75.894, -6.132 ], [ -75.923, -6.14 ], [ -75.958, -6.098 ], [ -76.006, -6.095 ], [ -76.014, -6.084 ], [ -76.045, -6.102 ], [ -76.088, -6.108 ], [ -76.146, -6.147 ], [ -76.247, -6.126 ], [ -76.304, -6.1 ], [ -76.32, -6.08 ], [ -76.315, -6.054 ], [ -76.334, -6.042 ], [ -76.373, -5.974 ], [ -76.4, -5.954 ], [ -76.41, -5.961 ], [ -76.429, -6.002 ], [ -76.478, -6.013 ], [ -76.518, -6.003 ], [ -76.549, -6.013 ], [ -76.563, -6.002 ], [ -76.606, -6.017 ], [ -76.64, -6.003 ], [ -76.711, -6.014 ], [ -76.753, -6.001 ], [ -76.747, -5.954 ], [ -76.765, -5.947 ], [ -76.778, -5.901 ], [ -76.821, -5.858 ], [ -76.826, -5.818 ], [ -76.816, -5.808 ], [ -76.829, -5.777 ], [ -76.825, -5.757 ], [ -76.844, -5.743 ], [ -76.895, -5.746 ], [ -76.866, -5.726 ], [ -76.863, -5.695 ], [ -76.81, -5.689 ], [ -76.826, -5.673 ], [ -76.813, -5.655 ], [ -76.814, -5.64 ], [ -76.845, -5.639 ], [ -76.844, -5.609 ], [ -76.811, -5.595 ], [ -76.848, -5.543 ], [ -76.845, -5.516 ], [ -76.76, -5.436 ], [ -76.759, -5.455 ], [ -76.741, -5.447 ], [ -76.703, -5.492 ], [ -76.66, -5.458 ], [ -76.64, -5.463 ], [ -76.641, -5.448 ], [ -76.627, -5.436 ], [ -76.635, -5.42 ], [ -76.625, -5.367 ], [ -76.604, -5.335 ], [ -76.589, -5.344 ], [ -76.576, -5.336 ], [ -76.588, -5.313 ], [ -76.583, -5.279 ], [ -76.604, -5.248 ], [ -76.606, -5.228 ], [ -76.585, -5.213 ], [ -76.562, -5.234 ], [ -76.509, -5.236 ], [ -76.528, -5.186 ], [ -76.505, -5.166 ], [ -76.513, -5.131 ], [ -76.497, -5.121 ], [ -76.481, -5.089 ], [ -76.447, -5.064 ], [ -76.454, -4.987 ], [ -76.43, -5.017 ], [ -76.421, -5.052 ], [ -76.371, -5.032 ], [ -76.183, -5.017 ], [ -76.03, -5.1 ], [ -76.001, -5.101 ], [ -75.955, -5.08 ], [ -75.916, -5.086 ], [ -75.919, -5.021 ], [ -75.889, -5.048 ], [ -75.851, -5.028 ], [ -75.804, -5.018 ], [ -75.749, -5.038 ], [ -75.747, -5.013 ], [ -75.759, -5.0 ], [ -75.794, -4.981 ], [ -75.83, -4.977 ], [ -75.869, -4.938 ], [ -75.925, -4.911 ], [ -75.964, -4.873 ], [ -76.007, -4.852 ], [ -76.026, -4.815 ], [ -76.071, -4.834 ], [ -76.102, -4.789 ], [ -76.142, -4.798 ], [ -76.167, -4.78 ], [ -76.174, -4.75 ], [ -76.163, -4.705 ], [ -76.206, -4.672 ], [ -76.198, -4.623 ], [ -76.247, -4.561 ], [ -76.229, -4.556 ], [ -76.257, -4.545 ], [ -76.269, -4.524 ], [ -76.297, -4.517 ], [ -76.338, -4.436 ], [ -76.335, -4.412 ], [ -76.308, -4.39 ], [ -76.32, -4.356 ], [ -76.297, -4.341 ], [ -76.297, -4.319 ], [ -76.234, -4.271 ], [ -76.227, -4.25 ], [ -76.245, -4.219 ], [ -76.238, -4.184 ], [ -76.28, -4.161 ], [ -76.311, -4.157 ], [ -76.293, -4.135 ], [ -76.332, -4.113 ], [ -76.35, -4.044 ], [ -76.392, -4.001 ], [ -76.422, -3.928 ], [ -76.418, -3.869 ], [ -76.393, -3.853 ], [ -76.381, -3.821 ], [ -76.387, -3.787 ], [ -76.348, -3.777 ], [ -76.331, -3.761 ], [ -76.336, -3.721 ], [ -76.325, -3.682 ], [ -76.318, -3.693 ], [ -76.293, -3.694 ], [ -76.283, -3.708 ], [ -76.273, -3.73 ], [ -76.276, -3.762 ], [ -76.249, -3.745 ], [ -76.248, -3.788 ], [ -76.212, -3.835 ], [ -76.204, -3.924 ], [ -76.145, -3.959 ], [ -76.139, -4.003 ], [ -76.12, -4.036 ], [ -76.078, -4.049 ], [ -76.079, -4.075 ], [ -76.065, -4.089 ], [ -76.061, -4.122 ], [ -76.07, -4.18 ], [ -76.022, -4.22 ], [ -76.009, -4.258 ], [ -76.01, -4.274 ], [ -76.03, -4.297 ], [ -76.025, -4.323 ], [ -75.975, -4.372 ], [ -75.952, -4.375 ], [ -75.868, -4.43 ], [ -75.863, -4.455 ], [ -75.879, -4.49 ], [ -75.877, -4.544 ], [ -75.892, -4.584 ], [ -75.852, -4.6 ], [ -75.845, -4.626 ], [ -75.852, -4.659 ], [ -75.843, -4.687 ], [ -75.74, -4.738 ], [ -75.722, -4.79 ], [ -75.726, -4.813 ], [ -75.664, -4.841 ], [ -75.687, -4.889 ], [ -75.673, -4.925 ], [ -75.642, -4.931 ], [ -75.604, -4.922 ], [ -75.581, -4.939 ], [ -75.533, -4.939 ], [ -75.49, -4.951 ], [ -75.424, -4.988 ], [ -75.387, -5.05 ], [ -75.443, -5.048 ], [ -75.47, -5.058 ], [ -75.512, -5.113 ], [ -75.61, -5.19 ], [ -75.618, -5.209 ], [ -75.589, -5.252 ], [ -75.595, -5.275 ], [ -75.633, -5.276 ], [ -75.623, -5.32 ], [ -75.653, -5.364 ], [ -75.652, -5.402 ], [ -75.618, -5.454 ], [ -75.638, -5.506 ], [ -75.601, -5.533 ], [ -75.609, -5.563 ], [ -75.523, -5.587 ], [ -75.497, -5.588 ], [ -75.454, -5.574 ], [ -75.501, -5.74 ], [ -75.539, -5.795 ], [ -75.513, -5.869 ], [ -75.567, -5.958 ] ], [ [ -75.634, -5.945 ], [ -75.638, -5.943 ], [ -75.636, -5.945 ], [ -75.634, -5.945 ] ], [ [ -76.469, -5.498 ], [ -76.479, -5.5 ], [ -76.465, -5.498 ], [ -76.469, -5.498 ] ], [ [ -76.365, -5.532 ], [ -76.366, -5.532 ], [ -76.373, -5.557 ], [ -76.365, -5.532 ] ], [ [ -76.193, -5.572 ], [ -76.196, -5.572 ], [ -76.191, -5.573 ], [ -76.193, -5.572 ] ], [ [ -75.924, -5.858 ], [ -75.911, -5.85 ], [ -75.91, -5.849 ], [ -75.924, -5.858 ] ], [ [ -75.863, -5.372 ], [ -75.853, -5.373 ], [ -75.855, -5.372 ], [ -75.863, -5.372 ] ], [ [ -75.936, -5.382 ], [ -75.934, -5.381 ], [ -75.93, -5.372 ], [ -75.936, -5.382 ] ], [ [ -75.905, -5.089 ], [ -75.9, -5.089 ], [ -75.909, -5.088 ], [ -75.905, -5.089 ] ], [ [ -75.879, -5.089 ], [ -75.858, -5.087 ], [ -75.884, -5.089 ], [ -75.879, -5.089 ] ], [ [ -75.812, -5.075 ], [ -75.814, -5.075 ], [ -75.821, -5.078 ], [ -75.812, -5.075 ] ], [ [ -75.757, -5.083 ], [ -75.805, -5.074 ], [ -75.807, -5.075 ], [ -75.757, -5.083 ] ], [ [ -75.667, -5.149 ], [ -75.665, -5.146 ], [ -75.67, -5.15 ], [ -75.667, -5.149 ] ] ] } },
{ "type": "Feature", "properties": { "DEPARTAMEN": "LORETO", "PROVINCIA": "LORETO", "clave": "LORETO|LORETO" }, "geometry": { "type": "Polygon", "coordinates": [ [ [ -74.131, -5.015 ], [ -74.174, -5.035 ], [ -74.179, -5.087 ], [ -74.232, -5.117 ], [ -74.246, -5.136 ], [ -74.287, -5.134 ], [ -74.324, -5.152 ], [ -74.351, -5.153 ], [ -74.418, -5.207 ], [ -74.573, -5.264 ], [ -74.615, -5.304 ], [ -74.638, -5.354 ], [ -74.829, -5.454 ], [ -74.902, -5.47 ], [ -74.96, -5.52 ], [ -75.019, -5.497 ], [ -75.066, -5.499 ], [ -75.182, -5.623 ], [ -75.208, -5.617 ], [ -75.305, -5.686 ], [ -75.336, -5.695 ], [ -75.384, -5.689 ], [ -75.414, -5.72 ], [ -75.497, -5.728 ], [ -75.454, -5.574 ], [ -75.518, -5.587 ], [ -75.611, -5.559 ], [ -75.601, -5.533 ], [ -75.64, -5.502 ], [ -75.618, -5.454 ], [ -75.654, -5.392 ], [ -75.65, -5.357 ], [ -75.623, -5.32 ], [ -75.633, -5.276 ], [ -75.595, -5.275 ], [ -75.589, -5.252 ], [ -75.618, -5.203 ], [ -75.512, -5.113 ], [ -75.47, -5.058 ], [ -75.438, -5.047 ], [ -75.386, -5.055 ], [ -75.424, -4.988 ], [ -75.479, -4.956 ], [ -75.52, -4.941 ], [ -75.581, -4.939 ], [ -75.604, -4.922 ], [ -75.642, -4.931 ], [ -75.673, -4.925 ], [ -75.687, -4.889 ], [ -75.664, -4.841 ], [ -75.726, -4.813 ], [ -75.722, -4.79 ], [ -75.74, -4.738 ], [ -75.843, -4.687 ], [ -75.852, -4.659 ], [ -75.845, -4.626 ], [ -75.852, -4.6 ], [ -75.892, -4.584 ], [ -75.877, -4.544 ], [ -75.879, -4.49 ], [ -75.863, -4.455 ], [ -75.868, -4.43 ], [ -75.952, -4.375 ], [ -75.975, -4.372 ], [ -76.025, -4.323 ], [ -76.03, -4.297 ], [ -76.01, -4.274 ], [ -76.009, -4.258 ], [ -76.022, -4.22 ], [ -76.07, -4.18 ], [ -76.061, -4.122 ], [ -76.065, -4.089 ], [ -76.079, -4.075 ], [ -76.078, -4.049 ], [ -76.12, -4.036 ], [ -76.139, -4.003 ], [ -76.145, -3.959 ], [ -76.204, -3.924 ], [ -76.212, -3.835 ], [ -76.248, -3.788 ], [ -76.249, -3.745 ], [ -76.276, -3.762 ], [ -76.273, -3.73 ], [ -76.29, -3.697 ], [ -76.308, -3.698 ], [ -76.324, -3.685 ], [ -76.234, -3.635 ], [ -76.238, -3.602 ], [ -76.261, -3.573 ], [ -76.222, -3.554 ], [ -76.206, -3.528 ], [ -76.225, -3.516 ], [ -76.249, -3.477 ], [ -76.261, -3.475 ], [ -76.257, -3.436 ], [ -76.264, -3.403 ], [ -76.274, -3.4 ], [ -76.27, -3.361 ], [ -76.282, -3.333 ], [ -76.311, -3.305 ], [ -76.326, -3.258 ], [ -76.338, -3.252 ], [ -76.328, -3.219 ], [ -76.354, -3.236 ], [ -76.367, -3.218 ], [ -76.352, -3.206 ], [ -76.364, -3.181 ], [ -76.349, -3.166 ], [ -76.389, -3.128 ], [ -76.353, -3.09 ], [ -76.352, -3.021 ], [ -76.338, -2.989 ], [ -76.348, -2.978 ], [ -76.351, -2.946 ], [ -76.34, -2.914 ], [ -76.317, -2.898 ], [ -76.307, -2.835 ], [ -76.318, -2.808 ], [ -76.344, -2.8 ], [ -76.365, -2.74 ], [ -76.395, -2.726 ], [ -76.384, -2.717 ], [ -76.386, -2.698 ], [ -76.408, -2.688 ], [ -76.471, -2.604 ], [ -76.506, -2.583 ], [ -76.503, -2.532 ], [ -76.534, -2.512 ], [ -76.043, -2.127 ], [ -75.778, -1.794 ], [ -75.779, -1.85 ], [ -75.746, -1.931 ], [ -75.651, -1.946 ], [ -75.611, -1.969 ], [ -75.571, -1.964 ], [ -75.536, -1.996 ], [ -75.466, -2.007 ], [ -75.438, -2.037 ], [ -75.338, -2.003 ], [ -75.288, -2.009 ], [ -75.253, -2.079 ], [ -75.256, -2.091 ], [ -75.243, -2.1 ], [ -75.246, -2.134 ], [ -75.224, -2.158 ], [ -75.192, -2.166 ], [ -75.169, -2.187 ], [ -75.172, -2.219 ], [ -75.155, -2.235 ], [ -75.136, -2.286 ], [ -75.111, -2.302 ], [ -75.104, -2.29 ], [ -75.083, -2.293 ], [ -75.017, -2.352 ], [ -74.959, -2.37 ], [ -74.95, -2.459 ], [ -74.954, -2.502 ], [ -74.981, -2.507 ], [ -74.993, -2.524 ], [ -74.98, -2.555 ], [ -74.962, -2.57 ], [ -74.958, -2.615 ], [ -74.974, -2.661 ], [ -75.01, -2.685 ], [ -75.01, -2.766 ], [ -75.059, -2.962 ], [ -75.057, -2.98 ], [ -75.036, -2.998 ], [ -75.026, -3.061 ], [ -75.014, -3.076 ], [ -75.017, -3.135 ], [ -75.0, -3.174 ], [ -74.991, -3.191 ], [ -74.967, -3.197 ], [ -74.922, -3.197 ], [ -74.893, -3.21 ], [ -74.874, -3.201 ], [ -74.855, -3.223 ], [ -74.843, -3.218 ], [ -74.816, -3.238 ], [ -74.833, -3.281 ], [ -74.811, -3.303 ], [ -74.782, -3.316 ], [ -74.78, -3.327 ], [ -74.753, -3.335 ], [ -74.75, -3.356 ], [ -74.731, -3.369 ], [ -74.713, -3.436 ], [ -74.72, -3.454 ], [ -74.715, -3.46 ], [ -74.693, -3.45 ], [ -74.679, -3.466 ], [ -74.686, -3.494 ], [ -74.679, -3.509 ], [ -74.555, -3.633 ], [ -74.501, -3.699 ], [ -74.492, -3.701 ], [ -74.472, -3.684 ], [ -74.459, -3.705 ], [ -74.412, -3.718 ], [ -74.371, -3.716 ], [ -74.347, -3.76 ], [ -74.314, -3.774 ], [ -74.281, -3.83 ], [ -74.258, -3.848 ], [ -74.24, -3.844 ], [ -74.212, -3.859 ], [ -74.186, -3.892 ], [ -74.146, -3.993 ], [ -74.135, -4.0 ], [ -74.135, -4.062 ], [ -74.102, -4.177 ], [ -74.059, -4.248 ], [ -73.945, -4.325 ], [ -73.93, -4.377 ], [ -73.884, -4.388 ], [ -73.834, -4.439 ], [ -73.765, -4.449 ], [ -73.697, -4.442 ], [ -73.593, -4.382 ], [ -73.545, -4.338 ], [ -73.483, -4.321 ], [ -73.468, -4.285 ], [ -73.4, -4.239 ], [ -73.378, -4.254 ], [ -73.449, -4.315 ], [ -73.422, -4.369 ], [ -73.421, -4.424 ], [ -73.457, -4.462 ], [ -73.467, -4.519 ], [ -73.511, -4.552 ], [ -73.529, -4.584 ], [ -73.582, -4.619 ], [ -73.654, -4.723 ], [ -73.712, -4.736 ], [ -73.765, -4.797 ], [ -73.792, -4.814 ], [ -73.81, -4.843 ], [ -73.834, -4.852 ], [ -73.85, -4.877 ], [ -73.874, -4.883 ], [ -73.902, -4.929 ], [ -73.893, -4.956 ], [ -73.929, -5.01 ], [ -73.959, -4.978 ], [ -74.015, -4.952 ], [ -74.047, -4.948 ], [ -74.089, -4.969 ], [ -74.131, -5.015 ] ], [ [ -75.379, -5.046 ], [ -75.384, -5.054 ], [ -75.382, -5.053 ], [ -75.379, -5.046 ] ], [ [ -74.946, -4.793 ], [ -74.963, -4.815 ], [ -74.942, -4.79 ], [ -74.946, -4.793 ] ], [ [ -74.929, -4.779 ], [ -74.934, -4.784 ], [ -74.922, -4.776 ], [ -74.929, -4.779 ] ], [ [ -74.907, -4.769 ], [ -74.911, -4.771 ], [ -74.904, -4.769 ], [ -74.907, -4.769 ] ], [ [ -74.945, -3.937 ], [ -74.943, -3.939 ], [ -74.904, -3.954 ], [ -74.945, -3.937 ] ], [ [ -75.145, -3.858 ], [ -75.138, -3.865 ], [ -75.134, -3.867 ], [ -75.145, -3.858 ] ], [ [ -74.994, -3.9 ], [ -74.979, -3.907 ], [ -74.981, -3.905 ], [ -74.994, -3.9 ] ], [ [ -76.281, -2.441 ], [ -76.279, -2.441 ], [ -76.282, -2.44 ], [ -76.281, -2.441 ] ], [ [ -75.999, -2.518 ], [ -76.0, -2.518 ], [ -76.009, -2.523 ], [ -75.999, -2.518 ] ], [ [ -75.978, -2.535 ], [ -75.995, -2.52 ], [ -75.998, -2.519 ], [ -75.978, -2.535 ] ], [ [ -75.928, -2.631 ], [ -75.927, -2.631 ], [ -75.928, -2.626 ], [ -75.928, -2.631 ] ], [ [ -75.886, -2.656 ], [ -75.886, -2.655 ], [ -75.898, -2.644 ], [ -75.886, -2.656 ] ], [ [ -75.295, -3.63 ], [ -75.295, -3.634 ], [ -75.289, -3.607 ], [ -75.295, -3.63 ] ], [ [ -75.217, -3.705 ], [ -75.201, -3.705 ], [ -75.219, -3.704 ], [ -75.217, -3.705 ] ], [ [ -74.655, -3.714 ], [ -74.661, -3.712 ], [ -74.67, -3.713 ], [ -74.655, -3.714 ] ], [ [ -74.61, -3.774 ], [ -74.608, -3.762 ], [ -74.608, -3.759 ], [ -74.61, -3.774 ] ] ] } },
{ "type": "Feature", "properties": { "DEPARTAMEN": "LORETO", "PROVINCIA": "MARISCAL RAMON CASTILLA", "clave": "LORETO|MARISCAL RAMON CASTILLA" }, "geometry": { "type": "Polygon", "coordinates": [ [ [ -69.961, -4.201 ], [ -69.949, -4.233 ], [ -69.952, -4.287 ], [ -69.974, -4.333 ], [ -69.992, -4.348 ], [ -70.015, -4.351 ], [ -70.034, -4.375 ], [ -70.051, -4.364 ], [ -70.04, -4.347 ], [ -70.043, -4.332 ], [ -70.079, -4.312 ], [ -70.073, -4.304 ], [ -70.049, -4.305 ], [ -70.04, -4.295 ], [ -70.096, -4.288 ], [ -70.107, -4.257 ], [ -70.115, -4.26 ], [ -70.121, -4.285 ], [ -70.156, -4.275 ], [ -70.171, -4.305 ], [ -70.153, -4.33 ], [ -70.175, -4.335 ], [ -70.186, -4.36 ], [ -70.2, -4.357 ], [ -70.214, -4.298 ], [ -70.225, -4.317 ], [ -70.266, -4.303 ], [ -70.267, -4.294 ], [ -70.247, -4.287 ], [ -70.248, -4.273 ], [ -70.29, -4.288 ], [ -70.284, -4.273 ], [ -70.309, -4.253 ], [ -70.279, -4.233 ], [ -70.287, -4.167 ], [ -70.32, -4.143 ], [ -70.328, -4.145 ], [ -70.328, -4.168 ], [ -70.339, -4.179 ], [ -70.377, -4.135 ], [ -70.433, -4.131 ], [ -70.442, -4.139 ], [ -70.435, -4.163 ], [ -70.454, -4.159 ], [ -70.465, -4.176 ], [ -70.485, -4.161 ], [ -70.493, -4.192 ], [ -70.506, -4.199 ], [ -70.514, -4.191 ], [ -70.504, -4.169 ], [ -70.508, -4.151 ], [ -70.523, -4.136 ], [ -70.536, -4.145 ], [ -70.551, -4.136 ], [ -70.541, -4.155 ], [ -70.558, -4.165 ], [ -70.555, -4.202 ], [ -70.572, -4.211 ], [ -70.564, -4.174 ], [ -70.622, -4.192 ], [ -70.635, -4.173 ], [ -70.617, -4.129 ], [ -70.645, -4.127 ], [ -70.65, -4.164 ], [ -70.661, -4.145 ], [ -70.67, -4.144 ], [ -70.667, -4.17 ], [ -70.682, -4.207 ], [ -70.69, -4.188 ], [ -70.724, -4.186 ], [ -70.758, -4.159 ], [ -70.843, -4.217 ], [ -70.845, -4.231 ], [ -70.826, -4.219 ], [ -70.817, -4.229 ], [ -70.834, -4.254 ], [ -70.864, -4.251 ], [ -70.846, -4.279 ], [ -70.877, -4.291 ], [ -70.876, -4.322 ], [ -70.9, -4.326 ], [ -70.915, -4.36 ], [ -70.934, -4.356 ], [ -70.938, -4.383 ], [ -70.969, -4.378 ], [ -70.975, -4.357 ], [ -70.994, -4.345 ], [ -70.988, -4.377 ], [ -70.997, -4.386 ], [ -71.018, -4.38 ], [ -71.04, -4.399 ], [ -71.051, -4.367 ], [ -71.057, -4.386 ], [ -71.078, -4.394 ], [ -71.077, -4.374 ], [ -71.091, -4.373 ], [ -71.108, -4.379 ], [ -71.106, -4.399 ], [ -71.115, -4.408 ], [ -71.148, -4.381 ], [ -71.15, -4.402 ], [ -71.158, -4.391 ], [ -71.182, -4.394 ], [ -71.194, -4.423 ], [ -71.206, -4.4 ], [ -71.201, -4.378 ], [ -71.215, -4.378 ], [ -71.222, -4.406 ], [ -71.23, -4.383 ], [ -71.246, -4.39 ], [ -71.269, -4.384 ], [ -71.28, -4.397 ], [ -71.261, -4.394 ], [ -71.268, -4.409 ], [ -71.261, -4.425 ], [ -71.275, -4.438 ], [ -71.288, -4.44 ], [ -71.305, -4.417 ], [ -71.319, -4.418 ], [ -71.301, -4.444 ], [ -71.308, -4.462 ], [ -71.313, -4.443 ], [ -71.34, -4.44 ], [ -71.346, -4.426 ], [ -71.361, -4.434 ], [ -71.391, -4.427 ], [ -71.434, -4.476 ], [ -71.438, -4.471 ], [ -71.426, -4.466 ], [ -71.431, -4.447 ], [ -71.412, -4.435 ], [ -71.436, -4.428 ], [ -71.438, -4.449 ], [ -71.451, -4.446 ], [ -71.451, -4.432 ], [ -71.462, -4.439 ], [ -71.478, -4.434 ], [ -71.483, -4.457 ], [ -71.507, -4.437 ], [ -71.494, -4.485 ], [ -71.516, -4.472 ], [ -71.517, -4.461 ], [ -71.537, -4.463 ], [ -71.536, -4.482 ], [ -71.558, -4.478 ], [ -71.551, -4.486 ], [ -71.567, -4.506 ], [ -71.603, -4.528 ], [ -71.619, -4.527 ], [ -71.633, -4.512 ], [ -71.613, -4.483 ], [ -71.616, -4.467 ], [ -71.627, -4.476 ], [ -71.625, -4.489 ], [ -71.648, -4.503 ], [ -71.654, -4.471 ], [ -71.658, -4.501 ], [ -71.672, -4.506 ], [ -71.688, -4.497 ], [ -71.707, -4.51 ], [ -71.737, -4.496 ], [ -71.751, -4.467 ], [ -71.749, -4.491 ], [ -71.768, -4.504 ], [ -71.771, -4.489 ], [ -71.785, -4.482 ], [ -71.783, -4.497 ], [ -71.792, -4.495 ], [ -71.794, -4.484 ], [ -71.81, -4.493 ], [ -71.807, -4.504 ], [ -71.832, -4.496 ], [ -71.83, -4.514 ], [ -71.839, -4.505 ], [ -71.857, -4.511 ], [ -71.865, -4.526 ], [ -71.879, -4.515 ], [ -71.885, -4.522 ], [ -71.906, -4.515 ], [ -71.885, -4.537 ], [ -71.918, -4.529 ], [ -71.927, -4.547 ], [ -71.919, -4.563 ], [ -71.93, -4.562 ], [ -71.934, -4.578 ], [ -71.95, -4.58 ], [ -71.947, -4.608 ], [ -71.994, -4.609 ], [ -71.981, -4.626 ], [ -72.002, -4.629 ], [ -72.006, -4.645 ], [ -72.016, -4.631 ], [ -72.042, -4.623 ], [ -72.038, -4.643 ], [ -72.068, -4.659 ], [ -72.06, -4.673 ], [ -72.071, -4.663 ], [ -72.08, -4.669 ], [ -72.077, -4.681 ], [ -72.089, -4.681 ], [ -72.101, -4.706 ], [ -72.125, -4.716 ], [ -72.125, -4.734 ], [ -72.133, -4.733 ], [ -72.127, -4.723 ], [ -72.14, -4.712 ], [ -72.159, -4.735 ], [ -72.193, -4.746 ], [ -72.187, -4.75 ], [ -72.192, -4.763 ], [ -72.209, -4.747 ], [ -72.222, -4.755 ], [ -72.213, -4.759 ], [ -72.215, -4.767 ], [ -72.244, -4.781 ], [ -72.256, -4.765 ], [ -72.261, -4.781 ], [ -72.255, -4.792 ], [ -72.264, -4.786 ], [ -72.27, -4.798 ], [ -72.283, -4.797 ], [ -72.28, -4.771 ], [ -72.283, -4.783 ], [ -72.301, -4.775 ], [ -72.307, -4.79 ], [ -72.31, -4.774 ], [ -72.328, -4.781 ], [ -72.32, -4.789 ], [ -72.325, -4.813 ], [ -72.325, -4.802 ], [ -72.339, -4.804 ], [ -72.338, -4.793 ], [ -72.345, -4.807 ], [ -72.368, -4.803 ], [ -72.359, -4.823 ], [ -72.379, -4.823 ], [ -72.372, -4.832 ], [ -72.389, -4.834 ], [ -72.375, -4.838 ], [ -72.38, -4.859 ], [ -72.39, -4.862 ], [ -72.382, -4.873 ], [ -72.399, -4.874 ], [ -72.406, -4.889 ], [ -72.422, -4.876 ], [ -72.415, -4.9 ], [ -72.428, -4.902 ], [ -72.431, -4.911 ], [ -72.443, -4.898 ], [ -72.455, -4.901 ], [ -72.455, -4.891 ], [ -72.47, -4.891 ], [ -72.469, -4.905 ], [ -72.451, -4.916 ], [ -72.474, -4.925 ], [ -72.482, -4.951 ], [ -72.488, -4.933 ], [ -72.497, -4.95 ], [ -72.507, -4.945 ], [ -72.505, -4.936 ], [ -72.521, -4.933 ], [ -72.522, -4.96 ], [ -72.527, -4.953 ], [ -72.539, -4.964 ], [ -72.537, -4.954 ], [ -72.552, -4.956 ], [ -72.568, -4.984 ], [ -72.584, -4.982 ], [ -72.584, -4.998 ], [ -72.595, -4.983 ], [ -72.598, -4.995 ], [ -72.609, -4.994 ], [ -72.599, -5.001 ], [ -72.612, -5.017 ], [ -72.606, -5.03 ], [ -72.621, -5.052 ], [ -72.629, -5.038 ], [ -72.628, -5.051 ], [ -72.641, -5.063 ], [ -72.642, -5.045 ], [ -72.657, -5.064 ], [ -72.671, -5.047 ], [ -72.692, -5.061 ], [ -72.709, -5.048 ], [ -72.715, -5.057 ], [ -72.728, -5.052 ], [ -72.726, -5.062 ], [ -72.738, -5.061 ], [ -72.73, -5.074 ], [ -72.738, -5.076 ], [ -72.74, -5.089 ], [ -72.756, -5.077 ], [ -72.768, -5.099 ], [ -72.784, -5.093 ], [ -72.786, -5.113 ], [ -72.818, -5.103 ], [ -72.813, -5.135 ], [ -72.824, -5.132 ], [ -72.823, -5.144 ], [ -72.834, -5.138 ], [ -72.85, -5.146 ], [ -72.849, -5.136 ], [ -72.913, -5.12 ], [ -72.985, -5.053 ], [ -73.003, -5.058 ], [ -73.054, -5.037 ], [ -73.098, -5.001 ], [ -73.17, -4.998 ], [ -73.236, -4.971 ], [ -73.102, -4.79 ], [ -73.129, -4.696 ], [ -73.063, -4.67 ], [ -73.035, -4.633 ], [ -73.035, -4.554 ], [ -73.015, -4.515 ], [ -72.935, -4.467 ], [ -72.906, -4.468 ], [ -72.882, -4.487 ], [ -72.823, -4.498 ], [ -72.788, -4.492 ], [ -72.766, -4.446 ], [ -72.757, -4.383 ], [ -72.633, -4.398 ], [ -72.603, -4.355 ], [ -72.629, -4.304 ], [ -72.54, -4.294 ], [ -72.498, -4.319 ], [ -72.482, -4.293 ], [ -72.388, -4.209 ], [ -72.429, -4.18 ], [ -72.437, -4.162 ], [ -72.396, -4.057 ], [ -72.348, -4.006 ], [ -72.302, -3.991 ], [ -72.254, -3.943 ], [ -72.283, -3.835 ], [ -72.278, -3.742 ], [ -72.304, -3.687 ], [ -72.174, -3.604 ], [ -72.155, -3.577 ], [ -72.148, -3.529 ], [ -72.117, -3.501 ], [ -72.192, -3.45 ], [ -72.198, -3.404 ], [ -72.274, -3.333 ], [ -72.293, -3.293 ], [ -72.338, -3.282 ], [ -72.363, -3.248 ], [ -72.407, -3.233 ], [ -72.418, -3.177 ], [ -72.43, -3.174 ], [ -72.454, -3.132 ], [ -72.475, -3.123 ], [ -72.479, -3.099 ], [ -72.553, -3.068 ], [ -72.554, -3.008 ], [ -72.573, -2.948 ], [ -72.571, -2.891 ], [ -72.53, -2.883 ], [ -72.432, -2.842 ], [ -72.389, -2.855 ], [ -72.364, -2.84 ], [ -72.307, -2.832 ], [ -72.247, -2.839 ], [ -72.194, -2.804 ], [ -72.173, -2.8 ], [ -72.099, -2.839 ], [ -72.074, -2.839 ], [ -72.033, -2.816 ], [ -71.981, -2.877 ], [ -71.852, -2.911 ], [ -71.807, -2.911 ], [ -71.787, -2.93 ], [ -71.787, -2.981 ], [ -71.758, -3.029 ], [ -71.716, -3.045 ], [ -71.66, -3.042 ], [ -71.629, -3.064 ], [ -71.514, -3.102 ], [ -71.477, -3.151 ], [ -71.444, -3.166 ], [ -71.446, -3.191 ], [ -71.438, -3.2 ], [ -71.379, -3.193 ], [ -71.354, -3.172 ], [ -71.311, -3.182 ], [ -71.31, -3.182 ], [ -71.296, -3.201 ], [ -71.274, -3.199 ], [ -71.241, -3.224 ], [ -71.154, -3.211 ], [ -71.068, -3.212 ], [ -71.056, -3.246 ], [ -70.978, -3.278 ], [ -70.969, -3.299 ], [ -70.922, -3.333 ], [ -70.871, -3.355 ], [ -70.798, -3.375 ], [ -70.691, -3.367 ], [ -70.675, -3.373 ], [ -70.654, -3.407 ], [ -70.61, -3.42 ], [ -70.548, -3.398 ], [ -70.514, -3.4 ], [ -70.478, -3.424 ], [ -70.713, -3.796 ], [ -70.685, -3.793 ], [ -70.653, -3.829 ], [ -70.619, -3.84 ], [ -70.577, -3.828 ], [ -70.541, -3.863 ], [ -70.503, -3.876 ], [ -70.45, -3.857 ], [ -70.414, -3.822 ], [ -70.388, -3.829 ], [ -70.356, -3.8 ], [ -70.305, -3.813 ], [ -70.276, -3.838 ], [ -70.254, -3.884 ], [ -70.187, -3.918 ], [ -70.175, -3.97 ], [ -70.15, -4.007 ], [ -70.114, -4.05 ], [ -70.068, -4.076 ], [ -70.051, -4.11 ], [ -69.961, -4.201 ] ], [ [ -71.768, -4.153 ], [ -71.789, -4.156 ], [ -71.771, -4.155 ], [ -71.768, -4.153 ] ], [ [ -71.178, -3.66 ], [ -71.179, -3.659 ], [ -71.178, -3.666 ], [ -71.178, -3.66 ] ], [ [ -71.179, -3.89 ], [ -71.191, -3.872 ], [ -71.186, -3.881 ], [ -71.179, -3.89 ] ], [ [ -70.687, -4.023 ], [ -70.708, -4.029 ], [ -70.694, -4.026 ], [ -70.687, -4.023 ] ], [ [ -70.951, -4.155 ], [ -70.986, -4.171 ], [ -70.98, -4.17 ], [ -70.951, -4.155 ] ], [ [ -71.039, -4.178 ], [ -71.023, -4.177 ], [ -71.016, -4.175 ], [ -71.039, -4.178 ] ] ] } },
{ "type": "Feature", "properties": { "DEPARTAMEN": "LORETO", "PROVINCIA": "REQUENA", "clave": "LORETO|REQUENA" }, "geometry": { "type": "Polygon", "coordinates": [ [ [ -73.795, -7.13 ], [ -73.784, -7.128 ], [ -73.788, -7.146 ], [ -73.756, -7.174 ], [ -73.752, -7.206 ], [ -73.741, -7.22 ], [ -73.717, -7.228 ], [ -73.721, -7.237 ], [ -73.709, -7.246 ], [ -73.716, -7.274 ], [ -73.699, -7.291 ], [ -73.695, -7.311 ], [ -73.723, -7.341 ], [ -73.755, -7.354 ], [ -73.753, -7.34 ], [ -73.762, -7.337 ], [ -73.789, -7.348 ], [ -73.823, -7.34 ], [ -73.83, -7.352 ], [ -73.853, -7.354 ], [ -73.864, -7.389 ], [ -73.887, -7.379 ], [ -73.904, -7.386 ], [ -73.922, -7.362 ], [ -73.935, -7.377 ], [ -73.951, -7.357 ], [ -73.956, -7.371 ], [ -73.939, -7.408 ], [ -73.922, -7.42 ], [ -73.91, -7.469 ], [ -73.924, -7.481 ], [ -73.919, -7.505 ], [ -73.942, -7.534 ], [ -73.983, -7.534 ], [ -74.01, -7.515 ], [ -74.018, -7.491 ], [ -74.036, -7.481 ], [ -74.039, -7.449 ], [ -74.133, -7.401 ], [ -74.142, -7.378 ], [ -74.181, -7.359 ], [ -74.234, -7.36 ], [ -74.255, -7.343 ], [ -74.282, -7.354 ], [ -74.329, -7.348 ], [ -74.362, -7.337 ], [ -74.37, -7.317 ], [ -74.414, -7.315 ], [ -74.431, -7.302 ], [ -74.444, -7.307 ], [ -74.464, -7.299 ], [ -74.472, -7.275 ], [ -74.5, -7.262 ], [ -74.515, -7.218 ], [ -74.539, -7.202 ], [ -74.538, -7.182 ], [ -74.552, -7.166 ], [ -74.597, -7.178 ], [ -74.625, -7.174 ], [ -74.64, -7.184 ], [ -74.649, -7.241 ], [ -74.626, -7.246 ], [ -74.622, -7.258 ], [ -74.65, -7.304 ], [ -74.72, -7.322 ], [ -74.744, -7.309 ], [ -74.834, -7.293 ], [ -74.841, -7.272 ], [ -74.881, -7.234 ], [ -74.852, -7.158 ], [ -74.855, -7.138 ], [ -74.877, -7.119 ], [ -74.837, -7.072 ], [ -74.83, -7.036 ], [ -74.798, -6.98 ], [ -74.89, -6.853 ], [ -74.901, -6.733 ], [ -74.956, -6.685 ], [ -74.974, -6.581 ], [ -74.974, -6.528 ], [ -74.964, -6.501 ], [ -74.899, -6.406 ], [ -74.894, -6.338 ], [ -74.865, -6.273 ], [ -74.87, -6.226 ], [ -74.793, -6.162 ], [ -74.776, -6.105 ], [ -74.729, -6.081 ], [ -74.708, -6.032 ], [ -74.692, -6.033 ], [ -74.7, -6.018 ], [ -74.693, -5.951 ], [ -74.731, -5.947 ], [ -74.761, -5.926 ], [ -74.779, -5.927 ], [ -74.785, -5.952 ], [ -74.761, -5.997 ], [ -74.769, -6.012 ], [ -74.787, -6.013 ], [ -74.8, -6.0 ], [ -74.807, -5.973 ], [ -74.829, -5.958 ], [ -74.811, -5.938 ], [ -74.81, -5.923 ], [ -74.835, -5.92 ], [ -74.846, -5.892 ], [ -74.887, -5.866 ], [ -74.901, -5.868 ], [ -74.962, -5.901 ], [ -75.041, -6.004 ], [ -75.138, -6.035 ], [ -75.179, -6.07 ], [ -75.23, -6.072 ], [ -75.32, -6.1 ], [ -75.393, -6.082 ], [ -75.529, -6.122 ], [ -75.565, -6.026 ], [ -75.567, -5.958 ], [ -75.513, -5.869 ], [ -75.539, -5.796 ], [ -75.497, -5.728 ], [ -75.414, -5.72 ], [ -75.384, -5.689 ], [ -75.346, -5.695 ], [ -75.305, -5.686 ], [ -75.208, -5.617 ], [ -75.182, -5.623 ], [ -75.066, -5.499 ], [ -75.019, -5.497 ], [ -74.96, -5.52 ], [ -74.902, -5.47 ], [ -74.829, -5.454 ], [ -74.638, -5.354 ], [ -74.615, -5.304 ], [ -74.573, -5.264 ], [ -74.418, -5.207 ], [ -74.351, -5.153 ], [ -74.324, -5.152 ], [ -74.287, -5.134 ], [ -74.246, -5.136 ], [ -74.232, -5.117 ], [ -74.177, -5.083 ], [ -74.176, -5.038 ], [ -74.131, -5.015 ], [ -74.067, -4.957 ], [ -74.037, -4.947 ], [ -74.0, -4.958 ], [ -73.957, -4.979 ], [ -73.946, -5.0 ], [ -73.928, -5.01 ], [ -73.893, -4.954 ], [ -73.9, -4.925 ], [ -73.874, -4.883 ], [ -73.85, -4.877 ], [ -73.834, -4.852 ], [ -73.81, -4.843 ], [ -73.792, -4.814 ], [ -73.765, -4.797 ], [ -73.713, -4.737 ], [ -73.67, -4.732 ], [ -73.644, -4.714 ], [ -73.582, -4.619 ], [ -73.529, -4.584 ], [ -73.511, -4.552 ], [ -73.467, -4.519 ], [ -73.458, -4.465 ], [ -73.435, -4.446 ], [ -73.397, -4.476 ], [ -73.323, -4.584 ], [ -73.289, -4.609 ], [ -73.262, -4.645 ], [ -73.184, -4.685 ], [ -73.16, -4.708 ], [ -73.129, -4.696 ], [ -73.102, -4.79 ], [ -73.236, -4.971 ], [ -73.17, -4.998 ], [ -73.098, -5.001 ], [ -73.054, -5.037 ], [ -73.003, -5.058 ], [ -72.985, -5.053 ], [ -72.913, -5.12 ], [ -72.883, -5.122 ], [ -72.855, -5.139 ], [ -72.888, -5.166 ], [ -72.877, -5.174 ], [ -72.88, -5.187 ], [ -72.869, -5.179 ], [ -72.876, -5.204 ], [ -72.865, -5.208 ], [ -72.864, -5.234 ], [ -72.873, -5.249 ], [ -72.862, -5.248 ], [ -72.871, -5.263 ], [ -72.861, -5.271 ], [ -72.868, -5.291 ], [ -72.876, -5.289 ], [ -72.875, -5.304 ], [ -72.889, -5.307 ], [ -72.883, -5.311 ], [ -72.888, -5.324 ], [ -72.904, -5.334 ], [ -72.904, -5.34 ], [ -72.896, -5.332 ], [ -72.89, -5.351 ], [ -72.904, -5.353 ], [ -72.907, -5.371 ], [ -72.92, -5.376 ], [ -72.924, -5.408 ], [ -72.939, -5.419 ], [ -72.932, -5.427 ], [ -72.953, -5.445 ], [ -72.946, -5.454 ], [ -72.959, -5.466 ], [ -72.958, -5.481 ], [ -72.949, -5.48 ], [ -72.962, -5.495 ], [ -72.961, -5.522 ], [ -72.953, -5.545 ], [ -72.939, -5.541 ], [ -72.957, -5.558 ], [ -72.95, -5.564 ], [ -72.961, -5.58 ], [ -72.952, -5.583 ], [ -72.974, -5.613 ], [ -72.959, -5.657 ], [ -72.986, -5.661 ], [ -72.99, -5.675 ], [ -72.98, -5.678 ], [ -72.991, -5.706 ], [ -72.998, -5.701 ], [ -73.004, -5.708 ], [ -72.995, -5.716 ], [ -73.0, -5.729 ], [ -73.028, -5.733 ], [ -73.019, -5.741 ], [ -73.046, -5.759 ], [ -73.043, -5.776 ], [ -73.055, -5.776 ], [ -73.053, -5.795 ], [ -73.08, -5.801 ], [ -73.085, -5.811 ], [ -73.075, -5.81 ], [ -73.076, -5.816 ], [ -73.095, -5.821 ], [ -73.088, -5.82 ], [ -73.089, -5.83 ], [ -73.114, -5.833 ], [ -73.117, -5.864 ], [ -73.122, -5.858 ], [ -73.128, -5.871 ], [ -73.136, -5.863 ], [ -73.135, -5.87 ], [ -73.152, -5.868 ], [ -73.161, -5.885 ], [ -73.154, -5.887 ], [ -73.167, -5.897 ], [ -73.161, -5.908 ], [ -73.187, -5.945 ], [ -73.177, -5.971 ], [ -73.194, -5.991 ], [ -73.187, -6.005 ], [ -73.209, -6.009 ], [ -73.218, -6.02 ], [ -73.209, -6.022 ], [ -73.222, -6.022 ], [ -73.218, -6.028 ], [ -73.238, -6.044 ], [ -73.228, -6.044 ], [ -73.235, -6.051 ], [ -73.227, -6.077 ], [ -73.24, -6.077 ], [ -73.231, -6.091 ], [ -73.248, -6.108 ], [ -73.247, -6.149 ], [ -73.216, -6.183 ], [ -73.224, -6.194 ], [ -73.211, -6.202 ], [ -73.22, -6.22 ], [ -73.213, -6.226 ], [ -73.209, -6.22 ], [ -73.187, -6.262 ], [ -73.181, -6.257 ], [ -73.161, -6.277 ], [ -73.158, -6.323 ], [ -73.153, -6.329 ], [ -73.147, -6.323 ], [ -73.151, -6.338 ], [ -73.143, -6.335 ], [ -73.141, -6.359 ], [ -73.132, -6.363 ], [ -73.136, -6.38 ], [ -73.13, -6.375 ], [ -73.128, -6.393 ], [ -73.119, -6.389 ], [ -73.105, -6.407 ], [ -73.106, -6.419 ], [ -73.121, -6.432 ], [ -73.111, -6.454 ], [ -73.12, -6.468 ], [ -73.13, -6.464 ], [ -73.128, -6.477 ], [ -73.143, -6.491 ], [ -73.132, -6.497 ], [ -73.134, -6.508 ], [ -73.141, -6.515 ], [ -73.145, -6.508 ], [ -73.152, -6.527 ], [ -73.163, -6.531 ], [ -73.171, -6.518 ], [ -73.173, -6.528 ], [ -73.188, -6.523 ], [ -73.176, -6.535 ], [ -73.187, -6.541 ], [ -73.182, -6.546 ], [ -73.2, -6.547 ], [ -73.193, -6.554 ], [ -73.203, -6.553 ], [ -73.196, -6.563 ], [ -73.207, -6.577 ], [ -73.222, -6.564 ], [ -73.23, -6.573 ], [ -73.227, -6.589 ], [ -73.242, -6.584 ], [ -73.238, -6.593 ], [ -73.251, -6.581 ], [ -73.268, -6.593 ], [ -73.275, -6.585 ], [ -73.292, -6.588 ], [ -73.297, -6.597 ], [ -73.353, -6.593 ], [ -73.382, -6.622 ], [ -73.38, -6.636 ], [ -73.415, -6.643 ], [ -73.425, -6.655 ], [ -73.44, -6.652 ], [ -73.464, -6.669 ], [ -73.522, -6.676 ], [ -73.54, -6.686 ], [ -73.562, -6.722 ], [ -73.587, -6.724 ], [ -73.638, -6.754 ], [ -73.666, -6.806 ], [ -73.682, -6.814 ], [ -73.696, -6.84 ], [ -73.71, -6.84 ], [ -73.722, -6.885 ], [ -73.761, -6.936 ], [ -73.744, -6.964 ], [ -73.761, -6.978 ], [ -73.757, -7.047 ], [ -73.787, -7.09 ], [ -73.784, -7.104 ], [ -73.8, -7.118 ], [ -73.795, -7.13 ] ], [ [ -74.302, -5.452 ], [ -74.303, -5.449 ], [ -74.302, -5.457 ], [ -74.302, -5.452 ] ], [ [ -74.024, -6.218 ], [ -74.027, -6.226 ], [ -74.036, -6.277 ], [ -74.024, -6.218 ] ], [ [ -74.53, -5.554 ], [ -74.531, -5.552 ], [ -74.529, -5.574 ], [ -74.53, -5.554 ] ], [ [ -74.489, -5.693 ], [ -74.48, -5.707 ], [ -74.481, -5.704 ], [ -74.489, -5.693 ] ], [ [ -74.645, -6.965 ], [ -74.639, -6.97 ], [ -74.636, -6.971 ], [ -74.645, -6.965 ] ], [ [ -74.626, -6.984 ], [ -74.625, -6.995 ], [ -74.625, -6.985 ], [ -74.626, -6.984 ] ], [ [ -74.615, -7.164 ], [ -74.628, -7.146 ], [ -74.615, -7.166 ], [ -74.615, -7.164 ] ], [ [ -74.185, -5.647 ], [ -74.187, -5.649 ], [ -74.182, -5.646 ], [ -74.185, -5.647 ] ], [ [ -74.192, -5.655 ], [ -74.192, -5.657 ], [ -74.19, -5.653 ], [ -74.192, -5.655 ] ], [ [ -74.161, -5.925 ], [ -74.158, -5.922 ], [ -74.157, -5.918 ], [ -74.161, -5.925 ] ], [ [ -73.671, -5.603 ], [ -73.67, -5.571 ], [ -73.671, -5.566 ], [ -73.671, -5.603 ] ], [ [ -73.674, -5.534 ], [ -73.674, -5.483 ], [ -73.675, -5.487 ], [ -73.674, -5.534 ] ], [ [ -73.673, -5.478 ], [ -73.673, -5.48 ], [ -73.665, -5.465 ], [ -73.673, -5.478 ] ], [ [ -73.643, -4.824 ], [ -73.65, -4.818 ], [ -73.648, -4.821 ], [ -73.643, -4.824 ] ] ] } },
{ "type": "Feature", "properties": { "DEPARTAMEN": "LORETO", "PROVINCIA": "UCAYALI", "clave": "LORETO|UCAYALI" }, "geometry": { "type": "Polygon", "coordinates": [ [ [ -74.841, -7.272 ], [ -74.834, -7.293 ], [ -74.708, -7.322 ], [ -74.65, -7.304 ], [ -74.625, -7.27 ], [ -74.624, -7.247 ], [ -74.649, -7.24 ], [ -74.64, -7.184 ], [ -74.625, -7.174 ], [ -74.597, -7.178 ], [ -74.55, -7.166 ], [ -74.538, -7.179 ], [ -74.539, -7.202 ], [ -74.515, -7.218 ], [ -74.512, -7.243 ], [ -74.5, -7.258 ], [ -74.536, -7.294 ], [ -74.535, -7.318 ], [ -74.566, -7.36 ], [ -74.58, -7.41 ], [ -74.616, -7.435 ], [ -74.643, -7.5 ], [ -74.643, -7.562 ], [ -74.576, -7.637 ], [ -74.571, -7.668 ], [ -74.583, -7.683 ], [ -74.582, -7.706 ], [ -74.558, -7.748 ], [ -74.526, -7.756 ], [ -74.516, -7.778 ], [ -74.57, -7.816 ], [ -74.628, -7.94 ], [ -74.668, -7.946 ], [ -74.711, -7.979 ], [ -74.728, -7.981 ], [ -74.779, -8.042 ], [ -74.84, -8.058 ], [ -74.888, -8.084 ], [ -74.982, -7.969 ], [ -75.006, -7.97 ], [ -75.033, -7.95 ], [ -75.092, -7.974 ], [ -75.144, -7.979 ], [ -75.149, -8.002 ], [ -75.186, -8.018 ], [ -75.196, -8.053 ], [ -75.189, -8.079 ], [ -75.212, -8.1 ], [ -75.212, -8.124 ], [ -75.236, -8.14 ], [ -75.235, -8.151 ], [ -75.247, -8.155 ], [ -75.288, -8.125 ], [ -75.324, -8.139 ], [ -75.344, -8.129 ], [ -75.376, -8.139 ], [ -75.401, -8.17 ], [ -75.43, -8.166 ], [ -75.439, -8.175 ], [ -75.438, -8.195 ], [ -75.503, -8.29 ], [ -75.492, -8.311 ], [ -75.494, -8.329 ], [ -75.51, -8.335 ], [ -75.497, -8.346 ], [ -75.483, -8.345 ], [ -75.477, -8.386 ], [ -75.419, -8.451 ], [ -75.458, -8.45 ], [ -75.477, -8.435 ], [ -75.511, -8.432 ], [ -75.527, -8.44 ], [ -75.546, -8.432 ], [ -75.572, -8.445 ], [ -75.583, -8.441 ], [ -75.598, -8.413 ], [ -75.618, -8.408 ], [ -75.687, -8.423 ], [ -75.707, -8.444 ], [ -75.716, -8.487 ], [ -75.785, -8.494 ], [ -75.783, -8.505 ], [ -75.799, -8.512 ], [ -75.782, -8.525 ], [ -75.778, -8.546 ], [ -75.795, -8.593 ], [ -75.818, -8.617 ], [ -75.817, -8.636 ], [ -75.834, -8.652 ], [ -75.891, -8.66 ], [ -75.946, -8.715 ], [ -75.965, -8.696 ], [ -75.98, -8.636 ], [ -75.965, -8.58 ], [ -75.971, -8.512 ], [ -75.955, -8.499 ], [ -75.968, -8.46 ], [ -75.947, -8.422 ], [ -75.946, -8.399 ], [ -75.986, -8.324 ], [ -75.927, -8.307 ], [ -75.913, -8.256 ], [ -75.926, -8.206 ], [ -75.941, -8.186 ], [ -75.934, -8.134 ], [ -75.952, -8.101 ], [ -75.929, -8.089 ], [ -75.921, -8.073 ], [ -75.887, -8.075 ], [ -75.845, -8.059 ], [ -75.829, -7.973 ], [ -75.859, -7.921 ], [ -75.928, -7.957 ], [ -75.939, -7.946 ], [ -75.967, -7.96 ], [ -75.994, -7.954 ], [ -75.986, -7.917 ], [ -75.976, -7.909 ], [ -75.988, -7.892 ], [ -76.006, -7.891 ], [ -76.008, -7.856 ], [ -76.037, -7.817 ], [ -76.044, -7.792 ], [ -76.061, -7.788 ], [ -76.067, -7.769 ], [ -76.084, -7.763 ], [ -76.087, -7.729 ], [ -76.102, -7.723 ], [ -76.101, -7.65 ], [ -76.082, -7.632 ], [ -76.094, -7.61 ], [ -76.08, -7.584 ], [ -76.091, -7.56 ], [ -76.116, -7.563 ], [ -76.122, -7.526 ], [ -76.167, -7.493 ], [ -76.215, -7.402 ], [ -76.196, -7.334 ], [ -76.213, -7.31 ], [ -76.167, -7.268 ], [ -76.144, -7.204 ], [ -76.06, -7.161 ], [ -76.047, -7.121 ], [ -76.023, -7.114 ], [ -76.011, -7.078 ], [ -76.008, -7.002 ], [ -76.02, -6.99 ], [ -76.036, -6.993 ], [ -76.052, -6.938 ], [ -76.046, -6.925 ], [ -76.016, -6.914 ], [ -76.011, -6.89 ], [ -76.035, -6.865 ], [ -76.052, -6.813 ], [ -76.012, -6.806 ], [ -76.001, -6.795 ], [ -75.98, -6.8 ], [ -75.964, -6.788 ], [ -75.878, -6.802 ], [ -75.844, -6.797 ], [ -75.814, -6.817 ], [ -75.814, -6.825 ], [ -75.794, -6.821 ], [ -75.781, -6.848 ], [ -75.746, -6.857 ], [ -75.725, -6.851 ], [ -75.701, -6.869 ], [ -75.66, -6.819 ], [ -75.642, -6.816 ], [ -75.637, -6.845 ], [ -75.617, -6.841 ], [ -75.575, -6.82 ], [ -75.562, -6.802 ], [ -75.514, -6.787 ], [ -75.5, -6.757 ], [ -75.5, -6.64 ], [ -75.509, -6.583 ], [ -75.503, -6.552 ], [ -75.51, -6.492 ], [ -75.539, -6.435 ], [ -75.534, -6.416 ], [ -75.543, -6.407 ], [ -75.536, -6.392 ], [ -75.55, -6.348 ], [ -75.496, -6.281 ], [ -75.487, -6.203 ], [ -75.526, -6.165 ], [ -75.529, -6.122 ], [ -75.393, -6.082 ], [ -75.32, -6.1 ], [ -75.23, -6.072 ], [ -75.185, -6.072 ], [ -75.138, -6.035 ], [ -75.041, -6.004 ], [ -74.962, -5.901 ], [ -74.887, -5.866 ], [ -74.846, -5.892 ], [ -74.835, -5.92 ], [ -74.81, -5.923 ], [ -74.811, -5.938 ], [ -74.829, -5.958 ], [ -74.807, -5.973 ], [ -74.8, -6.0 ], [ -74.787, -6.013 ], [ -74.772, -6.014 ], [ -74.761, -5.999 ], [ -74.785, -5.952 ], [ -74.775, -5.924 ], [ -74.731, -5.947 ], [ -74.694, -5.951 ], [ -74.689, -5.96 ], [ -74.7, -6.017 ], [ -74.692, -6.034 ], [ -74.708, -6.032 ], [ -74.729, -6.081 ], [ -74.776, -6.105 ], [ -74.793, -6.162 ], [ -74.87, -6.226 ], [ -74.865, -6.273 ], [ -74.894, -6.338 ], [ -74.899, -6.406 ], [ -74.964, -6.501 ], [ -74.974, -6.528 ], [ -74.974, -6.581 ], [ -74.956, -6.685 ], [ -74.901, -6.733 ], [ -74.89, -6.853 ], [ -74.799, -6.977 ], [ -74.833, -7.044 ], [ -74.837, -7.072 ], [ -74.877, -7.119 ], [ -74.855, -7.138 ], [ -74.852, -7.158 ], [ -74.876, -7.206 ], [ -74.878, -7.236 ], [ -74.841, -7.272 ] ], [ [ -74.928, -7.152 ], [ -74.929, -7.153 ], [ -74.924, -7.153 ], [ -74.928, -7.152 ] ], [ [ -75.629, -6.882 ], [ -75.63, -6.881 ], [ -75.631, -6.887 ], [ -75.629, -6.882 ] ], [ [ -75.624, -6.917 ], [ -75.626, -6.914 ], [ -75.625, -6.92 ], [ -75.624, -6.917 ] ], [ [ -75.5, -6.984 ], [ -75.509, -6.978 ], [ -75.501, -6.984 ], [ -75.5, -6.984 ] ], [ [ -75.485, -6.987 ], [ -75.49, -6.989 ], [ -75.489, -6.989 ], [ -75.485, -6.987 ] ], [ [ -75.272, -7.139 ], [ -75.269, -7.152 ], [ -75.268, -7.151 ], [ -75.272, -7.139 ] ], [ [ -75.193, -7.049 ], [ -75.195, -7.048 ], [ -75.17, -7.071 ], [ -75.193, -7.049 ] ], [ [ -75.16, -7.078 ], [ -75.158, -7.078 ], [ -75.17, -7.071 ], [ -75.16, -7.078 ] ], [ [ -75.113, -7.04 ], [ -75.115, -7.048 ], [ -75.113, -7.045 ], [ -75.113, -7.04 ] ], [ [ -74.958, -7.144 ], [ -74.965, -7.151 ], [ -74.962, -7.149 ], [ -74.958, -7.144 ] ], [ [ -75.747, -7.704 ], [ -75.746, -7.707 ], [ -75.746, -7.703 ], [ -75.747, -7.704 ] ], [ [ -75.176, -6.968 ], [ -75.173, -6.967 ], [ -75.175, -6.967 ], [ -75.176, -6.968 ] ], [ [ -75.148, -6.967 ], [ -75.134, -6.965 ], [ -75.136, -6.964 ], [ -75.148, -6.967 ] ], [ [ -75.131, -6.965 ], [ -75.121, -6.971 ], [ -75.128, -6.966 ], [ -75.131, -6.965 ] ], [ [ -75.253, -6.938 ], [ -75.248, -6.935 ], [ -75.249, -6.935 ], [ -75.253, -6.938 ] ] ] } },
{ "type": "Feature", "properties": { "DEPARTAMEN": "LORETO", "PROVINCIA": "DATEM DEL MARAÑON", "clave": "LORETO|DATEM DEL MARANON" }, "geometry": { "type": "Polygon", "coordinates": [ [ [ -76.446, -5.061 ], [ -76.481, -5.089 ], [ -76.497, -5.121 ], [ -76.514, -5.133 ], [ -76.505, -5.166 ], [ -76.528, -5.186 ], [ -76.509, -5.236 ], [ -76.562, -5.234 ], [ -76.585, -5.213 ], [ -76.606, -5.228 ], [ -76.604, -5.248 ], [ -76.583, -5.279 ], [ -76.588, -5.313 ], [ -76.576, -5.336 ], [ -76.589, -5.344 ], [ -76.604, -5.335 ], [ -76.625, -5.367 ], [ -76.635, -5.42 ], [ -76.627, -5.436 ], [ -76.641, -5.448 ], [ -76.64, -5.462 ], [ -76.66, -5.458 ], [ -76.703, -5.492 ], [ -76.741, -5.447 ], [ -76.759, -5.455 ], [ -76.76, -5.436 ], [ -76.845, -5.516 ], [ -76.848, -5.543 ], [ -76.811, -5.595 ], [ -76.843, -5.608 ], [ -76.845, -5.639 ], [ -76.816, -5.638 ], [ -76.813, -5.655 ], [ -76.826, -5.673 ], [ -76.81, -5.689 ], [ -76.863, -5.695 ], [ -76.866, -5.726 ], [ -76.895, -5.746 ], [ -76.934, -5.711 ], [ -76.973, -5.699 ], [ -76.996, -5.667 ], [ -77.062, -5.668 ], [ -77.11, -5.648 ], [ -77.127, -5.651 ], [ -77.142, -5.625 ], [ -77.162, -5.625 ], [ -77.179, -5.641 ], [ -77.202, -5.634 ], [ -77.232, -5.595 ], [ -77.266, -5.614 ], [ -77.28, -5.601 ], [ -77.337, -5.604 ], [ -77.372, -5.567 ], [ -77.404, -5.574 ], [ -77.409, -5.589 ], [ -77.462, -5.584 ], [ -77.473, -5.555 ], [ -77.49, -5.562 ], [ -77.508, -5.551 ], [ -77.492, -5.52 ], [ -77.518, -5.466 ], [ -77.558, -5.426 ], [ -77.579, -5.46 ], [ -77.595, -5.464 ], [ -77.607, -5.449 ], [ -77.66, -5.425 ], [ -77.672, -5.409 ], [ -77.698, -5.409 ], [ -77.703, -5.382 ], [ -77.682, -5.34 ], [ -77.684, -5.296 ], [ -77.699, -5.254 ], [ -77.74, -5.212 ], [ -77.708, -5.191 ], [ -77.696, -5.164 ], [ -77.72, -5.141 ], [ -77.745, -5.133 ], [ -77.774, -5.097 ], [ -77.801, -5.086 ], [ -77.821, -5.089 ], [ -77.812, -5.056 ], [ -77.814, -5.04 ], [ -77.826, -5.037 ], [ -77.758, -4.95 ], [ -77.767, -4.921 ], [ -77.76, -4.909 ], [ -77.799, -4.825 ], [ -77.79, -4.747 ], [ -77.772, -4.718 ], [ -77.731, -4.688 ], [ -77.716, -4.665 ], [ -77.695, -4.659 ], [ -77.672, -4.629 ], [ -77.653, -4.575 ], [ -77.66, -4.558 ], [ -77.649, -4.546 ], [ -77.655, -4.519 ], [ -77.641, -4.51 ], [ -77.641, -4.497 ], [ -77.591, -4.483 ], [ -77.568, -4.421 ], [ -77.565, -4.372 ], [ -77.586, -4.251 ], [ -77.538, -4.029 ], [ -77.538, -3.962 ], [ -77.569, -3.893 ], [ -77.561, -3.876 ], [ -77.609, -3.825 ], [ -77.628, -3.817 ], [ -77.652, -3.781 ], [ -77.616, -3.708 ], [ -77.62, -3.622 ], [ -77.643, -3.619 ], [ -77.667, -3.572 ], [ -77.716, -3.542 ], [ -77.715, -3.515 ], [ -77.746, -3.482 ], [ -77.773, -3.429 ], [ -77.778, -3.192 ], [ -77.794, -3.089 ], [ -77.788, -3.075 ], [ -77.793, -3.044 ], [ -77.817, -3.001 ], [ -77.813, -2.991 ], [ -76.632, -2.59 ], [ -76.534, -2.512 ], [ -76.503, -2.534 ], [ -76.506, -2.583 ], [ -76.471, -2.604 ], [ -76.408, -2.688 ], [ -76.386, -2.698 ], [ -76.384, -2.717 ], [ -76.395, -2.726 ], [ -76.365, -2.74 ], [ -76.344, -2.8 ], [ -76.318, -2.808 ], [ -76.307, -2.835 ], [ -76.317, -2.898 ], [ -76.34, -2.914 ], [ -76.351, -2.946 ], [ -76.348, -2.978 ], [ -76.338, -2.989 ], [ -76.352, -3.021 ], [ -76.353, -3.09 ], [ -76.389, -3.128 ], [ -76.349, -3.166 ], [ -76.364, -3.181 ], [ -76.352, -3.206 ], [ -76.367, -3.218 ], [ -76.354, -3.236 ], [ -76.328, -3.219 ], [ -76.338, -3.252 ], [ -76.326, -3.258 ], [ -76.311, -3.305 ], [ -76.282, -3.333 ], [ -76.27, -3.361 ], [ -76.274, -3.4 ], [ -76.264, -3.403 ], [ -76.257, -3.436 ], [ -76.261, -3.475 ], [ -76.249, -3.477 ], [ -76.225, -3.516 ], [ -76.206, -3.528 ], [ -76.222, -3.554 ], [ -76.261, -3.573 ], [ -76.238, -3.602 ], [ -76.234, -3.635 ], [ -76.325, -3.682 ], [ -76.336, -3.721 ], [ -76.333, -3.765 ], [ -76.348, -3.777 ], [ -76.387, -3.787 ], [ -76.381, -3.819 ], [ -76.391, -3.849 ], [ -76.418, -3.871 ], [ -76.423, -3.925 ], [ -76.415, -3.957 ], [ -76.392, -4.001 ], [ -76.351, -4.043 ], [ -76.332, -4.114 ], [ -76.293, -4.135 ], [ -76.311, -4.157 ], [ -76.28, -4.161 ], [ -76.237, -4.185 ], [ -76.246, -4.196 ], [ -76.245, -4.219 ], [ -76.227, -4.25 ], [ -76.249, -4.286 ], [ -76.298, -4.321 ], [ -76.297, -4.341 ], [ -76.321, -4.36 ], [ -76.308, -4.39 ], [ -76.335, -4.412 ], [ -76.339, -4.433 ], [ -76.297, -4.517 ], [ -76.269, -4.524 ], [ -76.257, -4.545 ], [ -76.229, -4.556 ], [ -76.247, -4.561 ], [ -76.198, -4.623 ], [ -76.206, -4.672 ], [ -76.163, -4.705 ], [ -76.174, -4.76 ], [ -76.165, -4.782 ], [ -76.142, -4.798 ], [ -76.102, -4.789 ], [ -76.071, -4.834 ], [ -76.026, -4.815 ], [ -76.007, -4.852 ], [ -75.964, -4.873 ], [ -75.925, -4.911 ], [ -75.869, -4.938 ], [ -75.83, -4.977 ], [ -75.8, -4.979 ], [ -75.747, -5.013 ], [ -75.749, -5.038 ], [ -75.804, -5.018 ], [ -75.851, -5.028 ], [ -75.889, -5.048 ], [ -75.919, -5.021 ], [ -75.919, -5.084 ], [ -75.967, -5.082 ], [ -76.001, -5.101 ], [ -76.051, -5.093 ], [ -76.176, -5.019 ], [ -76.371, -5.032 ], [ -76.421, -5.052 ], [ -76.43, -5.017 ], [ -76.454, -4.987 ], [ -76.446, -5.061 ] ], [ [ -77.546, -4.203 ], [ -77.552, -4.205 ], [ -77.55, -4.205 ], [ -77.546, -4.203 ] ], [ [ -77.175, -4.85 ], [ -77.181, -4.842 ], [ -77.177, -4.849 ], [ -77.175, -4.85 ] ], [ [ -76.306, -4.953 ], [ -76.306, -4.956 ], [ -76.304, -4.951 ], [ -76.306, -4.953 ] ], [ [ -76.277, -4.936 ], [ -76.287, -4.942 ], [ -76.282, -4.941 ], [ -76.277, -4.936 ] ], [ [ -76.259, -4.913 ], [ -76.26, -4.914 ], [ -76.258, -4.914 ], [ -76.259, -4.913 ] ], [ [ -76.145, -4.932 ], [ -76.146, -4.932 ], [ -76.145, -4.933 ], [ -76.145, -4.932 ] ], [ [ -76.143, -4.936 ], [ -76.144, -4.935 ], [ -76.144, -4.938 ], [ -76.143, -4.936 ] ], [ [ -75.968, -5.032 ], [ -75.991, -5.053 ], [ -75.986, -5.05 ], [ -75.968, -5.032 ] ], [ [ -76.627, -4.848 ], [ -76.608, -4.857 ], [ -76.626, -4.847 ], [ -76.627, -4.848 ] ], [ [ -77.146, -5.496 ], [ -77.146, -5.489 ], [ -77.147, -5.492 ], [ -77.146, -5.496 ] ], [ [ -77.145, -5.485 ], [ -77.14, -5.476 ], [ -77.143, -5.48 ], [ -77.145, -5.485 ] ], [ [ -77.136, -5.475 ], [ -77.133, -5.472 ], [ -77.131, -5.464 ], [ -77.136, -5.475 ] ], [ [ -77.126, -5.461 ], [ -77.128, -5.461 ], [ -77.131, -5.464 ], [ -77.126, -5.461 ] ], [ [ -77.106, -5.46 ], [ -77.103, -5.459 ], [ -77.087, -5.443 ], [ -77.106, -5.46 ] ], [ [ -76.962, -4.946 ], [ -76.971, -4.929 ], [ -76.972, -4.93 ], [ -76.962, -4.946 ] ], [ [ -77.703, -5.151 ], [ -77.696, -5.148 ], [ -77.705, -5.151 ], [ -77.703, -5.151 ] ], [ [ -77.672, -5.08 ], [ -77.674, -5.083 ], [ -77.676, -5.089 ], [ -77.672, -5.08 ] ], [ [ -77.66, -5.073 ], [ -77.669, -5.077 ], [ -77.67, -5.079 ], [ -77.66, -5.073 ] ], [ [ -77.507, -4.99 ], [ -77.506, -4.987 ], [ -77.509, -4.992 ], [ -77.507, -4.99 ] ], [ [ -77.472, -4.937 ], [ -77.47, -4.936 ], [ -77.474, -4.936 ], [ -77.472, -4.937 ] ], [ [ -77.216, -3.063 ], [ -77.21, -3.072 ], [ -77.213, -3.065 ], [ -77.216, -3.063 ] ], [ [ -76.509, -4.224 ], [ -76.507, -4.222 ], [ -76.483, -4.177 ], [ -76.509, -4.224 ] ] ] } },
{ "type": "Feature", "properties": { "DEPARTAMEN": "LORETO", "PROVINCIA": "PUTUMAYO", "clave": "LORETO|PUTUMAYO" }, "geometry": { "type": "Polygon", "coordinates": [ [ [ -70.956, -2.243 ], [ -70.937, -2.254 ], [ -70.921, -2.25 ], [ -70.9, -2.225 ], [ -70.872, -2.223 ], [ -70.855, -2.237 ], [ -70.836, -2.291 ], [ -70.778, -2.293 ], [ -70.751, -2.328 ], [ -70.67, -2.35 ], [ -70.663, -2.364 ], [ -70.678, -2.402 ], [ -70.665, -2.41 ], [ -70.628, -2.395 ], [ -70.641, -2.456 ], [ -70.621, -2.48 ], [ -70.589, -2.483 ], [ -70.554, -2.468 ], [ -70.558, -2.443 ], [ -70.596, -2.426 ], [ -70.574, -2.417 ], [ -70.545, -2.429 ], [ -70.511, -2.472 ], [ -70.469, -2.456 ], [ -70.451, -2.482 ], [ -70.446, -2.511 ], [ -70.429, -2.525 ], [ -70.408, -2.523 ], [ -70.362, -2.49 ], [ -70.304, -2.501 ], [ -70.298, -2.523 ], [ -70.354, -2.545 ], [ -70.359, -2.56 ], [ -70.352, -2.569 ], [ -70.311, -2.577 ], [ -70.271, -2.545 ], [ -70.256, -2.545 ], [ -70.231, -2.571 ], [ -70.214, -2.652 ], [ -70.194, -2.658 ], [ -70.179, -2.633 ], [ -70.162, -2.64 ], [ -70.154, -2.657 ], [ -70.159, -2.69 ], [ -70.135, -2.703 ], [ -70.118, -2.699 ], [ -70.103, -2.657 ], [ -70.091, -2.647 ], [ -70.07, -2.671 ], [ -70.071, -2.724 ], [ -70.06, -2.759 ], [ -70.074, -2.791 ], [ -70.478, -3.424 ], [ -70.53, -3.396 ], [ -70.59, -3.418 ], [ -70.63, -3.417 ], [ -70.654, -3.407 ], [ -70.675, -3.373 ], [ -70.691, -3.367 ], [ -70.798, -3.375 ], [ -70.871, -3.355 ], [ -70.949, -3.314 ], [ -70.981, -3.276 ], [ -71.053, -3.248 ], [ -71.068, -3.212 ], [ -71.154, -3.211 ], [ -71.241, -3.224 ], [ -71.274, -3.199 ], [ -71.296, -3.201 ], [ -71.311, -3.182 ], [ -71.354, -3.172 ], [ -71.379, -3.193 ], [ -71.438, -3.2 ], [ -71.446, -3.191 ], [ -71.444, -3.166 ], [ -71.477, -3.151 ], [ -71.514, -3.102 ], [ -71.629, -3.064 ], [ -71.66, -3.042 ], [ -71.716, -3.045 ], [ -71.758, -3.029 ], [ -71.787, -2.981 ], [ -71.787, -2.93 ], [ -71.807, -2.911 ], [ -71.852, -2.911 ], [ -71.981, -2.877 ], [ -72.033, -2.816 ], [ -72.079, -2.84 ], [ -72.104, -2.839 ], [ -72.154, -2.806 ], [ -72.181, -2.8 ], [ -72.251, -2.84 ], [ -72.307, -2.832 ], [ -72.364, -2.84 ], [ -72.389, -2.855 ], [ -72.432, -2.842 ], [ -72.544, -2.888 ], [ -72.669, -2.891 ], [ -72.766, -2.915 ], [ -72.888, -2.917 ], [ -72.935, -2.873 ], [ -73.065, -2.781 ], [ -73.125, -2.774 ], [ -73.145, -2.709 ], [ -73.209, -2.699 ], [ -73.276, -2.637 ], [ -73.36, -2.605 ], [ -73.396, -2.535 ], [ -73.371, -2.496 ], [ -73.369, -2.475 ], [ -73.406, -2.44 ], [ -73.444, -2.417 ], [ -73.479, -2.411 ], [ -73.517, -2.379 ], [ -73.561, -2.368 ], [ -73.574, -2.342 ], [ -73.634, -2.3 ], [ -73.671, -2.29 ], [ -73.697, -2.302 ], [ -73.716, -2.291 ], [ -73.732, -2.238 ], [ -73.757, -2.213 ], [ -73.737, -2.157 ], [ -73.787, -2.122 ], [ -73.807, -2.029 ], [ -73.864, -2.019 ], [ -73.885, -1.998 ], [ -73.923, -1.984 ], [ -73.9, -1.969 ], [ -73.881, -1.936 ], [ -73.879, -1.893 ], [ -73.838, -1.851 ], [ -73.842, -1.825 ], [ -73.819, -1.763 ], [ -73.824, -1.696 ], [ -73.846, -1.682 ], [ -73.888, -1.682 ], [ -73.925, -1.615 ], [ -73.941, -1.603 ], [ -73.941, -1.588 ], [ -73.976, -1.583 ], [ -74.006, -1.524 ], [ -74.092, -1.519 ], [ -74.152, -1.472 ], [ -74.201, -1.446 ], [ -74.223, -1.456 ], [ -74.285, -1.434 ], [ -74.304, -1.438 ], [ -74.323, -1.422 ], [ -74.404, -1.394 ], [ -74.429, -1.39 ], [ -74.444, -1.398 ], [ -74.464, -1.376 ], [ -74.494, -1.378 ], [ -74.516, -1.352 ], [ -74.543, -1.345 ], [ -74.549, -1.327 ], [ -74.586, -1.31 ], [ -74.589, -1.272 ], [ -74.61, -1.248 ], [ -74.641, -1.233 ], [ -74.644, -1.217 ], [ -74.711, -1.152 ], [ -74.72, -1.113 ], [ -74.737, -1.105 ], [ -74.76, -1.056 ], [ -74.85, -1.019 ], [ -74.884, -0.961 ], [ -74.887, -0.92 ], [ -74.909, -0.92 ], [ -74.927, -0.898 ], [ -74.955, -0.887 ], [ -74.987, -0.819 ], [ -75.028, -0.796 ], [ -75.044, -0.8 ], [ -75.058, -0.781 ], [ -75.104, -0.778 ], [ -75.128, -0.764 ], [ -75.131, -0.75 ], [ -75.194, -0.735 ], [ -75.199, -0.722 ], [ -75.182, -0.711 ], [ -75.23, -0.69 ], [ -75.229, -0.672 ], [ -75.241, -0.657 ], [ -75.223, -0.624 ], [ -75.232, -0.614 ], [ -75.226, -0.606 ], [ -75.24, -0.602 ], [ -75.239, -0.579 ], [ -75.224, -0.571 ], [ -75.227, -0.551 ], [ -75.244, -0.547 ], [ -75.241, -0.524 ], [ -75.25, -0.518 ], [ -75.264, -0.533 ], [ -75.27, -0.503 ], [ -75.286, -0.497 ], [ -75.295, -0.506 ], [ -75.301, -0.493 ], [ -75.313, -0.494 ], [ -75.311, -0.474 ], [ -75.325, -0.453 ], [ -75.349, -0.464 ], [ -75.356, -0.447 ], [ -75.388, -0.434 ], [ -75.39, -0.415 ], [ -75.415, -0.396 ], [ -75.463, -0.318 ], [ -75.464, -0.299 ], [ -75.474, -0.297 ], [ -75.482, -0.237 ], [ -75.531, -0.181 ], [ -75.569, -0.185 ], [ -75.579, -0.178 ], [ -75.591, -0.191 ], [ -75.611, -0.192 ], [ -75.61, -0.113 ], [ -75.602, -0.11 ], [ -75.595, -0.12 ], [ -75.564, -0.131 ], [ -75.553, -0.131 ], [ -75.542, -0.116 ], [ -75.516, -0.114 ], [ -75.461, -0.152 ], [ -75.431, -0.154 ], [ -75.406, -0.17 ], [ -75.368, -0.163 ], [ -75.364, -0.146 ], [ -75.353, -0.147 ], [ -75.359, -0.158 ], [ -75.352, -0.164 ], [ -75.34, -0.155 ], [ -75.312, -0.16 ], [ -75.296, -0.148 ], [ -75.288, -0.154 ], [ -75.277, -0.134 ], [ -75.259, -0.127 ], [ -75.255, -0.111 ], [ -75.22, -0.077 ], [ -75.215, -0.049 ], [ -75.184, -0.039 ], [ -75.137, -0.068 ], [ -75.077, -0.084 ], [ -75.017, -0.146 ], [ -74.973, -0.154 ], [ -74.959, -0.194 ], [ -74.928, -0.22 ], [ -74.911, -0.204 ], [ -74.892, -0.237 ], [ -74.848, -0.234 ], [ -74.809, -0.189 ], [ -74.782, -0.201 ], [ -74.731, -0.29 ], [ -74.727, -0.344 ], [ -74.711, -0.35 ], [ -74.682, -0.33 ], [ -74.684, -0.359 ], [ -74.661, -0.374 ], [ -74.609, -0.351 ], [ -74.615, -0.378 ], [ -74.576, -0.392 ], [ -74.573, -0.411 ], [ -74.553, -0.421 ], [ -74.528, -0.467 ], [ -74.499, -0.462 ], [ -74.498, -0.488 ], [ -74.476, -0.474 ], [ -74.465, -0.488 ], [ -74.425, -0.497 ], [ -74.424, -0.553 ], [ -74.415, -0.558 ], [ -74.395, -0.542 ], [ -74.388, -0.591 ], [ -74.361, -0.624 ], [ -74.373, -0.653 ], [ -74.338, -0.683 ], [ -74.345, -0.705 ], [ -74.376, -0.717 ], [ -74.373, -0.735 ], [ -74.344, -0.759 ], [ -74.313, -0.756 ], [ -74.317, -0.793 ], [ -74.283, -0.778 ], [ -74.292, -0.813 ], [ -74.285, -0.825 ], [ -74.245, -0.818 ], [ -74.268, -0.847 ], [ -74.269, -0.879 ], [ -74.305, -0.865 ], [ -74.32, -0.88 ], [ -74.313, -0.895 ], [ -74.278, -0.9 ], [ -74.263, -0.944 ], [ -74.267, -0.982 ], [ -74.219, -1.009 ], [ -74.168, -1.006 ], [ -74.094, -1.048 ], [ -74.064, -1.053 ], [ -74.046, -1.045 ], [ -74.038, -1.014 ], [ -74.023, -1.005 ], [ -74.015, -1.018 ], [ -74.023, -1.063 ], [ -74.011, -1.093 ], [ -73.988, -1.103 ], [ -73.962, -1.083 ], [ -73.951, -1.098 ], [ -73.967, -1.118 ], [ -73.962, -1.129 ], [ -73.909, -1.122 ], [ -73.897, -1.137 ], [ -73.895, -1.169 ], [ -73.857, -1.232 ], [ -73.824, -1.236 ], [ -73.81, -1.249 ], [ -73.788, -1.24 ], [ -73.784, -1.258 ], [ -73.774, -1.259 ], [ -73.754, -1.238 ], [ -73.754, -1.206 ], [ -73.745, -1.2 ], [ -73.732, -1.246 ], [ -73.708, -1.252 ], [ -73.681, -1.238 ], [ -73.647, -1.267 ], [ -73.621, -1.26 ], [ -73.611, -1.319 ], [ -73.596, -1.329 ], [ -73.57, -1.322 ], [ -73.579, -1.36 ], [ -73.55, -1.407 ], [ -73.554, -1.417 ], [ -73.581, -1.414 ], [ -73.585, -1.423 ], [ -73.532, -1.435 ], [ -73.526, -1.468 ], [ -73.511, -1.482 ], [ -73.49, -1.482 ], [ -73.486, -1.498 ], [ -73.495, -1.51 ], [ -73.478, -1.53 ], [ -73.49, -1.569 ], [ -73.457, -1.574 ], [ -73.504, -1.623 ], [ -73.517, -1.663 ], [ -73.536, -1.683 ], [ -73.53, -1.707 ], [ -73.5, -1.731 ], [ -73.459, -1.736 ], [ -73.436, -1.762 ], [ -73.432, -1.789 ], [ -73.383, -1.775 ], [ -73.327, -1.805 ], [ -73.316, -1.827 ], [ -73.304, -1.818 ], [ -73.309, -1.788 ], [ -73.295, -1.777 ], [ -73.25, -1.78 ], [ -73.244, -1.788 ], [ -73.257, -1.803 ], [ -73.234, -1.802 ], [ -73.232, -1.761 ], [ -73.221, -1.749 ], [ -73.202, -1.768 ], [ -73.186, -1.808 ], [ -73.146, -1.804 ], [ -73.152, -1.858 ], [ -73.133, -1.872 ], [ -73.113, -1.873 ], [ -73.107, -1.89 ], [ -73.118, -1.912 ], [ -73.112, -1.946 ], [ -73.123, -1.981 ], [ -73.119, -2.016 ], [ -73.094, -2.035 ], [ -73.106, -2.076 ], [ -73.072, -2.082 ], [ -73.07, -2.096 ], [ -73.114, -2.131 ], [ -73.132, -2.184 ], [ -73.17, -2.192 ], [ -73.168, -2.229 ], [ -73.154, -2.257 ], [ -73.119, -2.285 ], [ -73.121, -2.325 ], [ -73.073, -2.313 ], [ -73.061, -2.36 ], [ -73.044, -2.353 ], [ -73.036, -2.315 ], [ -73.024, -2.319 ], [ -73.005, -2.358 ], [ -72.966, -2.339 ], [ -72.952, -2.401 ], [ -72.923, -2.419 ], [ -72.937, -2.444 ], [ -72.934, -2.455 ], [ -72.895, -2.434 ], [ -72.852, -2.436 ], [ -72.803, -2.411 ], [ -72.776, -2.384 ], [ -72.76, -2.396 ], [ -72.746, -2.427 ], [ -72.734, -2.42 ], [ -72.727, -2.391 ], [ -72.708, -2.389 ], [ -72.689, -2.414 ], [ -72.691, -2.448 ], [ -72.681, -2.452 ], [ -72.667, -2.44 ], [ -72.658, -2.407 ], [ -72.637, -2.389 ], [ -72.641, -2.363 ], [ -72.62, -2.356 ], [ -72.596, -2.367 ], [ -72.569, -2.398 ], [ -72.535, -2.405 ], [ -72.517, -2.426 ], [ -72.472, -2.42 ], [ -72.428, -2.437 ], [ -72.409, -2.414 ], [ -72.379, -2.455 ], [ -72.381, -2.478 ], [ -72.372, -2.489 ], [ -72.298, -2.474 ], [ -72.286, -2.454 ], [ -72.26, -2.459 ], [ -72.262, -2.436 ], [ -72.249, -2.431 ], [ -72.22, -2.448 ], [ -72.184, -2.43 ], [ -72.169, -2.432 ], [ -72.166, -2.464 ], [ -72.15, -2.47 ], [ -72.137, -2.449 ], [ -72.145, -2.406 ], [ -72.098, -2.37 ], [ -72.082, -2.368 ], [ -72.049, -2.335 ], [ -72.01, -2.369 ], [ -71.95, -2.356 ], [ -71.935, -2.38 ], [ -71.922, -2.378 ], [ -71.919, -2.365 ], [ -71.938, -2.328 ], [ -71.935, -2.312 ], [ -71.885, -2.312 ], [ -71.833, -2.19 ], [ -71.799, -2.204 ], [ -71.767, -2.158 ], [ -71.732, -2.14 ], [ -71.719, -2.16 ], [ -71.731, -2.201 ], [ -71.723, -2.227 ], [ -71.648, -2.2 ], [ -71.587, -2.238 ], [ -71.519, -2.249 ], [ -71.521, -2.297 ], [ -71.5, -2.352 ], [ -71.488, -2.353 ], [ -71.479, -2.34 ], [ -71.495, -2.278 ], [ -71.477, -2.269 ], [ -71.455, -2.277 ], [ -71.429, -2.321 ], [ -71.396, -2.347 ], [ -71.407, -2.388 ], [ -71.395, -2.407 ], [ -71.358, -2.383 ], [ -71.321, -2.378 ], [ -71.307, -2.347 ], [ -71.272, -2.333 ], [ -71.268, -2.358 ], [ -71.235, -2.337 ], [ -71.2, -2.375 ], [ -71.176, -2.379 ], [ -71.167, -2.338 ], [ -71.13, -2.337 ], [ -71.142, -2.296 ], [ -71.12, -2.281 ], [ -71.053, -2.271 ], [ -71.03, -2.277 ], [ -71.012, -2.299 ], [ -70.993, -2.302 ], [ -70.99, -2.287 ], [ -71.019, -2.227 ], [ -71.0, -2.208 ], [ -70.973, -2.214 ], [ -70.956, -2.243 ] ], [ [ -73.688, -1.825 ], [ -73.688, -1.823 ], [ -73.689, -1.829 ], [ -73.688, -1.825 ] ], [ [ -73.693, -1.851 ], [ -73.692, -1.845 ], [ -73.695, -1.856 ], [ -73.693, -1.851 ] ], [ [ -73.214, -2.266 ], [ -73.215, -2.264 ], [ -73.214, -2.285 ], [ -73.214, -2.266 ] ], [ [ -73.174, -2.301 ], [ -73.177, -2.303 ], [ -73.175, -2.303 ], [ -73.174, -2.301 ] ], [ [ -71.53, -2.366 ], [ -71.52, -2.37 ], [ -71.517, -2.369 ], [ -71.53, -2.366 ] ], [ [ -71.511, -2.369 ], [ -71.508, -2.369 ], [ -71.506, -2.368 ], [ -71.511, -2.369 ] ], [ [ -74.128, -1.237 ], [ -74.125, -1.243 ], [ -74.126, -1.239 ], [ -74.128, -1.237 ] ], [ [ -74.124, -1.245 ], [ -74.124, -1.246 ], [ -74.123, -1.246 ], [ -74.124, -1.245 ] ], [ [ -73.926, -1.255 ], [ -73.92, -1.259 ], [ -73.924, -1.256 ], [ -73.926, -1.255 ] ], [ [ -73.585, -1.451 ], [ -73.573, -1.45 ], [ -73.571, -1.449 ], [ -73.585, -1.451 ] ], [ [ -73.566, -1.447 ], [ -73.558, -1.445 ], [ -73.556, -1.443 ], [ -73.566, -1.447 ] ] ] } },
{ "type": "Feature", "properties": { "DEPARTAMEN": "MADRE DE DIOS", "PROVINCIA": "TAMBOPATA", "clave": "MADRE DE DIOS|TAMBOPATA" }, "geometry": { "type": "Polygon", "coordinates": [ [ [ -70.403, -13.114 ], [ -70.379, -13.042 ], [ -70.36, -13.012 ], [ -70.355, -12.917 ], [ -70.324, -12.86 ], [ -70.291, -12.844 ], [ -70.257, -12.783 ], [ -70.247, -12.739 ], [ -70.196, -12.721 ], [ -70.133, -12.659 ], [ -70.075, -12.639 ], [ -70.059, -12.616 ], [ -70.038, -12.609 ], [ -70.037, -12.596 ], [ -70.072, -12.576 ], [ -70.082, -12.554 ], [ -70.093, -12.557 ], [ -70.092, -12.549 ], [ -70.082, -12.552 ], [ -70.079, -12.549 ], [ -70.091, -12.545 ], [ -70.097, -12.549 ], [ -70.091, -12.537 ], [ -70.104, -12.508 ], [ -70.121, -12.505 ], [ -70.125, -12.514 ], [ -70.136, -12.498 ], [ -70.161, -12.488 ], [ -70.173, -12.492 ], [ -70.19, -12.472 ], [ -70.208, -12.479 ], [ -70.21, -12.465 ], [ -70.218, -12.464 ], [ -70.217, -12.473 ], [ -70.229, -12.468 ], [ -70.232, -12.452 ], [ -70.236, -12.458 ], [ -70.25, -12.447 ], [ -70.25, -12.428 ], [ -70.264, -12.424 ], [ -70.248, -12.396 ], [ -70.248, -12.376 ], [ -70.258, -12.372 ], [ -70.248, -12.362 ], [ -70.263, -12.343 ], [ -70.274, -12.344 ], [ -70.268, -12.34 ], [ -70.278, -12.331 ], [ -70.28, -12.293 ], [ -70.294, -12.297 ], [ -70.306, -12.258 ], [ -70.311, -12.263 ], [ -70.311, -12.253 ], [ -70.32, -12.253 ], [ -70.316, -12.229 ], [ -70.334, -12.22 ], [ -70.339, -12.231 ], [ -70.347, -12.198 ], [ -70.374, -12.194 ], [ -70.372, -12.181 ], [ -70.381, -12.179 ], [ -70.374, -12.168 ], [ -70.394, -12.167 ], [ -70.396, -12.154 ], [ -70.41, -12.147 ], [ -70.437, -12.154 ], [ -70.449, -12.136 ], [ -70.461, -12.142 ], [ -70.466, -12.127 ], [ -70.476, -12.132 ], [ -70.473, -12.118 ], [ -70.486, -12.123 ], [ -70.494, -12.107 ], [ -70.51, -12.116 ], [ -70.508, -12.111 ], [ -70.514, -12.105 ], [ -70.513, -12.114 ], [ -70.535, -12.119 ], [ -70.542, -12.103 ], [ -70.568, -12.093 ], [ -70.565, -12.081 ], [ -70.598, -12.069 ], [ -70.6, -12.052 ], [ -70.611, -12.051 ], [ -70.605, -12.037 ], [ -70.621, -12.052 ], [ -70.627, -12.036 ], [ -70.63, -12.042 ], [ -70.64, -12.037 ], [ -70.634, -12.034 ], [ -70.646, -12.002 ], [ -70.674, -11.994 ], [ -70.683, -12.007 ], [ -70.685, -11.998 ], [ -70.706, -11.999 ], [ -70.706, -11.989 ], [ -70.734, -11.984 ], [ -70.748, -11.991 ], [ -70.746, -11.998 ], [ -70.762, -12.0 ], [ -70.773, -11.988 ], [ -70.779, -11.998 ], [ -70.78, -11.99 ], [ -70.818, -11.981 ], [ -70.826, -11.966 ], [ -70.86, -11.965 ], [ -70.859, -11.956 ], [ -70.876, -11.939 ], [ -70.884, -11.943 ], [ -70.897, -11.916 ], [ -70.917, -11.925 ], [ -70.928, -11.917 ], [ -70.935, -11.927 ], [ -70.948, -11.919 ], [ -70.952, -11.929 ], [ -70.956, -11.916 ], [ -70.972, -11.924 ], [ -70.974, -11.915 ], [ -70.991, -11.914 ], [ -71.004, -11.897 ], [ -71.012, -11.9 ], [ -71.008, -11.893 ], [ -71.016, -11.898 ], [ -71.026, -11.889 ], [ -71.021, -11.865 ], [ -71.045, -11.873 ], [ -71.047, -11.84 ], [ -71.057, -11.839 ], [ -71.062, -11.798 ], [ -71.075, -11.79 ], [ -71.078, -11.775 ], [ -71.104, -11.765 ], [ -71.108, -11.771 ], [ -71.126, -11.753 ], [ -71.152, -11.748 ], [ -71.185, -11.767 ], [ -71.197, -11.764 ], [ -71.233, -11.735 ], [ -71.247, -11.709 ], [ -71.318, -11.685 ], [ -71.316, -11.653 ], [ -71.342, -11.647 ], [ -71.339, -11.63 ], [ -71.368, -11.614 ], [ -71.385, -11.576 ], [ -71.411, -11.58 ], [ -71.399, -11.553 ], [ -71.424, -11.503 ], [ -71.443, -11.502 ], [ -71.46, -11.513 ], [ -71.494, -11.489 ], [ -71.526, -11.48 ], [ -71.554, -11.487 ], [ -71.579, -11.47 ], [ -71.591, -11.431 ], [ -71.618, -11.435 ], [ -71.628, -11.424 ], [ -71.646, -11.429 ], [ -71.663, -11.421 ], [ -71.665, -11.405 ], [ -71.647, -11.385 ], [ -71.66, -11.352 ], [ -71.69, -11.374 ], [ -71.722, -11.339 ], [ -71.734, -11.343 ], [ -71.75, -11.33 ], [ -71.764, -11.341 ], [ -71.79, -11.316 ], [ -71.826, -11.315 ], [ -71.854, -11.368 ], [ -71.905, -11.351 ], [ -71.94, -11.383 ], [ -71.977, -11.389 ], [ -72.001, -11.369 ], [ -72.024, -11.37 ], [ -72.036, -11.383 ], [ -72.054, -11.374 ], [ -72.067, -11.383 ], [ -72.097, -11.378 ], [ -72.113, -11.366 ], [ -72.103, -11.344 ], [ -72.11, -11.333 ], [ -72.159, -11.32 ], [ -72.182, -11.327 ], [ -72.186, -11.352 ], [ -72.204, -11.352 ], [ -72.219, -11.297 ], [ -72.199, -11.264 ], [ -72.199, -11.198 ], [ -72.187, -11.185 ], [ -72.207, -11.172 ], [ -72.194, -11.157 ], [ -72.188, -11.164 ], [ -72.184, -11.156 ], [ -72.176, -11.159 ], [ -72.167, -11.142 ], [ -72.135, -11.136 ], [ -72.12, -11.118 ], [ -72.123, -11.104 ], [ -72.148, -11.088 ], [ -72.181, -11.096 ], [ -72.19, -11.044 ], [ -72.178, -11.04 ], [ -72.161, -11.051 ], [ -72.16, -11.065 ], [ -72.139, -11.084 ], [ -72.097, -11.084 ], [ -72.078, -11.055 ], [ -72.067, -11.066 ], [ -72.055, -11.062 ], [ -72.053, -11.071 ], [ -72.044, -11.06 ], [ -72.018, -11.064 ], [ -72.0, -11.054 ], [ -71.982, -11.055 ], [ -71.982, -11.061 ], [ -71.978, -11.053 ], [ -71.961, -11.059 ], [ -71.955, -11.052 ], [ -71.941, -11.062 ], [ -71.941, -11.052 ], [ -71.917, -11.05 ], [ -71.912, -11.041 ], [ -71.911, -11.05 ], [ -71.9, -11.047 ], [ -71.898, -11.067 ], [ -71.876, -11.059 ], [ -71.875, -11.05 ], [ -71.862, -11.053 ], [ -71.869, -11.034 ], [ -71.791, -11.078 ], [ -71.756, -11.073 ], [ -71.753, -11.087 ], [ -71.724, -11.065 ], [ -71.713, -11.07 ], [ -71.708, -11.089 ], [ -71.68, -11.107 ], [ -71.671, -11.094 ], [ -71.646, -11.098 ], [ -71.638, -11.089 ], [ -71.63, -11.106 ], [ -71.623, -11.092 ], [ -71.61, -11.097 ], [ -71.595, -11.09 ], [ -71.584, -11.104 ], [ -71.569, -11.083 ], [ -71.558, -11.093 ], [ -71.546, -11.082 ], [ -71.539, -11.1 ], [ -71.53, -11.085 ], [ -71.498, -11.106 ], [ -71.495, -11.09 ], [ -71.475, -11.106 ], [ -71.449, -11.111 ], [ -71.442, -11.103 ], [ -71.436, -11.112 ], [ -71.451, -11.132 ], [ -71.44, -11.123 ], [ -71.437, -11.139 ], [ -71.384, -11.149 ], [ -71.375, -11.179 ], [ -71.372, -11.165 ], [ -71.348, -11.164 ], [ -71.336, -11.155 ], [ -71.331, -11.171 ], [ -71.31, -11.169 ], [ -71.311, -11.186 ], [ -71.278, -11.18 ], [ -71.262, -11.193 ], [ -71.247, -11.18 ], [ -71.244, -11.196 ], [ -71.233, -11.2 ], [ -71.236, -11.219 ], [ -71.22, -11.2 ], [ -71.218, -11.21 ], [ -71.191, -11.212 ], [ -71.177, -11.229 ], [ -71.174, -11.215 ], [ -71.161, -11.21 ], [ -71.156, -11.227 ], [ -71.133, -11.221 ], [ -71.121, -11.239 ], [ -71.101, -11.22 ], [ -71.106, -11.232 ], [ -71.095, -11.241 ], [ -71.091, -11.23 ], [ -71.069, -11.235 ], [ -71.068, -11.252 ], [ -71.059, -11.238 ], [ -71.048, -11.25 ], [ -71.034, -11.245 ], [ -71.037, -11.26 ], [ -71.027, -11.244 ], [ -71.018, -11.246 ], [ -71.015, -11.264 ], [ -71.001, -11.254 ], [ -70.98, -11.269 ], [ -70.965, -11.268 ], [ -70.942, -11.291 ], [ -70.932, -11.276 ], [ -70.924, -11.29 ], [ -70.907, -11.277 ], [ -70.911, -11.294 ], [ -70.903, -11.284 ], [ -70.878, -11.288 ], [ -70.879, -11.274 ], [ -70.865, -11.274 ], [ -70.863, -11.292 ], [ -70.876, -11.312 ], [ -70.846, -11.327 ], [ -70.824, -11.319 ], [ -70.813, -11.324 ], [ -70.818, -11.348 ], [ -70.804, -11.348 ], [ -70.794, -11.361 ], [ -70.8, -11.343 ], [ -70.794, -11.341 ], [ -70.77, -11.384 ], [ -70.749, -11.384 ], [ -70.751, -11.375 ], [ -70.744, -11.382 ], [ -70.476, -11.353 ], [ -70.457, -11.367 ], [ -70.452, -11.396 ], [ -70.413, -11.431 ], [ -70.377, -11.434 ], [ -70.358, -11.454 ], [ -70.342, -11.446 ], [ -70.29, -11.461 ], [ -70.257, -11.531 ], [ -70.241, -11.543 ], [ -70.24, -11.558 ], [ -70.218, -11.572 ], [ -70.178, -11.627 ], [ -70.135, -11.644 ], [ -70.116, -11.667 ], [ -70.09, -11.676 ], [ -70.077, -11.67 ], [ -70.031, -11.71 ], [ -69.996, -11.701 ], [ -69.984, -11.713 ], [ -69.961, -11.71 ], [ -69.936, -11.735 ], [ -69.923, -11.727 ], [ -69.898, -11.76 ], [ -69.861, -11.779 ], [ -69.828, -11.79 ], [ -69.814, -11.783 ], [ -69.803, -11.796 ], [ -69.773, -11.796 ], [ -69.759, -11.807 ], [ -69.74, -11.796 ], [ -69.725, -11.806 ], [ -69.721, -11.79 ], [ -69.711, -11.795 ], [ -69.694, -11.77 ], [ -69.676, -11.77 ], [ -69.668, -11.758 ], [ -69.655, -11.759 ], [ -69.648, -11.77 ], [ -69.627, -11.76 ], [ -69.612, -11.774 ], [ -69.588, -11.777 ], [ -69.584, -11.796 ], [ -69.558, -11.8 ], [ -69.549, -11.82 ], [ -69.527, -11.827 ], [ -69.527, -11.842 ], [ -69.495, -11.845 ], [ -69.467, -11.872 ], [ -69.414, -11.867 ], [ -69.336, -11.908 ], [ -69.324, -11.901 ], [ -69.311, -11.91 ], [ -69.29, -11.898 ], [ -69.282, -11.905 ], [ -69.236, -11.883 ], [ -69.217, -11.899 ], [ -69.213, -11.893 ], [ -69.193, -11.902 ], [ -69.19, -11.911 ], [ -69.134, -11.915 ], [ -69.116, -11.932 ], [ -69.082, -11.906 ], [ -69.019, -11.92 ], [ -68.973, -11.909 ], [ -68.652, -12.503 ], [ -68.66, -12.519 ], [ -68.656, -12.535 ], [ -68.665, -12.524 ], [ -68.681, -12.525 ], [ -68.674, -12.553 ], [ -68.691, -12.557 ], [ -68.699, -12.572 ], [ -68.694, -12.587 ], [ -68.701, -12.579 ], [ -68.714, -12.604 ], [ -68.732, -12.61 ], [ -68.741, -12.633 ], [ -68.734, -12.667 ], [ -68.72, -12.661 ], [ -68.728, -12.671 ], [ -68.72, -12.667 ], [ -68.712, -12.68 ], [ -68.734, -12.692 ], [ -68.725, -12.697 ], [ -68.742, -12.71 ], [ -68.728, -12.713 ], [ -68.745, -12.729 ], [ -68.767, -12.742 ], [ -68.78, -12.732 ], [ -68.789, -12.758 ], [ -68.804, -12.757 ], [ -68.805, -12.784 ], [ -68.818, -12.791 ], [ -68.808, -12.809 ], [ -68.824, -12.805 ], [ -68.839, -12.824 ], [ -68.829, -12.828 ], [ -68.839, -12.83 ], [ -68.831, -12.842 ], [ -68.842, -12.843 ], [ -68.835, -12.858 ], [ -68.851, -12.866 ], [ -68.859, -12.859 ], [ -68.871, -12.87 ], [ -68.864, -12.875 ], [ -68.875, -12.919 ], [ -68.861, -12.927 ], [ -68.877, -12.929 ], [ -68.866, -12.931 ], [ -68.873, -12.94 ], [ -68.86, -12.948 ], [ -68.878, -12.941 ], [ -68.882, -12.958 ], [ -68.875, -12.98 ], [ -68.864, -12.973 ], [ -68.863, -12.984 ], [ -68.877, -12.988 ], [ -68.869, -12.99 ], [ -68.872, -13.004 ], [ -69.653, -13.341 ], [ -70.403, -13.114 ] ], [ [ -70.747, -11.386 ], [ -70.747, -11.389 ], [ -70.744, -11.382 ], [ -70.747, -11.386 ] ], [ [ -70.733, -11.907 ], [ -70.733, -11.908 ], [ -70.713, -11.908 ], [ -70.733, -11.907 ] ], [ [ -70.578, -11.931 ], [ -70.579, -11.929 ], [ -70.581, -11.934 ], [ -70.578, -11.931 ] ], [ [ -69.448, -12.609 ], [ -69.448, -12.607 ], [ -69.454, -12.618 ], [ -69.448, -12.609 ] ], [ [ -70.012, -12.643 ], [ -70.013, -12.644 ], [ -70.012, -12.645 ], [ -70.012, -12.643 ] ], [ [ -70.009, -12.651 ], [ -70.001, -12.655 ], [ -69.998, -12.655 ], [ -70.009, -12.651 ] ], [ [ -69.931, -12.673 ], [ -69.929, -12.673 ], [ -69.929, -12.671 ], [ -69.931, -12.673 ] ], [ [ -69.929, -12.669 ], [ -69.928, -12.668 ], [ -69.929, -12.666 ], [ -69.929, -12.669 ] ], [ [ -69.814, -12.858 ], [ -69.829, -12.855 ], [ -69.825, -12.857 ], [ -69.814, -12.858 ] ], [ [ -70.036, -12.613 ], [ -70.032, -12.614 ], [ -70.031, -12.613 ], [ -70.036, -12.613 ] ], [ [ -70.742, -11.394 ], [ -70.736, -11.397 ], [ -70.74, -11.394 ], [ -70.742, -11.394 ] ], [ [ -70.731, -11.4 ], [ -70.731, -11.402 ], [ -70.73, -11.4 ], [ -70.731, -11.4 ] ], [ [ -70.664, -11.475 ], [ -70.662, -11.475 ], [ -70.658, -11.473 ], [ -70.664, -11.475 ] ], [ [ -70.65, -11.472 ], [ -70.648, -11.473 ], [ -70.647, -11.471 ], [ -70.65, -11.472 ] ], [ [ -69.827, -12.053 ], [ -69.826, -12.052 ], [ -69.829, -12.048 ], [ -69.827, -12.053 ] ], [ [ -69.805, -12.055 ], [ -69.805, -12.054 ], [ -69.808, -12.056 ], [ -69.805, -12.055 ] ], [ [ -69.818, -12.066 ], [ -69.815, -12.068 ], [ -69.814, -12.068 ], [ -69.818, -12.066 ] ], [ [ -69.813, -12.068 ], [ -69.811, -12.068 ], [ -69.807, -12.065 ], [ -69.813, -12.068 ] ], [ [ -69.621, -12.058 ], [ -69.628, -12.054 ], [ -69.627, -12.055 ], [ -69.621, -12.058 ] ], [ [ -69.625, -12.041 ], [ -69.625, -12.039 ], [ -69.626, -12.039 ], [ -69.625, -12.041 ] ], [ [ -69.525, -12.032 ], [ -69.529, -12.033 ], [ -69.528, -12.034 ], [ -69.525, -12.032 ] ], [ [ -69.508, -12.068 ], [ -69.494, -12.065 ], [ -69.496, -12.064 ], [ -69.508, -12.068 ] ], [ [ -69.235, -12.349 ], [ -69.236, -12.354 ], [ -69.234, -12.351 ], [ -69.235, -12.349 ] ], [ [ -69.188, -12.574 ], [ -69.189, -12.575 ], [ -69.187, -12.578 ], [ -69.188, -12.574 ] ], [ [ -69.173, -12.591 ], [ -69.168, -12.594 ], [ -69.162, -12.595 ], [ -69.173, -12.591 ] ] ] } },
{ "type": "Feature", "properties": { "DEPARTAMEN": "MADRE DE DIOS", "PROVINCIA": "MANU", "clave": "MADRE DE DIOS|MANU" }, "geometry": { "type": "Polygon", "coordinates": [ [ [ -70.36, -13.012 ], [ -70.379, -13.042 ], [ -70.404, -13.125 ], [ -70.418, -13.133 ], [ -70.409, -13.139 ], [ -70.39, -13.132 ], [ -70.401, -13.153 ], [ -70.386, -13.167 ], [ -70.388, -13.192 ], [ -70.464, -13.16 ], [ -70.549, -13.153 ], [ -70.586, -13.104 ], [ -70.599, -13.099 ], [ -70.66, -13.088 ], [ -70.685, -13.107 ], [ -70.76, -13.108 ], [ -70.799, -13.09 ], [ -70.817, -13.07 ], [ -70.842, -13.067 ], [ -70.863, -13.08 ], [ -70.899, -13.07 ], [ -70.887, -13.103 ], [ -70.921, -13.111 ], [ -70.928, -13.129 ], [ -70.942, -13.135 ], [ -70.942, -13.156 ], [ -70.977, -13.17 ], [ -70.994, -13.202 ], [ -70.991, -13.222 ], [ -71.011, -13.239 ], [ -71.012, -13.265 ], [ -71.036, -13.27 ], [ -71.13, -13.223 ], [ -71.144, -13.137 ], [ -71.167, -13.102 ], [ -71.162, -13.066 ], [ -71.174, -13.055 ], [ -71.167, -13.018 ], [ -71.179, -12.998 ], [ -71.172, -12.982 ], [ -71.159, -12.979 ], [ -71.162, -12.967 ], [ -71.221, -12.958 ], [ -71.231, -12.972 ], [ -71.272, -12.962 ], [ -71.315, -12.931 ], [ -71.359, -12.881 ], [ -71.376, -12.901 ], [ -71.397, -12.883 ], [ -71.416, -12.894 ], [ -71.424, -12.873 ], [ -71.438, -12.876 ], [ -71.449, -12.863 ], [ -71.445, -12.841 ], [ -71.456, -12.841 ], [ -71.446, -12.828 ], [ -71.459, -12.825 ], [ -71.496, -12.782 ], [ -71.513, -12.744 ], [ -71.547, -12.735 ], [ -71.553, -12.708 ], [ -71.6, -12.7 ], [ -71.639, -12.709 ], [ -71.661, -12.729 ], [ -71.695, -12.739 ], [ -71.708, -12.773 ], [ -71.747, -12.796 ], [ -71.76, -12.788 ], [ -71.765, -12.767 ], [ -71.8, -12.766 ], [ -71.812, -12.744 ], [ -71.9, -12.733 ], [ -71.918, -12.72 ], [ -71.918, -12.699 ], [ -71.965, -12.694 ], [ -71.979, -12.683 ], [ -71.97, -12.662 ], [ -71.956, -12.654 ], [ -71.965, -12.615 ], [ -71.984, -12.608 ], [ -71.981, -12.58 ], [ -72.001, -12.57 ], [ -72.029, -12.526 ], [ -72.05, -12.521 ], [ -72.057, -12.508 ], [ -72.073, -12.511 ], [ -72.079, -12.5 ], [ -72.061, -12.438 ], [ -72.009, -12.404 ], [ -71.977, -12.399 ], [ -71.963, -12.377 ], [ -71.967, -12.348 ], [ -71.946, -12.33 ], [ -72.029, -12.287 ], [ -72.043, -12.255 ], [ -72.106, -12.239 ], [ -72.092, -12.194 ], [ -72.1, -12.169 ], [ -72.088, -12.143 ], [ -72.094, -12.085 ], [ -72.174, -12.06 ], [ -72.269, -12.054 ], [ -72.27, -12.023 ], [ -72.259, -12.006 ], [ -72.282, -11.996 ], [ -72.286, -11.975 ], [ -72.34, -11.966 ], [ -72.337, -11.937 ], [ -72.348, -11.891 ], [ -72.332, -11.856 ], [ -72.391, -11.828 ], [ -72.391, -11.807 ], [ -72.371, -11.785 ], [ -72.385, -11.762 ], [ -72.425, -11.733 ], [ -72.428, -11.705 ], [ -72.41, -11.693 ], [ -72.405, -11.675 ], [ -72.388, -11.66 ], [ -72.39, -11.651 ], [ -72.37, -11.63 ], [ -72.356, -11.635 ], [ -72.348, -11.618 ], [ -72.308, -11.588 ], [ -72.313, -11.562 ], [ -72.298, -11.504 ], [ -72.304, -11.497 ], [ -72.287, -11.467 ], [ -72.293, -11.433 ], [ -72.271, -11.4 ], [ -72.248, -11.385 ], [ -72.239, -11.345 ], [ -72.213, -11.344 ], [ -72.191, -11.355 ], [ -72.182, -11.327 ], [ -72.159, -11.32 ], [ -72.11, -11.333 ], [ -72.103, -11.344 ], [ -72.113, -11.366 ], [ -72.097, -11.378 ], [ -72.067, -11.383 ], [ -72.054, -11.374 ], [ -72.036, -11.383 ], [ -72.024, -11.37 ], [ -72.001, -11.369 ], [ -71.977, -11.389 ], [ -71.94, -11.383 ], [ -71.905, -11.351 ], [ -71.854, -11.368 ], [ -71.827, -11.315 ], [ -71.79, -11.316 ], [ -71.764, -11.341 ], [ -71.75, -11.33 ], [ -71.734, -11.343 ], [ -71.722, -11.339 ], [ -71.69, -11.374 ], [ -71.66, -11.352 ], [ -71.647, -11.385 ], [ -71.665, -11.405 ], [ -71.665, -11.419 ], [ -71.646, -11.429 ], [ -71.628, -11.424 ], [ -71.618, -11.435 ], [ -71.591, -11.431 ], [ -71.579, -11.47 ], [ -71.554, -11.487 ], [ -71.526, -11.48 ], [ -71.494, -11.489 ], [ -71.46, -11.513 ], [ -71.443, -11.502 ], [ -71.424, -11.503 ], [ -71.399, -11.553 ], [ -71.411, -11.58 ], [ -71.385, -11.576 ], [ -71.368, -11.614 ], [ -71.339, -11.63 ], [ -71.342, -11.647 ], [ -71.316, -11.653 ], [ -71.318, -11.685 ], [ -71.247, -11.709 ], [ -71.233, -11.735 ], [ -71.197, -11.764 ], [ -71.185, -11.767 ], [ -71.152, -11.748 ], [ -71.126, -11.753 ], [ -71.108, -11.771 ], [ -71.104, -11.765 ], [ -71.078, -11.775 ], [ -71.075, -11.79 ], [ -71.062, -11.798 ], [ -71.057, -11.839 ], [ -71.047, -11.84 ], [ -71.045, -11.873 ], [ -71.021, -11.865 ], [ -71.026, -11.889 ], [ -71.016, -11.898 ], [ -71.008, -11.893 ], [ -71.012, -11.9 ], [ -71.004, -11.897 ], [ -70.991, -11.914 ], [ -70.974, -11.915 ], [ -70.972, -11.924 ], [ -70.956, -11.916 ], [ -70.952, -11.929 ], [ -70.948, -11.919 ], [ -70.935, -11.927 ], [ -70.928, -11.917 ], [ -70.917, -11.925 ], [ -70.897, -11.916 ], [ -70.884, -11.943 ], [ -70.876, -11.939 ], [ -70.859, -11.956 ], [ -70.86, -11.965 ], [ -70.826, -11.966 ], [ -70.818, -11.981 ], [ -70.78, -11.99 ], [ -70.779, -11.998 ], [ -70.773, -11.988 ], [ -70.762, -12.0 ], [ -70.746, -11.998 ], [ -70.748, -11.991 ], [ -70.734, -11.984 ], [ -70.706, -11.989 ], [ -70.706, -11.999 ], [ -70.685, -11.998 ], [ -70.683, -12.007 ], [ -70.674, -11.994 ], [ -70.646, -12.002 ], [ -70.634, -12.033 ], [ -70.64, -12.037 ], [ -70.63, -12.042 ], [ -70.627, -12.036 ], [ -70.621, -12.052 ], [ -70.605, -12.037 ], [ -70.611, -12.051 ], [ -70.6, -12.052 ], [ -70.598, -12.069 ], [ -70.564, -12.082 ], [ -70.568, -12.093 ], [ -70.542, -12.103 ], [ -70.534, -12.119 ], [ -70.514, -12.114 ], [ -70.513, -12.105 ], [ -70.51, -12.116 ], [ -70.494, -12.107 ], [ -70.486, -12.123 ], [ -70.473, -12.118 ], [ -70.476, -12.132 ], [ -70.466, -12.127 ], [ -70.461, -12.142 ], [ -70.449, -12.136 ], [ -70.437, -12.154 ], [ -70.41, -12.147 ], [ -70.396, -12.154 ], [ -70.394, -12.167 ], [ -70.375, -12.167 ], [ -70.381, -12.179 ], [ -70.372, -12.181 ], [ -70.374, -12.193 ], [ -70.347, -12.198 ], [ -70.339, -12.231 ], [ -70.334, -12.22 ], [ -70.316, -12.229 ], [ -70.32, -12.253 ], [ -70.311, -12.253 ], [ -70.311, -12.263 ], [ -70.306, -12.258 ], [ -70.294, -12.297 ], [ -70.28, -12.293 ], [ -70.278, -12.331 ], [ -70.268, -12.34 ], [ -70.274, -12.344 ], [ -70.263, -12.343 ], [ -70.248, -12.362 ], [ -70.258, -12.372 ], [ -70.248, -12.376 ], [ -70.248, -12.396 ], [ -70.264, -12.424 ], [ -70.25, -12.428 ], [ -70.25, -12.448 ], [ -70.236, -12.458 ], [ -70.232, -12.452 ], [ -70.219, -12.473 ], [ -70.21, -12.465 ], [ -70.208, -12.479 ], [ -70.19, -12.472 ], [ -70.173, -12.492 ], [ -70.161, -12.488 ], [ -70.136, -12.498 ], [ -70.126, -12.514 ], [ -70.121, -12.505 ], [ -70.105, -12.507 ], [ -70.091, -12.537 ], [ -70.097, -12.549 ], [ -70.091, -12.545 ], [ -70.079, -12.549 ], [ -70.092, -12.549 ], [ -70.093, -12.557 ], [ -70.082, -12.554 ], [ -70.072, -12.576 ], [ -70.037, -12.596 ], [ -70.038, -12.609 ], [ -70.063, -12.619 ], [ -70.085, -12.646 ], [ -70.133, -12.659 ], [ -70.196, -12.721 ], [ -70.247, -12.739 ], [ -70.257, -12.783 ], [ -70.291, -12.844 ], [ -70.324, -12.86 ], [ -70.338, -12.878 ], [ -70.355, -12.918 ], [ -70.36, -13.012 ] ], [ [ -70.824, -12.164 ], [ -70.817, -12.165 ], [ -70.824, -12.163 ], [ -70.824, -12.164 ] ], [ [ -70.904, -13.101 ], [ -70.905, -13.1 ], [ -70.905, -13.101 ], [ -70.904, -13.101 ] ], [ [ -71.197, -12.701 ], [ -71.196, -12.705 ], [ -71.185, -12.718 ], [ -71.197, -12.701 ] ], [ [ -71.43, -11.853 ], [ -71.432, -11.852 ], [ -71.431, -11.853 ], [ -71.43, -11.853 ] ], [ [ -71.439, -11.845 ], [ -71.439, -11.844 ], [ -71.441, -11.845 ], [ -71.439, -11.845 ] ], [ [ -71.442, -11.845 ], [ -71.443, -11.845 ], [ -71.443, -11.846 ], [ -71.442, -11.845 ] ], [ [ -71.967, -12.317 ], [ -71.97, -12.311 ], [ -71.968, -12.316 ], [ -71.967, -12.317 ] ], [ [ -71.934, -12.106 ], [ -71.93, -12.1 ], [ -71.934, -12.103 ], [ -71.934, -12.106 ] ], [ [ -71.884, -12.058 ], [ -71.881, -12.056 ], [ -71.882, -12.056 ], [ -71.884, -12.058 ] ], [ [ -71.54, -11.823 ], [ -71.538, -11.828 ], [ -71.538, -11.824 ], [ -71.54, -11.823 ] ] ] } },
{ "type": "Feature", "properties": { "DEPARTAMEN": "MADRE DE DIOS", "PROVINCIA": "TAHUAMANU", "clave": "MADRE DE DIOS|TAHUAMANU" }, "geometry": { "type": "Polygon", "coordinates": [ [ [ -69.0, -11.861 ], [ -68.97, -11.913 ], [ -68.971, -11.914 ], [ -68.982, -11.908 ], [ -69.019, -11.92 ], [ -69.082, -11.906 ], [ -69.116, -11.932 ], [ -69.134, -11.915 ], [ -69.19, -11.911 ], [ -69.193, -11.902 ], [ -69.213, -11.893 ], [ -69.217, -11.899 ], [ -69.236, -11.883 ], [ -69.282, -11.905 ], [ -69.29, -11.898 ], [ -69.311, -11.91 ], [ -69.324, -11.901 ], [ -69.336, -11.908 ], [ -69.414, -11.867 ], [ -69.461, -11.875 ], [ -69.495, -11.845 ], [ -69.527, -11.842 ], [ -69.529, -11.825 ], [ -69.549, -11.82 ], [ -69.558, -11.8 ], [ -69.584, -11.796 ], [ -69.588, -11.777 ], [ -69.612, -11.774 ], [ -69.62, -11.762 ], [ -69.648, -11.77 ], [ -69.655, -11.759 ], [ -69.668, -11.758 ], [ -69.676, -11.77 ], [ -69.694, -11.77 ], [ -69.711, -11.795 ], [ -69.721, -11.79 ], [ -69.723, -11.805 ], [ -69.74, -11.796 ], [ -69.759, -11.807 ], [ -69.773, -11.796 ], [ -69.803, -11.796 ], [ -69.814, -11.783 ], [ -69.828, -11.79 ], [ -69.861, -11.779 ], [ -69.898, -11.76 ], [ -69.923, -11.727 ], [ -69.939, -11.734 ], [ -69.961, -11.71 ], [ -69.984, -11.713 ], [ -69.996, -11.701 ], [ -70.031, -11.71 ], [ -70.077, -11.67 ], [ -70.09, -11.676 ], [ -70.116, -11.667 ], [ -70.135, -11.644 ], [ -70.178, -11.627 ], [ -70.218, -11.572 ], [ -70.24, -11.558 ], [ -70.241, -11.543 ], [ -70.257, -11.531 ], [ -70.29, -11.461 ], [ -70.342, -11.446 ], [ -70.358, -11.454 ], [ -70.377, -11.434 ], [ -70.409, -11.433 ], [ -70.452, -11.396 ], [ -70.454, -11.373 ], [ -70.476, -11.352 ], [ -70.744, -11.382 ], [ -70.75, -11.375 ], [ -70.748, -11.384 ], [ -70.769, -11.384 ], [ -70.794, -11.341 ], [ -70.8, -11.343 ], [ -70.794, -11.361 ], [ -70.804, -11.348 ], [ -70.819, -11.348 ], [ -70.813, -11.324 ], [ -70.824, -11.319 ], [ -70.846, -11.327 ], [ -70.876, -11.312 ], [ -70.863, -11.292 ], [ -70.865, -11.274 ], [ -70.879, -11.274 ], [ -70.878, -11.288 ], [ -70.903, -11.284 ], [ -70.911, -11.294 ], [ -70.907, -11.277 ], [ -70.924, -11.29 ], [ -70.932, -11.276 ], [ -70.942, -11.291 ], [ -70.965, -11.268 ], [ -70.98, -11.269 ], [ -71.001, -11.254 ], [ -71.015, -11.264 ], [ -71.018, -11.246 ], [ -71.027, -11.244 ], [ -71.037, -11.26 ], [ -71.034, -11.245 ], [ -71.048, -11.25 ], [ -71.059, -11.238 ], [ -71.068, -11.252 ], [ -71.069, -11.235 ], [ -71.091, -11.23 ], [ -71.095, -11.241 ], [ -71.106, -11.232 ], [ -71.101, -11.22 ], [ -71.121, -11.239 ], [ -71.133, -11.221 ], [ -71.156, -11.227 ], [ -71.161, -11.21 ], [ -71.174, -11.215 ], [ -71.177, -11.229 ], [ -71.191, -11.212 ], [ -71.218, -11.21 ], [ -71.22, -11.2 ], [ -71.236, -11.219 ], [ -71.233, -11.2 ], [ -71.244, -11.196 ], [ -71.247, -11.18 ], [ -71.262, -11.193 ], [ -71.278, -11.18 ], [ -71.311, -11.186 ], [ -71.31, -11.169 ], [ -71.331, -11.171 ], [ -71.336, -11.155 ], [ -71.348, -11.164 ], [ -71.372, -11.165 ], [ -71.375, -11.179 ], [ -71.384, -11.149 ], [ -71.437, -11.139 ], [ -71.44, -11.123 ], [ -71.451, -11.132 ], [ -71.436, -11.112 ], [ -71.442, -11.103 ], [ -71.449, -11.111 ], [ -71.475, -11.106 ], [ -71.492, -11.09 ], [ -71.497, -11.107 ], [ -71.528, -11.086 ], [ -71.539, -11.1 ], [ -71.546, -11.082 ], [ -71.558, -11.093 ], [ -71.569, -11.083 ], [ -71.584, -11.104 ], [ -71.595, -11.09 ], [ -71.61, -11.097 ], [ -71.623, -11.092 ], [ -71.63, -11.106 ], [ -71.638, -11.089 ], [ -71.646, -11.098 ], [ -71.671, -11.094 ], [ -71.68, -11.107 ], [ -71.708, -11.089 ], [ -71.713, -11.07 ], [ -71.724, -11.065 ], [ -71.753, -11.087 ], [ -71.756, -11.073 ], [ -71.791, -11.078 ], [ -71.869, -11.034 ], [ -71.862, -11.053 ], [ -71.875, -11.05 ], [ -71.876, -11.059 ], [ -71.898, -11.067 ], [ -71.9, -11.047 ], [ -71.911, -11.05 ], [ -71.912, -11.041 ], [ -71.917, -11.05 ], [ -71.941, -11.052 ], [ -71.941, -11.062 ], [ -71.955, -11.052 ], [ -71.961, -11.059 ], [ -71.978, -11.053 ], [ -71.982, -11.061 ], [ -71.982, -11.055 ], [ -72.0, -11.054 ], [ -72.018, -11.064 ], [ -72.044, -11.06 ], [ -72.053, -11.071 ], [ -72.055, -11.062 ], [ -72.067, -11.066 ], [ -72.079, -11.055 ], [ -72.097, -11.084 ], [ -72.139, -11.084 ], [ -72.16, -11.065 ], [ -72.16, -11.051 ], [ -72.175, -11.044 ], [ -72.185, -11.009 ], [ -72.174, -10.996 ], [ -72.158, -11.005 ], [ -72.128, -10.98 ], [ -72.125, -10.996 ], [ -72.105, -10.993 ], [ -72.054, -11.011 ], [ -72.044, -10.997 ], [ -72.011, -10.988 ], [ -71.938, -11.004 ], [ -71.923, -10.996 ], [ -71.847, -10.996 ], [ -71.828, -11.012 ], [ -71.809, -10.994 ], [ -71.78, -10.988 ], [ -71.751, -10.994 ], [ -71.729, -10.984 ], [ -71.716, -10.998 ], [ -71.702, -10.974 ], [ -71.694, -10.98 ], [ -71.681, -10.972 ], [ -71.662, -10.983 ], [ -71.559, -10.965 ], [ -71.532, -10.952 ], [ -71.508, -10.966 ], [ -71.473, -10.954 ], [ -71.413, -10.958 ], [ -71.393, -10.947 ], [ -71.354, -10.95 ], [ -71.336, -10.917 ], [ -71.317, -10.91 ], [ -71.308, -10.878 ], [ -71.295, -10.876 ], [ -71.273, -10.853 ], [ -71.259, -10.785 ], [ -71.222, -10.777 ], [ -71.229, -10.765 ], [ -71.219, -10.76 ], [ -71.225, -10.731 ], [ -71.216, -10.715 ], [ -71.231, -10.685 ], [ -71.206, -10.652 ], [ -71.221, -10.637 ], [ -71.196, -10.58 ], [ -71.165, -10.57 ], [ -71.165, -10.531 ], [ -71.147, -10.531 ], [ -71.129, -10.505 ], [ -71.079, -10.501 ], [ -71.025, -10.478 ], [ -71.001, -10.442 ], [ -71.005, -10.431 ], [ -70.958, -10.39 ], [ -70.968, -10.336 ], [ -70.889, -10.335 ], [ -70.874, -10.301 ], [ -70.881, -10.262 ], [ -70.867, -10.253 ], [ -70.803, -10.251 ], [ -70.751, -10.191 ], [ -70.706, -10.161 ], [ -70.708, -10.137 ], [ -70.698, -10.118 ], [ -70.65, -10.079 ], [ -70.645, -10.069 ], [ -70.66, -10.051 ], [ -70.652, -10.04 ], [ -70.672, -10.023 ], [ -70.657, -10.0 ], [ -70.668, -9.971 ], [ -70.649, -9.952 ], [ -70.651, -9.932 ], [ -70.633, -9.899 ], [ -70.64, -9.884 ], [ -70.614, -9.873 ], [ -70.614, -11.0 ], [ -70.522, -10.934 ], [ -70.452, -10.997 ], [ -70.438, -11.039 ], [ -70.308, -11.071 ], [ -70.242, -11.047 ], [ -70.199, -11.054 ], [ -70.176, -11.04 ], [ -70.158, -11.042 ], [ -70.116, -11.006 ], [ -70.107, -11.008 ], [ -70.093, -10.987 ], [ -70.065, -10.994 ], [ -70.037, -10.98 ], [ -70.037, -10.971 ], [ -70.027, -10.978 ], [ -69.999, -10.965 ], [ -69.994, -10.951 ], [ -69.985, -10.956 ], [ -69.982, -10.943 ], [ -69.974, -10.949 ], [ -69.954, -10.929 ], [ -69.933, -10.922 ], [ -69.921, -10.934 ], [ -69.901, -10.921 ], [ -69.858, -10.934 ], [ -69.851, -10.925 ], [ -69.832, -10.934 ], [ -69.811, -10.926 ], [ -69.794, -10.934 ], [ -69.77, -10.93 ], [ -69.773, -10.94 ], [ -69.76, -10.94 ], [ -69.738, -10.975 ], [ -69.722, -10.965 ], [ -69.717, -10.976 ], [ -69.701, -10.966 ], [ -69.697, -10.972 ], [ -69.659, -10.953 ], [ -69.634, -10.957 ], [ -69.62, -10.95 ], [ -69.61, -10.958 ], [ -69.609, -10.946 ], [ -69.583, -10.948 ], [ -69.588, -10.941 ], [ -69.579, -10.941 ], [ -69.228, -11.5 ], [ -69.103, -11.681 ], [ -69.0, -11.861 ] ], [ [ -70.327, -11.437 ], [ -70.343, -11.438 ], [ -70.334, -11.439 ], [ -70.327, -11.437 ] ], [ [ -70.194, -11.492 ], [ -70.197, -11.49 ], [ -70.195, -11.492 ], [ -70.194, -11.492 ] ], [ [ -70.142, -11.501 ], [ -70.152, -11.501 ], [ -70.137, -11.503 ], [ -70.142, -11.501 ] ], [ [ -69.559, -11.674 ], [ -69.563, -11.674 ], [ -69.563, -11.675 ], [ -69.559, -11.674 ] ] ] } },
{ "type": "Feature", "properties": { "DEPARTAMEN": "MOQUEGUA", "PROVINCIA": "MARISCAL NIETO", "clave": "MOQUEGUA|MARISCAL NIETO" }, "geometry": { "type": "Polygon", "coordinates": [ [ [ -71.116, -17.475 ], [ -71.142, -17.438 ], [ -71.154, -17.437 ], [ -71.16, -17.454 ], [ -71.174, -17.453 ], [ -71.216, -17.435 ], [ -71.257, -17.441 ], [ -71.276, -17.427 ], [ -71.312, -17.45 ], [ -71.316, -17.42 ], [ -71.331, -17.398 ], [ -71.32, -17.392 ], [ -71.345, -17.388 ], [ -71.376, -17.351 ], [ -71.366, -17.314 ], [ -71.395, -17.305 ], [ -71.4, -17.281 ], [ -71.385, -17.265 ], [ -71.431, -17.261 ], [ -71.441, -17.252 ], [ -71.355, -17.151 ], [ -71.316, -17.125 ], [ -71.302, -17.095 ], [ -71.325, -17.06 ], [ -71.319, -17.041 ], [ -71.339, -17.022 ], [ -71.357, -17.024 ], [ -71.365, -17.014 ], [ -71.385, -17.021 ], [ -71.391, -16.98 ], [ -71.355, -16.978 ], [ -71.345, -16.967 ], [ -71.344, -16.946 ], [ -71.304, -16.958 ], [ -71.286, -16.943 ], [ -71.218, -16.925 ], [ -71.195, -16.903 ], [ -71.165, -16.904 ], [ -71.156, -16.871 ], [ -71.061, -16.759 ], [ -71.034, -16.754 ], [ -71.015, -16.768 ], [ -70.989, -16.765 ], [ -70.956, -16.778 ], [ -70.879, -16.775 ], [ -70.828, -16.762 ], [ -70.816, -16.746 ], [ -70.789, -16.737 ], [ -70.779, -16.72 ], [ -70.764, -16.634 ], [ -70.748, -16.623 ], [ -70.729, -16.626 ], [ -70.703, -16.599 ], [ -70.728, -16.573 ], [ -70.7, -16.569 ], [ -70.681, -16.546 ], [ -70.634, -16.558 ], [ -70.603, -16.548 ], [ -70.576, -16.566 ], [ -70.538, -16.553 ], [ -70.472, -16.556 ], [ -70.431, -16.526 ], [ -70.397, -16.524 ], [ -70.364, -16.494 ], [ -70.36, -16.478 ], [ -70.33, -16.462 ], [ -70.313, -16.462 ], [ -70.301, -16.479 ], [ -70.229, -16.506 ], [ -70.2, -16.54 ], [ -70.185, -16.538 ], [ -70.166, -16.613 ], [ -70.149, -16.615 ], [ -70.088, -16.655 ], [ -70.049, -16.628 ], [ -70.024, -16.631 ], [ -70.005, -16.65 ], [ -69.998, -16.675 ], [ -70.012, -16.688 ], [ -69.996, -16.73 ], [ -70.01, -16.741 ], [ -70.036, -16.743 ], [ -70.032, -16.753 ], [ -70.057, -16.77 ], [ -70.058, -16.788 ], [ -70.09, -16.811 ], [ -70.094, -16.891 ], [ -70.132, -16.935 ], [ -70.148, -16.938 ], [ -70.148, -16.922 ], [ -70.174, -16.912 ], [ -70.181, -16.932 ], [ -70.218, -16.946 ], [ -70.225, -16.959 ], [ -70.25, -16.949 ], [ -70.259, -16.904 ], [ -70.244, -16.86 ], [ -70.184, -16.835 ], [ -70.181, -16.818 ], [ -70.247, -16.802 ], [ -70.268, -16.77 ], [ -70.292, -16.781 ], [ -70.311, -16.773 ], [ -70.356, -16.79 ], [ -70.409, -16.83 ], [ -70.441, -16.84 ], [ -70.451, -16.862 ], [ -70.442, -16.892 ], [ -70.452, -16.9 ], [ -70.459, -16.923 ], [ -70.454, -16.93 ], [ -70.465, -16.942 ], [ -70.443, -16.964 ], [ -70.463, -17.004 ], [ -70.439, -17.05 ], [ -70.449, -17.081 ], [ -70.491, -17.09 ], [ -70.521, -17.158 ], [ -70.556, -17.198 ], [ -70.566, -17.194 ], [ -70.573, -17.194 ], [ -70.61, -17.215 ], [ -70.651, -17.209 ], [ -70.684, -17.224 ], [ -70.704, -17.267 ], [ -70.716, -17.274 ], [ -70.706, -17.291 ], [ -70.747, -17.351 ], [ -70.752, -17.381 ], [ -70.737, -17.408 ], [ -70.755, -17.438 ], [ -70.78, -17.451 ], [ -70.88, -17.555 ], [ -70.908, -17.647 ], [ -70.995, -17.622 ], [ -71.023, -17.598 ], [ -71.036, -17.558 ], [ -71.073, -17.526 ], [ -71.072, -17.488 ], [ -71.116, -17.475 ] ], [ [ -71.04, -16.791 ], [ -71.041, -16.786 ], [ -71.041, -16.791 ], [ -71.04, -16.791 ] ], [ [ -71.006, -16.829 ], [ -71.007, -16.828 ], [ -71.006, -16.831 ], [ -71.006, -16.829 ] ], [ [ -70.924, -17.133 ], [ -70.922, -17.13 ], [ -70.924, -17.132 ], [ -70.924, -17.133 ] ], [ [ -70.922, -17.144 ], [ -70.924, -17.134 ], [ -70.924, -17.138 ], [ -70.922, -17.144 ] ], [ [ -70.908, -17.154 ], [ -70.91, -17.154 ], [ -70.909, -17.155 ], [ -70.908, -17.154 ] ], [ [ -70.772, -17.16 ], [ -70.773, -17.156 ], [ -70.772, -17.163 ], [ -70.772, -17.16 ] ], [ [ -70.777, -17.163 ], [ -70.772, -17.164 ], [ -70.772, -17.163 ], [ -70.777, -17.163 ] ], [ [ -71.039, -17.156 ], [ -71.03, -17.155 ], [ -71.033, -17.154 ], [ -71.039, -17.156 ] ], [ [ -71.158, -17.428 ], [ -71.138, -17.406 ], [ -71.158, -17.427 ], [ -71.158, -17.428 ] ], [ [ -70.903, -16.813 ], [ -70.902, -16.815 ], [ -70.895, -16.818 ], [ -70.903, -16.813 ] ], [ [ -70.637, -16.788 ], [ -70.62, -16.79 ], [ -70.636, -16.787 ], [ -70.637, -16.788 ] ], [ [ -70.639, -16.791 ], [ -70.641, -16.797 ], [ -70.64, -16.797 ], [ -70.639, -16.791 ] ], [ [ -70.763, -16.76 ], [ -70.791, -16.77 ], [ -70.768, -16.764 ], [ -70.763, -16.76 ] ], [ [ -70.729, -16.761 ], [ -70.733, -16.761 ], [ -70.727, -16.762 ], [ -70.729, -16.761 ] ], [ [ -70.707, -16.755 ], [ -70.706, -16.756 ], [ -70.705, -16.755 ], [ -70.707, -16.755 ] ], [ [ -70.663, -16.739 ], [ -70.648, -16.737 ], [ -70.65, -16.737 ], [ -70.663, -16.739 ] ] ] } },
{ "type": "Feature", "properties": { "DEPARTAMEN": "MOQUEGUA", "PROVINCIA": "GENERAL SANCHEZ CERRO", "clave": "MOQUEGUA|GENERAL SANCHEZ CERRO" }, "geometry": { "type": "Polygon", "coordinates": [ [ [ -71.169, -16.907 ], [ -71.195, -16.903 ], [ -71.218, -16.925 ], [ -71.286, -16.943 ], [ -71.304, -16.958 ], [ -71.344, -16.946 ], [ -71.345, -16.967 ], [ -71.356, -16.978 ], [ -71.391, -16.98 ], [ -71.406, -16.956 ], [ -71.459, -16.961 ], [ -71.466, -16.951 ], [ -71.46, -16.937 ], [ -71.424, -16.919 ], [ -71.422, -16.896 ], [ -71.441, -16.863 ], [ -71.435, -16.836 ], [ -71.444, -16.816 ], [ -71.425, -16.741 ], [ -71.369, -16.72 ], [ -71.326, -16.752 ], [ -71.29, -16.728 ], [ -71.286, -16.716 ], [ -71.296, -16.708 ], [ -71.284, -16.682 ], [ -71.279, -16.616 ], [ -71.26, -16.605 ], [ -71.263, -16.585 ], [ -71.236, -16.506 ], [ -71.249, -16.482 ], [ -71.246, -16.468 ], [ -71.219, -16.461 ], [ -71.197, -16.472 ], [ -71.14, -16.475 ], [ -71.125, -16.461 ], [ -71.11, -16.466 ], [ -71.081, -16.457 ], [ -71.073, -16.466 ], [ -71.046, -16.455 ], [ -71.037, -16.486 ], [ -71.019, -16.487 ], [ -71.013, -16.498 ], [ -70.992, -16.496 ], [ -70.955, -16.472 ], [ -70.953, -16.461 ], [ -70.976, -16.418 ], [ -70.963, -16.4 ], [ -70.974, -16.394 ], [ -70.969, -16.37 ], [ -70.986, -16.31 ], [ -70.944, -16.314 ], [ -70.939, -16.299 ], [ -70.916, -16.282 ], [ -70.881, -16.285 ], [ -70.844, -16.236 ], [ -70.867, -16.225 ], [ -70.854, -16.197 ], [ -70.86, -16.176 ], [ -70.879, -16.167 ], [ -70.868, -16.154 ], [ -70.867, -16.128 ], [ -70.896, -16.106 ], [ -70.875, -16.095 ], [ -70.878, -16.081 ], [ -70.867, -16.08 ], [ -70.857, -16.056 ], [ -70.805, -16.055 ], [ -70.821, -16.03 ], [ -70.817, -16.003 ], [ -70.829, -15.995 ], [ -70.82, -15.978 ], [ -70.808, -15.988 ], [ -70.8, -15.976 ], [ -70.776, -16.013 ], [ -70.741, -16.016 ], [ -70.724, -16.034 ], [ -70.669, -16.015 ], [ -70.641, -15.988 ], [ -70.625, -16.003 ], [ -70.563, -15.982 ], [ -70.507, -16.038 ], [ -70.466, -16.05 ], [ -70.44, -16.037 ], [ -70.434, -16.062 ], [ -70.403, -16.087 ], [ -70.402, -16.149 ], [ -70.374, -16.176 ], [ -70.361, -16.208 ], [ -70.331, -16.203 ], [ -70.324, -16.218 ], [ -70.345, -16.256 ], [ -70.347, -16.306 ], [ -70.339, -16.323 ], [ -70.346, -16.348 ], [ -70.382, -16.385 ], [ -70.357, -16.4 ], [ -70.362, -16.41 ], [ -70.325, -16.418 ], [ -70.317, -16.444 ], [ -70.306, -16.449 ], [ -70.313, -16.462 ], [ -70.36, -16.478 ], [ -70.364, -16.494 ], [ -70.397, -16.524 ], [ -70.431, -16.526 ], [ -70.47, -16.556 ], [ -70.538, -16.553 ], [ -70.576, -16.566 ], [ -70.603, -16.548 ], [ -70.634, -16.558 ], [ -70.681, -16.546 ], [ -70.7, -16.569 ], [ -70.728, -16.573 ], [ -70.728, -16.576 ], [ -70.703, -16.598 ], [ -70.729, -16.626 ], [ -70.748, -16.623 ], [ -70.764, -16.634 ], [ -70.789, -16.737 ], [ -70.816, -16.746 ], [ -70.828, -16.762 ], [ -70.902, -16.778 ], [ -70.966, -16.778 ], [ -70.989, -16.765 ], [ -71.01, -16.769 ], [ -71.035, -16.753 ], [ -71.062, -16.759 ], [ -71.156, -16.872 ], [ -71.169, -16.907 ] ], [ [ -70.924, -16.526 ], [ -70.925, -16.526 ], [ -70.923, -16.533 ], [ -70.924, -16.526 ] ], [ [ -70.912, -16.585 ], [ -70.912, -16.577 ], [ -70.918, -16.593 ], [ -70.912, -16.585 ] ], [ [ -71.165, -16.84 ], [ -71.165, -16.842 ], [ -71.161, -16.847 ], [ -71.165, -16.84 ] ], [ [ -71.268, -16.715 ], [ -71.267, -16.714 ], [ -71.265, -16.709 ], [ -71.268, -16.715 ] ], [ [ -71.258, -16.709 ], [ -71.258, -16.708 ], [ -71.265, -16.709 ], [ -71.258, -16.709 ] ], [ [ -70.897, -16.67 ], [ -70.896, -16.667 ], [ -70.898, -16.66 ], [ -70.897, -16.67 ] ], [ [ -71.126, -16.589 ], [ -71.122, -16.585 ], [ -71.122, -16.583 ], [ -71.126, -16.589 ] ], [ [ -71.126, -16.593 ], [ -71.125, -16.594 ], [ -71.126, -16.589 ], [ -71.126, -16.593 ] ], [ [ -71.051, -16.702 ], [ -71.054, -16.694 ], [ -71.054, -16.697 ], [ -71.051, -16.702 ] ], [ [ -71.033, -16.718 ], [ -71.034, -16.716 ], [ -71.044, -16.71 ], [ -71.033, -16.718 ] ], [ [ -70.983, -16.541 ], [ -70.992, -16.549 ], [ -70.986, -16.545 ], [ -70.983, -16.541 ] ], [ [ -70.74, -16.357 ], [ -70.739, -16.358 ], [ -70.724, -16.358 ], [ -70.74, -16.357 ] ], [ [ -70.715, -16.256 ], [ -70.713, -16.256 ], [ -70.714, -16.255 ], [ -70.715, -16.256 ] ], [ [ -70.704, -16.258 ], [ -70.688, -16.263 ], [ -70.692, -16.261 ], [ -70.704, -16.258 ] ], [ [ -70.666, -16.266 ], [ -70.655, -16.273 ], [ -70.658, -16.27 ], [ -70.666, -16.266 ] ], [ [ -70.624, -16.28 ], [ -70.635, -16.281 ], [ -70.628, -16.281 ], [ -70.624, -16.28 ] ], [ [ -70.56, -16.223 ], [ -70.554, -16.221 ], [ -70.557, -16.221 ], [ -70.56, -16.223 ] ], [ [ -70.55, -16.221 ], [ -70.549, -16.222 ], [ -70.549, -16.221 ], [ -70.55, -16.221 ] ], [ [ -70.543, -16.326 ], [ -70.533, -16.332 ], [ -70.535, -16.33 ], [ -70.543, -16.326 ] ], [ [ -70.526, -16.361 ], [ -70.53, -16.355 ], [ -70.526, -16.362 ], [ -70.526, -16.361 ] ], [ [ -70.931, -16.389 ], [ -70.929, -16.389 ], [ -70.93, -16.388 ], [ -70.931, -16.389 ] ], [ [ -70.927, -16.391 ], [ -70.926, -16.398 ], [ -70.926, -16.391 ], [ -70.927, -16.391 ] ], [ [ -70.759, -16.448 ], [ -70.758, -16.447 ], [ -70.759, -16.441 ], [ -70.759, -16.448 ] ], [ [ -70.642, -16.318 ], [ -70.643, -16.319 ], [ -70.637, -16.323 ], [ -70.642, -16.318 ] ], [ [ -70.527, -16.364 ], [ -70.528, -16.367 ], [ -70.527, -16.367 ], [ -70.527, -16.364 ] ], [ [ -70.651, -16.323 ], [ -70.65, -16.327 ], [ -70.65, -16.322 ], [ -70.651, -16.323 ] ], [ [ -70.671, -16.178 ], [ -70.677, -16.181 ], [ -70.68, -16.185 ], [ -70.671, -16.178 ] ], [ [ -70.658, -16.17 ], [ -70.664, -16.17 ], [ -70.671, -16.178 ], [ -70.658, -16.17 ] ], [ [ -70.659, -16.152 ], [ -70.66, -16.152 ], [ -70.664, -16.159 ], [ -70.659, -16.152 ] ] ] } },
{ "type": "Feature", "properties": { "DEPARTAMEN": "MOQUEGUA", "PROVINCIA": "ILO", "clave": "MOQUEGUA|ILO" }, "geometry": { "type": "Polygon", "coordinates": [ [ [ -71.101, -17.739 ], [ -71.121, -17.802 ], [ -71.139, -17.821 ], [ -71.169, -17.809 ], [ -71.185, -17.781 ], [ -71.35, -17.693 ], [ -71.363, -17.693 ], [ -71.368, -17.706 ], [ -71.381, -17.707 ], [ -71.342, -17.637 ], [ -71.366, -17.545 ], [ -71.363, -17.491 ], [ -71.394, -17.389 ], [ -71.419, -17.377 ], [ -71.425, -17.364 ], [ -71.433, -17.367 ], [ -71.431, -17.351 ], [ -71.445, -17.332 ], [ -71.477, -17.323 ], [ -71.473, -17.297 ], [ -71.491, -17.285 ], [ -71.466, -17.255 ], [ -71.385, -17.265 ], [ -71.4, -17.282 ], [ -71.395, -17.306 ], [ -71.366, -17.314 ], [ -71.376, -17.351 ], [ -71.343, -17.39 ], [ -71.32, -17.392 ], [ -71.331, -17.398 ], [ -71.316, -17.42 ], [ -71.312, -17.452 ], [ -71.274, -17.427 ], [ -71.257, -17.441 ], [ -71.216, -17.435 ], [ -71.174, -17.453 ], [ -71.158, -17.453 ], [ -71.144, -17.437 ], [ -71.116, -17.475 ], [ -71.074, -17.487 ], [ -71.073, -17.526 ], [ -71.038, -17.555 ], [ -71.023, -17.598 ], [ -70.995, -17.622 ], [ -70.908, -17.647 ], [ -70.912, -17.687 ], [ -70.956, -17.676 ], [ -70.983, -17.685 ], [ -70.993, -17.679 ], [ -71.017, -17.709 ], [ -71.027, -17.704 ], [ -71.058, -17.718 ], [ -71.082, -17.717 ], [ -71.082, -17.734 ], [ -71.101, -17.739 ] ], [ [ -71.321, -17.621 ], [ -71.322, -17.623 ], [ -71.321, -17.622 ], [ -71.321, -17.621 ] ], [ [ -71.106, -17.692 ], [ -71.107, -17.692 ], [ -71.104, -17.696 ], [ -71.106, -17.692 ] ], [ [ -71.098, -17.699 ], [ -71.099, -17.699 ], [ -71.098, -17.7 ], [ -71.098, -17.699 ] ], [ [ -71.258, -17.542 ], [ -71.261, -17.536 ], [ -71.262, -17.537 ], [ -71.258, -17.542 ] ], [ [ -71.264, -17.509 ], [ -71.268, -17.501 ], [ -71.271, -17.499 ], [ -71.264, -17.509 ] ] ] } },
{ "type": "Feature", "properties": { "DEPARTAMEN": "PASCO", "PROVINCIA": "PASCO", "clave": "PASCO|PASCO" }, "geometry": { "type": "Polygon", "coordinates": [ [ [ -76.671, -10.678 ], [ -76.656, -10.647 ], [ -76.633, -10.649 ], [ -76.616, -10.67 ], [ -76.588, -10.682 ], [ -76.573, -10.709 ], [ -76.539, -10.704 ], [ -76.508, -10.747 ], [ -76.456, -10.647 ], [ -76.419, -10.653 ], [ -76.373, -10.62 ], [ -76.363, -10.627 ], [ -76.335, -10.59 ], [ -76.31, -10.587 ], [ -76.292, -10.601 ], [ -76.273, -10.579 ], [ -76.272, -10.562 ], [ -76.242, -10.543 ], [ -76.236, -10.524 ], [ -76.254, -10.498 ], [ -76.245, -10.481 ], [ -76.283, -10.452 ], [ -76.306, -10.414 ], [ -76.285, -10.416 ], [ -76.268, -10.369 ], [ -76.226, -10.397 ], [ -76.231, -10.372 ], [ -76.205, -10.377 ], [ -76.208, -10.389 ], [ -76.167, -10.414 ], [ -76.141, -10.409 ], [ -76.13, -10.431 ], [ -76.078, -10.434 ], [ -76.083, -10.453 ], [ -76.056, -10.466 ], [ -76.039, -10.455 ], [ -76.026, -10.468 ], [ -76.012, -10.455 ], [ -76.003, -10.489 ], [ -75.977, -10.48 ], [ -75.932, -10.418 ], [ -75.925, -10.407 ], [ -75.935, -10.375 ], [ -75.925, -10.357 ], [ -75.86, -10.303 ], [ -75.855, -10.404 ], [ -75.859, -10.442 ], [ -75.869, -10.456 ], [ -75.852, -10.444 ], [ -75.819, -10.44 ], [ -75.808, -10.457 ], [ -75.798, -10.437 ], [ -75.778, -10.441 ], [ -75.767, -10.432 ], [ -75.745, -10.44 ], [ -75.724, -10.429 ], [ -75.693, -10.441 ], [ -75.665, -10.469 ], [ -75.677, -10.518 ], [ -75.661, -10.552 ], [ -75.678, -10.612 ], [ -75.653, -10.631 ], [ -75.612, -10.621 ], [ -75.594, -10.628 ], [ -75.581, -10.649 ], [ -75.557, -10.637 ], [ -75.54, -10.641 ], [ -75.538, -10.66 ], [ -75.549, -10.673 ], [ -75.512, -10.682 ], [ -75.511, -10.703 ], [ -75.523, -10.74 ], [ -75.554, -10.745 ], [ -75.568, -10.727 ], [ -75.584, -10.802 ], [ -75.607, -10.823 ], [ -75.65, -10.823 ], [ -75.679, -10.84 ], [ -75.693, -10.835 ], [ -75.693, -10.817 ], [ -75.733, -10.809 ], [ -75.759, -10.83 ], [ -75.789, -10.825 ], [ -75.815, -10.847 ], [ -75.816, -10.872 ], [ -75.837, -10.886 ], [ -75.858, -10.868 ], [ -75.865, -10.877 ], [ -75.876, -10.867 ], [ -75.913, -10.872 ], [ -75.936, -10.89 ], [ -75.937, -10.872 ], [ -75.962, -10.844 ], [ -75.997, -10.822 ], [ -76.046, -10.881 ], [ -76.082, -10.895 ], [ -76.123, -10.963 ], [ -76.123, -10.952 ], [ -76.146, -10.946 ], [ -76.188, -10.961 ], [ -76.183, -10.949 ], [ -76.191, -10.96 ], [ -76.208, -10.943 ], [ -76.212, -10.918 ], [ -76.249, -10.925 ], [ -76.266, -10.92 ], [ -76.262, -10.909 ], [ -76.282, -10.914 ], [ -76.277, -10.951 ], [ -76.266, -10.959 ], [ -76.273, -10.971 ], [ -76.256, -11.002 ], [ -76.26, -11.027 ], [ -76.24, -11.049 ], [ -76.25, -11.105 ], [ -76.215, -11.15 ], [ -76.227, -11.156 ], [ -76.242, -11.143 ], [ -76.258, -11.152 ], [ -76.308, -11.133 ], [ -76.318, -11.092 ], [ -76.336, -11.083 ], [ -76.351, -11.094 ], [ -76.389, -11.071 ], [ -76.434, -11.08 ], [ -76.447, -11.071 ], [ -76.461, -11.084 ], [ -76.494, -11.089 ], [ -76.533, -11.034 ], [ -76.578, -11.016 ], [ -76.582, -10.985 ], [ -76.565, -10.965 ], [ -76.581, -10.867 ], [ -76.602, -10.816 ], [ -76.615, -10.817 ], [ -76.627, -10.799 ], [ -76.634, -10.784 ], [ -76.627, -10.769 ], [ -76.642, -10.746 ], [ -76.65, -10.726 ], [ -76.671, -10.678 ] ], [ [ -75.872, -10.457 ], [ -75.871, -10.457 ], [ -75.869, -10.456 ], [ -75.872, -10.457 ] ], [ [ -76.638, -10.733 ], [ -76.647, -10.731 ], [ -76.63, -10.737 ], [ -76.638, -10.733 ] ], [ [ -76.234, -10.475 ], [ -76.242, -10.48 ], [ -76.238, -10.478 ], [ -76.234, -10.475 ] ], [ [ -76.181, -10.52 ], [ -76.182, -10.526 ], [ -76.179, -10.526 ], [ -76.181, -10.52 ] ], [ [ -76.199, -10.514 ], [ -76.194, -10.513 ], [ -76.197, -10.513 ], [ -76.199, -10.514 ] ], [ [ -76.262, -10.642 ], [ -76.257, -10.646 ], [ -76.263, -10.639 ], [ -76.262, -10.642 ] ], [ [ -76.267, -10.642 ], [ -76.264, -10.637 ], [ -76.265, -10.635 ], [ -76.267, -10.642 ] ], [ [ -76.223, -10.704 ], [ -76.224, -10.703 ], [ -76.226, -10.71 ], [ -76.223, -10.704 ] ], [ [ -76.199, -10.738 ], [ -76.202, -10.731 ], [ -76.202, -10.734 ], [ -76.199, -10.738 ] ], [ [ -76.18, -10.764 ], [ -76.181, -10.762 ], [ -76.178, -10.786 ], [ -76.18, -10.764 ] ], [ [ -76.19, -10.912 ], [ -76.186, -10.901 ], [ -76.19, -10.908 ], [ -76.19, -10.912 ] ], [ [ -76.525, -10.785 ], [ -76.521, -10.786 ], [ -76.522, -10.785 ], [ -76.525, -10.785 ] ], [ [ -76.287, -10.857 ], [ -76.292, -10.852 ], [ -76.289, -10.857 ], [ -76.287, -10.857 ] ], [ [ -76.302, -10.748 ], [ -76.301, -10.733 ], [ -76.302, -10.735 ], [ -76.302, -10.748 ] ], [ [ -76.255, -10.723 ], [ -76.258, -10.726 ], [ -76.257, -10.726 ], [ -76.255, -10.723 ] ], [ [ -76.251, -10.777 ], [ -76.257, -10.777 ], [ -76.246, -10.781 ], [ -76.251, -10.777 ] ], [ [ -75.898, -10.636 ], [ -75.893, -10.636 ], [ -75.894, -10.635 ], [ -75.898, -10.636 ] ], [ [ -75.877, -10.64 ], [ -75.878, -10.641 ], [ -75.872, -10.645 ], [ -75.877, -10.64 ] ], [ [ -75.799, -10.641 ], [ -75.786, -10.646 ], [ -75.798, -10.641 ], [ -75.799, -10.641 ] ], [ [ -75.779, -10.647 ], [ -75.772, -10.657 ], [ -75.777, -10.647 ], [ -75.779, -10.647 ] ], [ [ -76.169, -10.737 ], [ -76.168, -10.738 ], [ -76.163, -10.727 ], [ -76.169, -10.737 ] ], [ [ -76.152, -10.752 ], [ -76.152, -10.76 ], [ -76.151, -10.761 ], [ -76.152, -10.752 ] ], [ [ -76.057, -10.697 ], [ -76.053, -10.695 ], [ -76.054, -10.695 ], [ -76.057, -10.697 ] ], [ [ -76.049, -10.695 ], [ -76.039, -10.696 ], [ -76.047, -10.694 ], [ -76.049, -10.695 ] ], [ [ -75.931, -10.629 ], [ -75.924, -10.627 ], [ -75.925, -10.626 ], [ -75.931, -10.629 ] ], [ [ -75.89, -10.681 ], [ -75.887, -10.673 ], [ -75.891, -10.68 ], [ -75.89, -10.681 ] ], [ [ -75.888, -10.684 ], [ -75.89, -10.682 ], [ -75.888, -10.687 ], [ -75.888, -10.684 ] ], [ [ -75.883, -10.699 ], [ -75.886, -10.693 ], [ -75.883, -10.702 ], [ -75.883, -10.699 ] ], [ [ -76.002, -10.623 ], [ -76.001, -10.624 ], [ -75.997, -10.624 ], [ -76.002, -10.623 ] ], [ [ -76.016, -10.6 ], [ -76.015, -10.597 ], [ -76.018, -10.601 ], [ -76.016, -10.6 ] ], [ [ -75.91, -10.5 ], [ -75.91, -10.504 ], [ -75.907, -10.515 ], [ -75.91, -10.5 ] ], [ [ -76.129, -10.509 ], [ -76.141, -10.523 ], [ -76.139, -10.522 ], [ -76.129, -10.509 ] ] ] } },
{ "type": "Feature", "properties": { "DEPARTAMEN": "PASCO", "PROVINCIA": "DANIEL ALCIDES CARRION", "clave": "PASCO|DANIEL ALCIDES CARRION" }, "geometry": { "type": "Polygon", "coordinates": [ [ [ -76.317, -10.34 ], [ -76.323, -10.36 ], [ -76.303, -10.421 ], [ -76.283, -10.452 ], [ -76.245, -10.481 ], [ -76.253, -10.5 ], [ -76.238, -10.514 ], [ -76.239, -10.54 ], [ -76.271, -10.56 ], [ -76.273, -10.579 ], [ -76.292, -10.601 ], [ -76.309, -10.587 ], [ -76.333, -10.59 ], [ -76.346, -10.596 ], [ -76.363, -10.627 ], [ -76.373, -10.62 ], [ -76.419, -10.653 ], [ -76.456, -10.647 ], [ -76.507, -10.747 ], [ -76.515, -10.744 ], [ -76.539, -10.704 ], [ -76.573, -10.709 ], [ -76.594, -10.677 ], [ -76.616, -10.67 ], [ -76.636, -10.647 ], [ -76.656, -10.647 ], [ -76.676, -10.621 ], [ -76.686, -10.581 ], [ -76.704, -10.589 ], [ -76.71, -10.541 ], [ -76.73, -10.51 ], [ -76.729, -10.479 ], [ -76.716, -10.462 ], [ -76.701, -10.461 ], [ -76.697, -10.442 ], [ -76.663, -10.438 ], [ -76.647, -10.415 ], [ -76.62, -10.415 ], [ -76.607, -10.405 ], [ -76.593, -10.401 ], [ -76.593, -10.387 ], [ -76.58, -10.376 ], [ -76.558, -10.393 ], [ -76.524, -10.377 ], [ -76.49, -10.378 ], [ -76.486, -10.352 ], [ -76.473, -10.338 ], [ -76.494, -10.311 ], [ -76.425, -10.319 ], [ -76.401, -10.308 ], [ -76.387, -10.289 ], [ -76.364, -10.299 ], [ -76.336, -10.286 ], [ -76.326, -10.306 ], [ -76.33, -10.316 ], [ -76.317, -10.34 ] ], [ [ -76.328, -10.334 ], [ -76.33, -10.316 ], [ -76.331, -10.316 ], [ -76.328, -10.334 ] ], [ [ -76.477, -10.465 ], [ -76.485, -10.464 ], [ -76.484, -10.465 ], [ -76.477, -10.465 ] ], [ [ -76.412, -10.379 ], [ -76.413, -10.382 ], [ -76.412, -10.38 ], [ -76.412, -10.379 ] ], [ [ -76.383, -10.405 ], [ -76.386, -10.394 ], [ -76.383, -10.406 ], [ -76.383, -10.405 ] ], [ [ -76.388, -10.419 ], [ -76.384, -10.407 ], [ -76.385, -10.408 ], [ -76.388, -10.419 ] ], [ [ -76.383, -10.477 ], [ -76.389, -10.476 ], [ -76.383, -10.478 ], [ -76.383, -10.477 ] ], [ [ -76.373, -10.607 ], [ -76.37, -10.611 ], [ -76.37, -10.61 ], [ -76.373, -10.607 ] ], [ [ -76.476, -10.491 ], [ -76.476, -10.498 ], [ -76.475, -10.486 ], [ -76.476, -10.491 ] ], [ [ -76.397, -10.519 ], [ -76.412, -10.502 ], [ -76.398, -10.52 ], [ -76.397, -10.519 ] ], [ [ -76.424, -10.486 ], [ -76.427, -10.491 ], [ -76.426, -10.492 ], [ -76.424, -10.486 ] ], [ [ -76.495, -10.401 ], [ -76.495, -10.402 ], [ -76.494, -10.401 ], [ -76.495, -10.401 ] ] ] } },
{ "type": "Feature", "properties": { "DEPARTAMEN": "PASCO", "PROVINCIA": "OXAPAMPA", "clave": "PASCO|OXAPAMPA" }, "geometry": { "type": "Polygon", "coordinates": [ [ [ -74.425, -9.985 ], [ -74.412, -10.008 ], [ -74.419, -10.026 ], [ -74.404, -10.051 ], [ -74.39, -10.051 ], [ -74.37, -10.11 ], [ -74.356, -10.119 ], [ -74.331, -10.109 ], [ -74.315, -10.113 ], [ -74.303, -10.165 ], [ -74.245, -10.177 ], [ -74.228, -10.194 ], [ -74.235, -10.218 ], [ -74.226, -10.23 ], [ -74.227, -10.277 ], [ -74.234, -10.295 ], [ -74.252, -10.305 ], [ -74.237, -10.322 ], [ -74.263, -10.364 ], [ -74.242, -10.383 ], [ -74.244, -10.41 ], [ -74.253, -10.417 ], [ -74.239, -10.441 ], [ -74.226, -10.444 ], [ -74.179, -10.489 ], [ -74.182, -10.503 ], [ -74.134, -10.599 ], [ -74.139, -10.625 ], [ -74.131, -10.655 ], [ -74.136, -10.672 ], [ -74.16, -10.641 ], [ -74.193, -10.639 ], [ -74.204, -10.63 ], [ -74.23, -10.635 ], [ -74.228, -10.652 ], [ -74.253, -10.659 ], [ -74.259, -10.68 ], [ -74.287, -10.67 ], [ -74.316, -10.726 ], [ -74.337, -10.734 ], [ -74.35, -10.755 ], [ -74.36, -10.759 ], [ -74.384, -10.747 ], [ -74.374, -10.789 ], [ -74.387, -10.813 ], [ -74.431, -10.813 ], [ -74.492, -10.845 ], [ -74.485, -10.856 ], [ -74.487, -10.889 ], [ -74.507, -10.9 ], [ -74.548, -10.891 ], [ -74.569, -10.904 ], [ -74.571, -10.916 ], [ -74.595, -10.911 ], [ -74.614, -10.905 ], [ -74.633, -10.887 ], [ -74.634, -10.874 ], [ -74.649, -10.867 ], [ -74.679, -10.879 ], [ -74.681, -10.889 ], [ -74.691, -10.887 ], [ -74.733, -10.834 ], [ -74.76, -10.825 ], [ -74.795, -10.83 ], [ -74.879, -10.7 ], [ -74.888, -10.711 ], [ -74.866, -10.759 ], [ -74.885, -10.771 ], [ -74.913, -10.748 ], [ -74.918, -10.755 ], [ -74.938, -10.75 ], [ -74.956, -10.733 ], [ -74.983, -10.75 ], [ -75.006, -10.719 ], [ -75.012, -10.68 ], [ -75.021, -10.674 ], [ -75.036, -10.682 ], [ -75.065, -10.653 ], [ -75.072, -10.678 ], [ -75.088, -10.684 ], [ -75.11, -10.724 ], [ -75.142, -10.741 ], [ -75.157, -10.762 ], [ -75.177, -10.75 ], [ -75.19, -10.78 ], [ -75.204, -10.765 ], [ -75.244, -10.764 ], [ -75.248, -10.804 ], [ -75.285, -10.842 ], [ -75.304, -10.838 ], [ -75.345, -10.8 ], [ -75.362, -10.819 ], [ -75.355, -10.829 ], [ -75.363, -10.85 ], [ -75.386, -10.865 ], [ -75.396, -10.853 ], [ -75.411, -10.862 ], [ -75.409, -10.845 ], [ -75.391, -10.832 ], [ -75.395, -10.759 ], [ -75.458, -10.75 ], [ -75.47, -10.776 ], [ -75.482, -10.779 ], [ -75.49, -10.757 ], [ -75.53, -10.748 ], [ -75.517, -10.729 ], [ -75.511, -10.685 ], [ -75.549, -10.673 ], [ -75.538, -10.66 ], [ -75.54, -10.641 ], [ -75.557, -10.637 ], [ -75.581, -10.649 ], [ -75.594, -10.628 ], [ -75.612, -10.621 ], [ -75.652, -10.631 ], [ -75.678, -10.612 ], [ -75.661, -10.552 ], [ -75.677, -10.518 ], [ -75.665, -10.473 ], [ -75.669, -10.458 ], [ -75.726, -10.429 ], [ -75.745, -10.44 ], [ -75.759, -10.433 ], [ -75.778, -10.441 ], [ -75.798, -10.437 ], [ -75.808, -10.457 ], [ -75.819, -10.44 ], [ -75.87, -10.455 ], [ -75.859, -10.442 ], [ -75.855, -10.406 ], [ -75.86, -10.303 ], [ -75.843, -10.262 ], [ -75.812, -10.244 ], [ -75.786, -10.252 ], [ -75.733, -10.234 ], [ -75.709, -10.215 ], [ -75.701, -10.198 ], [ -75.704, -10.142 ], [ -75.69, -10.119 ], [ -75.691, -10.092 ], [ -75.676, -10.054 ], [ -75.645, -10.027 ], [ -75.602, -10.025 ], [ -75.596, -9.954 ], [ -75.56, -9.964 ], [ -75.548, -9.984 ], [ -75.509, -9.977 ], [ -75.467, -9.988 ], [ -75.462, -9.957 ], [ -75.445, -9.937 ], [ -75.421, -9.943 ], [ -75.405, -9.93 ], [ -75.396, -9.913 ], [ -75.41, -9.902 ], [ -75.411, -9.888 ], [ -75.4, -9.878 ], [ -75.369, -9.871 ], [ -75.317, -9.876 ], [ -75.283, -9.865 ], [ -75.279, -9.838 ], [ -75.311, -9.775 ], [ -75.255, -9.779 ], [ -75.16, -9.84 ], [ -75.094, -9.844 ], [ -75.058, -9.819 ], [ -74.994, -9.84 ], [ -74.986, -9.864 ], [ -74.952, -9.86 ], [ -74.903, -9.839 ], [ -74.882, -9.82 ], [ -74.859, -9.845 ], [ -74.836, -9.848 ], [ -74.836, -9.82 ], [ -74.826, -9.82 ], [ -74.816, -9.795 ], [ -74.821, -9.785 ], [ -74.843, -9.787 ], [ -74.847, -9.78 ], [ -74.839, -9.765 ], [ -74.844, -9.749 ], [ -74.817, -9.736 ], [ -74.829, -9.704 ], [ -74.818, -9.691 ], [ -74.822, -9.677 ], [ -74.787, -9.666 ], [ -74.766, -9.638 ], [ -74.772, -9.612 ], [ -74.756, -9.607 ], [ -74.756, -9.584 ], [ -74.735, -9.573 ], [ -74.751, -9.525 ], [ -74.729, -9.472 ], [ -74.695, -9.448 ], [ -74.581, -9.477 ], [ -74.583, -9.498 ], [ -74.593, -9.507 ], [ -74.574, -9.546 ], [ -74.575, -9.573 ], [ -74.532, -9.592 ], [ -74.494, -9.592 ], [ -74.49, -9.685 ], [ -74.447, -9.777 ], [ -74.453, -9.864 ], [ -74.415, -9.901 ], [ -74.411, -9.958 ], [ -74.425, -9.985 ] ], [ [ -75.372, -10.468 ], [ -75.374, -10.466 ], [ -75.372, -10.472 ], [ -75.372, -10.468 ] ], [ [ -75.308, -10.572 ], [ -75.319, -10.571 ], [ -75.308, -10.573 ], [ -75.308, -10.572 ] ], [ [ -75.003, -10.453 ], [ -75.004, -10.455 ], [ -75.003, -10.463 ], [ -75.003, -10.453 ] ], [ [ -74.538, -9.937 ], [ -74.545, -9.952 ], [ -74.54, -9.943 ], [ -74.538, -9.937 ] ], [ [ -74.519, -9.926 ], [ -74.524, -9.928 ], [ -74.518, -9.926 ], [ -74.519, -9.926 ] ], [ [ -75.668, -10.595 ], [ -75.672, -10.598 ], [ -75.662, -10.594 ], [ -75.668, -10.595 ] ], [ [ -75.574, -10.523 ], [ -75.578, -10.529 ], [ -75.571, -10.522 ], [ -75.574, -10.523 ] ], [ [ -75.453, -10.507 ], [ -75.452, -10.508 ], [ -75.452, -10.507 ], [ -75.453, -10.507 ] ], [ [ -75.41, -10.459 ], [ -75.401, -10.449 ], [ -75.403, -10.449 ], [ -75.41, -10.459 ] ], [ [ -75.302, -10.586 ], [ -75.301, -10.598 ], [ -75.301, -10.587 ], [ -75.302, -10.586 ] ], [ [ -75.297, -10.614 ], [ -75.289, -10.62 ], [ -75.292, -10.616 ], [ -75.297, -10.614 ] ], [ [ -75.333, -10.69 ], [ -75.343, -10.701 ], [ -75.342, -10.701 ], [ -75.333, -10.69 ] ], [ [ -75.324, -10.732 ], [ -75.319, -10.743 ], [ -75.318, -10.742 ], [ -75.324, -10.732 ] ], [ [ -75.319, -10.745 ], [ -75.323, -10.755 ], [ -75.319, -10.747 ], [ -75.319, -10.745 ] ], [ [ -74.994, -10.478 ], [ -74.993, -10.477 ], [ -74.994, -10.477 ], [ -74.994, -10.478 ] ], [ [ -75.012, -10.572 ], [ -75.004, -10.57 ], [ -75.003, -10.569 ], [ -75.012, -10.572 ] ], [ [ -75.531, -10.231 ], [ -75.526, -10.22 ], [ -75.527, -10.221 ], [ -75.531, -10.231 ] ], [ [ -75.51, -10.206 ], [ -75.507, -10.204 ], [ -75.505, -10.201 ], [ -75.51, -10.206 ] ], [ [ -75.495, -10.171 ], [ -75.493, -10.17 ], [ -75.489, -10.166 ], [ -75.495, -10.171 ] ], [ [ -75.285, -9.873 ], [ -75.279, -9.878 ], [ -75.276, -9.879 ], [ -75.285, -9.873 ] ], [ [ -75.271, -9.884 ], [ -75.271, -9.891 ], [ -75.27, -9.886 ], [ -75.271, -9.884 ] ], [ [ -75.156, -10.054 ], [ -75.151, -10.062 ], [ -75.154, -10.056 ], [ -75.156, -10.054 ] ] ] } },
{ "type": "Feature", "properties": { "DEPARTAMEN": "PIURA", "PROVINCIA": "PIURA", "clave": "PIURA|PIURA" }, "geometry": { "type": "Polygon", "coordinates": [ [ [ -80.347, -5.233 ], [ -80.351, -5.26 ], [ -80.33, -5.284 ], [ -80.259, -5.33 ], [ -80.127, -5.511 ], [ -80.107, -5.519 ], [ -80.083, -5.56 ], [ -80.053, -5.556 ], [ -80.057, -5.618 ], [ -80.07, -5.646 ], [ -80.071, -5.673 ], [ -80.061, -5.684 ], [ -80.066, -5.698 ], [ -80.095, -5.703 ], [ -80.091, -5.727 ], [ -80.103, -5.762 ], [ -80.092, -5.795 ], [ -80.208, -5.722 ], [ -80.243, -5.71 ], [ -80.253, -5.694 ], [ -80.294, -5.678 ], [ -80.322, -5.68 ], [ -80.535, -5.602 ], [ -80.553, -5.492 ], [ -80.591, -5.479 ], [ -80.645, -5.487 ], [ -80.644, -5.437 ], [ -80.721, -5.42 ], [ -80.738, -5.405 ], [ -80.749, -5.414 ], [ -80.752, -5.403 ], [ -80.851, -5.406 ], [ -80.961, -5.35 ], [ -80.962, -5.31 ], [ -81.017, -5.267 ], [ -81.023, -5.242 ], [ -80.997, -5.231 ], [ -80.971, -5.241 ], [ -80.936, -5.238 ], [ -80.849, -5.293 ], [ -80.829, -5.228 ], [ -80.822, -5.217 ], [ -80.805, -5.222 ], [ -80.768, -5.151 ], [ -80.742, -5.124 ], [ -80.7, -5.018 ], [ -80.657, -5.024 ], [ -80.645, -4.979 ], [ -80.63, -4.975 ], [ -80.596, -4.906 ], [ -80.574, -4.9 ], [ -80.572, -4.885 ], [ -80.553, -4.876 ], [ -80.54, -4.839 ], [ -80.507, -4.823 ], [ -80.489, -4.831 ], [ -80.42, -4.829 ], [ -80.381, -4.799 ], [ -80.348, -4.792 ], [ -80.406, -4.708 ], [ -80.388, -4.667 ], [ -80.351, -4.66 ], [ -80.337, -4.628 ], [ -80.25, -4.585 ], [ -80.225, -4.59 ], [ -80.201, -4.61 ], [ -80.157, -4.602 ], [ -80.122, -4.674 ], [ -80.037, -4.656 ], [ -80.01, -4.676 ], [ -80.01, -4.694 ], [ -80.032, -4.724 ], [ -80.077, -4.732 ], [ -80.096, -4.747 ], [ -80.077, -4.778 ], [ -80.085, -4.794 ], [ -80.115, -4.805 ], [ -80.093, -4.844 ], [ -80.096, -4.863 ], [ -80.122, -4.892 ], [ -80.109, -4.906 ], [ -80.116, -4.933 ], [ -80.158, -4.955 ], [ -80.176, -4.988 ], [ -80.186, -4.986 ], [ -80.204, -5.003 ], [ -80.228, -4.99 ], [ -80.259, -5.004 ], [ -80.233, -5.011 ], [ -80.222, -5.053 ], [ -80.246, -5.067 ], [ -80.287, -5.068 ], [ -80.295, -5.089 ], [ -80.315, -5.096 ], [ -80.336, -5.122 ], [ -80.338, -5.137 ], [ -80.354, -5.14 ], [ -80.364, -5.232 ], [ -80.388, -5.231 ], [ -80.354, -5.234 ], [ -80.347, -5.233 ] ], [ [ -80.451, -5.232 ], [ -80.459, -5.234 ], [ -80.449, -5.232 ], [ -80.451, -5.232 ] ], [ [ -80.649, -5.397 ], [ -80.645, -5.396 ], [ -80.65, -5.396 ], [ -80.649, -5.397 ] ], [ [ -80.531, -5.303 ], [ -80.542, -5.301 ], [ -80.533, -5.303 ], [ -80.531, -5.303 ] ], [ [ -80.744, -5.299 ], [ -80.75, -5.294 ], [ -80.748, -5.297 ], [ -80.744, -5.299 ] ], [ [ -80.68, -5.362 ], [ -80.678, -5.373 ], [ -80.677, -5.374 ], [ -80.68, -5.362 ] ], [ [ -80.687, -5.342 ], [ -80.687, -5.339 ], [ -80.689, -5.346 ], [ -80.687, -5.342 ] ], [ [ -80.695, -5.333 ], [ -80.695, -5.334 ], [ -80.69, -5.335 ], [ -80.695, -5.333 ] ], [ [ -80.695, -5.328 ], [ -80.696, -5.328 ], [ -80.695, -5.331 ], [ -80.695, -5.328 ] ], [ [ -80.7, -5.405 ], [ -80.697, -5.399 ], [ -80.7, -5.404 ], [ -80.7, -5.405 ] ], [ [ -80.446, -5.145 ], [ -80.398, -5.147 ], [ -80.388, -5.147 ], [ -80.446, -5.145 ] ], [ [ -80.596, -5.002 ], [ -80.594, -4.997 ], [ -80.595, -4.994 ], [ -80.596, -5.002 ] ], [ [ -80.596, -4.99 ], [ -80.596, -4.988 ], [ -80.597, -4.988 ], [ -80.596, -4.99 ] ], [ [ -80.14, -4.748 ], [ -80.15, -4.754 ], [ -80.139, -4.748 ], [ -80.14, -4.748 ] ], [ [ -80.198, -4.683 ], [ -80.2, -4.685 ], [ -80.197, -4.684 ], [ -80.198, -4.683 ] ] ] } },
{ "type": "Feature", "properties": { "DEPARTAMEN": "PIURA", "PROVINCIA": "AYABACA", "clave": "PIURA|AYABACA" }, "geometry": { "type": "Polygon", "coordinates": [ [ [ -79.465, -4.988 ], [ -79.482, -5.022 ], [ -79.475, -5.053 ], [ -79.496, -5.097 ], [ -79.488, -5.111 ], [ -79.518, -5.085 ], [ -79.576, -5.072 ], [ -79.579, -5.061 ], [ -79.595, -5.057 ], [ -79.6, -5.084 ], [ -79.622, -5.101 ], [ -79.642, -5.107 ], [ -79.65, -5.103 ], [ -79.649, -5.091 ], [ -79.677, -5.094 ], [ -79.727, -5.055 ], [ -79.732, -5.018 ], [ -79.755, -5.025 ], [ -79.79, -4.979 ], [ -79.788, -4.991 ], [ -79.806, -4.998 ], [ -79.831, -4.994 ], [ -79.855, -4.953 ], [ -79.864, -4.976 ], [ -79.9, -4.994 ], [ -79.909, -5.019 ], [ -79.957, -5.037 ], [ -80.001, -5.016 ], [ -80.039, -5.026 ], [ -80.05, -5.014 ], [ -80.083, -5.004 ], [ -80.09, -4.969 ], [ -80.079, -4.941 ], [ -80.102, -4.929 ], [ -80.122, -4.892 ], [ -80.094, -4.858 ], [ -80.094, -4.843 ], [ -80.115, -4.805 ], [ -80.085, -4.794 ], [ -80.078, -4.783 ], [ -80.097, -4.752 ], [ -80.093, -4.743 ], [ -80.032, -4.724 ], [ -80.01, -4.695 ], [ -80.01, -4.676 ], [ -80.037, -4.656 ], [ -80.101, -4.663 ], [ -80.113, -4.678 ], [ -80.141, -4.642 ], [ -80.153, -4.604 ], [ -80.201, -4.61 ], [ -80.221, -4.595 ], [ -80.202, -4.574 ], [ -80.208, -4.546 ], [ -80.223, -4.532 ], [ -80.224, -4.514 ], [ -80.213, -4.506 ], [ -80.214, -4.484 ], [ -80.225, -4.476 ], [ -80.212, -4.463 ], [ -80.236, -4.437 ], [ -80.241, -4.443 ], [ -80.264, -4.429 ], [ -80.272, -4.439 ], [ -80.296, -4.424 ], [ -80.277, -4.404 ], [ -80.265, -4.412 ], [ -80.249, -4.401 ], [ -80.231, -4.372 ], [ -80.22, -4.378 ], [ -80.218, -4.353 ], [ -80.211, -4.359 ], [ -80.196, -4.35 ], [ -80.205, -4.339 ], [ -80.187, -4.335 ], [ -80.171, -4.29 ], [ -80.155, -4.304 ], [ -80.136, -4.285 ], [ -80.135, -4.296 ], [ -80.109, -4.298 ], [ -80.104, -4.291 ], [ -80.061, -4.31 ], [ -80.034, -4.349 ], [ -79.963, -4.394 ], [ -79.939, -4.397 ], [ -79.919, -4.385 ], [ -79.871, -4.413 ], [ -79.854, -4.434 ], [ -79.856, -4.463 ], [ -79.853, -4.452 ], [ -79.814, -4.491 ], [ -79.79, -4.493 ], [ -79.726, -4.469 ], [ -79.706, -4.472 ], [ -79.683, -4.448 ], [ -79.644, -4.434 ], [ -79.6, -4.456 ], [ -79.581, -4.499 ], [ -79.543, -4.527 ], [ -79.497, -4.521 ], [ -79.477, -4.57 ], [ -79.494, -4.582 ], [ -79.489, -4.625 ], [ -79.464, -4.652 ], [ -79.457, -4.703 ], [ -79.437, -4.73 ], [ -79.394, -4.836 ], [ -79.417, -4.885 ], [ -79.405, -4.945 ], [ -79.425, -4.961 ], [ -79.45, -4.966 ], [ -79.454, -4.989 ], [ -79.465, -4.988 ] ], [ [ -79.924, -4.741 ], [ -79.93, -4.741 ], [ -79.929, -4.742 ], [ -79.924, -4.741 ] ], [ [ -79.904, -4.733 ], [ -79.906, -4.738 ], [ -79.903, -4.734 ], [ -79.904, -4.733 ] ], [ [ -79.893, -4.697 ], [ -79.903, -4.704 ], [ -79.887, -4.694 ], [ -79.893, -4.697 ] ], [ [ -79.771, -4.634 ], [ -79.777, -4.634 ], [ -79.771, -4.635 ], [ -79.771, -4.634 ] ], [ [ -79.764, -4.616 ], [ -79.763, -4.619 ], [ -79.759, -4.611 ], [ -79.764, -4.616 ] ], [ [ -79.801, -4.526 ], [ -79.796, -4.525 ], [ -79.798, -4.522 ], [ -79.801, -4.526 ] ], [ [ -79.797, -4.513 ], [ -79.798, -4.514 ], [ -79.798, -4.522 ], [ -79.797, -4.513 ] ], [ [ -79.772, -4.757 ], [ -79.761, -4.754 ], [ -79.773, -4.751 ], [ -79.772, -4.757 ] ], [ [ -79.758, -4.754 ], [ -79.757, -4.755 ], [ -79.754, -4.755 ], [ -79.758, -4.754 ] ], [ [ -79.614, -4.876 ], [ -79.613, -4.874 ], [ -79.613, -4.872 ], [ -79.614, -4.876 ] ], [ [ -79.612, -4.869 ], [ -79.612, -4.87 ], [ -79.607, -4.866 ], [ -79.612, -4.869 ] ], [ [ -79.591, -4.851 ], [ -79.586, -4.851 ], [ -79.591, -4.85 ], [ -79.591, -4.851 ] ], [ [ -79.463, -4.952 ], [ -79.461, -4.957 ], [ -79.46, -4.956 ], [ -79.463, -4.952 ] ], [ [ -79.461, -4.959 ], [ -79.467, -4.966 ], [ -79.462, -4.961 ], [ -79.461, -4.959 ] ], [ [ -80.077, -4.777 ], [ -80.072, -4.78 ], [ -80.073, -4.779 ], [ -80.077, -4.777 ] ], [ [ -80.052, -4.841 ], [ -80.043, -4.842 ], [ -80.048, -4.84 ], [ -80.052, -4.841 ] ], [ [ -79.916, -4.761 ], [ -79.918, -4.759 ], [ -79.915, -4.766 ], [ -79.916, -4.761 ] ], [ [ -79.993, -4.575 ], [ -79.986, -4.57 ], [ -79.99, -4.572 ], [ -79.993, -4.575 ] ], [ [ -79.981, -4.568 ], [ -79.977, -4.568 ], [ -79.979, -4.567 ], [ -79.981, -4.568 ] ], [ [ -79.903, -4.593 ], [ -79.899, -4.593 ], [ -79.893, -4.591 ], [ -79.903, -4.593 ] ], [ [ -79.88, -4.684 ], [ -79.88, -4.682 ], [ -79.882, -4.679 ], [ -79.88, -4.684 ] ], [ [ -79.878, -4.504 ], [ -79.875, -4.51 ], [ -79.875, -4.509 ], [ -79.878, -4.504 ] ] ] } },
{ "type": "Feature", "properties": { "DEPARTAMEN": "PIURA", "PROVINCIA": "HUANCABAMBA", "clave": "PIURA|HUANCABAMBA" }, "geometry": { "type": "Polygon", "coordinates": [ [ [ -79.371, -5.603 ], [ -79.384, -5.68 ], [ -79.399, -5.703 ], [ -79.399, -5.771 ], [ -79.39, -5.793 ], [ -79.376, -5.801 ], [ -79.376, -5.824 ], [ -79.351, -5.855 ], [ -79.354, -5.871 ], [ -79.335, -5.894 ], [ -79.424, -5.927 ], [ -79.447, -5.918 ], [ -79.457, -5.895 ], [ -79.484, -5.888 ], [ -79.508, -5.895 ], [ -79.554, -5.938 ], [ -79.596, -5.934 ], [ -79.611, -5.941 ], [ -79.66, -5.861 ], [ -79.663, -5.835 ], [ -79.689, -5.848 ], [ -79.729, -5.838 ], [ -79.738, -5.826 ], [ -79.739, -5.8 ], [ -79.717, -5.742 ], [ -79.748, -5.71 ], [ -79.766, -5.708 ], [ -79.753, -5.691 ], [ -79.768, -5.685 ], [ -79.764, -5.664 ], [ -79.79, -5.646 ], [ -79.82, -5.657 ], [ -79.839, -5.63 ], [ -79.832, -5.602 ], [ -79.801, -5.562 ], [ -79.777, -5.562 ], [ -79.758, -5.541 ], [ -79.738, -5.51 ], [ -79.73, -5.473 ], [ -79.683, -5.53 ], [ -79.663, -5.532 ], [ -79.65, -5.521 ], [ -79.644, -5.475 ], [ -79.734, -5.444 ], [ -79.75, -5.446 ], [ -79.769, -5.425 ], [ -79.764, -5.403 ], [ -79.738, -5.38 ], [ -79.676, -5.381 ], [ -79.647, -5.336 ], [ -79.67, -5.317 ], [ -79.669, -5.297 ], [ -79.72, -5.215 ], [ -79.7, -5.203 ], [ -79.72, -5.177 ], [ -79.715, -5.127 ], [ -79.683, -5.1 ], [ -79.663, -5.127 ], [ -79.661, -5.151 ], [ -79.647, -5.138 ], [ -79.655, -5.121 ], [ -79.6, -5.084 ], [ -79.595, -5.057 ], [ -79.579, -5.061 ], [ -79.576, -5.072 ], [ -79.516, -5.087 ], [ -79.497, -5.108 ], [ -79.488, -5.111 ], [ -79.496, -5.097 ], [ -79.475, -5.053 ], [ -79.481, -5.018 ], [ -79.465, -4.988 ], [ -79.454, -4.989 ], [ -79.451, -4.967 ], [ -79.405, -4.945 ], [ -79.417, -4.884 ], [ -79.405, -4.848 ], [ -79.377, -4.833 ], [ -79.362, -4.845 ], [ -79.351, -4.882 ], [ -79.334, -4.884 ], [ -79.32, -4.901 ], [ -79.307, -4.899 ], [ -79.289, -4.943 ], [ -79.266, -4.967 ], [ -79.21, -4.966 ], [ -79.222, -4.982 ], [ -79.213, -5.001 ], [ -79.226, -5.048 ], [ -79.273, -5.059 ], [ -79.296, -5.112 ], [ -79.33, -5.124 ], [ -79.342, -5.143 ], [ -79.342, -5.164 ], [ -79.367, -5.175 ], [ -79.378, -5.191 ], [ -79.348, -5.234 ], [ -79.359, -5.289 ], [ -79.328, -5.316 ], [ -79.326, -5.348 ], [ -79.308, -5.365 ], [ -79.306, -5.426 ], [ -79.295, -5.44 ], [ -79.298, -5.459 ], [ -79.281, -5.487 ], [ -79.276, -5.52 ], [ -79.311, -5.52 ], [ -79.331, -5.535 ], [ -79.387, -5.522 ], [ -79.405, -5.532 ], [ -79.371, -5.603 ] ], [ [ -79.403, -5.522 ], [ -79.404, -5.524 ], [ -79.405, -5.532 ], [ -79.403, -5.522 ] ], [ [ -79.541, -5.359 ], [ -79.547, -5.364 ], [ -79.542, -5.361 ], [ -79.541, -5.359 ] ], [ [ -79.488, -5.312 ], [ -79.485, -5.311 ], [ -79.503, -5.311 ], [ -79.488, -5.312 ] ], [ [ -79.471, -5.304 ], [ -79.483, -5.31 ], [ -79.481, -5.31 ], [ -79.471, -5.304 ] ], [ [ -79.455, -5.507 ], [ -79.455, -5.508 ], [ -79.451, -5.511 ], [ -79.455, -5.507 ] ], [ [ -79.429, -5.529 ], [ -79.42, -5.524 ], [ -79.423, -5.525 ], [ -79.429, -5.529 ] ], [ [ -79.401, -5.498 ], [ -79.401, -5.499 ], [ -79.399, -5.496 ], [ -79.401, -5.498 ] ], [ [ -79.393, -5.165 ], [ -79.392, -5.167 ], [ -79.39, -5.167 ], [ -79.393, -5.165 ] ] ] } },
{ "type": "Feature", "properties": { "DEPARTAMEN": "PIURA", "PROVINCIA": "MORROPON", "clave": "PIURA|MORROPON" }, "geometry": { "type": "Polygon", "coordinates": [ [ [ -79.765, -5.404 ], [ -79.769, -5.425 ], [ -79.76, -5.44 ], [ -79.644, -5.475 ], [ -79.651, -5.522 ], [ -79.662, -5.532 ], [ -79.682, -5.531 ], [ -79.73, -5.473 ], [ -79.738, -5.51 ], [ -79.758, -5.541 ], [ -79.777, -5.562 ], [ -79.801, -5.562 ], [ -79.832, -5.602 ], [ -79.839, -5.63 ], [ -79.864, -5.563 ], [ -79.854, -5.531 ], [ -79.898, -5.48 ], [ -79.94, -5.517 ], [ -80.051, -5.541 ], [ -80.053, -5.555 ], [ -80.083, -5.56 ], [ -80.107, -5.519 ], [ -80.127, -5.511 ], [ -80.26, -5.33 ], [ -80.33, -5.284 ], [ -80.351, -5.26 ], [ -80.347, -5.233 ], [ -80.364, -5.232 ], [ -80.354, -5.14 ], [ -80.338, -5.137 ], [ -80.336, -5.122 ], [ -80.315, -5.096 ], [ -80.295, -5.089 ], [ -80.287, -5.068 ], [ -80.254, -5.069 ], [ -80.222, -5.054 ], [ -80.221, -5.031 ], [ -80.234, -5.023 ], [ -80.233, -5.011 ], [ -80.259, -5.004 ], [ -80.228, -4.99 ], [ -80.204, -5.003 ], [ -80.186, -4.986 ], [ -80.176, -4.988 ], [ -80.159, -4.956 ], [ -80.116, -4.933 ], [ -80.111, -4.913 ], [ -80.102, -4.929 ], [ -80.079, -4.941 ], [ -80.09, -4.969 ], [ -80.083, -5.004 ], [ -80.05, -5.014 ], [ -80.039, -5.026 ], [ -80.002, -5.016 ], [ -79.978, -5.026 ], [ -79.982, -5.032 ], [ -79.976, -5.025 ], [ -79.957, -5.037 ], [ -79.914, -5.022 ], [ -79.9, -5.008 ], [ -79.9, -4.994 ], [ -79.864, -4.976 ], [ -79.853, -4.954 ], [ -79.85, -4.972 ], [ -79.838, -4.976 ], [ -79.831, -4.994 ], [ -79.788, -4.991 ], [ -79.755, -5.025 ], [ -79.732, -5.018 ], [ -79.725, -5.057 ], [ -79.675, -5.096 ], [ -79.649, -5.091 ], [ -79.65, -5.103 ], [ -79.642, -5.107 ], [ -79.655, -5.122 ], [ -79.647, -5.138 ], [ -79.664, -5.153 ], [ -79.663, -5.127 ], [ -79.684, -5.099 ], [ -79.705, -5.114 ], [ -79.715, -5.127 ], [ -79.72, -5.182 ], [ -79.7, -5.203 ], [ -79.72, -5.215 ], [ -79.733, -5.207 ], [ -79.708, -5.226 ], [ -79.669, -5.297 ], [ -79.67, -5.317 ], [ -79.647, -5.336 ], [ -79.676, -5.381 ], [ -79.74, -5.381 ], [ -79.765, -5.404 ] ], [ [ -79.803, -5.004 ], [ -79.794, -4.993 ], [ -79.802, -5.001 ], [ -79.803, -5.004 ] ], [ [ -80.102, -5.159 ], [ -80.103, -5.16 ], [ -80.098, -5.159 ], [ -80.102, -5.159 ] ], [ [ -79.909, -5.186 ], [ -79.912, -5.188 ], [ -79.909, -5.187 ], [ -79.909, -5.186 ] ], [ [ -79.885, -5.182 ], [ -79.887, -5.185 ], [ -79.885, -5.184 ], [ -79.885, -5.182 ] ], [ [ -79.882, -5.168 ], [ -79.883, -5.17 ], [ -79.876, -5.164 ], [ -79.882, -5.168 ] ], [ [ -79.802, -5.336 ], [ -79.808, -5.328 ], [ -79.803, -5.336 ], [ -79.802, -5.336 ] ], [ [ -79.792, -5.341 ], [ -79.787, -5.342 ], [ -79.783, -5.341 ], [ -79.792, -5.341 ] ], [ [ -79.939, -5.379 ], [ -79.937, -5.382 ], [ -79.938, -5.376 ], [ -79.939, -5.379 ] ], [ [ -79.853, -5.268 ], [ -79.84, -5.266 ], [ -79.842, -5.265 ], [ -79.853, -5.268 ] ], [ [ -80.001, -5.064 ], [ -79.996, -5.071 ], [ -80.002, -5.06 ], [ -80.001, -5.064 ] ], [ [ -79.934, -5.121 ], [ -79.931, -5.127 ], [ -79.932, -5.122 ], [ -79.934, -5.121 ] ], [ [ -80.06, -5.125 ], [ -80.06, -5.115 ], [ -80.061, -5.115 ], [ -80.06, -5.125 ] ], [ [ -79.998, -5.057 ], [ -80.002, -5.059 ], [ -79.993, -5.056 ], [ -79.998, -5.057 ] ] ] } },
{ "type": "Feature", "properties": { "DEPARTAMEN": "PIURA", "PROVINCIA": "PAITA", "clave": "PIURA|PAITA" }, "geometry": { "type": "Polygon", "coordinates": [ [ [ -80.858, -4.896 ], [ -80.854, -4.909 ], [ -80.836, -4.902 ], [ -80.824, -4.92 ], [ -80.828, -4.94 ], [ -80.851, -4.951 ], [ -80.848, -5.093 ], [ -80.86, -5.281 ], [ -80.906, -5.262 ], [ -80.938, -5.238 ], [ -80.971, -5.241 ], [ -80.998, -5.231 ], [ -81.021, -5.237 ], [ -81.017, -5.267 ], [ -80.962, -5.31 ], [ -80.961, -5.35 ], [ -80.972, -5.353 ], [ -80.994, -5.388 ], [ -81.078, -5.313 ], [ -81.108, -5.315 ], [ -81.138, -5.264 ], [ -81.195, -5.212 ], [ -81.167, -5.167 ], [ -81.18, -5.133 ], [ -81.16, -5.123 ], [ -81.168, -5.082 ], [ -81.132, -5.07 ], [ -81.112, -5.084 ], [ -81.091, -5.082 ], [ -81.067, -5.053 ], [ -81.059, -5.057 ], [ -81.066, -5.052 ], [ -81.064, -5.012 ], [ -81.087, -4.967 ], [ -81.211, -4.816 ], [ -81.043, -4.785 ], [ -80.977, -4.773 ], [ -80.968, -4.772 ], [ -80.932, -4.805 ], [ -80.94, -4.846 ], [ -80.954, -4.863 ], [ -80.938, -4.867 ], [ -80.938, -4.883 ], [ -80.923, -4.893 ], [ -80.858, -4.896 ] ], [ [ -81.038, -4.8 ], [ -81.04, -4.79 ], [ -81.043, -4.785 ], [ -81.038, -4.8 ] ], [ [ -80.99, -4.889 ], [ -80.99, -4.891 ], [ -80.989, -4.889 ], [ -80.99, -4.889 ] ], [ [ -80.987, -4.886 ], [ -80.989, -4.888 ], [ -80.987, -4.887 ], [ -80.987, -4.886 ] ], [ [ -80.977, -4.886 ], [ -80.984, -4.887 ], [ -80.976, -4.887 ], [ -80.977, -4.886 ] ], [ [ -80.963, -4.891 ], [ -80.961, -4.897 ], [ -80.963, -4.888 ], [ -80.963, -4.891 ] ], [ [ -80.963, -4.884 ], [ -80.963, -4.886 ], [ -80.959, -4.881 ], [ -80.963, -4.884 ] ], [ [ -80.946, -4.888 ], [ -80.953, -4.883 ], [ -80.951, -4.886 ], [ -80.946, -4.888 ] ], [ [ -80.94, -4.901 ], [ -80.941, -4.894 ], [ -80.941, -4.9 ], [ -80.94, -4.901 ] ], [ [ -80.932, -4.902 ], [ -80.933, -4.903 ], [ -80.932, -4.903 ], [ -80.932, -4.902 ] ], [ [ -81.043, -4.864 ], [ -81.049, -4.868 ], [ -81.044, -4.866 ], [ -81.043, -4.864 ] ], [ [ -81.043, -4.858 ], [ -81.042, -4.861 ], [ -81.041, -4.854 ], [ -81.043, -4.858 ] ], [ [ -80.985, -5.196 ], [ -80.995, -5.21 ], [ -80.998, -5.216 ], [ -80.985, -5.196 ] ], [ [ -81.003, -5.223 ], [ -81.008, -5.229 ], [ -81.007, -5.231 ], [ -81.003, -5.223 ] ], [ [ -81.035, -4.803 ], [ -81.033, -4.813 ], [ -81.033, -4.808 ], [ -81.035, -4.803 ] ] ] } },
{ "type": "Feature", "properties": { "DEPARTAMEN": "PIURA", "PROVINCIA": "SULLANA", "clave": "PIURA|SULLANA" }, "geometry": { "type": "Polygon", "coordinates": [ [ [ -80.348, -4.793 ], [ -80.381, -4.799 ], [ -80.42, -4.829 ], [ -80.489, -4.831 ], [ -80.507, -4.823 ], [ -80.54, -4.839 ], [ -80.553, -4.876 ], [ -80.572, -4.885 ], [ -80.573, -4.899 ], [ -80.595, -4.906 ], [ -80.63, -4.975 ], [ -80.645, -4.979 ], [ -80.657, -5.024 ], [ -80.7, -5.018 ], [ -80.742, -5.124 ], [ -80.768, -5.151 ], [ -80.805, -5.222 ], [ -80.822, -5.217 ], [ -80.829, -5.227 ], [ -80.849, -5.293 ], [ -80.86, -5.281 ], [ -80.848, -5.093 ], [ -80.851, -4.951 ], [ -80.828, -4.94 ], [ -80.824, -4.919 ], [ -80.833, -4.902 ], [ -80.854, -4.909 ], [ -80.858, -4.896 ], [ -80.933, -4.889 ], [ -80.938, -4.867 ], [ -80.954, -4.863 ], [ -80.94, -4.846 ], [ -80.932, -4.805 ], [ -80.968, -4.772 ], [ -80.848, -4.749 ], [ -80.872, -4.688 ], [ -80.897, -4.674 ], [ -80.936, -4.618 ], [ -80.914, -4.615 ], [ -80.888, -4.592 ], [ -80.886, -4.58 ], [ -80.903, -4.551 ], [ -80.92, -4.545 ], [ -80.919, -4.52 ], [ -80.874, -4.49 ], [ -80.872, -4.465 ], [ -80.85, -4.456 ], [ -80.859, -4.436 ], [ -80.846, -4.423 ], [ -80.851, -4.409 ], [ -80.829, -4.384 ], [ -80.85, -4.384 ], [ -80.877, -4.365 ], [ -80.867, -4.317 ], [ -80.892, -4.319 ], [ -80.905, -4.308 ], [ -80.915, -4.318 ], [ -80.937, -4.296 ], [ -80.927, -4.246 ], [ -80.909, -4.225 ], [ -80.937, -4.189 ], [ -80.928, -4.169 ], [ -80.883, -4.193 ], [ -80.837, -4.189 ], [ -80.804, -4.176 ], [ -80.763, -4.175 ], [ -80.745, -4.184 ], [ -80.735, -4.178 ], [ -80.72, -4.194 ], [ -80.699, -4.188 ], [ -80.645, -4.23 ], [ -80.623, -4.232 ], [ -80.604, -4.211 ], [ -80.59, -4.214 ], [ -80.517, -4.098 ], [ -80.487, -4.083 ], [ -80.464, -4.116 ], [ -80.467, -4.128 ], [ -80.447, -4.121 ], [ -80.449, -4.209 ], [ -80.431, -4.196 ], [ -80.409, -4.219 ], [ -80.368, -4.197 ], [ -80.353, -4.221 ], [ -80.34, -4.208 ], [ -80.329, -4.215 ], [ -80.313, -4.198 ], [ -80.31, -4.206 ], [ -80.367, -4.27 ], [ -80.367, -4.282 ], [ -80.412, -4.318 ], [ -80.446, -4.368 ], [ -80.454, -4.387 ], [ -80.446, -4.394 ], [ -80.454, -4.408 ], [ -80.449, -4.448 ], [ -80.42, -4.467 ], [ -80.417, -4.46 ], [ -80.39, -4.486 ], [ -80.336, -4.467 ], [ -80.284, -4.426 ], [ -80.272, -4.439 ], [ -80.264, -4.429 ], [ -80.241, -4.443 ], [ -80.236, -4.437 ], [ -80.212, -4.463 ], [ -80.225, -4.476 ], [ -80.214, -4.484 ], [ -80.213, -4.506 ], [ -80.224, -4.514 ], [ -80.223, -4.532 ], [ -80.208, -4.546 ], [ -80.202, -4.574 ], [ -80.221, -4.595 ], [ -80.25, -4.585 ], [ -80.337, -4.628 ], [ -80.349, -4.658 ], [ -80.389, -4.667 ], [ -80.406, -4.708 ], [ -80.348, -4.793 ] ], [ [ -80.735, -4.891 ], [ -80.735, -4.898 ], [ -80.734, -4.89 ], [ -80.735, -4.891 ] ], [ [ -80.701, -4.842 ], [ -80.7, -4.843 ], [ -80.7, -4.83 ], [ -80.701, -4.842 ] ], [ [ -80.699, -4.814 ], [ -80.699, -4.816 ], [ -80.692, -4.807 ], [ -80.699, -4.814 ] ], [ [ -80.543, -4.705 ], [ -80.544, -4.716 ], [ -80.542, -4.705 ], [ -80.543, -4.705 ] ], [ [ -80.502, -4.67 ], [ -80.51, -4.671 ], [ -80.503, -4.671 ], [ -80.502, -4.67 ] ], [ [ -80.724, -4.215 ], [ -80.724, -4.212 ], [ -80.726, -4.207 ], [ -80.724, -4.215 ] ] ] } },
{ "type": "Feature", "properties": { "DEPARTAMEN": "PIURA", "PROVINCIA": "TALARA", "clave": "PIURA|TALARA" }, "geometry": { "type": "Polygon", "coordinates": [ [ [ -81.286, -4.575 ], [ -81.274, -4.571 ], [ -81.281, -4.53 ], [ -81.305, -4.48 ], [ -81.3, -4.459 ], [ -81.274, -4.446 ], [ -81.253, -4.395 ], [ -81.25, -4.347 ], [ -81.261, -4.311 ], [ -81.253, -4.275 ], [ -81.239, -4.252 ], [ -81.174, -4.215 ], [ -81.146, -4.179 ], [ -81.13, -4.176 ], [ -81.1, -4.128 ], [ -81.099, -4.128 ], [ -81.057, -4.105 ], [ -81.042, -4.083 ], [ -81.019, -4.113 ], [ -81.0, -4.111 ], [ -80.971, -4.127 ], [ -80.962, -4.148 ], [ -80.971, -4.169 ], [ -80.943, -4.169 ], [ -80.909, -4.225 ], [ -80.927, -4.246 ], [ -80.935, -4.299 ], [ -80.915, -4.318 ], [ -80.906, -4.308 ], [ -80.892, -4.319 ], [ -80.867, -4.317 ], [ -80.877, -4.365 ], [ -80.85, -4.384 ], [ -80.829, -4.384 ], [ -80.851, -4.409 ], [ -80.846, -4.423 ], [ -80.859, -4.436 ], [ -80.85, -4.456 ], [ -80.872, -4.465 ], [ -80.874, -4.49 ], [ -80.919, -4.52 ], [ -80.92, -4.545 ], [ -80.903, -4.551 ], [ -80.886, -4.58 ], [ -80.888, -4.592 ], [ -80.914, -4.615 ], [ -80.936, -4.618 ], [ -80.897, -4.674 ], [ -80.872, -4.688 ], [ -80.848, -4.748 ], [ -81.211, -4.816 ], [ -81.328, -4.683 ], [ -81.327, -4.669 ], [ -81.309, -4.66 ], [ -81.286, -4.575 ] ], [ [ -80.938, -4.625 ], [ -80.935, -4.623 ], [ -80.943, -4.626 ], [ -80.938, -4.625 ] ], [ [ -81.0, -4.375 ], [ -81.024, -4.38 ], [ -81.0, -4.376 ], [ -81.0, -4.375 ] ], [ [ -80.952, -4.646 ], [ -80.946, -4.646 ], [ -80.946, -4.645 ], [ -80.952, -4.646 ] ], [ [ -80.945, -4.643 ], [ -80.944, -4.64 ], [ -80.945, -4.639 ], [ -80.945, -4.643 ] ], [ [ -80.947, -4.637 ], [ -80.951, -4.637 ], [ -80.95, -4.638 ], [ -80.947, -4.637 ] ], [ [ -80.951, -4.636 ], [ -80.951, -4.634 ], [ -80.952, -4.635 ], [ -80.951, -4.636 ] ] ] } },
{ "type": "Feature", "properties": { "DEPARTAMEN": "PIURA", "PROVINCIA": "SECHURA", "clave": "PIURA|SECHURA" }, "geometry": { "type": "Polygon", "coordinates": [ [ [ -80.591, -5.479 ], [ -80.553, -5.492 ], [ -80.535, -5.602 ], [ -80.322, -5.68 ], [ -80.293, -5.678 ], [ -80.253, -5.695 ], [ -80.243, -5.71 ], [ -80.208, -5.722 ], [ -80.109, -5.788 ], [ -80.053, -5.811 ], [ -80.12, -5.872 ], [ -80.124, -5.891 ], [ -80.171, -5.88 ], [ -80.287, -5.921 ], [ -80.33, -5.95 ], [ -80.337, -5.971 ], [ -80.35, -5.978 ], [ -80.327, -5.994 ], [ -80.328, -6.006 ], [ -80.349, -5.995 ], [ -80.388, -5.996 ], [ -80.425, -6.028 ], [ -80.627, -6.372 ], [ -80.784, -6.299 ], [ -80.895, -6.203 ], [ -81.092, -6.082 ], [ -81.111, -6.062 ], [ -81.149, -5.981 ], [ -81.149, -5.89 ], [ -81.129, -5.864 ], [ -81.124, -5.843 ], [ -81.097, -5.838 ], [ -81.084, -5.792 ], [ -81.068, -5.786 ], [ -81.024, -5.83 ], [ -80.943, -5.846 ], [ -80.891, -5.81 ], [ -80.86, -5.745 ], [ -80.85, -5.664 ], [ -80.855, -5.625 ], [ -80.905, -5.497 ], [ -80.994, -5.388 ], [ -80.972, -5.353 ], [ -80.96, -5.351 ], [ -80.851, -5.406 ], [ -80.752, -5.403 ], [ -80.749, -5.415 ], [ -80.738, -5.405 ], [ -80.721, -5.421 ], [ -80.644, -5.437 ], [ -80.645, -5.487 ], [ -80.591, -5.479 ] ], [ [ -80.809, -5.47 ], [ -80.802, -5.473 ], [ -80.796, -5.474 ], [ -80.809, -5.47 ] ], [ [ -80.792, -5.485 ], [ -80.791, -5.485 ], [ -80.791, -5.484 ], [ -80.796, -5.474 ], [ -80.792, -5.485 ] ], [ [ -80.791, -5.488 ], [ -80.789, -5.49 ], [ -80.791, -5.485 ], [ -80.791, -5.488 ] ] ] } },
{ "type": "Feature", "properties": { "DEPARTAMEN": "PUNO", "PROVINCIA": "PUNO", "clave": "PUNO|PUNO" }, "geometry": { "type": "MultiPolygon", "coordinates": [ [ [ [ -70.229, -16.506 ], [ -70.312, -16.47 ], [ -70.306, -16.447 ], [ -70.317, -16.444 ], [ -70.325, -16.418 ], [ -70.361, -16.411 ], [ -70.357, -16.4 ], [ -70.382, -16.386 ], [ -70.346, -16.348 ], [ -70.339, -16.32 ], [ -70.347, -16.306 ], [ -70.345, -16.255 ], [ -70.324, -16.22 ], [ -70.332, -16.203 ], [ -70.362, -16.206 ], [ -70.374, -16.176 ], [ -70.402, -16.149 ], [ -70.408, -16.121 ], [ -70.405, -16.084 ], [ -70.434, -16.062 ], [ -70.441, -16.034 ], [ -70.466, -16.05 ], [ -70.507, -16.038 ], [ -70.563, -15.982 ], [ -70.517, -15.976 ], [ -70.481, -15.946 ], [ -70.479, -15.911 ], [ -70.446, -15.896 ], [ -70.445, -15.868 ], [ -70.428, -15.849 ], [ -70.431, -15.834 ], [ -70.419, -15.819 ], [ -70.438, -15.787 ], [ -70.413, -15.735 ], [ -70.396, -15.73 ], [ -70.375, -15.741 ], [ -70.335, -15.727 ], [ -70.307, -15.746 ], [ -70.313, -15.736 ], [ -70.29, -15.702 ], [ -70.269, -15.692 ], [ -70.261, -15.674 ], [ -70.258, -15.673 ], [ -70.251, -15.676 ], [ -70.246, -15.676 ], [ -70.241, -15.666 ], [ -70.205, -15.642 ], [ -70.201, -15.617 ], [ -70.168, -15.632 ], [ -70.146, -15.67 ], [ -70.123, -15.637 ], [ -70.084, -15.642 ], [ -70.085, -15.633 ], [ -70.026, -15.565 ], [ -69.997, -15.56 ], [ -70.015, -15.558 ], [ -70.01, -15.552 ], [ -69.995, -15.542 ], [ -69.988, -15.554 ], [ -69.962, -15.547 ], [ -69.968, -15.536 ], [ -69.947, -15.514 ], [ -69.907, -15.508 ], [ -69.893, -15.479 ], [ -69.896, -15.495 ], [ -69.864, -15.535 ], [ -69.86, -15.558 ], [ -69.809, -15.611 ], [ -69.816, -15.618 ], [ -69.807, -15.625 ], [ -69.814, -15.634 ], [ -69.805, -15.654 ], [ -69.793, -15.663 ], [ -69.781, -15.653 ], [ -69.771, -15.658 ], [ -69.761, -15.682 ], [ -69.798, -15.667 ], [ -69.803, -15.675 ], [ -69.744, -15.723 ], [ -69.794, -15.725 ], [ -69.821, -15.708 ], [ -69.851, -15.675 ], [ -69.845, -15.64 ], [ -69.855, -15.625 ], [ -69.893, -15.593 ], [ -69.906, -15.565 ], [ -69.927, -15.561 ], [ -69.915, -15.569 ], [ -69.928, -15.57 ], [ -69.933, -15.589 ], [ -69.927, -15.583 ], [ -69.918, -15.592 ], [ -69.931, -15.618 ], [ -69.92, -15.612 ], [ -69.916, -15.628 ], [ -69.926, -15.63 ], [ -69.948, -15.675 ], [ -69.967, -15.665 ], [ -69.962, -15.679 ], [ -69.968, -15.678 ], [ -69.955, -15.688 ], [ -69.956, -15.688 ], [ -69.963, -15.7 ], [ -69.974, -15.705 ], [ -69.99, -15.691 ], [ -70.012, -15.687 ], [ -70.034, -15.723 ], [ -70.024, -15.742 ], [ -70.036, -15.754 ], [ -70.028, -15.774 ], [ -70.017, -15.793 ], [ -70.005, -15.789 ], [ -69.989, -15.819 ], [ -70.018, -15.83 ], [ -70.015, -15.851 ], [ -69.995, -15.864 ], [ -69.964, -15.851 ], [ -69.922, -15.873 ], [ -69.923, -15.882 ], [ -69.892, -15.882 ], [ -69.861, -15.931 ], [ -69.846, -15.933 ], [ -69.846, -15.91 ], [ -69.836, -15.923 ], [ -69.837, -15.911 ], [ -69.816, -15.911 ], [ -69.808, -15.922 ], [ -69.784, -15.928 ], [ -69.782, -15.892 ], [ -69.798, -15.894 ], [ -69.795, -15.886 ], [ -69.805, -15.886 ], [ -69.799, -15.879 ], [ -69.81, -15.868 ], [ -69.811, -15.882 ], [ -69.819, -15.882 ], [ -69.815, -15.868 ], [ -69.827, -15.868 ], [ -69.828, -15.859 ], [ -69.848, -15.868 ], [ -69.851, -15.855 ], [ -69.843, -15.808 ], [ -69.829, -15.787 ], [ -69.806, -15.783 ], [ -69.797, -15.808 ], [ -69.766, -15.833 ], [ -69.779, -15.861 ], [ -69.76, -15.912 ], [ -69.758, -15.9 ], [ -69.741, -15.919 ], [ -69.736, -15.901 ], [ -69.725, -15.915 ], [ -69.706, -15.922 ], [ -69.701, -15.92 ], [ -69.674, -15.963 ], [ -69.623, -15.988 ], [ -69.61, -15.983 ], [ -69.61, -15.997 ], [ -69.629, -16.019 ], [ -69.649, -16.013 ], [ -69.655, -16.06 ], [ -69.703, -16.087 ], [ -69.669, -16.115 ], [ -69.689, -16.129 ], [ -69.687, -16.149 ], [ -69.703, -16.169 ], [ -69.707, -16.194 ], [ -69.725, -16.208 ], [ -69.744, -16.204 ], [ -69.76, -16.215 ], [ -69.776, -16.26 ], [ -69.807, -16.277 ], [ -69.803, -16.344 ], [ -69.785, -16.362 ], [ -69.8, -16.385 ], [ -69.852, -16.401 ], [ -69.865, -16.445 ], [ -69.884, -16.464 ], [ -69.878, -16.474 ], [ -69.895, -16.509 ], [ -69.906, -16.519 ], [ -69.927, -16.514 ], [ -69.963, -16.538 ], [ -69.991, -16.579 ], [ -70.024, -16.597 ], [ -70.025, -16.631 ], [ -70.05, -16.628 ], [ -70.056, -16.639 ], [ -70.096, -16.653 ], [ -70.149, -16.615 ], [ -70.166, -16.613 ], [ -70.176, -16.594 ], [ -70.182, -16.542 ], [ -70.2, -16.54 ], [ -70.229, -16.506 ] ], [ [ -69.943, -15.557 ], [ -69.939, -15.566 ], [ -69.927, -15.561 ], [ -69.943, -15.557 ] ], [ [ -69.947, -15.987 ], [ -69.958, -15.98 ], [ -69.95, -15.986 ], [ -69.947, -15.987 ] ], [ [ -69.944, -15.986 ], [ -69.937, -15.977 ], [ -69.947, -15.987 ], [ -69.944, -15.986 ] ], [ [ -70.079, -16.369 ], [ -70.08, -16.367 ], [ -70.08, -16.368 ], [ -70.079, -16.369 ] ], [ [ -70.172, -16.468 ], [ -70.162, -16.474 ], [ -70.171, -16.468 ], [ -70.172, -16.468 ] ], [ [ -70.17, -16.505 ], [ -70.176, -16.485 ], [ -70.173, -16.5 ], [ -70.17, -16.505 ] ], [ [ -70.168, -16.511 ], [ -70.169, -16.509 ], [ -70.169, -16.512 ], [ -70.168, -16.511 ] ], [ [ -70.171, -16.517 ], [ -70.17, -16.515 ], [ -70.173, -16.518 ], [ -70.171, -16.517 ] ], [ [ -69.92, -15.898 ], [ -69.923, -15.883 ], [ -69.924, -15.884 ], [ -69.92, -15.898 ] ], [ [ -69.97, -15.958 ], [ -69.969, -15.955 ], [ -69.971, -15.957 ], [ -69.97, -15.958 ] ], [ [ -70.292, -15.828 ], [ -70.299, -15.833 ], [ -70.304, -15.84 ], [ -70.292, -15.828 ] ], [ [ -70.315, -15.864 ], [ -70.308, -15.845 ], [ -70.309, -15.846 ], [ -70.315, -15.864 ] ], [ [ -70.315, -15.873 ], [ -70.315, -15.874 ], [ -70.31, -15.88 ], [ -70.315, -15.873 ] ], [ [ -70.267, -15.883 ], [ -70.26, -15.88 ], [ -70.256, -15.875 ], [ -70.267, -15.883 ] ], [ [ -70.255, -15.874 ], [ -70.254, -15.874 ], [ -70.255, -15.869 ], [ -70.255, -15.874 ] ], [ [ -70.172, -15.753 ], [ -70.141, -15.746 ], [ -70.163, -15.72 ], [ -70.15, -15.721 ], [ -70.15, -15.712 ], [ -70.189, -15.726 ], [ -70.2, -15.7 ], [ -70.209, -15.722 ], [ -70.207, -15.754 ], [ -70.199, -15.76 ], [ -70.206, -15.766 ], [ -70.188, -15.768 ], [ -70.172, -15.753 ] ], [ [ -70.133, -15.77 ], [ -70.145, -15.777 ], [ -70.145, -15.779 ], [ -70.133, -15.77 ] ], [ [ -70.145, -15.78 ], [ -70.146, -15.781 ], [ -70.143, -15.793 ], [ -70.145, -15.78 ] ], [ [ -70.397, -16.098 ], [ -70.404, -16.099 ], [ -70.405, -16.101 ], [ -70.397, -16.098 ] ], [ [ -70.285, -15.982 ], [ -70.287, -15.982 ], [ -70.288, -15.984 ], [ -70.285, -15.982 ] ], [ [ -70.276, -15.983 ], [ -70.281, -15.981 ], [ -70.284, -15.982 ], [ -70.276, -15.983 ] ], [ [ -70.17, -15.983 ], [ -70.159, -15.981 ], [ -70.163, -15.979 ], [ -70.17, -15.983 ] ], [ [ -70.28, -16.141 ], [ -70.281, -16.143 ], [ -70.268, -16.135 ], [ -70.28, -16.141 ] ], [ [ -70.256, -16.109 ], [ -70.254, -16.114 ], [ -70.256, -16.107 ], [ -70.256, -16.109 ] ], [ [ -70.255, -16.105 ], [ -70.255, -16.107 ], [ -70.251, -16.102 ], [ -70.255, -16.105 ] ], [ [ -70.142, -15.82 ], [ -70.142, -15.817 ], [ -70.143, -15.819 ], [ -70.142, -15.82 ] ], [ [ -70.218, -15.706 ], [ -70.217, -15.707 ], [ -70.215, -15.699 ], [ -70.218, -15.706 ] ], [ [ -69.935, -16.075 ], [ -69.934, -16.075 ], [ -69.935, -16.074 ], [ -69.935, -16.075 ] ], [ [ -69.887, -15.943 ], [ -69.891, -15.948 ], [ -69.883, -15.942 ], [ -69.887, -15.943 ] ] ], [ [ [ -69.61, -15.959 ], [ -69.629, -15.968 ], [ -69.633, -15.959 ], [ -69.672, -15.96 ], [ -69.682, -15.945 ], [ -69.689, -15.93 ], [ -69.689, -15.914 ], [ -69.672, -15.956 ], [ -69.61, -15.959 ] ] ], [ [ [ -69.688, -15.908 ], [ -69.711, -15.916 ], [ -69.697, -15.89 ], [ -69.667, -15.915 ], [ -69.688, -15.908 ] ] ], [ [ [ -69.823, -15.888 ], [ -69.833, -15.894 ], [ -69.834, -15.888 ], [ -69.825, -15.878 ], [ -69.823, -15.888 ] ] ], [ [ [ -69.682, -15.798 ], [ -69.696, -15.754 ], [ -69.682, -15.755 ], [ -69.682, -15.798 ] ] ], [ [ [ -69.715, -15.681 ], [ -69.727, -15.663 ], [ -69.709, -15.649 ], [ -69.693, -15.66 ], [ -69.715, -15.681 ] ] ] ] } },
{ "type": "Feature", "properties": { "DEPARTAMEN": "PUNO", "PROVINCIA": "AZANGARO", "clave": "PUNO|AZANGARO" }, "geometry": { "type": "Polygon", "coordinates": [ [ [ -70.16, -15.293 ], [ -70.174, -15.303 ], [ -70.204, -15.299 ], [ -70.209, -15.252 ], [ -70.227, -15.252 ], [ -70.23, -15.201 ], [ -70.266, -15.169 ], [ -70.356, -15.164 ], [ -70.35, -15.15 ], [ -70.361, -15.14 ], [ -70.347, -15.137 ], [ -70.359, -15.123 ], [ -70.347, -15.119 ], [ -70.36, -15.117 ], [ -70.345, -15.073 ], [ -70.361, -15.049 ], [ -70.353, -15.041 ], [ -70.364, -15.036 ], [ -70.345, -15.032 ], [ -70.363, -15.019 ], [ -70.363, -14.997 ], [ -70.383, -15.0 ], [ -70.371, -14.995 ], [ -70.381, -14.992 ], [ -70.376, -14.983 ], [ -70.39, -14.982 ], [ -70.386, -14.973 ], [ -70.397, -14.974 ], [ -70.403, -14.959 ], [ -70.42, -14.966 ], [ -70.43, -14.952 ], [ -70.442, -14.954 ], [ -70.468, -14.926 ], [ -70.461, -14.891 ], [ -70.437, -14.859 ], [ -70.442, -14.833 ], [ -70.454, -14.825 ], [ -70.446, -14.788 ], [ -70.427, -14.771 ], [ -70.417, -14.731 ], [ -70.4, -14.717 ], [ -70.382, -14.668 ], [ -70.388, -14.637 ], [ -70.417, -14.615 ], [ -70.412, -14.601 ], [ -70.431, -14.579 ], [ -70.404, -14.562 ], [ -70.366, -14.597 ], [ -70.341, -14.582 ], [ -70.369, -14.541 ], [ -70.353, -14.53 ], [ -70.353, -14.508 ], [ -70.33, -14.468 ], [ -70.334, -14.453 ], [ -70.312, -14.379 ], [ -70.323, -14.373 ], [ -70.327, -14.35 ], [ -70.281, -14.329 ], [ -70.268, -14.283 ], [ -70.251, -14.305 ], [ -70.227, -14.308 ], [ -70.212, -14.269 ], [ -70.18, -14.293 ], [ -70.183, -14.319 ], [ -70.158, -14.324 ], [ -70.136, -14.355 ], [ -70.132, -14.349 ], [ -70.052, -14.37 ], [ -69.973, -14.368 ], [ -69.94, -14.399 ], [ -69.898, -14.42 ], [ -69.89, -14.435 ], [ -69.893, -14.476 ], [ -69.95, -14.492 ], [ -70.011, -14.559 ], [ -69.989, -14.583 ], [ -69.934, -14.569 ], [ -69.914, -14.58 ], [ -69.901, -14.566 ], [ -69.877, -14.602 ], [ -69.865, -14.585 ], [ -69.855, -14.612 ], [ -69.857, -14.647 ], [ -69.849, -14.656 ], [ -69.859, -14.686 ], [ -69.836, -14.739 ], [ -69.854, -14.761 ], [ -69.858, -14.778 ], [ -69.85, -14.79 ], [ -69.901, -14.827 ], [ -69.898, -14.852 ], [ -69.912, -14.865 ], [ -69.938, -14.843 ], [ -69.969, -14.852 ], [ -69.989, -14.873 ], [ -69.979, -14.884 ], [ -69.966, -14.925 ], [ -69.977, -14.943 ], [ -69.958, -14.964 ], [ -69.966, -15.032 ], [ -69.947, -15.055 ], [ -69.922, -15.059 ], [ -69.917, -15.098 ], [ -69.91, -15.095 ], [ -69.9, -15.11 ], [ -69.884, -15.103 ], [ -69.877, -15.109 ], [ -69.9, -15.166 ], [ -69.881, -15.201 ], [ -69.911, -15.196 ], [ -69.931, -15.149 ], [ -69.95, -15.152 ], [ -69.956, -15.175 ], [ -69.975, -15.154 ], [ -69.977, -15.127 ], [ -69.989, -15.109 ], [ -69.997, -15.14 ], [ -69.99, -15.168 ], [ -70.021, -15.15 ], [ -70.016, -15.145 ], [ -70.026, -15.145 ], [ -70.019, -15.159 ], [ -70.026, -15.158 ], [ -70.039, -15.127 ], [ -70.034, -15.119 ], [ -70.044, -15.111 ], [ -70.093, -15.146 ], [ -70.118, -15.148 ], [ -70.116, -15.168 ], [ -70.064, -15.194 ], [ -69.974, -15.205 ], [ -69.949, -15.221 ], [ -69.966, -15.196 ], [ -69.949, -15.21 ], [ -69.946, -15.193 ], [ -69.932, -15.223 ], [ -69.927, -15.21 ], [ -69.924, -15.218 ], [ -69.911, -15.211 ], [ -69.903, -15.218 ], [ -69.896, -15.206 ], [ -69.888, -15.207 ], [ -69.903, -15.236 ], [ -69.941, -15.238 ], [ -69.997, -15.276 ], [ -70.006, -15.292 ], [ -70.006, -15.327 ], [ -69.989, -15.346 ], [ -69.976, -15.387 ], [ -70.006, -15.403 ], [ -70.023, -15.399 ], [ -70.051, -15.354 ], [ -70.066, -15.353 ], [ -70.095, -15.384 ], [ -70.107, -15.345 ], [ -70.132, -15.334 ], [ -70.159, -15.355 ], [ -70.163, -15.325 ], [ -70.15, -15.312 ], [ -70.16, -15.293 ] ], [ [ -70.429, -14.832 ], [ -70.43, -14.831 ], [ -70.442, -14.833 ], [ -70.429, -14.832 ] ], [ [ -70.111, -15.218 ], [ -70.086, -15.184 ], [ -70.106, -15.208 ], [ -70.111, -15.218 ] ], [ [ -70.313, -14.645 ], [ -70.325, -14.654 ], [ -70.324, -14.654 ], [ -70.313, -14.645 ] ], [ [ -70.268, -14.659 ], [ -70.273, -14.652 ], [ -70.269, -14.659 ], [ -70.268, -14.659 ] ], [ [ -70.16, -14.534 ], [ -70.141, -14.534 ], [ -70.15, -14.531 ], [ -70.16, -14.534 ] ], [ [ -70.078, -14.769 ], [ -70.074, -14.757 ], [ -70.078, -14.766 ], [ -70.078, -14.769 ] ], [ [ -70.069, -14.776 ], [ -70.07, -14.776 ], [ -70.071, -14.78 ], [ -70.069, -14.776 ] ], [ [ -69.994, -14.94 ], [ -69.979, -14.942 ], [ -69.98, -14.941 ], [ -69.994, -14.94 ] ], [ [ -70.178, -14.971 ], [ -70.184, -14.959 ], [ -70.179, -14.971 ], [ -70.178, -14.971 ] ], [ [ -70.19, -14.987 ], [ -70.182, -14.981 ], [ -70.186, -14.976 ], [ -70.19, -14.987 ] ], [ [ -70.174, -14.982 ], [ -70.175, -14.981 ], [ -70.182, -14.981 ], [ -70.174, -14.982 ] ], [ [ -70.16, -15.006 ], [ -70.16, -15.005 ], [ -70.167, -15.008 ], [ -70.16, -15.006 ] ], [ [ -70.158, -15.015 ], [ -70.159, -15.012 ], [ -70.159, -15.016 ], [ -70.158, -15.015 ] ], [ [ -70.16, -15.018 ], [ -70.159, -15.017 ], [ -70.165, -15.018 ], [ -70.16, -15.018 ] ], [ [ -70.159, -15.025 ], [ -70.16, -15.025 ], [ -70.161, -15.031 ], [ -70.159, -15.025 ] ], [ [ -70.166, -15.062 ], [ -70.163, -15.062 ], [ -70.165, -15.061 ], [ -70.166, -15.062 ] ], [ [ -70.179, -15.129 ], [ -70.18, -15.129 ], [ -70.18, -15.13 ], [ -70.179, -15.13 ], [ -70.179, -15.129 ] ], [ [ -70.361, -15.014 ], [ -70.358, -15.015 ], [ -70.361, -15.013 ], [ -70.361, -15.014 ] ], [ [ -70.303, -14.975 ], [ -70.294, -14.976 ], [ -70.302, -14.974 ], [ -70.303, -14.975 ] ], [ [ -70.217, -14.986 ], [ -70.202, -14.994 ], [ -70.202, -14.993 ], [ -70.217, -14.986 ] ], [ [ -70.34, -15.095 ], [ -70.342, -15.096 ], [ -70.341, -15.097 ], [ -70.34, -15.095 ] ], [ [ -70.291, -14.382 ], [ -70.29, -14.382 ], [ -70.291, -14.381 ], [ -70.291, -14.382 ] ], [ [ -70.095, -15.234 ], [ -70.097, -15.231 ], [ -70.096, -15.234 ], [ -70.095, -15.234 ] ], [ [ -70.042, -15.325 ], [ -70.042, -15.324 ], [ -70.045, -15.321 ], [ -70.042, -15.325 ] ], [ [ -69.981, -15.018 ], [ -69.989, -15.017 ], [ -69.993, -15.019 ], [ -69.981, -15.018 ] ] ] } },
{ "type": "Feature", "properties": { "DEPARTAMEN": "PUNO", "PROVINCIA": "CARABAYA", "clave": "PUNO|CARABAYA" }, "geometry": { "type": "Polygon", "coordinates": [ [ [ -69.785, -14.276 ], [ -69.783, -14.312 ], [ -69.757, -14.336 ], [ -69.736, -14.334 ], [ -69.728, -14.348 ], [ -69.733, -14.365 ], [ -69.722, -14.421 ], [ -69.689, -14.421 ], [ -69.682, -14.441 ], [ -69.66, -14.453 ], [ -69.691, -14.518 ], [ -69.727, -14.509 ], [ -69.732, -14.493 ], [ -69.766, -14.472 ], [ -69.778, -14.449 ], [ -69.795, -14.446 ], [ -69.796, -14.457 ], [ -69.81, -14.459 ], [ -69.818, -14.448 ], [ -69.885, -14.441 ], [ -69.902, -14.415 ], [ -69.94, -14.399 ], [ -69.973, -14.368 ], [ -70.052, -14.37 ], [ -70.119, -14.352 ], [ -70.136, -14.355 ], [ -70.158, -14.324 ], [ -70.183, -14.319 ], [ -70.179, -14.292 ], [ -70.208, -14.27 ], [ -70.222, -14.28 ], [ -70.227, -14.308 ], [ -70.251, -14.305 ], [ -70.258, -14.287 ], [ -70.274, -14.279 ], [ -70.274, -14.266 ], [ -70.287, -14.266 ], [ -70.289, -14.218 ], [ -70.316, -14.206 ], [ -70.329, -14.175 ], [ -70.357, -14.171 ], [ -70.363, -14.188 ], [ -70.388, -14.196 ], [ -70.425, -14.178 ], [ -70.474, -14.22 ], [ -70.496, -14.22 ], [ -70.503, -14.204 ], [ -70.541, -14.19 ], [ -70.551, -14.155 ], [ -70.57, -14.145 ], [ -70.589, -14.158 ], [ -70.619, -14.159 ], [ -70.652, -14.121 ], [ -70.692, -14.124 ], [ -70.702, -14.088 ], [ -70.721, -14.075 ], [ -70.784, -14.083 ], [ -70.818, -14.068 ], [ -70.829, -14.076 ], [ -70.832, -14.062 ], [ -70.85, -14.054 ], [ -70.862, -14.025 ], [ -70.841, -14.009 ], [ -70.853, -13.998 ], [ -70.847, -13.965 ], [ -70.81, -13.912 ], [ -70.831, -13.895 ], [ -70.832, -13.857 ], [ -70.875, -13.839 ], [ -70.88, -13.817 ], [ -70.854, -13.799 ], [ -70.849, -13.815 ], [ -70.828, -13.828 ], [ -70.768, -13.814 ], [ -70.732, -13.823 ], [ -70.709, -13.843 ], [ -70.699, -13.803 ], [ -70.735, -13.735 ], [ -70.724, -13.733 ], [ -70.735, -13.734 ], [ -70.736, -13.712 ], [ -70.721, -13.7 ], [ -70.715, -13.662 ], [ -70.69, -13.653 ], [ -70.663, -13.661 ], [ -70.618, -13.61 ], [ -70.542, -13.576 ], [ -70.54, -13.533 ], [ -70.489, -13.5 ], [ -70.457, -13.457 ], [ -70.452, -13.446 ], [ -70.472, -13.44 ], [ -70.443, -13.395 ], [ -70.45, -13.364 ], [ -70.419, -13.359 ], [ -70.399, -13.373 ], [ -70.398, -13.32 ], [ -70.368, -13.307 ], [ -70.345, -13.31 ], [ -70.347, -13.294 ], [ -70.373, -13.275 ], [ -70.405, -13.269 ], [ -70.423, -13.255 ], [ -70.416, -13.243 ], [ -70.391, -13.232 ], [ -70.384, -13.205 ], [ -70.386, -13.167 ], [ -70.401, -13.153 ], [ -70.39, -13.132 ], [ -70.409, -13.139 ], [ -70.418, -13.133 ], [ -70.402, -13.115 ], [ -69.65, -13.342 ], [ -69.654, -13.38 ], [ -69.632, -13.408 ], [ -69.642, -13.408 ], [ -69.651, -13.427 ], [ -69.655, -13.459 ], [ -69.679, -13.458 ], [ -69.669, -13.475 ], [ -69.683, -13.501 ], [ -69.713, -13.506 ], [ -69.724, -13.492 ], [ -69.737, -13.506 ], [ -69.715, -13.521 ], [ -69.696, -13.522 ], [ -69.711, -13.537 ], [ -69.707, -13.549 ], [ -69.726, -13.592 ], [ -69.719, -13.604 ], [ -69.726, -13.635 ], [ -69.752, -13.677 ], [ -69.746, -13.691 ], [ -69.754, -13.738 ], [ -69.769, -13.746 ], [ -69.779, -13.739 ], [ -69.786, -13.75 ], [ -69.762, -13.792 ], [ -69.732, -13.812 ], [ -69.733, -13.836 ], [ -69.664, -13.883 ], [ -69.665, -13.906 ], [ -69.702, -13.936 ], [ -69.723, -13.977 ], [ -69.725, -14.019 ], [ -69.754, -14.035 ], [ -69.764, -14.031 ], [ -69.798, -14.067 ], [ -69.821, -14.131 ], [ -69.833, -14.138 ], [ -69.823, -14.162 ], [ -69.85, -14.212 ], [ -69.843, -14.221 ], [ -69.854, -14.256 ], [ -69.841, -14.27 ], [ -69.785, -14.276 ] ], [ [ -70.657, -13.774 ], [ -70.652, -13.768 ], [ -70.656, -13.771 ], [ -70.657, -13.774 ] ], [ [ -70.528, -13.895 ], [ -70.538, -13.899 ], [ -70.532, -13.898 ], [ -70.528, -13.895 ] ], [ [ -70.37, -13.909 ], [ -70.378, -13.908 ], [ -70.369, -13.91 ], [ -70.37, -13.909 ] ], [ [ -70.261, -14.066 ], [ -70.262, -14.064 ], [ -70.262, -14.068 ], [ -70.261, -14.066 ] ], [ [ -70.231, -14.089 ], [ -70.232, -14.095 ], [ -70.231, -14.094 ], [ -70.231, -14.089 ] ], [ [ -69.878, -14.019 ], [ -69.88, -14.019 ], [ -69.877, -14.022 ], [ -69.878, -14.019 ] ], [ [ -69.847, -14.01 ], [ -69.847, -14.011 ], [ -69.842, -14.011 ], [ -69.847, -14.01 ] ], [ [ -69.886, -14.287 ], [ -69.876, -14.289 ], [ -69.874, -14.288 ], [ -69.886, -14.287 ] ], [ [ -69.873, -14.288 ], [ -69.869, -14.288 ], [ -69.862, -14.284 ], [ -69.873, -14.288 ] ], [ [ -70.695, -14.087 ], [ -70.697, -14.088 ], [ -70.689, -14.087 ], [ -70.695, -14.087 ] ], [ [ -69.995, -13.631 ], [ -69.996, -13.637 ], [ -69.995, -13.638 ], [ -69.995, -13.631 ] ], [ [ -69.98, -13.646 ], [ -69.979, -13.647 ], [ -69.974, -13.648 ], [ -69.98, -13.646 ] ], [ [ -70.208, -14.048 ], [ -70.205, -14.053 ], [ -70.205, -14.052 ], [ -70.208, -14.048 ] ], [ [ -70.267, -13.76 ], [ -70.264, -13.76 ], [ -70.266, -13.759 ], [ -70.267, -13.76 ] ], [ [ -70.259, -13.761 ], [ -70.257, -13.761 ], [ -70.255, -13.76 ], [ -70.259, -13.761 ] ], [ [ -70.063, -13.63 ], [ -70.053, -13.632 ], [ -70.061, -13.629 ], [ -70.063, -13.63 ] ], [ [ -70.007, -13.617 ], [ -70.002, -13.616 ], [ -70.006, -13.616 ], [ -70.007, -13.617 ] ], [ [ -70.573, -13.599 ], [ -70.573, -13.6 ], [ -70.565, -13.6 ], [ -70.573, -13.599 ] ], [ [ -70.527, -13.631 ], [ -70.526, -13.632 ], [ -70.517, -13.627 ], [ -70.527, -13.631 ] ], [ [ -70.421, -13.671 ], [ -70.417, -13.675 ], [ -70.42, -13.671 ], [ -70.421, -13.671 ] ], [ [ -70.388, -13.735 ], [ -70.394, -13.742 ], [ -70.388, -13.736 ], [ -70.388, -13.735 ] ], [ [ -70.414, -13.787 ], [ -70.421, -13.787 ], [ -70.424, -13.789 ], [ -70.414, -13.787 ] ], [ [ -70.428, -13.793 ], [ -70.429, -13.794 ], [ -70.427, -13.798 ], [ -70.428, -13.793 ] ], [ [ -70.026, -13.538 ], [ -70.027, -13.538 ], [ -70.026, -13.54 ], [ -70.026, -13.538 ] ], [ [ -70.105, -13.403 ], [ -70.106, -13.404 ], [ -70.106, -13.405 ], [ -70.105, -13.403 ] ] ] } },
{ "type": "Feature", "properties": { "DEPARTAMEN": "PUNO", "PROVINCIA": "CHUCUITO", "clave": "PUNO|CHUCUITO" }, "geometry": { "type": "Polygon", "coordinates": [ [ [ -69.037, -16.56 ], [ -69.032, -16.603 ], [ -69.017, -16.638 ], [ -68.996, -16.657 ], [ -69.045, -16.688 ], [ -69.062, -16.686 ], [ -69.059, -16.693 ], [ -69.105, -16.712 ], [ -69.136, -16.714 ], [ -69.17, -16.728 ], [ -69.186, -16.798 ], [ -69.198, -16.799 ], [ -69.219, -16.836 ], [ -69.305, -16.916 ], [ -69.335, -16.98 ], [ -69.369, -16.99 ], [ -69.394, -17.022 ], [ -69.373, -17.048 ], [ -69.374, -17.073 ], [ -69.433, -17.11 ], [ -69.449, -17.098 ], [ -69.512, -17.146 ], [ -69.557, -17.159 ], [ -69.563, -17.175 ], [ -69.589, -17.141 ], [ -69.587, -17.113 ], [ -69.603, -17.096 ], [ -69.586, -17.079 ], [ -69.57, -17.084 ], [ -69.534, -17.058 ], [ -69.545, -17.042 ], [ -69.536, -17.014 ], [ -69.547, -16.979 ], [ -69.534, -16.965 ], [ -69.568, -16.917 ], [ -69.557, -16.895 ], [ -69.566, -16.877 ], [ -69.555, -16.849 ], [ -69.566, -16.833 ], [ -69.512, -16.75 ], [ -69.543, -16.671 ], [ -69.526, -16.655 ], [ -69.498, -16.656 ], [ -69.499, -16.637 ], [ -69.488, -16.624 ], [ -69.499, -16.566 ], [ -69.485, -16.555 ], [ -69.488, -16.526 ], [ -69.475, -16.509 ], [ -69.48, -16.487 ], [ -69.472, -16.459 ], [ -69.484, -16.429 ], [ -69.517, -16.435 ], [ -69.536, -16.418 ], [ -69.553, -16.446 ], [ -69.564, -16.431 ], [ -69.583, -16.443 ], [ -69.661, -16.426 ], [ -69.687, -16.379 ], [ -69.668, -16.365 ], [ -69.672, -16.337 ], [ -69.652, -16.338 ], [ -69.655, -16.315 ], [ -69.632, -16.301 ], [ -69.609, -16.301 ], [ -69.592, -16.286 ], [ -69.572, -16.174 ], [ -69.556, -16.184 ], [ -69.54, -16.176 ], [ -69.514, -16.18 ], [ -69.493, -16.208 ], [ -69.473, -16.198 ], [ -69.46, -16.202 ], [ -69.434, -16.181 ], [ -69.404, -16.19 ], [ -69.389, -16.18 ], [ -69.384, -16.191 ], [ -69.4, -16.199 ], [ -69.399, -16.209 ], [ -69.376, -16.236 ], [ -69.352, -16.252 ], [ -69.295, -16.254 ], [ -69.282, -16.287 ], [ -69.258, -16.3 ], [ -69.258, -16.286 ], [ -69.246, -16.285 ], [ -69.238, -16.273 ], [ -69.246, -16.271 ], [ -69.235, -16.262 ], [ -69.2, -16.264 ], [ -69.204, -16.299 ], [ -69.19, -16.315 ], [ -69.142, -16.331 ], [ -69.139, -16.351 ], [ -69.148, -16.352 ], [ -69.136, -16.355 ], [ -69.145, -16.374 ], [ -69.136, -16.397 ], [ -69.125, -16.395 ], [ -69.124, -16.365 ], [ -69.054, -16.393 ], [ -69.06, -16.404 ], [ -69.043, -16.43 ], [ -69.055, -16.433 ], [ -69.066, -16.452 ], [ -69.092, -16.47 ], [ -69.098, -16.491 ], [ -69.098, -16.498 ], [ -69.081, -16.499 ], [ -69.068, -16.531 ], [ -69.037, -16.56 ] ], [ [ -69.32, -16.574 ], [ -69.321, -16.571 ], [ -69.322, -16.571 ], [ -69.32, -16.574 ] ], [ [ -69.181, -16.632 ], [ -69.197, -16.619 ], [ -69.191, -16.625 ], [ -69.181, -16.632 ] ], [ [ -69.145, -16.654 ], [ -69.16, -16.643 ], [ -69.16, -16.648 ], [ -69.145, -16.654 ] ], [ [ -69.061, -16.548 ], [ -69.061, -16.547 ], [ -69.064, -16.549 ], [ -69.061, -16.548 ] ], [ [ -69.477, -16.752 ], [ -69.488, -16.755 ], [ -69.487, -16.756 ], [ -69.477, -16.752 ] ], [ [ -69.093, -16.674 ], [ -69.095, -16.673 ], [ -69.097, -16.673 ], [ -69.093, -16.674 ] ], [ [ -69.382, -16.438 ], [ -69.365, -16.441 ], [ -69.378, -16.437 ], [ -69.382, -16.438 ] ], [ [ -69.362, -16.446 ], [ -69.362, -16.447 ], [ -69.35, -16.449 ], [ -69.362, -16.446 ] ], [ [ -69.429, -16.493 ], [ -69.417, -16.488 ], [ -69.421, -16.489 ], [ -69.429, -16.493 ] ], [ [ -69.386, -16.405 ], [ -69.379, -16.418 ], [ -69.375, -16.423 ], [ -69.386, -16.405 ] ], [ [ -69.414, -16.38 ], [ -69.414, -16.382 ], [ -69.413, -16.383 ], [ -69.414, -16.38 ] ] ] } },
{ "type": "Feature", "properties": { "DEPARTAMEN": "PUNO", "PROVINCIA": "EL COLLAO", "clave": "PUNO|EL COLLAO" }, "geometry": { "type": "Polygon", "coordinates": [ [ [ -69.534, -16.965 ], [ -69.547, -16.979 ], [ -69.536, -17.014 ], [ -69.545, -17.04 ], [ -69.535, -17.061 ], [ -69.571, -17.085 ], [ -69.586, -17.079 ], [ -69.603, -17.097 ], [ -69.587, -17.113 ], [ -69.589, -17.141 ], [ -69.563, -17.175 ], [ -69.573, -17.185 ], [ -69.569, -17.194 ], [ -69.601, -17.216 ], [ -69.616, -17.261 ], [ -69.636, -17.271 ], [ -69.641, -17.287 ], [ -69.655, -17.271 ], [ -69.695, -17.274 ], [ -69.731, -17.295 ], [ -69.762, -17.28 ], [ -69.765, -17.263 ], [ -69.791, -17.235 ], [ -69.851, -17.244 ], [ -69.874, -17.223 ], [ -69.899, -17.221 ], [ -69.943, -17.198 ], [ -69.972, -17.166 ], [ -69.981, -17.169 ], [ -69.988, -17.151 ], [ -70.013, -17.142 ], [ -70.025, -17.122 ], [ -70.04, -17.128 ], [ -70.042, -17.059 ], [ -70.1, -17.006 ], [ -70.095, -16.986 ], [ -70.147, -16.939 ], [ -70.118, -16.924 ], [ -70.094, -16.891 ], [ -70.09, -16.811 ], [ -70.058, -16.788 ], [ -70.057, -16.77 ], [ -70.032, -16.753 ], [ -70.036, -16.743 ], [ -70.01, -16.741 ], [ -69.996, -16.73 ], [ -70.012, -16.688 ], [ -69.998, -16.675 ], [ -70.001, -16.657 ], [ -70.025, -16.631 ], [ -70.026, -16.599 ], [ -69.991, -16.579 ], [ -69.963, -16.538 ], [ -69.927, -16.514 ], [ -69.906, -16.519 ], [ -69.895, -16.509 ], [ -69.879, -16.474 ], [ -69.884, -16.465 ], [ -69.865, -16.445 ], [ -69.852, -16.402 ], [ -69.8, -16.385 ], [ -69.785, -16.362 ], [ -69.803, -16.344 ], [ -69.807, -16.277 ], [ -69.776, -16.26 ], [ -69.76, -16.215 ], [ -69.744, -16.204 ], [ -69.725, -16.208 ], [ -69.707, -16.194 ], [ -69.703, -16.169 ], [ -69.687, -16.149 ], [ -69.689, -16.129 ], [ -69.669, -16.115 ], [ -69.703, -16.087 ], [ -69.655, -16.06 ], [ -69.65, -16.014 ], [ -69.621, -16.014 ], [ -69.61, -15.983 ], [ -69.58, -15.988 ], [ -69.557, -15.975 ], [ -69.518, -15.983 ], [ -69.499, -16.0 ], [ -69.495, -16.016 ], [ -69.479, -16.004 ], [ -69.476, -16.018 ], [ -69.462, -16.018 ], [ -69.479, -16.001 ], [ -69.528, -15.973 ], [ -69.61, -15.957 ], [ -69.55, -15.963 ], [ -69.504, -15.982 ], [ -69.481, -15.994 ], [ -69.456, -15.992 ], [ -69.448, -16.0 ], [ -69.444, -16.003 ], [ -69.423, -16.047 ], [ -69.429, -16.093 ], [ -69.445, -16.112 ], [ -69.453, -16.114 ], [ -69.432, -16.08 ], [ -69.435, -16.053 ], [ -69.455, -16.046 ], [ -69.439, -16.054 ], [ -69.456, -16.061 ], [ -69.451, -16.078 ], [ -69.469, -16.094 ], [ -69.469, -16.113 ], [ -69.505, -16.144 ], [ -69.492, -16.16 ], [ -69.505, -16.175 ], [ -69.511, -16.158 ], [ -69.514, -16.18 ], [ -69.543, -16.176 ], [ -69.556, -16.184 ], [ -69.573, -16.174 ], [ -69.592, -16.286 ], [ -69.609, -16.301 ], [ -69.632, -16.301 ], [ -69.655, -16.315 ], [ -69.652, -16.339 ], [ -69.666, -16.332 ], [ -69.673, -16.337 ], [ -69.668, -16.365 ], [ -69.687, -16.379 ], [ -69.661, -16.426 ], [ -69.583, -16.443 ], [ -69.563, -16.431 ], [ -69.554, -16.446 ], [ -69.536, -16.418 ], [ -69.517, -16.435 ], [ -69.482, -16.43 ], [ -69.472, -16.459 ], [ -69.48, -16.487 ], [ -69.475, -16.509 ], [ -69.488, -16.524 ], [ -69.485, -16.555 ], [ -69.499, -16.566 ], [ -69.488, -16.624 ], [ -69.499, -16.637 ], [ -69.498, -16.656 ], [ -69.524, -16.655 ], [ -69.542, -16.671 ], [ -69.512, -16.747 ], [ -69.52, -16.772 ], [ -69.54, -16.787 ], [ -69.566, -16.833 ], [ -69.555, -16.848 ], [ -69.566, -16.876 ], [ -69.557, -16.894 ], [ -69.568, -16.918 ], [ -69.534, -16.965 ] ], [ [ -69.453, -16.004 ], [ -69.453, -16.006 ], [ -69.448, -16.0 ], [ -69.453, -16.004 ] ], [ [ -69.454, -16.007 ], [ -69.453, -16.009 ], [ -69.453, -16.006 ], [ -69.454, -16.007 ] ], [ [ -69.867, -16.484 ], [ -69.861, -16.485 ], [ -69.84, -16.487 ], [ -69.867, -16.484 ] ], [ [ -69.791, -16.513 ], [ -69.79, -16.513 ], [ -69.79, -16.511 ], [ -69.791, -16.513 ] ], [ [ -69.697, -16.448 ], [ -69.692, -16.448 ], [ -69.692, -16.447 ], [ -69.697, -16.448 ] ], [ [ -69.459, -16.026 ], [ -69.457, -16.026 ], [ -69.457, -16.025 ], [ -69.459, -16.026 ] ], [ [ -69.545, -16.082 ], [ -69.549, -16.081 ], [ -69.549, -16.082 ], [ -69.545, -16.082 ] ] ] } },
{ "type": "Feature", "properties": { "DEPARTAMEN": "PUNO", "PROVINCIA": "HUANCANE", "clave": "PUNO|HUANCANE" }, "geometry": { "type": "MultiPolygon", "coordinates": [ [ [ [ -70.027, -15.397 ], [ -70.006, -15.403 ], [ -69.975, -15.386 ], [ -69.979, -15.377 ], [ -69.971, -15.379 ], [ -69.986, -15.37 ], [ -69.989, -15.346 ], [ -70.006, -15.327 ], [ -70.006, -15.292 ], [ -69.995, -15.274 ], [ -69.941, -15.238 ], [ -69.93, -15.243 ], [ -69.919, -15.233 ], [ -69.902, -15.239 ], [ -69.896, -15.212 ], [ -69.88, -15.199 ], [ -69.9, -15.17 ], [ -69.876, -15.107 ], [ -69.875, -15.088 ], [ -69.886, -15.081 ], [ -69.867, -15.052 ], [ -69.851, -15.043 ], [ -69.843, -15.019 ], [ -69.849, -15.008 ], [ -69.833, -14.988 ], [ -69.8, -14.98 ], [ -69.801, -14.959 ], [ -69.782, -14.955 ], [ -69.76, -14.967 ], [ -69.746, -14.994 ], [ -69.731, -14.998 ], [ -69.729, -14.976 ], [ -69.712, -14.954 ], [ -69.659, -14.943 ], [ -69.635, -14.955 ], [ -69.621, -14.949 ], [ -69.614, -14.914 ], [ -69.568, -14.916 ], [ -69.542, -14.929 ], [ -69.518, -14.876 ], [ -69.53, -14.843 ], [ -69.5, -14.802 ], [ -69.512, -14.776 ], [ -69.494, -14.763 ], [ -69.466, -14.77 ], [ -69.451, -14.785 ], [ -69.438, -14.834 ], [ -69.414, -14.855 ], [ -69.404, -14.826 ], [ -69.354, -14.802 ], [ -69.357, -14.852 ], [ -69.344, -14.883 ], [ -69.354, -14.924 ], [ -69.365, -14.931 ], [ -69.361, -14.961 ], [ -69.323, -15.005 ], [ -69.314, -15.041 ], [ -69.3, -15.047 ], [ -69.292, -15.084 ], [ -69.273, -15.103 ], [ -69.277, -15.11 ], [ -69.268, -15.104 ], [ -69.266, -15.117 ], [ -69.263, -15.11 ], [ -69.243, -15.112 ], [ -69.244, -15.122 ], [ -69.236, -15.12 ], [ -69.191, -15.159 ], [ -69.12, -15.26 ], [ -69.137, -15.255 ], [ -69.152, -15.269 ], [ -69.176, -15.261 ], [ -69.189, -15.231 ], [ -69.227, -15.215 ], [ -69.241, -15.187 ], [ -69.273, -15.182 ], [ -69.292, -15.162 ], [ -69.351, -15.187 ], [ -69.362, -15.214 ], [ -69.401, -15.213 ], [ -69.411, -15.229 ], [ -69.443, -15.244 ], [ -69.449, -15.267 ], [ -69.486, -15.272 ], [ -69.508, -15.249 ], [ -69.519, -15.249 ], [ -69.527, -15.271 ], [ -69.547, -15.285 ], [ -69.543, -15.308 ], [ -69.63, -15.265 ], [ -69.643, -15.261 ], [ -69.655, -15.271 ], [ -69.677, -15.243 ], [ -69.689, -15.255 ], [ -69.687, -15.238 ], [ -69.708, -15.233 ], [ -69.718, -15.244 ], [ -69.736, -15.241 ], [ -69.74, -15.257 ], [ -69.75, -15.25 ], [ -69.759, -15.258 ], [ -69.747, -15.26 ], [ -69.749, -15.272 ], [ -69.735, -15.271 ], [ -69.741, -15.279 ], [ -69.714, -15.278 ], [ -69.699, -15.31 ], [ -69.723, -15.307 ], [ -69.724, -15.297 ], [ -69.751, -15.283 ], [ -69.758, -15.298 ], [ -69.752, -15.303 ], [ -69.774, -15.306 ], [ -69.774, -15.319 ], [ -69.781, -15.32 ], [ -69.794, -15.299 ], [ -69.816, -15.288 ], [ -69.815, -15.274 ], [ -69.831, -15.282 ], [ -69.818, -15.307 ], [ -69.837, -15.279 ], [ -69.847, -15.284 ], [ -69.844, -15.294 ], [ -69.857, -15.292 ], [ -69.856, -15.303 ], [ -69.867, -15.303 ], [ -69.869, -15.29 ], [ -69.88, -15.301 ], [ -69.898, -15.298 ], [ -69.879, -15.306 ], [ -69.876, -15.31 ], [ -69.89, -15.302 ], [ -69.903, -15.303 ], [ -69.89, -15.332 ], [ -69.864, -15.337 ], [ -69.868, -15.341 ], [ -69.857, -15.347 ], [ -69.893, -15.341 ], [ -69.874, -15.351 ], [ -69.88, -15.356 ], [ -69.873, -15.358 ], [ -69.871, -15.367 ], [ -69.861, -15.362 ], [ -69.874, -15.377 ], [ -69.876, -15.36 ], [ -69.905, -15.356 ], [ -69.906, -15.367 ], [ -69.921, -15.366 ], [ -69.914, -15.371 ], [ -69.926, -15.384 ], [ -69.923, -15.366 ], [ -69.927, -15.375 ], [ -69.933, -15.361 ], [ -69.928, -15.385 ], [ -69.943, -15.397 ], [ -69.897, -15.495 ], [ -69.905, -15.507 ], [ -69.947, -15.514 ], [ -69.972, -15.536 ], [ -69.997, -15.506 ], [ -69.991, -15.487 ], [ -70.028, -15.458 ], [ -70.025, -15.438 ], [ -70.084, -15.455 ], [ -70.071, -15.425 ], [ -70.081, -15.399 ], [ -70.071, -15.397 ], [ -70.095, -15.384 ], [ -70.066, -15.353 ], [ -70.051, -15.354 ], [ -70.027, -15.397 ] ], [ [ -69.853, -15.06 ], [ -69.857, -15.056 ], [ -69.856, -15.058 ], [ -69.853, -15.06 ] ], [ [ -69.799, -15.047 ], [ -69.799, -15.048 ], [ -69.798, -15.047 ], [ -69.799, -15.047 ] ], [ [ -69.734, -15.137 ], [ -69.746, -15.13 ], [ -69.745, -15.131 ], [ -69.734, -15.137 ] ], [ [ -69.736, -15.16 ], [ -69.736, -15.159 ], [ -69.741, -15.162 ], [ -69.736, -15.16 ] ], [ [ -69.745, -15.173 ], [ -69.744, -15.172 ], [ -69.752, -15.175 ], [ -69.745, -15.173 ] ], [ [ -69.727, -15.199 ], [ -69.734, -15.195 ], [ -69.732, -15.197 ], [ -69.727, -15.199 ] ], [ [ -69.718, -15.22 ], [ -69.719, -15.21 ], [ -69.719, -15.225 ], [ -69.718, -15.22 ] ], [ [ -69.72, -15.23 ], [ -69.72, -15.229 ], [ -69.725, -15.234 ], [ -69.72, -15.23 ] ], [ [ -69.902, -15.24 ], [ -69.902, -15.241 ], [ -69.9, -15.242 ], [ -69.902, -15.24 ] ], [ [ -69.356, -15.152 ], [ -69.359, -15.15 ], [ -69.356, -15.154 ], [ -69.356, -15.152 ] ], [ [ -69.443, -15.132 ], [ -69.446, -15.134 ], [ -69.437, -15.132 ], [ -69.443, -15.132 ] ], [ [ -69.544, -15.048 ], [ -69.542, -15.052 ], [ -69.542, -15.05 ], [ -69.544, -15.048 ] ], [ [ -69.403, -15.13 ], [ -69.4, -15.128 ], [ -69.406, -15.129 ], [ -69.403, -15.13 ] ], [ [ -69.407, -15.13 ], [ -69.414, -15.134 ], [ -69.414, -15.136 ], [ -69.407, -15.13 ] ], [ [ -69.577, -15.036 ], [ -69.58, -15.042 ], [ -69.582, -15.052 ], [ -69.577, -15.036 ] ], [ [ -69.555, -15.043 ], [ -69.545, -15.047 ], [ -69.545, -15.046 ], [ -69.555, -15.043 ] ] ], [ [ [ -69.844, -15.353 ], [ -69.849, -15.346 ], [ -69.847, -15.342 ], [ -69.839, -15.34 ], [ -69.846, -15.345 ], [ -69.839, -15.35 ], [ -69.791, -15.351 ], [ -69.824, -15.355 ], [ -69.839, -15.368 ], [ -69.861, -15.362 ], [ -69.844, -15.353 ] ] ], [ [ [ -69.843, -15.337 ], [ -69.845, -15.33 ], [ -69.837, -15.339 ], [ -69.839, -15.34 ], [ -69.843, -15.337 ] ] ] ] } },
{ "type": "Feature", "properties": { "DEPARTAMEN": "PUNO", "PROVINCIA": "LAMPA", "clave": "PUNO|LAMPA" }, "geometry": { "type": "Polygon", "coordinates": [ [ [ -70.951, -15.292 ], [ -70.974, -15.274 ], [ -70.985, -15.249 ], [ -70.963, -15.216 ], [ -70.982, -15.149 ], [ -70.979, -15.111 ], [ -70.994, -15.095 ], [ -70.987, -15.078 ], [ -70.904, -15.038 ], [ -70.881, -15.045 ], [ -70.867, -15.039 ], [ -70.834, -15.002 ], [ -70.797, -15.024 ], [ -70.762, -15.03 ], [ -70.758, -15.045 ], [ -70.709, -15.085 ], [ -70.708, -15.127 ], [ -70.682, -15.115 ], [ -70.671, -15.132 ], [ -70.657, -15.134 ], [ -70.633, -15.118 ], [ -70.623, -15.128 ], [ -70.614, -15.119 ], [ -70.578, -15.148 ], [ -70.563, -15.192 ], [ -70.547, -15.195 ], [ -70.513, -15.146 ], [ -70.533, -15.136 ], [ -70.533, -15.095 ], [ -70.549, -15.086 ], [ -70.55, -15.055 ], [ -70.532, -15.028 ], [ -70.542, -14.993 ], [ -70.5, -14.952 ], [ -70.508, -14.947 ], [ -70.509, -14.924 ], [ -70.494, -14.912 ], [ -70.495, -14.924 ], [ -70.477, -14.938 ], [ -70.463, -14.928 ], [ -70.442, -14.954 ], [ -70.431, -14.952 ], [ -70.419, -14.966 ], [ -70.405, -14.958 ], [ -70.397, -14.974 ], [ -70.386, -14.972 ], [ -70.391, -14.981 ], [ -70.376, -14.982 ], [ -70.381, -14.992 ], [ -70.371, -14.994 ], [ -70.382, -15.001 ], [ -70.361, -14.998 ], [ -70.365, -15.014 ], [ -70.345, -15.032 ], [ -70.364, -15.037 ], [ -70.353, -15.041 ], [ -70.361, -15.049 ], [ -70.345, -15.073 ], [ -70.36, -15.114 ], [ -70.347, -15.118 ], [ -70.359, -15.125 ], [ -70.347, -15.136 ], [ -70.361, -15.142 ], [ -70.35, -15.149 ], [ -70.357, -15.162 ], [ -70.266, -15.169 ], [ -70.23, -15.201 ], [ -70.227, -15.252 ], [ -70.209, -15.252 ], [ -70.204, -15.299 ], [ -70.174, -15.303 ], [ -70.159, -15.293 ], [ -70.148, -15.313 ], [ -70.163, -15.325 ], [ -70.159, -15.355 ], [ -70.181, -15.377 ], [ -70.275, -15.314 ], [ -70.276, -15.335 ], [ -70.293, -15.354 ], [ -70.266, -15.376 ], [ -70.269, -15.395 ], [ -70.28, -15.402 ], [ -70.306, -15.386 ], [ -70.315, -15.396 ], [ -70.328, -15.393 ], [ -70.34, -15.41 ], [ -70.328, -15.445 ], [ -70.301, -15.468 ], [ -70.289, -15.464 ], [ -70.297, -15.489 ], [ -70.271, -15.511 ], [ -70.258, -15.551 ], [ -70.356, -15.64 ], [ -70.367, -15.664 ], [ -70.429, -15.677 ], [ -70.46, -15.661 ], [ -70.465, -15.654 ], [ -70.466, -15.654 ], [ -70.468, -15.657 ], [ -70.475, -15.657 ], [ -70.494, -15.678 ], [ -70.528, -15.688 ], [ -70.546, -15.739 ], [ -70.558, -15.739 ], [ -70.572, -15.72 ], [ -70.609, -15.759 ], [ -70.638, -15.746 ], [ -70.658, -15.761 ], [ -70.663, -15.779 ], [ -70.687, -15.794 ], [ -70.746, -15.776 ], [ -70.77, -15.787 ], [ -70.797, -15.78 ], [ -70.814, -15.793 ], [ -70.814, -15.814 ], [ -70.845, -15.806 ], [ -70.869, -15.837 ], [ -70.888, -15.841 ], [ -70.892, -15.851 ], [ -70.942, -15.775 ], [ -70.923, -15.746 ], [ -70.905, -15.737 ], [ -70.9, -15.718 ], [ -70.918, -15.686 ], [ -70.918, -15.644 ], [ -70.939, -15.618 ], [ -70.982, -15.598 ], [ -71.007, -15.566 ], [ -71.007, -15.543 ], [ -71.018, -15.529 ], [ -71.008, -15.519 ], [ -71.018, -15.502 ], [ -70.993, -15.461 ], [ -71.005, -15.442 ], [ -71.027, -15.432 ], [ -71.039, -15.405 ], [ -71.006, -15.335 ], [ -70.985, -15.317 ], [ -70.959, -15.323 ], [ -70.951, -15.292 ] ], [ [ -70.947, -15.33 ], [ -70.958, -15.324 ], [ -70.957, -15.326 ], [ -70.947, -15.33 ] ], [ [ -70.937, -15.329 ], [ -70.939, -15.328 ], [ -70.947, -15.33 ], [ -70.937, -15.329 ] ], [ [ -70.92, -15.35 ], [ -70.924, -15.349 ], [ -70.922, -15.35 ], [ -70.92, -15.35 ] ], [ [ -70.805, -15.358 ], [ -70.808, -15.361 ], [ -70.809, -15.367 ], [ -70.805, -15.358 ] ], [ [ -70.749, -15.306 ], [ -70.751, -15.307 ], [ -70.739, -15.307 ], [ -70.749, -15.306 ] ], [ [ -70.528, -15.414 ], [ -70.531, -15.417 ], [ -70.531, -15.42 ], [ -70.528, -15.414 ] ], [ [ -70.528, -15.382 ], [ -70.529, -15.383 ], [ -70.511, -15.382 ], [ -70.528, -15.382 ] ], [ [ -70.39, -15.2 ], [ -70.393, -15.195 ], [ -70.391, -15.2 ], [ -70.39, -15.2 ] ], [ [ -70.356, -15.176 ], [ -70.357, -15.171 ], [ -70.357, -15.183 ], [ -70.356, -15.176 ] ], [ [ -70.317, -15.275 ], [ -70.314, -15.266 ], [ -70.316, -15.27 ], [ -70.317, -15.275 ] ], [ [ -70.284, -15.28 ], [ -70.297, -15.283 ], [ -70.272, -15.28 ], [ -70.284, -15.28 ] ], [ [ -70.269, -15.268 ], [ -70.273, -15.277 ], [ -70.268, -15.267 ], [ -70.269, -15.268 ] ], [ [ -70.873, -15.469 ], [ -70.885, -15.475 ], [ -70.887, -15.477 ], [ -70.873, -15.469 ] ], [ [ -70.493, -15.492 ], [ -70.507, -15.489 ], [ -70.504, -15.491 ], [ -70.493, -15.492 ] ], [ [ -70.346, -15.476 ], [ -70.343, -15.475 ], [ -70.344, -15.474 ], [ -70.346, -15.476 ] ], [ [ -70.339, -15.476 ], [ -70.33, -15.479 ], [ -70.334, -15.477 ], [ -70.339, -15.476 ] ], [ [ -70.514, -15.438 ], [ -70.514, -15.434 ], [ -70.515, -15.431 ], [ -70.514, -15.438 ] ], [ [ -70.77, -15.276 ], [ -70.765, -15.266 ], [ -70.769, -15.271 ], [ -70.77, -15.276 ] ] ] } },
{ "type": "Feature", "properties": { "DEPARTAMEN": "PUNO", "PROVINCIA": "MELGAR", "clave": "PUNO|MELGAR" }, "geometry": { "type": "Polygon", "coordinates": [ [ [ -70.869, -15.04 ], [ -70.904, -15.038 ], [ -70.994, -15.085 ], [ -71.005, -14.978 ], [ -70.997, -14.954 ], [ -70.985, -14.946 ], [ -70.997, -14.847 ], [ -70.994, -14.829 ], [ -70.977, -14.825 ], [ -70.984, -14.786 ], [ -70.975, -14.766 ], [ -71.013, -14.74 ], [ -71.028, -14.76 ], [ -71.058, -14.75 ], [ -71.09, -14.713 ], [ -71.088, -14.696 ], [ -71.11, -14.674 ], [ -71.118, -14.647 ], [ -71.109, -14.634 ], [ -71.074, -14.631 ], [ -71.031, -14.593 ], [ -71.01, -14.598 ], [ -71.02, -14.585 ], [ -71.015, -14.578 ], [ -71.0, -14.572 ], [ -70.98, -14.583 ], [ -70.971, -14.584 ], [ -70.966, -14.568 ], [ -70.999, -14.503 ], [ -70.987, -14.499 ], [ -70.988, -14.455 ], [ -70.962, -14.445 ], [ -70.986, -14.407 ], [ -70.979, -14.395 ], [ -70.986, -14.379 ], [ -70.97, -14.378 ], [ -70.962, -14.361 ], [ -70.908, -14.334 ], [ -70.913, -14.303 ], [ -70.893, -14.287 ], [ -70.891, -14.273 ], [ -70.88, -14.27 ], [ -70.9, -14.233 ], [ -70.895, -14.209 ], [ -70.882, -14.199 ], [ -70.886, -14.171 ], [ -70.867, -14.17 ], [ -70.846, -14.149 ], [ -70.821, -14.141 ], [ -70.79, -14.079 ], [ -70.723, -14.075 ], [ -70.703, -14.086 ], [ -70.692, -14.124 ], [ -70.652, -14.121 ], [ -70.62, -14.159 ], [ -70.589, -14.158 ], [ -70.57, -14.145 ], [ -70.552, -14.155 ], [ -70.541, -14.19 ], [ -70.503, -14.204 ], [ -70.496, -14.22 ], [ -70.474, -14.22 ], [ -70.425, -14.178 ], [ -70.388, -14.196 ], [ -70.365, -14.189 ], [ -70.357, -14.171 ], [ -70.329, -14.175 ], [ -70.316, -14.206 ], [ -70.289, -14.218 ], [ -70.29, -14.258 ], [ -70.286, -14.268 ], [ -70.273, -14.267 ], [ -70.269, -14.302 ], [ -70.293, -14.34 ], [ -70.315, -14.34 ], [ -70.328, -14.353 ], [ -70.315, -14.38 ], [ -70.334, -14.453 ], [ -70.33, -14.468 ], [ -70.353, -14.508 ], [ -70.353, -14.53 ], [ -70.369, -14.541 ], [ -70.345, -14.566 ], [ -70.346, -14.584 ], [ -70.365, -14.597 ], [ -70.405, -14.562 ], [ -70.434, -14.578 ], [ -70.412, -14.601 ], [ -70.416, -14.616 ], [ -70.388, -14.637 ], [ -70.382, -14.666 ], [ -70.4, -14.717 ], [ -70.417, -14.731 ], [ -70.427, -14.771 ], [ -70.446, -14.788 ], [ -70.454, -14.825 ], [ -70.442, -14.833 ], [ -70.437, -14.857 ], [ -70.461, -14.891 ], [ -70.466, -14.928 ], [ -70.477, -14.938 ], [ -70.495, -14.924 ], [ -70.492, -14.913 ], [ -70.501, -14.914 ], [ -70.509, -14.926 ], [ -70.508, -14.947 ], [ -70.5, -14.951 ], [ -70.542, -14.993 ], [ -70.532, -15.028 ], [ -70.55, -15.055 ], [ -70.55, -15.084 ], [ -70.533, -15.095 ], [ -70.533, -15.136 ], [ -70.513, -15.149 ], [ -70.54, -15.176 ], [ -70.54, -15.191 ], [ -70.563, -15.192 ], [ -70.596, -15.127 ], [ -70.612, -15.119 ], [ -70.622, -15.128 ], [ -70.634, -15.118 ], [ -70.657, -15.134 ], [ -70.671, -15.132 ], [ -70.683, -15.115 ], [ -70.708, -15.127 ], [ -70.709, -15.085 ], [ -70.758, -15.045 ], [ -70.764, -15.029 ], [ -70.774, -15.034 ], [ -70.797, -15.024 ], [ -70.834, -15.001 ], [ -70.869, -15.04 ] ], [ [ -70.969, -14.828 ], [ -70.976, -14.826 ], [ -70.975, -14.827 ], [ -70.969, -14.828 ] ], [ [ -70.966, -14.835 ], [ -70.965, -14.836 ], [ -70.969, -14.828 ], [ -70.966, -14.835 ] ], [ [ -70.76, -14.757 ], [ -70.767, -14.758 ], [ -70.756, -14.758 ], [ -70.76, -14.757 ] ], [ [ -70.746, -14.754 ], [ -70.754, -14.758 ], [ -70.752, -14.758 ], [ -70.746, -14.754 ] ], [ [ -70.721, -14.745 ], [ -70.733, -14.751 ], [ -70.722, -14.746 ], [ -70.721, -14.745 ] ], [ [ -70.662, -14.709 ], [ -70.667, -14.722 ], [ -70.666, -14.722 ], [ -70.662, -14.709 ] ], [ [ -70.614, -14.672 ], [ -70.626, -14.68 ], [ -70.616, -14.675 ], [ -70.614, -14.672 ] ], [ [ -70.606, -14.654 ], [ -70.608, -14.656 ], [ -70.614, -14.672 ], [ -70.606, -14.654 ] ], [ [ -70.467, -14.808 ], [ -70.473, -14.805 ], [ -70.467, -14.809 ], [ -70.467, -14.808 ] ], [ [ -70.765, -15.006 ], [ -70.769, -14.998 ], [ -70.766, -15.006 ], [ -70.765, -15.006 ] ], [ [ -70.679, -14.737 ], [ -70.677, -14.729 ], [ -70.678, -14.73 ], [ -70.679, -14.737 ] ], [ [ -70.967, -14.585 ], [ -70.965, -14.586 ], [ -70.953, -14.588 ], [ -70.967, -14.585 ] ], [ [ -70.822, -14.732 ], [ -70.821, -14.733 ], [ -70.814, -14.732 ], [ -70.822, -14.732 ] ], [ [ -70.789, -14.705 ], [ -70.788, -14.704 ], [ -70.789, -14.704 ], [ -70.789, -14.705 ] ], [ [ -70.605, -14.653 ], [ -70.599, -14.651 ], [ -70.605, -14.652 ], [ -70.605, -14.653 ] ], [ [ -70.483, -14.604 ], [ -70.482, -14.604 ], [ -70.482, -14.601 ], [ -70.483, -14.604 ] ], [ [ -70.767, -14.466 ], [ -70.767, -14.465 ], [ -70.784, -14.46 ], [ -70.767, -14.466 ] ], [ [ -70.957, -14.413 ], [ -70.959, -14.414 ], [ -70.96, -14.417 ], [ -70.957, -14.413 ] ], [ [ -70.46, -14.503 ], [ -70.458, -14.509 ], [ -70.458, -14.506 ], [ -70.46, -14.503 ] ], [ [ -70.466, -14.484 ], [ -70.461, -14.498 ], [ -70.462, -14.492 ], [ -70.466, -14.484 ] ], [ [ -70.462, -14.434 ], [ -70.456, -14.438 ], [ -70.456, -14.437 ], [ -70.462, -14.434 ] ] ] } },
{ "type": "Feature", "properties": { "DEPARTAMEN": "PUNO", "PROVINCIA": "MOHO", "clave": "PUNO|MOHO" }, "geometry": { "type": "Polygon", "coordinates": [ [ [ -69.313, -15.493 ], [ -69.309, -15.505 ], [ -69.331, -15.538 ], [ -69.391, -15.507 ], [ -69.375, -15.491 ], [ -69.377, -15.482 ], [ -69.368, -15.496 ], [ -69.373, -15.503 ], [ -69.362, -15.499 ], [ -69.363, -15.514 ], [ -69.35, -15.511 ], [ -69.359, -15.502 ], [ -69.356, -15.482 ], [ -69.376, -15.471 ], [ -69.398, -15.483 ], [ -69.433, -15.478 ], [ -69.415, -15.498 ], [ -69.432, -15.506 ], [ -69.442, -15.491 ], [ -69.44, -15.463 ], [ -69.46, -15.453 ], [ -69.473, -15.427 ], [ -69.499, -15.413 ], [ -69.497, -15.405 ], [ -69.512, -15.407 ], [ -69.532, -15.387 ], [ -69.517, -15.38 ], [ -69.522, -15.37 ], [ -69.553, -15.376 ], [ -69.567, -15.348 ], [ -69.573, -15.351 ], [ -69.568, -15.362 ], [ -69.589, -15.373 ], [ -69.622, -15.344 ], [ -69.628, -15.356 ], [ -69.635, -15.353 ], [ -69.63, -15.344 ], [ -69.641, -15.334 ], [ -69.63, -15.331 ], [ -69.654, -15.298 ], [ -69.633, -15.313 ], [ -69.64, -15.286 ], [ -69.657, -15.283 ], [ -69.669, -15.268 ], [ -69.656, -15.272 ], [ -69.639, -15.261 ], [ -69.543, -15.308 ], [ -69.547, -15.285 ], [ -69.527, -15.271 ], [ -69.519, -15.249 ], [ -69.508, -15.249 ], [ -69.486, -15.272 ], [ -69.449, -15.267 ], [ -69.443, -15.244 ], [ -69.411, -15.229 ], [ -69.401, -15.213 ], [ -69.372, -15.217 ], [ -69.376, -15.229 ], [ -69.357, -15.21 ], [ -69.351, -15.187 ], [ -69.292, -15.162 ], [ -69.273, -15.182 ], [ -69.241, -15.187 ], [ -69.227, -15.215 ], [ -69.191, -15.23 ], [ -69.173, -15.256 ], [ -69.195, -15.315 ], [ -69.207, -15.324 ], [ -69.216, -15.317 ], [ -69.249, -15.371 ], [ -69.26, -15.374 ], [ -69.25, -15.427 ], [ -69.232, -15.442 ], [ -69.241, -15.46 ], [ -69.254, -15.469 ], [ -69.29, -15.437 ], [ -69.312, -15.473 ], [ -69.301, -15.486 ], [ -69.313, -15.493 ] ], [ [ -69.333, -15.452 ], [ -69.356, -15.439 ], [ -69.331, -15.455 ], [ -69.333, -15.452 ] ], [ [ -69.364, -15.448 ], [ -69.358, -15.45 ], [ -69.356, -15.449 ], [ -69.364, -15.448 ] ], [ [ -69.404, -15.245 ], [ -69.397, -15.248 ], [ -69.402, -15.245 ], [ -69.404, -15.245 ] ], [ [ -69.412, -15.286 ], [ -69.424, -15.298 ], [ -69.425, -15.3 ], [ -69.412, -15.286 ] ], [ [ -69.425, -15.301 ], [ -69.425, -15.302 ], [ -69.408, -15.315 ], [ -69.425, -15.301 ] ] ] } },
{ "type": "Feature", "properties": { "DEPARTAMEN": "PUNO", "PROVINCIA": "SAN ANTONIO DE PUTINA", "clave": "PUNO|SAN ANTONIO DE PUTINA" }, "geometry": { "type": "Polygon", "coordinates": [ [ [ -69.851, -15.043 ], [ -69.886, -15.081 ], [ -69.875, -15.088 ], [ -69.877, -15.109 ], [ -69.884, -15.103 ], [ -69.9, -15.11 ], [ -69.91, -15.095 ], [ -69.917, -15.098 ], [ -69.922, -15.059 ], [ -69.947, -15.055 ], [ -69.967, -15.03 ], [ -69.958, -14.964 ], [ -69.976, -14.944 ], [ -69.966, -14.925 ], [ -69.989, -14.873 ], [ -69.969, -14.852 ], [ -69.938, -14.843 ], [ -69.912, -14.865 ], [ -69.898, -14.852 ], [ -69.901, -14.827 ], [ -69.85, -14.79 ], [ -69.858, -14.778 ], [ -69.854, -14.761 ], [ -69.836, -14.738 ], [ -69.859, -14.686 ], [ -69.849, -14.656 ], [ -69.857, -14.647 ], [ -69.861, -14.591 ], [ -69.867, -14.586 ], [ -69.877, -14.602 ], [ -69.901, -14.566 ], [ -69.914, -14.58 ], [ -69.934, -14.569 ], [ -69.988, -14.584 ], [ -70.012, -14.559 ], [ -69.986, -14.524 ], [ -69.954, -14.504 ], [ -69.95, -14.492 ], [ -69.895, -14.478 ], [ -69.889, -14.435 ], [ -69.87, -14.445 ], [ -69.817, -14.449 ], [ -69.81, -14.459 ], [ -69.796, -14.457 ], [ -69.795, -14.446 ], [ -69.778, -14.449 ], [ -69.766, -14.472 ], [ -69.732, -14.493 ], [ -69.727, -14.509 ], [ -69.709, -14.508 ], [ -69.667, -14.531 ], [ -69.657, -14.609 ], [ -69.614, -14.662 ], [ -69.582, -14.627 ], [ -69.549, -14.627 ], [ -69.525, -14.604 ], [ -69.506, -14.608 ], [ -69.493, -14.593 ], [ -69.462, -14.587 ], [ -69.441, -14.613 ], [ -69.412, -14.621 ], [ -69.372, -14.61 ], [ -69.348, -14.623 ], [ -69.329, -14.614 ], [ -69.333, -14.576 ], [ -69.313, -14.552 ], [ -69.315, -14.522 ], [ -69.296, -14.486 ], [ -69.289, -14.425 ], [ -69.303, -14.399 ], [ -69.271, -14.347 ], [ -69.274, -14.311 ], [ -69.262, -14.307 ], [ -69.246, -14.316 ], [ -69.228, -14.343 ], [ -69.235, -14.357 ], [ -69.232, -14.383 ], [ -69.219, -14.392 ], [ -69.22, -14.439 ], [ -69.182, -14.438 ], [ -69.149, -14.451 ], [ -69.113, -14.491 ], [ -69.121, -14.51 ], [ -69.154, -14.522 ], [ -69.144, -14.53 ], [ -69.15, -14.58 ], [ -69.179, -14.591 ], [ -69.221, -14.582 ], [ -69.231, -14.609 ], [ -69.228, -14.654 ], [ -69.243, -14.66 ], [ -69.258, -14.684 ], [ -69.226, -14.736 ], [ -69.24, -14.759 ], [ -69.271, -14.77 ], [ -69.303, -14.766 ], [ -69.34, -14.796 ], [ -69.403, -14.825 ], [ -69.414, -14.855 ], [ -69.438, -14.834 ], [ -69.451, -14.785 ], [ -69.466, -14.77 ], [ -69.494, -14.763 ], [ -69.512, -14.773 ], [ -69.5, -14.802 ], [ -69.53, -14.843 ], [ -69.518, -14.876 ], [ -69.542, -14.929 ], [ -69.568, -14.916 ], [ -69.612, -14.913 ], [ -69.622, -14.95 ], [ -69.637, -14.955 ], [ -69.659, -14.943 ], [ -69.712, -14.954 ], [ -69.729, -14.976 ], [ -69.731, -14.998 ], [ -69.746, -14.994 ], [ -69.765, -14.963 ], [ -69.782, -14.955 ], [ -69.8, -14.958 ], [ -69.798, -14.979 ], [ -69.816, -14.987 ], [ -69.828, -14.982 ], [ -69.849, -15.015 ], [ -69.851, -15.043 ] ], [ [ -69.525, -14.766 ], [ -69.528, -14.768 ], [ -69.522, -14.765 ], [ -69.525, -14.766 ] ], [ [ -69.69, -14.698 ], [ -69.693, -14.7 ], [ -69.689, -14.699 ], [ -69.69, -14.698 ] ], [ [ -69.685, -14.699 ], [ -69.687, -14.699 ], [ -69.684, -14.7 ], [ -69.685, -14.699 ] ], [ [ -69.304, -14.656 ], [ -69.304, -14.655 ], [ -69.306, -14.656 ], [ -69.304, -14.656 ] ], [ [ -69.286, -14.642 ], [ -69.286, -14.641 ], [ -69.294, -14.642 ], [ -69.286, -14.642 ] ] ] } },
{ "type": "Feature", "properties": { "DEPARTAMEN": "PUNO", "PROVINCIA": "SAN ROMAN", "clave": "PUNO|SAN ROMAN" }, "geometry": { "type": "Polygon", "coordinates": [ [ [ -70.257, -15.552 ], [ -70.271, -15.511 ], [ -70.297, -15.489 ], [ -70.289, -15.464 ], [ -70.301, -15.468 ], [ -70.321, -15.453 ], [ -70.341, -15.415 ], [ -70.33, -15.394 ], [ -70.315, -15.396 ], [ -70.306, -15.386 ], [ -70.279, -15.402 ], [ -70.269, -15.395 ], [ -70.267, -15.375 ], [ -70.292, -15.354 ], [ -70.277, -15.336 ], [ -70.276, -15.315 ], [ -70.23, -15.338 ], [ -70.183, -15.38 ], [ -70.132, -15.334 ], [ -70.107, -15.345 ], [ -70.091, -15.39 ], [ -70.079, -15.388 ], [ -70.071, -15.397 ], [ -70.081, -15.399 ], [ -70.071, -15.425 ], [ -70.075, -15.445 ], [ -70.082, -15.45 ], [ -70.085, -15.458 ], [ -70.025, -15.438 ], [ -70.028, -15.458 ], [ -70.004, -15.47 ], [ -69.99, -15.49 ], [ -69.997, -15.506 ], [ -69.962, -15.539 ], [ -69.97, -15.55 ], [ -69.988, -15.554 ], [ -69.994, -15.542 ], [ -70.011, -15.552 ], [ -70.015, -15.558 ], [ -69.998, -15.56 ], [ -70.026, -15.565 ], [ -70.086, -15.634 ], [ -70.084, -15.642 ], [ -70.123, -15.637 ], [ -70.145, -15.67 ], [ -70.168, -15.632 ], [ -70.201, -15.617 ], [ -70.205, -15.642 ], [ -70.246, -15.676 ], [ -70.261, -15.674 ], [ -70.313, -15.737 ], [ -70.341, -15.726 ], [ -70.374, -15.741 ], [ -70.39, -15.731 ], [ -70.413, -15.735 ], [ -70.438, -15.787 ], [ -70.419, -15.819 ], [ -70.431, -15.834 ], [ -70.428, -15.849 ], [ -70.445, -15.868 ], [ -70.446, -15.896 ], [ -70.479, -15.911 ], [ -70.481, -15.946 ], [ -70.517, -15.976 ], [ -70.551, -15.977 ], [ -70.625, -16.003 ], [ -70.641, -15.988 ], [ -70.682, -16.021 ], [ -70.724, -16.034 ], [ -70.741, -16.016 ], [ -70.776, -16.013 ], [ -70.8, -15.976 ], [ -70.808, -15.988 ], [ -70.841, -15.972 ], [ -70.832, -15.949 ], [ -70.843, -15.923 ], [ -70.866, -15.889 ], [ -70.894, -15.887 ], [ -70.888, -15.842 ], [ -70.869, -15.837 ], [ -70.845, -15.806 ], [ -70.814, -15.814 ], [ -70.814, -15.793 ], [ -70.8, -15.782 ], [ -70.769, -15.787 ], [ -70.746, -15.776 ], [ -70.687, -15.794 ], [ -70.663, -15.779 ], [ -70.658, -15.761 ], [ -70.638, -15.746 ], [ -70.609, -15.759 ], [ -70.572, -15.72 ], [ -70.558, -15.739 ], [ -70.546, -15.739 ], [ -70.528, -15.688 ], [ -70.494, -15.678 ], [ -70.475, -15.657 ], [ -70.465, -15.654 ], [ -70.438, -15.676 ], [ -70.376, -15.67 ], [ -70.329, -15.62 ], [ -70.329, -15.617 ], [ -70.257, -15.552 ] ], [ [ -70.21, -15.569 ], [ -70.211, -15.566 ], [ -70.21, -15.574 ], [ -70.21, -15.569 ] ], [ [ -70.326, -15.643 ], [ -70.327, -15.644 ], [ -70.326, -15.644 ], [ -70.326, -15.643 ] ], [ [ -70.334, -15.669 ], [ -70.34, -15.686 ], [ -70.339, -15.685 ], [ -70.334, -15.669 ] ], [ [ -70.352, -15.692 ], [ -70.355, -15.692 ], [ -70.356, -15.693 ], [ -70.352, -15.692 ] ], [ [ -70.085, -15.476 ], [ -70.084, -15.473 ], [ -70.086, -15.475 ], [ -70.085, -15.476 ] ], [ [ -70.191, -15.407 ], [ -70.19, -15.407 ], [ -70.191, -15.401 ], [ -70.191, -15.407 ] ], [ [ -70.1, -15.47 ], [ -70.098, -15.469 ], [ -70.103, -15.47 ], [ -70.1, -15.47 ] ], [ [ -70.086, -15.469 ], [ -70.092, -15.467 ], [ -70.094, -15.468 ], [ -70.086, -15.469 ] ] ] } },
{ "type": "Feature", "properties": { "DEPARTAMEN": "PUNO", "PROVINCIA": "SANDIA", "clave": "PUNO|SANDIA" }, "geometry": { "type": "Polygon", "coordinates": [ [ [ -69.27, -14.346 ], [ -69.303, -14.399 ], [ -69.289, -14.425 ], [ -69.291, -14.452 ], [ -69.307, -14.517 ], [ -69.315, -14.522 ], [ -69.313, -14.552 ], [ -69.333, -14.576 ], [ -69.328, -14.614 ], [ -69.348, -14.624 ], [ -69.373, -14.61 ], [ -69.413, -14.621 ], [ -69.444, -14.612 ], [ -69.447, -14.597 ], [ -69.462, -14.587 ], [ -69.474, -14.589 ], [ -69.506, -14.608 ], [ -69.525, -14.604 ], [ -69.549, -14.627 ], [ -69.582, -14.627 ], [ -69.614, -14.662 ], [ -69.623, -14.655 ], [ -69.635, -14.626 ], [ -69.657, -14.609 ], [ -69.66, -14.543 ], [ -69.672, -14.524 ], [ -69.691, -14.518 ], [ -69.66, -14.454 ], [ -69.682, -14.441 ], [ -69.689, -14.421 ], [ -69.724, -14.418 ], [ -69.733, -14.359 ], [ -69.728, -14.35 ], [ -69.736, -14.334 ], [ -69.756, -14.336 ], [ -69.783, -14.312 ], [ -69.786, -14.275 ], [ -69.8, -14.268 ], [ -69.84, -14.275 ], [ -69.854, -14.255 ], [ -69.843, -14.221 ], [ -69.85, -14.212 ], [ -69.823, -14.162 ], [ -69.833, -14.138 ], [ -69.821, -14.131 ], [ -69.798, -14.067 ], [ -69.765, -14.031 ], [ -69.753, -14.035 ], [ -69.725, -14.019 ], [ -69.723, -13.977 ], [ -69.702, -13.936 ], [ -69.665, -13.905 ], [ -69.664, -13.882 ], [ -69.728, -13.841 ], [ -69.732, -13.812 ], [ -69.762, -13.792 ], [ -69.786, -13.75 ], [ -69.779, -13.739 ], [ -69.769, -13.746 ], [ -69.754, -13.738 ], [ -69.746, -13.691 ], [ -69.752, -13.677 ], [ -69.726, -13.635 ], [ -69.719, -13.604 ], [ -69.726, -13.592 ], [ -69.707, -13.549 ], [ -69.711, -13.537 ], [ -69.696, -13.522 ], [ -69.715, -13.521 ], [ -69.737, -13.506 ], [ -69.724, -13.492 ], [ -69.713, -13.506 ], [ -69.684, -13.501 ], [ -69.669, -13.475 ], [ -69.679, -13.458 ], [ -69.654, -13.459 ], [ -69.651, -13.427 ], [ -69.642, -13.408 ], [ -69.632, -13.408 ], [ -69.654, -13.38 ], [ -69.65, -13.342 ], [ -68.871, -13.005 ], [ -68.871, -13.019 ], [ -68.853, -13.016 ], [ -68.867, -13.031 ], [ -68.852, -13.032 ], [ -68.85, -13.048 ], [ -68.863, -13.047 ], [ -68.854, -13.06 ], [ -68.869, -13.082 ], [ -68.86, -13.096 ], [ -68.866, -13.111 ], [ -68.859, -13.113 ], [ -68.873, -13.113 ], [ -68.866, -13.119 ], [ -68.878, -13.136 ], [ -68.868, -13.134 ], [ -68.87, -13.149 ], [ -68.858, -13.151 ], [ -68.871, -13.168 ], [ -68.857, -13.17 ], [ -68.861, -13.183 ], [ -68.872, -13.181 ], [ -68.852, -13.211 ], [ -68.861, -13.212 ], [ -68.863, -13.225 ], [ -68.854, -13.222 ], [ -68.858, -13.235 ], [ -68.845, -13.247 ], [ -68.86, -13.256 ], [ -68.853, -13.261 ], [ -68.859, -13.267 ], [ -68.849, -13.27 ], [ -68.862, -13.271 ], [ -68.857, -13.294 ], [ -68.868, -13.3 ], [ -68.859, -13.312 ], [ -68.879, -13.329 ], [ -68.868, -13.334 ], [ -68.879, -13.344 ], [ -68.867, -13.351 ], [ -68.875, -13.354 ], [ -68.869, -13.359 ], [ -68.892, -13.383 ], [ -68.885, -13.393 ], [ -68.895, -13.402 ], [ -68.885, -13.404 ], [ -68.898, -13.413 ], [ -68.889, -13.435 ], [ -68.901, -13.435 ], [ -68.899, -13.447 ], [ -68.906, -13.437 ], [ -68.896, -13.461 ], [ -68.906, -13.457 ], [ -68.901, -13.47 ], [ -68.917, -13.484 ], [ -68.907, -13.489 ], [ -68.922, -13.51 ], [ -68.915, -13.513 ], [ -68.919, -13.525 ], [ -68.922, -13.517 ], [ -68.935, -13.529 ], [ -68.941, -13.522 ], [ -68.936, -13.535 ], [ -68.95, -13.552 ], [ -68.946, -13.569 ], [ -68.958, -13.59 ], [ -68.952, -13.604 ], [ -68.972, -13.601 ], [ -68.972, -13.611 ], [ -69.005, -13.624 ], [ -68.99, -13.635 ], [ -68.996, -13.652 ], [ -69.02, -13.658 ], [ -69.033, -13.654 ], [ -69.036, -13.64 ], [ -69.047, -13.645 ], [ -69.063, -13.659 ], [ -69.067, -13.687 ], [ -69.036, -13.716 ], [ -69.026, -13.739 ], [ -69.008, -13.739 ], [ -68.974, -13.761 ], [ -68.98, -13.783 ], [ -68.992, -13.778 ], [ -68.994, -13.788 ], [ -68.974, -13.796 ], [ -68.959, -13.79 ], [ -68.917, -13.814 ], [ -68.941, -13.84 ], [ -68.951, -13.879 ], [ -68.973, -13.882 ], [ -68.983, -13.895 ], [ -68.983, -13.93 ], [ -68.963, -13.949 ], [ -68.979, -13.977 ], [ -68.946, -14.005 ], [ -68.936, -14.026 ], [ -68.918, -14.027 ], [ -68.89, -14.047 ], [ -68.871, -14.111 ], [ -68.833, -14.145 ], [ -68.834, -14.154 ], [ -68.856, -14.163 ], [ -68.846, -14.197 ], [ -68.831, -14.205 ], [ -68.828, -14.219 ], [ -68.972, -14.224 ], [ -68.969, -14.235 ], [ -68.989, -14.244 ], [ -68.98, -14.267 ], [ -69.005, -14.291 ], [ -69.015, -14.315 ], [ -68.985, -14.374 ], [ -69.004, -14.391 ], [ -69.005, -14.404 ], [ -69.025, -14.407 ], [ -69.028, -14.425 ], [ -69.082, -14.444 ], [ -69.097, -14.486 ], [ -69.114, -14.488 ], [ -69.142, -14.456 ], [ -69.182, -14.438 ], [ -69.221, -14.438 ], [ -69.218, -14.393 ], [ -69.232, -14.383 ], [ -69.235, -14.357 ], [ -69.228, -14.343 ], [ -69.246, -14.316 ], [ -69.263, -14.306 ], [ -69.271, -14.314 ], [ -69.27, -14.346 ] ], [ [ -69.687, -14.235 ], [ -69.699, -14.238 ], [ -69.695, -14.238 ], [ -69.687, -14.235 ] ], [ [ -69.549, -14.161 ], [ -69.566, -14.172 ], [ -69.55, -14.163 ], [ -69.549, -14.161 ] ], [ [ -69.545, -14.145 ], [ -69.545, -14.154 ], [ -69.544, -14.153 ], [ -69.545, -14.145 ] ], [ [ -69.525, -14.157 ], [ -69.527, -14.154 ], [ -69.525, -14.161 ], [ -69.525, -14.157 ] ], [ [ -69.488, -14.168 ], [ -69.509, -14.168 ], [ -69.508, -14.169 ], [ -69.488, -14.168 ] ], [ [ -69.477, -14.173 ], [ -69.475, -14.173 ], [ -69.488, -14.168 ], [ -69.477, -14.173 ] ], [ [ -69.467, -14.169 ], [ -69.474, -14.173 ], [ -69.473, -14.173 ], [ -69.467, -14.169 ] ], [ [ -69.422, -14.144 ], [ -69.422, -14.145 ], [ -69.413, -14.147 ], [ -69.422, -14.144 ] ], [ [ -69.218, -14.213 ], [ -69.21, -14.227 ], [ -69.209, -14.226 ], [ -69.218, -14.213 ] ], [ [ -69.036, -14.221 ], [ -69.039, -14.216 ], [ -69.037, -14.221 ], [ -69.036, -14.221 ] ], [ [ -69.009, -14.228 ], [ -69.01, -14.228 ], [ -69.009, -14.229 ], [ -69.009, -14.228 ] ], [ [ -69.005, -14.231 ], [ -69.008, -14.229 ], [ -69.003, -14.236 ], [ -69.005, -14.231 ] ], [ [ -69.444, -14.47 ], [ -69.441, -14.475 ], [ -69.438, -14.477 ], [ -69.444, -14.47 ] ], [ [ -69.429, -14.478 ], [ -69.434, -14.476 ], [ -69.432, -14.478 ], [ -69.429, -14.478 ] ], [ [ -69.383, -14.357 ], [ -69.373, -14.352 ], [ -69.383, -14.356 ], [ -69.383, -14.357 ] ], [ [ -69.292, -14.281 ], [ -69.29, -14.276 ], [ -69.29, -14.275 ], [ -69.292, -14.281 ] ], [ [ -69.28, -14.287 ], [ -69.276, -14.29 ], [ -69.276, -14.289 ], [ -69.28, -14.287 ] ], [ [ -69.486, -14.409 ], [ -69.489, -14.413 ], [ -69.482, -14.416 ], [ -69.486, -14.409 ] ], [ [ -69.433, -14.496 ], [ -69.432, -14.495 ], [ -69.433, -14.494 ], [ -69.433, -14.496 ] ], [ [ -69.586, -14.413 ], [ -69.588, -14.415 ], [ -69.584, -14.412 ], [ -69.586, -14.413 ] ], [ [ -69.548, -14.244 ], [ -69.547, -14.252 ], [ -69.547, -14.243 ], [ -69.548, -14.244 ] ], [ [ -69.53, -14.211 ], [ -69.546, -14.241 ], [ -69.543, -14.237 ], [ -69.53, -14.211 ] ], [ [ -69.083, -14.152 ], [ -69.069, -14.155 ], [ -69.07, -14.154 ], [ -69.083, -14.152 ] ], [ [ -69.197, -14.195 ], [ -69.202, -14.185 ], [ -69.202, -14.187 ], [ -69.197, -14.195 ] ], [ [ -69.202, -14.184 ], [ -69.202, -14.179 ], [ -69.204, -14.169 ], [ -69.202, -14.184 ] ], [ [ -69.196, -14.152 ], [ -69.191, -14.149 ], [ -69.189, -14.146 ], [ -69.196, -14.152 ] ], [ [ -69.556, -13.917 ], [ -69.551, -13.916 ], [ -69.558, -13.916 ], [ -69.556, -13.917 ] ], [ [ -69.543, -13.918 ], [ -69.55, -13.917 ], [ -69.549, -13.918 ], [ -69.543, -13.918 ] ], [ [ -69.512, -13.924 ], [ -69.509, -13.935 ], [ -69.511, -13.924 ], [ -69.512, -13.924 ] ], [ [ -69.417, -13.842 ], [ -69.404, -13.843 ], [ -69.417, -13.841 ], [ -69.417, -13.842 ] ], [ [ -69.368, -13.869 ], [ -69.368, -13.868 ], [ -69.369, -13.868 ], [ -69.368, -13.869 ] ], [ [ -69.366, -13.868 ], [ -69.364, -13.862 ], [ -69.367, -13.868 ], [ -69.366, -13.868 ] ], [ [ -69.107, -14.089 ], [ -69.108, -14.09 ], [ -69.104, -14.09 ], [ -69.107, -14.089 ] ], [ [ -69.527, -13.4 ], [ -69.538, -13.399 ], [ -69.534, -13.4 ], [ -69.527, -13.4 ] ], [ [ -69.485, -13.395 ], [ -69.494, -13.394 ], [ -69.485, -13.396 ], [ -69.485, -13.395 ] ], [ [ -69.328, -13.771 ], [ -69.334, -13.762 ], [ -69.328, -13.772 ], [ -69.328, -13.771 ] ], [ [ -69.35, -13.808 ], [ -69.348, -13.802 ], [ -69.349, -13.803 ], [ -69.35, -13.808 ] ] ] } },
{ "type": "Feature", "properties": { "DEPARTAMEN": "PUNO", "PROVINCIA": "YUNGUYO", "clave": "PUNO|YUNGUYO" }, "geometry": { "type": "MultiPolygon", "coordinates": [ [ [ [ -69.023, -16.404 ], [ -69.043, -16.42 ], [ -69.06, -16.404 ], [ -69.054, -16.393 ], [ -69.113, -16.366 ], [ -69.124, -16.365 ], [ -69.125, -16.397 ], [ -69.135, -16.398 ], [ -69.143, -16.388 ], [ -69.141, -16.332 ], [ -69.19, -16.315 ], [ -69.205, -16.299 ], [ -69.2, -16.264 ], [ -69.185, -16.26 ], [ -69.175, -16.257 ], [ -69.148, -16.254 ], [ -69.115, -16.237 ], [ -69.097, -16.244 ], [ -69.103, -16.224 ], [ -69.082, -16.221 ], [ -69.055, -16.198 ], [ -69.013, -16.22 ], [ -68.984, -16.19 ], [ -68.962, -16.192 ], [ -68.959, -16.227 ], [ -68.97, -16.23 ], [ -68.966, -16.237 ], [ -68.972, -16.236 ], [ -68.978, -16.262 ], [ -68.988, -16.258 ], [ -68.995, -16.273 ], [ -69.0, -16.274 ], [ -69.006, -16.271 ], [ -68.99, -16.237 ], [ -69.012, -16.264 ], [ -69.031, -16.261 ], [ -69.031, -16.275 ], [ -69.055, -16.249 ], [ -69.077, -16.261 ], [ -69.078, -16.276 ], [ -69.056, -16.278 ], [ -69.038, -16.296 ], [ -69.022, -16.332 ], [ -69.023, -16.404 ] ], [ [ -69.028, -16.348 ], [ -69.028, -16.357 ], [ -69.027, -16.349 ], [ -69.028, -16.348 ] ], [ [ -69.059, -16.343 ], [ -69.045, -16.34 ], [ -69.046, -16.34 ], [ -69.059, -16.343 ] ], [ [ -68.982, -16.222 ], [ -68.983, -16.219 ], [ -68.983, -16.222 ], [ -68.982, -16.222 ] ] ], [ [ [ -68.918, -16.404 ], [ -68.918, -16.233 ], [ -68.814, -16.32 ], [ -68.814, -16.348 ], [ -68.918, -16.404 ] ] ], [ [ [ -68.949, -16.242 ], [ -68.953, -16.226 ], [ -68.936, -16.237 ], [ -68.949, -16.242 ] ] ] ] } },
{ "type": "Feature", "properties": { "DEPARTAMEN": "SAN MARTIN", "PROVINCIA": "MOYOBAMBA", "clave": "SAN MARTIN|MOYOBAMBA" }, "geometry": { "type": "Polygon", "coordinates": [ [ [ -76.972, -6.323 ], [ -76.944, -6.354 ], [ -76.934, -6.384 ], [ -76.951, -6.397 ], [ -76.971, -6.383 ], [ -77.006, -6.413 ], [ -77.044, -6.403 ], [ -77.066, -6.408 ], [ -77.096, -6.388 ], [ -77.12, -6.396 ], [ -77.146, -6.354 ], [ -77.133, -6.302 ], [ -77.171, -6.265 ], [ -77.174, -6.247 ], [ -77.197, -6.233 ], [ -77.178, -6.233 ], [ -77.153, -6.21 ], [ -77.125, -6.203 ], [ -77.12, -6.162 ], [ -77.131, -6.147 ], [ -77.124, -6.132 ], [ -77.132, -6.129 ], [ -77.125, -6.121 ], [ -77.147, -6.107 ], [ -77.146, -6.087 ], [ -77.137, -6.087 ], [ -77.139, -6.073 ], [ -77.144, -6.08 ], [ -77.152, -6.07 ], [ -77.151, -6.057 ], [ -77.144, -6.057 ], [ -77.156, -6.039 ], [ -77.148, -6.018 ], [ -77.157, -6.009 ], [ -77.148, -5.994 ], [ -77.142, -5.997 ], [ -77.14, -5.98 ], [ -77.149, -5.978 ], [ -77.141, -5.973 ], [ -77.145, -5.962 ], [ -77.136, -5.964 ], [ -77.148, -5.959 ], [ -77.139, -5.954 ], [ -77.142, -5.937 ], [ -77.148, -5.942 ], [ -77.154, -5.933 ], [ -77.153, -5.94 ], [ -77.161, -5.936 ], [ -77.182, -5.947 ], [ -77.189, -5.936 ], [ -77.202, -5.94 ], [ -77.205, -5.924 ], [ -77.219, -5.92 ], [ -77.213, -5.908 ], [ -77.246, -5.883 ], [ -77.238, -5.861 ], [ -77.255, -5.842 ], [ -77.256, -5.829 ], [ -77.247, -5.833 ], [ -77.251, -5.804 ], [ -77.27, -5.799 ], [ -77.263, -5.792 ], [ -77.272, -5.782 ], [ -77.267, -5.779 ], [ -77.282, -5.78 ], [ -77.279, -5.769 ], [ -77.285, -5.777 ], [ -77.3, -5.767 ], [ -77.3, -5.756 ], [ -77.307, -5.764 ], [ -77.315, -5.755 ], [ -77.315, -5.767 ], [ -77.332, -5.754 ], [ -77.34, -5.759 ], [ -77.351, -5.731 ], [ -77.361, -5.734 ], [ -77.36, -5.72 ], [ -77.373, -5.725 ], [ -77.375, -5.711 ], [ -77.384, -5.716 ], [ -77.381, -5.707 ], [ -77.402, -5.71 ], [ -77.42, -5.679 ], [ -77.438, -5.68 ], [ -77.446, -5.69 ], [ -77.462, -5.679 ], [ -77.509, -5.673 ], [ -77.516, -5.678 ], [ -77.508, -5.686 ], [ -77.525, -5.698 ], [ -77.533, -5.693 ], [ -77.533, -5.704 ], [ -77.575, -5.713 ], [ -77.572, -5.707 ], [ -77.587, -5.698 ], [ -77.583, -5.687 ], [ -77.621, -5.656 ], [ -77.624, -5.63 ], [ -77.659, -5.572 ], [ -77.642, -5.523 ], [ -77.733, -5.435 ], [ -77.745, -5.407 ], [ -77.713, -5.416 ], [ -77.672, -5.409 ], [ -77.66, -5.425 ], [ -77.607, -5.449 ], [ -77.595, -5.464 ], [ -77.579, -5.46 ], [ -77.558, -5.426 ], [ -77.518, -5.466 ], [ -77.492, -5.52 ], [ -77.507, -5.553 ], [ -77.49, -5.562 ], [ -77.473, -5.555 ], [ -77.461, -5.585 ], [ -77.411, -5.59 ], [ -77.404, -5.574 ], [ -77.372, -5.567 ], [ -77.337, -5.604 ], [ -77.28, -5.601 ], [ -77.266, -5.614 ], [ -77.232, -5.595 ], [ -77.202, -5.634 ], [ -77.179, -5.641 ], [ -77.162, -5.625 ], [ -77.142, -5.625 ], [ -77.127, -5.651 ], [ -77.11, -5.648 ], [ -77.062, -5.668 ], [ -76.996, -5.667 ], [ -76.973, -5.699 ], [ -76.934, -5.711 ], [ -76.893, -5.748 ], [ -76.862, -5.74 ], [ -76.825, -5.757 ], [ -76.829, -5.777 ], [ -76.816, -5.808 ], [ -76.826, -5.818 ], [ -76.82, -5.859 ], [ -76.778, -5.901 ], [ -76.765, -5.947 ], [ -76.747, -5.954 ], [ -76.746, -5.975 ], [ -76.759, -6.008 ], [ -76.819, -6.033 ], [ -76.847, -6.031 ], [ -76.866, -6.068 ], [ -76.884, -6.081 ], [ -76.871, -6.098 ], [ -76.848, -6.1 ], [ -76.837, -6.113 ], [ -76.831, -6.19 ], [ -76.829, -6.2 ], [ -76.817, -6.203 ], [ -76.815, -6.22 ], [ -76.824, -6.269 ], [ -76.834, -6.285 ], [ -76.867, -6.265 ], [ -76.885, -6.269 ], [ -76.901, -6.288 ], [ -76.954, -6.281 ], [ -76.972, -6.323 ] ], [ [ -77.137, -6.056 ], [ -77.139, -6.056 ], [ -77.125, -6.059 ], [ -77.137, -6.056 ] ], [ [ -76.887, -6.108 ], [ -76.884, -6.11 ], [ -76.886, -6.108 ], [ -76.887, -6.108 ] ], [ [ -77.01, -6.151 ], [ -77.004, -6.154 ], [ -77.004, -6.153 ], [ -77.01, -6.151 ] ], [ [ -77.077, -6.117 ], [ -77.071, -6.115 ], [ -77.071, -6.114 ], [ -77.077, -6.117 ] ], [ [ -77.055, -6.114 ], [ -77.059, -6.116 ], [ -77.059, -6.117 ], [ -77.055, -6.114 ] ], [ [ -77.027, -6.021 ], [ -77.026, -6.023 ], [ -77.026, -6.02 ], [ -77.027, -6.021 ] ], [ [ -77.114, -5.931 ], [ -77.107, -5.929 ], [ -77.114, -5.93 ], [ -77.114, -5.931 ] ], [ [ -77.133, -5.928 ], [ -77.136, -5.927 ], [ -77.136, -5.928 ], [ -77.133, -5.928 ] ] ] } },
{ "type": "Feature", "properties": { "DEPARTAMEN": "SAN MARTIN", "PROVINCIA": "BELLAVISTA", "clave": "SAN MARTIN|BELLAVISTA" }, "geometry": { "type": "Polygon", "coordinates": [ [ [ -76.167, -7.493 ], [ -76.122, -7.526 ], [ -76.116, -7.563 ], [ -76.091, -7.56 ], [ -76.079, -7.587 ], [ -76.094, -7.61 ], [ -76.082, -7.63 ], [ -76.101, -7.65 ], [ -76.102, -7.723 ], [ -76.087, -7.729 ], [ -76.084, -7.763 ], [ -76.067, -7.769 ], [ -76.061, -7.788 ], [ -76.044, -7.792 ], [ -76.037, -7.817 ], [ -76.008, -7.856 ], [ -76.006, -7.891 ], [ -75.988, -7.892 ], [ -75.976, -7.909 ], [ -75.986, -7.917 ], [ -75.994, -7.954 ], [ -75.967, -7.96 ], [ -75.939, -7.946 ], [ -75.928, -7.957 ], [ -75.859, -7.921 ], [ -75.829, -7.973 ], [ -75.845, -8.06 ], [ -75.887, -8.075 ], [ -75.921, -8.073 ], [ -75.929, -8.089 ], [ -75.952, -8.101 ], [ -75.934, -8.134 ], [ -75.941, -8.186 ], [ -75.926, -8.206 ], [ -75.913, -8.256 ], [ -75.921, -8.3 ], [ -75.949, -8.318 ], [ -75.984, -8.322 ], [ -76.004, -8.306 ], [ -76.043, -8.342 ], [ -76.056, -8.329 ], [ -76.107, -8.332 ], [ -76.132, -8.377 ], [ -76.151, -8.358 ], [ -76.166, -8.311 ], [ -76.197, -8.296 ], [ -76.203, -8.265 ], [ -76.227, -8.239 ], [ -76.232, -8.214 ], [ -76.26, -8.208 ], [ -76.298, -8.218 ], [ -76.304, -8.207 ], [ -76.333, -8.204 ], [ -76.328, -8.158 ], [ -76.335, -8.149 ], [ -76.353, -8.137 ], [ -76.376, -8.145 ], [ -76.377, -8.129 ], [ -76.43, -8.078 ], [ -76.449, -8.074 ], [ -76.456, -8.056 ], [ -76.52, -8.031 ], [ -76.555, -7.995 ], [ -76.595, -8.001 ], [ -76.615, -7.985 ], [ -76.615, -7.955 ], [ -76.628, -7.944 ], [ -76.628, -7.927 ], [ -76.606, -7.874 ], [ -76.615, -7.852 ], [ -76.637, -7.854 ], [ -76.616, -7.778 ], [ -76.63, -7.749 ], [ -76.61, -7.703 ], [ -76.566, -7.661 ], [ -76.568, -7.623 ], [ -76.58, -7.61 ], [ -76.574, -7.558 ], [ -76.557, -7.549 ], [ -76.551, -7.504 ], [ -76.564, -7.462 ], [ -76.558, -7.442 ], [ -76.569, -7.415 ], [ -76.565, -7.396 ], [ -76.574, -7.385 ], [ -76.565, -7.364 ], [ -76.571, -7.33 ], [ -76.557, -7.307 ], [ -76.584, -7.258 ], [ -76.624, -7.232 ], [ -76.614, -7.208 ], [ -76.633, -7.149 ], [ -76.669, -7.128 ], [ -76.631, -7.09 ], [ -76.523, -7.096 ], [ -76.632, -7.089 ], [ -76.632, -7.042 ], [ -76.653, -7.009 ], [ -76.634, -6.986 ], [ -76.709, -6.875 ], [ -76.734, -6.803 ], [ -76.697, -6.799 ], [ -76.684, -6.81 ], [ -76.621, -6.776 ], [ -76.595, -6.794 ], [ -76.535, -6.749 ], [ -76.523, -6.726 ], [ -76.504, -6.754 ], [ -76.5, -6.792 ], [ -76.463, -6.821 ], [ -76.474, -6.827 ], [ -76.472, -6.857 ], [ -76.508, -6.889 ], [ -76.514, -6.906 ], [ -76.538, -6.913 ], [ -76.549, -6.928 ], [ -76.539, -6.939 ], [ -76.544, -6.948 ], [ -76.527, -6.951 ], [ -76.528, -6.962 ], [ -76.52, -6.961 ], [ -76.524, -6.976 ], [ -76.503, -6.97 ], [ -76.499, -6.992 ], [ -76.487, -6.987 ], [ -76.482, -6.995 ], [ -76.478, -6.987 ], [ -76.472, -6.999 ], [ -76.466, -6.992 ], [ -76.464, -7.01 ], [ -76.455, -7.014 ], [ -76.451, -7.006 ], [ -76.424, -7.013 ], [ -76.419, -7.001 ], [ -76.416, -7.021 ], [ -76.369, -7.017 ], [ -76.314, -7.061 ], [ -76.257, -7.061 ], [ -76.237, -7.075 ], [ -76.169, -7.082 ], [ -76.158, -7.103 ], [ -76.159, -7.196 ], [ -76.144, -7.212 ], [ -76.159, -7.231 ], [ -76.167, -7.268 ], [ -76.213, -7.31 ], [ -76.196, -7.334 ], [ -76.215, -7.393 ], [ -76.167, -7.493 ] ], [ [ -76.519, -7.095 ], [ -76.498, -7.085 ], [ -76.523, -7.096 ], [ -76.519, -7.095 ] ], [ [ -76.533, -7.039 ], [ -76.527, -7.077 ], [ -76.523, -7.096 ], [ -76.533, -7.039 ] ], [ [ -76.526, -7.492 ], [ -76.527, -7.483 ], [ -76.528, -7.483 ], [ -76.526, -7.492 ] ], [ [ -76.51, -7.461 ], [ -76.506, -7.459 ], [ -76.502, -7.454 ], [ -76.51, -7.461 ] ], [ [ -76.538, -7.004 ], [ -76.546, -6.945 ], [ -76.547, -6.947 ], [ -76.538, -7.004 ] ], [ [ -76.545, -6.939 ], [ -76.543, -6.939 ], [ -76.547, -6.937 ], [ -76.545, -6.939 ] ], [ [ -76.666, -6.873 ], [ -76.673, -6.875 ], [ -76.677, -6.878 ], [ -76.666, -6.873 ] ] ] } },
{ "type": "Feature", "properties": { "DEPARTAMEN": "SAN MARTIN", "PROVINCIA": "EL DORADO", "clave": "SAN MARTIN|EL DORADO" }, "geometry": { "type": "Polygon", "coordinates": [ [ [ -76.786, -6.728 ], [ -76.781, -6.701 ], [ -76.796, -6.647 ], [ -76.841, -6.549 ], [ -76.877, -6.493 ], [ -76.921, -6.471 ], [ -76.944, -6.439 ], [ -76.953, -6.397 ], [ -76.934, -6.384 ], [ -76.944, -6.354 ], [ -76.972, -6.323 ], [ -76.954, -6.28 ], [ -76.901, -6.288 ], [ -76.885, -6.269 ], [ -76.867, -6.265 ], [ -76.835, -6.285 ], [ -76.844, -6.367 ], [ -76.832, -6.389 ], [ -76.78, -6.418 ], [ -76.715, -6.427 ], [ -76.699, -6.426 ], [ -76.697, -6.415 ], [ -76.683, -6.426 ], [ -76.673, -6.471 ], [ -76.657, -6.488 ], [ -76.655, -6.515 ], [ -76.641, -6.52 ], [ -76.641, -6.547 ], [ -76.597, -6.591 ], [ -76.601, -6.598 ], [ -76.553, -6.596 ], [ -76.538, -6.61 ], [ -76.535, -6.625 ], [ -76.558, -6.671 ], [ -76.524, -6.693 ], [ -76.524, -6.734 ], [ -76.583, -6.787 ], [ -76.597, -6.794 ], [ -76.621, -6.776 ], [ -76.686, -6.81 ], [ -76.697, -6.799 ], [ -76.734, -6.803 ], [ -76.786, -6.728 ] ], [ [ -76.635, -6.634 ], [ -76.639, -6.635 ], [ -76.637, -6.635 ], [ -76.635, -6.634 ] ], [ [ -76.638, -6.652 ], [ -76.644, -6.659 ], [ -76.641, -6.657 ], [ -76.638, -6.652 ] ], [ [ -76.642, -6.667 ], [ -76.641, -6.674 ], [ -76.641, -6.668 ], [ -76.642, -6.667 ] ], [ [ -76.676, -6.536 ], [ -76.665, -6.527 ], [ -76.668, -6.528 ], [ -76.676, -6.536 ] ], [ [ -76.66, -6.524 ], [ -76.657, -6.524 ], [ -76.658, -6.523 ], [ -76.66, -6.524 ] ] ] } },
{ "type": "Feature", "properties": { "DEPARTAMEN": "SAN MARTIN", "PROVINCIA": "HUALLAGA", "clave": "SAN MARTIN|HUALLAGA" }, "geometry": { "type": "Polygon", "coordinates": [ [ [ -76.632, -7.042 ], [ -76.633, -7.099 ], [ -76.648, -7.103 ], [ -76.669, -7.128 ], [ -76.682, -7.089 ], [ -76.698, -7.102 ], [ -76.718, -7.099 ], [ -76.759, -7.131 ], [ -76.778, -7.129 ], [ -76.784, -7.163 ], [ -76.798, -7.174 ], [ -76.812, -7.173 ], [ -76.855, -7.069 ], [ -76.885, -7.095 ], [ -76.907, -7.086 ], [ -76.906, -7.054 ], [ -76.897, -7.047 ], [ -76.902, -7.009 ], [ -76.957, -6.991 ], [ -76.967, -6.936 ], [ -77.015, -6.836 ], [ -77.014, -6.804 ], [ -77.031, -6.783 ], [ -77.034, -6.719 ], [ -77.025, -6.714 ], [ -77.003, -6.75 ], [ -77.041, -6.676 ], [ -77.075, -6.637 ], [ -77.064, -6.601 ], [ -77.049, -6.594 ], [ -77.047, -6.566 ], [ -77.086, -6.55 ], [ -77.123, -6.509 ], [ -77.158, -6.501 ], [ -77.177, -6.449 ], [ -77.198, -6.432 ], [ -77.199, -6.42 ], [ -77.221, -6.419 ], [ -77.252, -6.388 ], [ -77.276, -6.385 ], [ -77.287, -6.331 ], [ -77.26, -6.328 ], [ -77.244, -6.338 ], [ -77.221, -6.381 ], [ -77.166, -6.379 ], [ -77.147, -6.351 ], [ -77.115, -6.399 ], [ -77.097, -6.387 ], [ -77.066, -6.408 ], [ -77.044, -6.403 ], [ -77.006, -6.413 ], [ -76.972, -6.383 ], [ -76.953, -6.397 ], [ -76.944, -6.439 ], [ -76.921, -6.471 ], [ -76.877, -6.493 ], [ -76.841, -6.55 ], [ -76.796, -6.647 ], [ -76.781, -6.701 ], [ -76.786, -6.728 ], [ -76.734, -6.796 ], [ -76.711, -6.872 ], [ -76.636, -6.98 ], [ -76.641, -7.004 ], [ -76.653, -7.009 ], [ -76.632, -7.042 ] ], [ [ -76.876, -6.976 ], [ -76.876, -6.978 ], [ -76.875, -6.969 ], [ -76.876, -6.976 ] ], [ [ -76.779, -7.012 ], [ -76.78, -7.011 ], [ -76.78, -7.013 ], [ -76.779, -7.012 ] ], [ [ -76.787, -7.043 ], [ -76.784, -7.039 ], [ -76.79, -7.044 ], [ -76.787, -7.043 ] ], [ [ -76.708, -7.037 ], [ -76.691, -7.031 ], [ -76.701, -7.031 ], [ -76.708, -7.037 ] ], [ [ -76.817, -7.088 ], [ -76.808, -7.087 ], [ -76.803, -7.084 ], [ -76.817, -7.088 ] ], [ [ -76.804, -7.061 ], [ -76.805, -7.049 ], [ -76.806, -7.05 ], [ -76.804, -7.061 ] ], [ [ -76.941, -6.807 ], [ -76.944, -6.803 ], [ -76.979, -6.774 ], [ -76.941, -6.807 ] ], [ [ -76.92, -6.828 ], [ -76.917, -6.829 ], [ -76.932, -6.815 ], [ -76.92, -6.828 ] ], [ [ -76.737, -6.819 ], [ -76.736, -6.816 ], [ -76.743, -6.826 ], [ -76.737, -6.819 ] ] ] } },
{ "type": "Feature", "properties": { "DEPARTAMEN": "SAN MARTIN", "PROVINCIA": "LAMAS", "clave": "SAN MARTIN|LAMAS" }, "geometry": { "type": "Polygon", "coordinates": [ [ [ -76.478, -6.494 ], [ -76.456, -6.516 ], [ -76.461, -6.531 ], [ -76.425, -6.554 ], [ -76.418, -6.562 ], [ -76.426, -6.573 ], [ -76.374, -6.618 ], [ -76.408, -6.636 ], [ -76.433, -6.668 ], [ -76.481, -6.694 ], [ -76.524, -6.693 ], [ -76.558, -6.671 ], [ -76.534, -6.625 ], [ -76.538, -6.61 ], [ -76.554, -6.596 ], [ -76.591, -6.595 ], [ -76.641, -6.547 ], [ -76.641, -6.52 ], [ -76.653, -6.518 ], [ -76.683, -6.426 ], [ -76.698, -6.414 ], [ -76.699, -6.426 ], [ -76.715, -6.427 ], [ -76.78, -6.418 ], [ -76.839, -6.379 ], [ -76.837, -6.288 ], [ -76.815, -6.244 ], [ -76.817, -6.203 ], [ -76.829, -6.2 ], [ -76.84, -6.105 ], [ -76.871, -6.098 ], [ -76.884, -6.081 ], [ -76.866, -6.067 ], [ -76.849, -6.032 ], [ -76.787, -6.024 ], [ -76.754, -5.998 ], [ -76.711, -6.014 ], [ -76.64, -6.003 ], [ -76.605, -6.017 ], [ -76.563, -6.002 ], [ -76.55, -6.01 ], [ -76.549, -6.013 ], [ -76.518, -6.003 ], [ -76.49, -6.014 ], [ -76.434, -6.005 ], [ -76.4, -5.954 ], [ -76.373, -5.974 ], [ -76.334, -6.042 ], [ -76.315, -6.054 ], [ -76.318, -6.086 ], [ -76.265, -6.12 ], [ -76.146, -6.147 ], [ -76.088, -6.108 ], [ -76.043, -6.101 ], [ -76.013, -6.084 ], [ -76.006, -6.095 ], [ -75.958, -6.098 ], [ -75.917, -6.141 ], [ -75.934, -6.215 ], [ -75.973, -6.267 ], [ -75.979, -6.291 ], [ -75.923, -6.367 ], [ -75.926, -6.4 ], [ -75.911, -6.416 ], [ -75.901, -6.458 ], [ -75.941, -6.464 ], [ -75.954, -6.49 ], [ -76.007, -6.499 ], [ -76.071, -6.472 ], [ -76.113, -6.476 ], [ -76.133, -6.5 ], [ -76.181, -6.501 ], [ -76.183, -6.482 ], [ -76.198, -6.474 ], [ -76.181, -6.46 ], [ -76.185, -6.427 ], [ -76.232, -6.419 ], [ -76.247, -6.432 ], [ -76.27, -6.426 ], [ -76.315, -6.367 ], [ -76.356, -6.339 ], [ -76.382, -6.395 ], [ -76.425, -6.381 ], [ -76.449, -6.416 ], [ -76.459, -6.462 ], [ -76.478, -6.484 ], [ -76.503, -6.486 ], [ -76.478, -6.494 ] ], [ [ -76.539, -6.04 ], [ -76.547, -6.031 ], [ -76.538, -6.043 ], [ -76.539, -6.04 ] ], [ [ -76.598, -6.381 ], [ -76.599, -6.388 ], [ -76.595, -6.384 ], [ -76.598, -6.381 ] ], [ [ -76.588, -6.38 ], [ -76.588, -6.379 ], [ -76.593, -6.385 ], [ -76.588, -6.38 ] ], [ [ -76.479, -6.388 ], [ -76.494, -6.372 ], [ -76.482, -6.386 ], [ -76.479, -6.388 ] ], [ [ -76.467, -6.395 ], [ -76.473, -6.392 ], [ -76.471, -6.394 ], [ -76.467, -6.395 ] ], [ [ -76.519, -6.479 ], [ -76.509, -6.481 ], [ -76.511, -6.479 ], [ -76.519, -6.479 ] ], [ [ -76.577, -6.454 ], [ -76.578, -6.44 ], [ -76.579, -6.44 ], [ -76.577, -6.454 ] ], [ [ -76.6, -6.39 ], [ -76.598, -6.394 ], [ -76.599, -6.389 ], [ -76.6, -6.39 ] ], [ [ -76.711, -6.318 ], [ -76.706, -6.327 ], [ -76.707, -6.322 ], [ -76.711, -6.318 ] ], [ [ -76.567, -6.284 ], [ -76.56, -6.288 ], [ -76.56, -6.287 ], [ -76.567, -6.284 ] ], [ [ -76.559, -6.29 ], [ -76.561, -6.298 ], [ -76.559, -6.291 ], [ -76.559, -6.29 ] ], [ [ -76.536, -6.046 ], [ -76.537, -6.046 ], [ -76.536, -6.051 ], [ -76.536, -6.046 ] ], [ [ -76.522, -6.161 ], [ -76.521, -6.15 ], [ -76.523, -6.161 ], [ -76.522, -6.161 ] ] ] } },
{ "type": "Feature", "properties": { "DEPARTAMEN": "SAN MARTIN", "PROVINCIA": "MARISCAL CACERES", "clave": "SAN MARTIN|MARISCAL CACERES" }, "geometry": { "type": "Polygon", "coordinates": [ [ [ -76.633, -7.149 ], [ -76.614, -7.208 ], [ -76.624, -7.232 ], [ -76.583, -7.258 ], [ -76.557, -7.306 ], [ -76.571, -7.33 ], [ -76.565, -7.364 ], [ -76.574, -7.385 ], [ -76.565, -7.396 ], [ -76.569, -7.415 ], [ -76.558, -7.442 ], [ -76.564, -7.462 ], [ -76.551, -7.504 ], [ -76.557, -7.549 ], [ -76.576, -7.555 ], [ -76.58, -7.61 ], [ -76.566, -7.636 ], [ -76.57, -7.67 ], [ -76.598, -7.689 ], [ -76.634, -7.686 ], [ -76.658, -7.726 ], [ -76.693, -7.737 ], [ -76.742, -7.739 ], [ -76.756, -7.729 ], [ -76.771, -7.734 ], [ -76.773, -7.746 ], [ -76.753, -7.762 ], [ -76.769, -7.764 ], [ -76.774, -7.777 ], [ -76.76, -7.775 ], [ -76.767, -7.786 ], [ -76.755, -7.8 ], [ -76.74, -7.797 ], [ -76.748, -7.806 ], [ -76.743, -7.822 ], [ -76.731, -7.827 ], [ -76.719, -7.863 ], [ -76.728, -7.876 ], [ -76.75, -7.875 ], [ -76.759, -7.894 ], [ -76.797, -7.919 ], [ -76.821, -7.919 ], [ -76.856, -7.899 ], [ -76.871, -7.903 ], [ -76.9, -7.863 ], [ -76.941, -7.832 ], [ -77.006, -7.803 ], [ -77.021, -7.806 ], [ -77.076, -7.848 ], [ -77.091, -7.876 ], [ -77.088, -7.915 ], [ -77.103, -7.951 ], [ -77.074, -7.992 ], [ -77.069, -8.04 ], [ -77.111, -8.025 ], [ -77.151, -8.032 ], [ -77.166, -8.022 ], [ -77.232, -8.012 ], [ -77.26, -8.048 ], [ -77.281, -8.049 ], [ -77.297, -8.063 ], [ -77.349, -8.054 ], [ -77.372, -8.065 ], [ -77.386, -8.055 ], [ -77.375, -8.032 ], [ -77.407, -7.993 ], [ -77.387, -7.963 ], [ -77.377, -7.909 ], [ -77.411, -7.901 ], [ -77.438, -7.85 ], [ -77.432, -7.842 ], [ -77.443, -7.814 ], [ -77.479, -7.804 ], [ -77.507, -7.77 ], [ -77.525, -7.768 ], [ -77.526, -7.754 ], [ -77.496, -7.738 ], [ -77.483, -7.719 ], [ -77.484, -7.698 ], [ -77.459, -7.687 ], [ -77.467, -7.675 ], [ -77.498, -7.686 ], [ -77.509, -7.677 ], [ -77.512, -7.657 ], [ -77.538, -7.65 ], [ -77.523, -7.633 ], [ -77.528, -7.616 ], [ -77.495, -7.614 ], [ -77.486, -7.604 ], [ -77.497, -7.583 ], [ -77.54, -7.577 ], [ -77.521, -7.51 ], [ -77.539, -7.507 ], [ -77.56, -7.464 ], [ -77.592, -7.444 ], [ -77.599, -7.449 ], [ -77.614, -7.42 ], [ -77.631, -7.414 ], [ -77.622, -7.397 ], [ -77.639, -7.344 ], [ -77.628, -7.321 ], [ -77.647, -7.27 ], [ -77.637, -7.254 ], [ -77.645, -7.253 ], [ -77.647, -7.242 ], [ -77.638, -7.243 ], [ -77.606, -7.219 ], [ -77.621, -7.192 ], [ -77.616, -7.178 ], [ -77.634, -7.169 ], [ -77.641, -7.151 ], [ -77.713, -7.108 ], [ -77.718, -7.088 ], [ -77.707, -7.069 ], [ -77.724, -7.06 ], [ -77.746, -7.02 ], [ -77.747, -6.986 ], [ -77.759, -6.965 ], [ -77.707, -6.908 ], [ -77.723, -6.893 ], [ -77.765, -6.798 ], [ -77.732, -6.783 ], [ -77.748, -6.745 ], [ -77.74, -6.647 ], [ -77.702, -6.677 ], [ -77.688, -6.677 ], [ -77.663, -6.66 ], [ -77.66, -6.642 ], [ -77.636, -6.616 ], [ -77.612, -6.612 ], [ -77.569, -6.638 ], [ -77.544, -6.677 ], [ -77.456, -6.681 ], [ -77.406, -6.726 ], [ -77.4, -6.708 ], [ -77.382, -6.698 ], [ -77.438, -6.603 ], [ -77.394, -6.603 ], [ -77.381, -6.569 ], [ -77.355, -6.561 ], [ -77.335, -6.522 ], [ -77.326, -6.468 ], [ -77.306, -6.454 ], [ -77.298, -6.425 ], [ -77.273, -6.407 ], [ -77.278, -6.387 ], [ -77.264, -6.382 ], [ -77.221, -6.419 ], [ -77.198, -6.421 ], [ -77.198, -6.432 ], [ -77.177, -6.449 ], [ -77.158, -6.501 ], [ -77.123, -6.509 ], [ -77.086, -6.55 ], [ -77.047, -6.566 ], [ -77.049, -6.594 ], [ -77.064, -6.601 ], [ -77.075, -6.637 ], [ -77.041, -6.676 ], [ -77.025, -6.714 ], [ -77.039, -6.73 ], [ -77.031, -6.783 ], [ -77.014, -6.804 ], [ -77.015, -6.836 ], [ -76.967, -6.936 ], [ -76.957, -6.991 ], [ -76.902, -7.01 ], [ -76.897, -7.031 ], [ -76.908, -7.074 ], [ -76.907, -7.086 ], [ -76.885, -7.095 ], [ -76.855, -7.069 ], [ -76.81, -7.174 ], [ -76.784, -7.163 ], [ -76.779, -7.13 ], [ -76.759, -7.131 ], [ -76.716, -7.098 ], [ -76.701, -7.102 ], [ -76.682, -7.089 ], [ -76.67, -7.127 ], [ -76.633, -7.149 ] ], [ [ -76.676, -7.426 ], [ -76.676, -7.427 ], [ -76.667, -7.428 ], [ -76.676, -7.426 ] ], [ [ -76.651, -7.434 ], [ -76.66, -7.427 ], [ -76.659, -7.43 ], [ -76.651, -7.434 ] ], [ [ -76.656, -7.397 ], [ -76.662, -7.397 ], [ -76.656, -7.398 ], [ -76.656, -7.397 ] ], [ [ -76.702, -7.307 ], [ -76.698, -7.311 ], [ -76.711, -7.291 ], [ -76.702, -7.307 ] ], [ [ -76.826, -7.48 ], [ -76.827, -7.483 ], [ -76.822, -7.476 ], [ -76.826, -7.48 ] ], [ [ -76.764, -7.466 ], [ -76.769, -7.46 ], [ -76.767, -7.464 ], [ -76.764, -7.466 ] ], [ [ -76.757, -7.475 ], [ -76.758, -7.466 ], [ -76.758, -7.475 ], [ -76.757, -7.475 ] ], [ [ -76.782, -7.439 ], [ -76.781, -7.438 ], [ -76.782, -7.438 ], [ -76.782, -7.439 ] ], [ [ -76.718, -7.359 ], [ -76.709, -7.354 ], [ -76.709, -7.353 ], [ -76.718, -7.359 ] ], [ [ -76.739, -7.337 ], [ -76.742, -7.335 ], [ -76.742, -7.336 ], [ -76.739, -7.337 ] ], [ [ -76.749, -7.324 ], [ -76.75, -7.323 ], [ -76.748, -7.331 ], [ -76.743, -7.332 ], [ -76.749, -7.324 ] ], [ [ -76.739, -7.326 ], [ -76.734, -7.323 ], [ -76.738, -7.324 ], [ -76.739, -7.326 ] ], [ [ -76.747, -7.294 ], [ -76.757, -7.284 ], [ -76.759, -7.283 ], [ -76.747, -7.294 ] ], [ [ -76.799, -7.249 ], [ -76.808, -7.246 ], [ -76.808, -7.247 ], [ -76.799, -7.249 ] ], [ [ -76.776, -7.304 ], [ -76.777, -7.303 ], [ -76.781, -7.303 ], [ -76.776, -7.304 ] ] ] } },
{ "type": "Feature", "properties": { "DEPARTAMEN": "SAN MARTIN", "PROVINCIA": "PICOTA", "clave": "SAN MARTIN|PICOTA" }, "geometry": { "type": "Polygon", "coordinates": [ [ [ -76.036, -6.993 ], [ -76.02, -6.99 ], [ -76.009, -7.001 ], [ -76.011, -7.078 ], [ -76.02, -7.108 ], [ -76.047, -7.121 ], [ -76.06, -7.161 ], [ -76.144, -7.204 ], [ -76.159, -7.196 ], [ -76.157, -7.103 ], [ -76.17, -7.082 ], [ -76.237, -7.075 ], [ -76.257, -7.061 ], [ -76.311, -7.062 ], [ -76.369, -7.017 ], [ -76.416, -7.021 ], [ -76.419, -7.002 ], [ -76.424, -7.013 ], [ -76.451, -7.006 ], [ -76.455, -7.014 ], [ -76.464, -7.01 ], [ -76.466, -6.992 ], [ -76.472, -6.999 ], [ -76.478, -6.987 ], [ -76.482, -6.995 ], [ -76.487, -6.987 ], [ -76.499, -6.992 ], [ -76.503, -6.97 ], [ -76.524, -6.976 ], [ -76.52, -6.961 ], [ -76.528, -6.962 ], [ -76.527, -6.951 ], [ -76.544, -6.948 ], [ -76.539, -6.94 ], [ -76.549, -6.928 ], [ -76.538, -6.913 ], [ -76.514, -6.906 ], [ -76.508, -6.889 ], [ -76.471, -6.856 ], [ -76.474, -6.827 ], [ -76.463, -6.821 ], [ -76.5, -6.792 ], [ -76.504, -6.754 ], [ -76.524, -6.725 ], [ -76.524, -6.693 ], [ -76.481, -6.694 ], [ -76.459, -6.68 ], [ -76.433, -6.679 ], [ -76.409, -6.69 ], [ -76.379, -6.678 ], [ -76.351, -6.689 ], [ -76.305, -6.683 ], [ -76.275, -6.692 ], [ -76.257, -6.773 ], [ -76.208, -6.761 ], [ -76.182, -6.707 ], [ -76.156, -6.707 ], [ -76.127, -6.688 ], [ -76.095, -6.715 ], [ -76.103, -6.729 ], [ -76.073, -6.794 ], [ -76.051, -6.811 ], [ -76.035, -6.865 ], [ -76.011, -6.89 ], [ -76.016, -6.914 ], [ -76.045, -6.924 ], [ -76.052, -6.938 ], [ -76.036, -6.993 ] ], [ [ -76.385, -6.924 ], [ -76.375, -6.944 ], [ -76.375, -6.943 ], [ -76.385, -6.924 ] ], [ [ -76.211, -6.87 ], [ -76.19, -6.864 ], [ -76.195, -6.863 ], [ -76.211, -6.87 ] ], [ [ -76.453, -6.931 ], [ -76.472, -6.929 ], [ -76.475, -6.93 ], [ -76.453, -6.931 ] ], [ [ -76.288, -7.024 ], [ -76.282, -7.014 ], [ -76.288, -7.023 ], [ -76.288, -7.024 ] ], [ [ -76.285, -6.906 ], [ -76.28, -6.909 ], [ -76.289, -6.9 ], [ -76.285, -6.906 ] ], [ [ -76.305, -6.884 ], [ -76.306, -6.883 ], [ -76.315, -6.884 ], [ -76.305, -6.884 ] ], [ [ -76.471, -6.942 ], [ -76.472, -6.948 ], [ -76.471, -6.949 ], [ -76.471, -6.942 ] ], [ [ -76.344, -6.81 ], [ -76.342, -6.811 ], [ -76.334, -6.809 ], [ -76.344, -6.81 ] ], [ [ -76.267, -6.829 ], [ -76.264, -6.831 ], [ -76.263, -6.83 ], [ -76.267, -6.829 ] ], [ [ -76.21, -6.77 ], [ -76.211, -6.77 ], [ -76.21, -6.772 ], [ -76.21, -6.77 ] ] ] } },
{ "type": "Feature", "properties": { "DEPARTAMEN": "SAN MARTIN", "PROVINCIA": "RIOJA", "clave": "SAN MARTIN|RIOJA" }, "geometry": { "type": "MultiPolygon", "coordinates": [ [ [ [ -77.124, -6.133 ], [ -77.131, -6.146 ], [ -77.12, -6.162 ], [ -77.125, -6.203 ], [ -77.153, -6.21 ], [ -77.178, -6.233 ], [ -77.197, -6.233 ], [ -77.219, -6.194 ], [ -77.202, -6.18 ], [ -77.224, -6.146 ], [ -77.28, -6.142 ], [ -77.332, -6.112 ], [ -77.346, -6.114 ], [ -77.359, -6.072 ], [ -77.379, -6.08 ], [ -77.405, -6.035 ], [ -77.419, -6.032 ], [ -77.432, -6.062 ], [ -77.477, -6.0 ], [ -77.486, -6.009 ], [ -77.489, -6.029 ], [ -77.51, -6.032 ], [ -77.519, -6.056 ], [ -77.537, -6.064 ], [ -77.568, -6.027 ], [ -77.588, -6.037 ], [ -77.598, -6.031 ], [ -77.598, -6.004 ], [ -77.639, -6.001 ], [ -77.67, -5.979 ], [ -77.672, -5.965 ], [ -77.652, -5.935 ], [ -77.666, -5.892 ], [ -77.683, -5.878 ], [ -77.682, -5.849 ], [ -77.695, -5.84 ], [ -77.726, -5.844 ], [ -77.746, -5.835 ], [ -77.764, -5.82 ], [ -77.77, -5.788 ], [ -77.761, -5.77 ], [ -77.772, -5.753 ], [ -77.759, -5.73 ], [ -77.775, -5.711 ], [ -77.775, -5.69 ], [ -77.736, -5.609 ], [ -77.766, -5.539 ], [ -77.757, -5.514 ], [ -77.772, -5.492 ], [ -77.771, -5.478 ], [ -77.749, -5.46 ], [ -77.768, -5.436 ], [ -77.745, -5.407 ], [ -77.732, -5.436 ], [ -77.642, -5.523 ], [ -77.659, -5.572 ], [ -77.624, -5.63 ], [ -77.621, -5.656 ], [ -77.583, -5.687 ], [ -77.587, -5.698 ], [ -77.572, -5.707 ], [ -77.575, -5.713 ], [ -77.533, -5.704 ], [ -77.533, -5.693 ], [ -77.525, -5.698 ], [ -77.508, -5.686 ], [ -77.516, -5.676 ], [ -77.501, -5.672 ], [ -77.446, -5.69 ], [ -77.423, -5.678 ], [ -77.402, -5.71 ], [ -77.381, -5.707 ], [ -77.384, -5.716 ], [ -77.375, -5.711 ], [ -77.373, -5.725 ], [ -77.36, -5.72 ], [ -77.361, -5.734 ], [ -77.351, -5.731 ], [ -77.34, -5.759 ], [ -77.332, -5.754 ], [ -77.315, -5.767 ], [ -77.315, -5.755 ], [ -77.307, -5.764 ], [ -77.3, -5.756 ], [ -77.292, -5.772 ], [ -77.284, -5.776 ], [ -77.279, -5.769 ], [ -77.283, -5.78 ], [ -77.267, -5.778 ], [ -77.263, -5.792 ], [ -77.27, -5.799 ], [ -77.257, -5.797 ], [ -77.251, -5.805 ], [ -77.247, -5.833 ], [ -77.256, -5.829 ], [ -77.255, -5.842 ], [ -77.238, -5.861 ], [ -77.246, -5.883 ], [ -77.236, -5.886 ], [ -77.245, -5.888 ], [ -77.213, -5.908 ], [ -77.219, -5.92 ], [ -77.205, -5.924 ], [ -77.202, -5.94 ], [ -77.189, -5.936 ], [ -77.182, -5.947 ], [ -77.161, -5.936 ], [ -77.153, -5.94 ], [ -77.154, -5.933 ], [ -77.141, -5.94 ], [ -77.139, -5.954 ], [ -77.148, -5.96 ], [ -77.14, -5.96 ], [ -77.14, -5.972 ], [ -77.149, -5.978 ], [ -77.14, -5.978 ], [ -77.142, -5.997 ], [ -77.148, -5.994 ], [ -77.157, -6.009 ], [ -77.148, -6.018 ], [ -77.149, -6.038 ], [ -77.159, -6.035 ], [ -77.144, -6.056 ], [ -77.152, -6.07 ], [ -77.144, -6.08 ], [ -77.139, -6.073 ], [ -77.142, -6.108 ], [ -77.124, -6.133 ] ], [ [ -77.465, -5.991 ], [ -77.477, -5.999 ], [ -77.477, -6.0 ], [ -77.465, -5.991 ] ], [ [ -77.153, -5.942 ], [ -77.157, -5.944 ], [ -77.155, -5.944 ], [ -77.153, -5.942 ] ], [ [ -77.242, -5.986 ], [ -77.237, -5.984 ], [ -77.243, -5.985 ], [ -77.242, -5.986 ] ], [ [ -77.183, -6.186 ], [ -77.181, -6.185 ], [ -77.194, -6.188 ], [ -77.183, -6.186 ] ], [ [ -77.308, -5.85 ], [ -77.311, -5.848 ], [ -77.31, -5.85 ], [ -77.308, -5.85 ] ], [ [ -77.315, -5.85 ], [ -77.316, -5.85 ], [ -77.315, -5.852 ], [ -77.315, -5.85 ] ], [ [ -77.321, -5.852 ], [ -77.321, -5.853 ], [ -77.315, -5.852 ], [ -77.321, -5.852 ] ], [ [ -77.427, -5.83 ], [ -77.423, -5.828 ], [ -77.419, -5.822 ], [ -77.427, -5.83 ] ], [ [ -77.415, -5.821 ], [ -77.419, -5.821 ], [ -77.419, -5.822 ], [ -77.415, -5.821 ] ], [ [ -77.282, -5.844 ], [ -77.283, -5.844 ], [ -77.28, -5.845 ], [ -77.282, -5.844 ] ], [ [ -77.558, -5.983 ], [ -77.563, -5.991 ], [ -77.564, -5.997 ], [ -77.558, -5.983 ] ], [ [ -77.507, -5.838 ], [ -77.511, -5.841 ], [ -77.51, -5.842 ], [ -77.507, -5.838 ] ] ], [ [ [ -77.232, -5.887 ], [ -77.234, -5.889 ], [ -77.236, -5.886 ], [ -77.232, -5.887 ] ] ] ] } },
{ "type": "Feature", "properties": { "DEPARTAMEN": "SAN MARTIN", "PROVINCIA": "SAN MARTIN", "clave": "SAN MARTIN|SAN MARTIN" }, "geometry": { "type": "Polygon", "coordinates": [ [ [ -76.323, -6.68 ], [ -76.351, -6.689 ], [ -76.383, -6.678 ], [ -76.409, -6.69 ], [ -76.417, -6.681 ], [ -76.456, -6.68 ], [ -76.428, -6.664 ], [ -76.408, -6.636 ], [ -76.374, -6.618 ], [ -76.426, -6.573 ], [ -76.418, -6.562 ], [ -76.461, -6.531 ], [ -76.456, -6.516 ], [ -76.492, -6.487 ], [ -76.459, -6.462 ], [ -76.449, -6.416 ], [ -76.425, -6.381 ], [ -76.382, -6.395 ], [ -76.361, -6.341 ], [ -76.334, -6.349 ], [ -76.317, -6.364 ], [ -76.317, -6.365 ], [ -76.27, -6.426 ], [ -76.247, -6.432 ], [ -76.232, -6.419 ], [ -76.185, -6.427 ], [ -76.181, -6.46 ], [ -76.198, -6.475 ], [ -76.183, -6.483 ], [ -76.184, -6.498 ], [ -76.168, -6.506 ], [ -76.133, -6.5 ], [ -76.113, -6.476 ], [ -76.071, -6.472 ], [ -76.007, -6.499 ], [ -75.954, -6.49 ], [ -75.941, -6.464 ], [ -75.901, -6.458 ], [ -75.911, -6.42 ], [ -75.903, -6.415 ], [ -75.927, -6.396 ], [ -75.919, -6.387 ], [ -75.923, -6.367 ], [ -75.979, -6.291 ], [ -75.973, -6.267 ], [ -75.934, -6.215 ], [ -75.917, -6.141 ], [ -75.896, -6.132 ], [ -75.838, -6.141 ], [ -75.852, -6.102 ], [ -75.835, -6.107 ], [ -75.827, -6.099 ], [ -75.775, -6.12 ], [ -75.768, -6.128 ], [ -75.771, -6.148 ], [ -75.719, -6.141 ], [ -75.68, -6.096 ], [ -75.652, -6.098 ], [ -75.629, -6.083 ], [ -75.621, -6.029 ], [ -75.569, -6.0 ], [ -75.533, -6.096 ], [ -75.526, -6.165 ], [ -75.487, -6.203 ], [ -75.496, -6.281 ], [ -75.55, -6.348 ], [ -75.536, -6.392 ], [ -75.543, -6.407 ], [ -75.534, -6.416 ], [ -75.539, -6.435 ], [ -75.51, -6.49 ], [ -75.503, -6.552 ], [ -75.509, -6.583 ], [ -75.5, -6.64 ], [ -75.5, -6.759 ], [ -75.513, -6.786 ], [ -75.561, -6.801 ], [ -75.577, -6.821 ], [ -75.617, -6.841 ], [ -75.633, -6.843 ], [ -75.643, -6.816 ], [ -75.66, -6.819 ], [ -75.701, -6.869 ], [ -75.725, -6.851 ], [ -75.746, -6.857 ], [ -75.781, -6.848 ], [ -75.794, -6.821 ], [ -75.814, -6.825 ], [ -75.814, -6.817 ], [ -75.844, -6.797 ], [ -75.878, -6.802 ], [ -75.964, -6.788 ], [ -75.98, -6.8 ], [ -75.984, -6.794 ], [ -76.01, -6.8 ], [ -76.01, -6.79 ], [ -76.012, -6.806 ], [ -76.051, -6.811 ], [ -76.069, -6.801 ], [ -76.103, -6.729 ], [ -76.095, -6.715 ], [ -76.124, -6.697 ], [ -76.128, -6.682 ], [ -76.156, -6.707 ], [ -76.184, -6.708 ], [ -76.208, -6.761 ], [ -76.258, -6.772 ], [ -76.263, -6.766 ], [ -76.268, -6.741 ], [ -76.275, -6.688 ], [ -76.323, -6.68 ] ], [ [ -76.248, -6.747 ], [ -76.247, -6.746 ], [ -76.268, -6.741 ], [ -76.248, -6.747 ] ], [ [ -76.209, -6.534 ], [ -76.199, -6.539 ], [ -76.202, -6.536 ], [ -76.209, -6.534 ] ], [ [ -76.378, -6.488 ], [ -76.382, -6.493 ], [ -76.379, -6.491 ], [ -76.378, -6.488 ] ], [ [ -76.41, -6.513 ], [ -76.409, -6.521 ], [ -76.408, -6.523 ], [ -76.41, -6.513 ] ], [ [ -76.364, -6.517 ], [ -76.364, -6.508 ], [ -76.365, -6.519 ], [ -76.364, -6.517 ] ], [ [ -76.368, -6.529 ], [ -76.368, -6.528 ], [ -76.37, -6.53 ], [ -76.368, -6.529 ] ], [ [ -75.914, -6.479 ], [ -75.907, -6.48 ], [ -75.911, -6.478 ], [ -75.914, -6.479 ] ], [ [ -75.895, -6.475 ], [ -75.894, -6.475 ], [ -75.894, -6.449 ], [ -75.895, -6.475 ] ], [ [ -75.884, -6.436 ], [ -75.872, -6.438 ], [ -75.881, -6.436 ], [ -75.884, -6.436 ] ], [ [ -75.846, -6.424 ], [ -75.843, -6.425 ], [ -75.844, -6.424 ], [ -75.846, -6.424 ] ], [ [ -75.753, -6.379 ], [ -75.754, -6.368 ], [ -75.755, -6.369 ], [ -75.753, -6.379 ] ], [ [ -75.89, -6.499 ], [ -75.896, -6.495 ], [ -75.896, -6.496 ], [ -75.89, -6.499 ] ], [ [ -75.872, -6.511 ], [ -75.873, -6.511 ], [ -75.872, -6.514 ], [ -75.872, -6.511 ] ], [ [ -75.795, -6.657 ], [ -75.794, -6.65 ], [ -75.796, -6.658 ], [ -75.795, -6.657 ] ], [ [ -75.566, -6.437 ], [ -75.572, -6.436 ], [ -75.575, -6.437 ], [ -75.566, -6.437 ] ], [ [ -75.565, -6.439 ], [ -75.562, -6.439 ], [ -75.566, -6.437 ], [ -75.565, -6.439 ] ], [ [ -75.657, -6.319 ], [ -75.66, -6.317 ], [ -75.666, -6.316 ], [ -75.657, -6.319 ] ], [ [ -75.866, -6.386 ], [ -75.877, -6.396 ], [ -75.852, -6.377 ], [ -75.866, -6.386 ] ], [ [ -75.84, -6.366 ], [ -75.85, -6.376 ], [ -75.846, -6.373 ], [ -75.84, -6.366 ] ], [ [ -75.82, -6.341 ], [ -75.822, -6.346 ], [ -75.82, -6.343 ], [ -75.82, -6.341 ] ], [ [ -75.779, -6.206 ], [ -75.783, -6.215 ], [ -75.782, -6.214 ], [ -75.779, -6.206 ] ] ] } },
{ "type": "Feature", "properties": { "DEPARTAMEN": "SAN MARTIN", "PROVINCIA": "TOCACHE", "clave": "SAN MARTIN|TOCACHE" }, "geometry": { "type": "Polygon", "coordinates": [ [ [ -76.146, -8.368 ], [ -76.132, -8.377 ], [ -76.128, -8.361 ], [ -76.109, -8.38 ], [ -76.109, -8.416 ], [ -76.131, -8.468 ], [ -76.126, -8.545 ], [ -76.135, -8.567 ], [ -76.12, -8.59 ], [ -76.121, -8.634 ], [ -76.107, -8.649 ], [ -76.139, -8.667 ], [ -76.145, -8.711 ], [ -76.157, -8.734 ], [ -76.165, -8.732 ], [ -76.167, -8.757 ], [ -76.195, -8.762 ], [ -76.203, -8.753 ], [ -76.199, -8.77 ], [ -76.226, -8.786 ], [ -76.241, -8.769 ], [ -76.231, -8.756 ], [ -76.245, -8.751 ], [ -76.229, -8.745 ], [ -76.257, -8.707 ], [ -76.257, -8.684 ], [ -76.248, -8.683 ], [ -76.253, -8.665 ], [ -76.269, -8.652 ], [ -76.264, -8.61 ], [ -76.287, -8.585 ], [ -76.28, -8.574 ], [ -76.307, -8.571 ], [ -76.3, -8.557 ], [ -76.325, -8.524 ], [ -76.313, -8.5 ], [ -76.327, -8.48 ], [ -76.322, -8.47 ], [ -76.333, -8.431 ], [ -76.356, -8.425 ], [ -76.367, -8.412 ], [ -76.417, -8.444 ], [ -76.436, -8.47 ], [ -76.466, -8.57 ], [ -76.495, -8.576 ], [ -76.495, -8.55 ], [ -76.548, -8.498 ], [ -76.566, -8.508 ], [ -76.637, -8.515 ], [ -76.643, -8.524 ], [ -76.678, -8.521 ], [ -76.697, -8.532 ], [ -76.73, -8.515 ], [ -76.741, -8.525 ], [ -76.755, -8.52 ], [ -76.768, -8.527 ], [ -76.79, -8.524 ], [ -76.797, -8.511 ], [ -76.831, -8.516 ], [ -76.865, -8.566 ], [ -76.887, -8.555 ], [ -76.897, -8.569 ], [ -76.937, -8.567 ], [ -76.949, -8.546 ], [ -76.977, -8.561 ], [ -77.012, -8.538 ], [ -77.05, -8.554 ], [ -77.092, -8.517 ], [ -77.082, -8.487 ], [ -77.14, -8.48 ], [ -77.134, -8.44 ], [ -77.105, -8.445 ], [ -77.087, -8.408 ], [ -77.067, -8.396 ], [ -77.034, -8.405 ], [ -77.0, -8.382 ], [ -76.992, -8.396 ], [ -76.977, -8.396 ], [ -76.968, -8.371 ], [ -76.951, -8.376 ], [ -76.943, -8.36 ], [ -76.927, -8.359 ], [ -76.932, -8.343 ], [ -76.914, -8.326 ], [ -76.901, -8.283 ], [ -76.926, -8.218 ], [ -76.907, -8.171 ], [ -76.932, -8.137 ], [ -76.947, -8.14 ], [ -76.985, -8.114 ], [ -77.021, -8.052 ], [ -77.069, -8.04 ], [ -77.074, -7.992 ], [ -77.103, -7.951 ], [ -77.088, -7.915 ], [ -77.09, -7.871 ], [ -77.049, -7.825 ], [ -77.006, -7.803 ], [ -76.941, -7.832 ], [ -76.9, -7.863 ], [ -76.871, -7.903 ], [ -76.856, -7.899 ], [ -76.821, -7.919 ], [ -76.797, -7.919 ], [ -76.759, -7.894 ], [ -76.75, -7.875 ], [ -76.728, -7.876 ], [ -76.719, -7.863 ], [ -76.731, -7.827 ], [ -76.743, -7.822 ], [ -76.748, -7.806 ], [ -76.74, -7.797 ], [ -76.755, -7.8 ], [ -76.767, -7.786 ], [ -76.76, -7.775 ], [ -76.774, -7.777 ], [ -76.769, -7.764 ], [ -76.753, -7.762 ], [ -76.773, -7.746 ], [ -76.772, -7.735 ], [ -76.756, -7.729 ], [ -76.742, -7.739 ], [ -76.693, -7.737 ], [ -76.658, -7.726 ], [ -76.634, -7.687 ], [ -76.598, -7.689 ], [ -76.631, -7.75 ], [ -76.616, -7.778 ], [ -76.636, -7.83 ], [ -76.636, -7.856 ], [ -76.615, -7.852 ], [ -76.606, -7.874 ], [ -76.628, -7.927 ], [ -76.628, -7.945 ], [ -76.615, -7.955 ], [ -76.615, -7.985 ], [ -76.593, -8.002 ], [ -76.555, -7.995 ], [ -76.52, -8.031 ], [ -76.456, -8.056 ], [ -76.449, -8.074 ], [ -76.43, -8.078 ], [ -76.377, -8.129 ], [ -76.376, -8.145 ], [ -76.353, -8.137 ], [ -76.335, -8.149 ], [ -76.328, -8.158 ], [ -76.333, -8.204 ], [ -76.304, -8.207 ], [ -76.298, -8.218 ], [ -76.26, -8.208 ], [ -76.232, -8.214 ], [ -76.227, -8.239 ], [ -76.203, -8.265 ], [ -76.197, -8.294 ], [ -76.175, -8.305 ], [ -76.146, -8.368 ] ], [ [ -76.858, -8.256 ], [ -76.861, -8.256 ], [ -76.85, -8.261 ], [ -76.858, -8.256 ] ], [ [ -76.81, -8.261 ], [ -76.822, -8.267 ], [ -76.815, -8.265 ], [ -76.81, -8.261 ] ], [ [ -76.752, -8.27 ], [ -76.754, -8.271 ], [ -76.74, -8.282 ], [ -76.752, -8.27 ] ], [ [ -76.611, -8.448 ], [ -76.613, -8.448 ], [ -76.598, -8.451 ], [ -76.611, -8.448 ] ], [ [ -76.383, -8.311 ], [ -76.374, -8.318 ], [ -76.384, -8.309 ], [ -76.383, -8.311 ] ], [ [ -76.383, -8.27 ], [ -76.381, -8.273 ], [ -76.382, -8.269 ], [ -76.383, -8.27 ] ], [ [ -76.363, -8.227 ], [ -76.365, -8.233 ], [ -76.359, -8.22 ], [ -76.363, -8.227 ] ], [ [ -76.347, -8.21 ], [ -76.352, -8.217 ], [ -76.345, -8.209 ], [ -76.347, -8.21 ] ], [ [ -76.342, -8.207 ], [ -76.344, -8.208 ], [ -76.336, -8.206 ], [ -76.342, -8.207 ] ], [ [ -76.209, -8.327 ], [ -76.205, -8.318 ], [ -76.209, -8.326 ], [ -76.209, -8.327 ] ], [ [ -76.524, -8.357 ], [ -76.525, -8.365 ], [ -76.524, -8.365 ], [ -76.524, -8.357 ] ], [ [ -76.536, -8.359 ], [ -76.526, -8.366 ], [ -76.525, -8.365 ], [ -76.536, -8.359 ] ], [ [ -76.45, -8.282 ], [ -76.449, -8.282 ], [ -76.449, -8.281 ], [ -76.45, -8.282 ] ], [ [ -76.448, -8.276 ], [ -76.446, -8.26 ], [ -76.449, -8.272 ], [ -76.448, -8.276 ] ], [ [ -76.75, -8.269 ], [ -76.741, -8.244 ], [ -76.751, -8.27 ], [ -76.75, -8.269 ] ] ] } },
{ "type": "Feature", "properties": { "DEPARTAMEN": "TACNA", "PROVINCIA": "TACNA", "clave": "TACNA|TACNA" }, "geometry": { "type": "Polygon", "coordinates": [ [ [ -70.377, -18.351 ], [ -70.481, -18.273 ], [ -70.68, -18.162 ], [ -70.761, -18.079 ], [ -70.824, -18.035 ], [ -70.888, -18.009 ], [ -70.889, -17.977 ], [ -70.863, -17.967 ], [ -70.839, -17.912 ], [ -70.807, -17.89 ], [ -70.729, -17.785 ], [ -70.698, -17.768 ], [ -70.681, -17.716 ], [ -70.608, -17.656 ], [ -70.509, -17.545 ], [ -70.447, -17.516 ], [ -70.428, -17.483 ], [ -70.38, -17.46 ], [ -70.346, -17.461 ], [ -70.332, -17.509 ], [ -70.313, -17.52 ], [ -70.303, -17.539 ], [ -70.288, -17.538 ], [ -70.281, -17.561 ], [ -70.26, -17.578 ], [ -70.226, -17.592 ], [ -70.173, -17.587 ], [ -70.15, -17.599 ], [ -70.152, -17.624 ], [ -70.143, -17.635 ], [ -70.154, -17.693 ], [ -70.201, -17.758 ], [ -70.193, -17.776 ], [ -70.181, -17.778 ], [ -70.112, -17.762 ], [ -70.095, -17.725 ], [ -70.055, -17.694 ], [ -70.049, -17.673 ], [ -70.015, -17.655 ], [ -70.007, -17.642 ], [ -70.014, -17.625 ], [ -69.967, -17.586 ], [ -69.957, -17.59 ], [ -69.942, -17.578 ], [ -69.931, -17.59 ], [ -69.876, -17.585 ], [ -69.872, -17.546 ], [ -69.846, -17.506 ], [ -69.85, -17.489 ], [ -69.838, -17.46 ], [ -69.728, -17.46 ], [ -69.703, -17.474 ], [ -69.68, -17.458 ], [ -69.69, -17.444 ], [ -69.655, -17.413 ], [ -69.614, -17.418 ], [ -69.598, -17.393 ], [ -69.588, -17.402 ], [ -69.527, -17.41 ], [ -69.519, -17.424 ], [ -69.488, -17.438 ], [ -69.468, -17.465 ], [ -69.468, -17.504 ], [ -69.551, -17.575 ], [ -69.665, -17.66 ], [ -69.796, -17.646 ], [ -69.821, -17.686 ], [ -69.822, -17.744 ], [ -69.8, -17.762 ], [ -69.796, -17.862 ], [ -69.777, -17.908 ], [ -69.747, -17.944 ], [ -69.752, -17.986 ], [ -69.813, -18.114 ], [ -69.854, -18.165 ], [ -69.961, -18.263 ], [ -69.98, -18.27 ], [ -70.051, -18.269 ], [ -70.15, -18.318 ], [ -70.197, -18.322 ], [ -70.317, -18.31 ], [ -70.377, -18.351 ] ], [ [ -70.169, -17.606 ], [ -70.168, -17.617 ], [ -70.169, -17.604 ], [ -70.169, -17.606 ] ], [ [ -70.168, -17.601 ], [ -70.168, -17.602 ], [ -70.165, -17.599 ], [ -70.168, -17.601 ] ], [ [ -70.041, -18.064 ], [ -70.046, -18.059 ], [ -70.042, -18.064 ], [ -70.041, -18.064 ] ], [ [ -70.023, -18.05 ], [ -70.031, -18.061 ], [ -70.028, -18.059 ], [ -70.023, -18.05 ] ], [ [ -69.907, -17.954 ], [ -69.905, -17.958 ], [ -69.901, -17.963 ], [ -69.907, -17.954 ] ], [ [ -69.939, -17.918 ], [ -69.948, -17.911 ], [ -69.907, -17.954 ], [ -69.939, -17.918 ] ], [ [ -69.774, -17.976 ], [ -69.782, -17.983 ], [ -69.779, -17.982 ], [ -69.774, -17.976 ] ], [ [ -70.248, -18.027 ], [ -70.252, -18.028 ], [ -70.27, -18.038 ], [ -70.248, -18.027 ] ], [ [ -70.337, -18.154 ], [ -70.337, -18.147 ], [ -70.338, -18.148 ], [ -70.337, -18.154 ] ], [ [ -70.072, -17.921 ], [ -70.077, -17.921 ], [ -70.073, -17.922 ], [ -70.072, -17.921 ] ], [ [ -70.07, -17.979 ], [ -70.069, -17.98 ], [ -70.062, -17.978 ], [ -70.07, -17.979 ] ], [ [ -69.982, -17.942 ], [ -69.966, -17.931 ], [ -69.968, -17.931 ], [ -69.982, -17.942 ] ] ] } },
{ "type": "Feature", "properties": { "DEPARTAMEN": "TACNA", "PROVINCIA": "CANDARAVE", "clave": "TACNA|CANDARAVE" }, "geometry": { "type": "Polygon", "coordinates": [ [ [ -70.277, -17.409 ], [ -70.292, -17.41 ], [ -70.346, -17.461 ], [ -70.35, -17.45 ], [ -70.4, -17.422 ], [ -70.405, -17.399 ], [ -70.363, -17.374 ], [ -70.437, -17.335 ], [ -70.439, -17.336 ], [ -70.453, -17.32 ], [ -70.454, -17.301 ], [ -70.573, -17.194 ], [ -70.555, -17.198 ], [ -70.528, -17.168 ], [ -70.49, -17.088 ], [ -70.449, -17.081 ], [ -70.439, -17.05 ], [ -70.463, -17.004 ], [ -70.454, -17.003 ], [ -70.461, -16.998 ], [ -70.443, -16.964 ], [ -70.465, -16.944 ], [ -70.454, -16.93 ], [ -70.452, -16.9 ], [ -70.442, -16.892 ], [ -70.451, -16.862 ], [ -70.441, -16.84 ], [ -70.409, -16.83 ], [ -70.356, -16.79 ], [ -70.311, -16.773 ], [ -70.292, -16.781 ], [ -70.27, -16.771 ], [ -70.247, -16.802 ], [ -70.181, -16.818 ], [ -70.184, -16.835 ], [ -70.244, -16.86 ], [ -70.259, -16.904 ], [ -70.25, -16.949 ], [ -70.225, -16.959 ], [ -70.218, -16.946 ], [ -70.181, -16.932 ], [ -70.174, -16.912 ], [ -70.148, -16.922 ], [ -70.144, -16.944 ], [ -70.096, -16.985 ], [ -70.1, -17.006 ], [ -70.073, -17.035 ], [ -70.07, -17.081 ], [ -70.084, -17.094 ], [ -70.098, -17.139 ], [ -70.096, -17.188 ], [ -70.086, -17.196 ], [ -70.101, -17.2 ], [ -70.099, -17.217 ], [ -70.115, -17.237 ], [ -70.093, -17.29 ], [ -70.1, -17.305 ], [ -70.121, -17.319 ], [ -70.168, -17.316 ], [ -70.194, -17.324 ], [ -70.283, -17.398 ], [ -70.277, -17.409 ] ], [ [ -70.362, -17.374 ], [ -70.354, -17.363 ], [ -70.363, -17.374 ], [ -70.362, -17.374 ] ], [ [ -70.279, -17.382 ], [ -70.278, -17.387 ], [ -70.278, -17.381 ], [ -70.279, -17.382 ] ], [ [ -70.277, -17.372 ], [ -70.278, -17.373 ], [ -70.278, -17.374 ], [ -70.277, -17.372 ] ], [ [ -70.355, -17.044 ], [ -70.351, -17.05 ], [ -70.355, -17.043 ], [ -70.355, -17.044 ] ], [ [ -70.29, -17.123 ], [ -70.291, -17.124 ], [ -70.291, -17.128 ], [ -70.29, -17.123 ] ], [ [ -70.31, -17.2 ], [ -70.302, -17.212 ], [ -70.302, -17.21 ], [ -70.31, -17.2 ] ], [ [ -70.361, -17.03 ], [ -70.362, -17.027 ], [ -70.364, -17.027 ], [ -70.361, -17.03 ] ] ] } },
{ "type": "Feature", "properties": { "DEPARTAMEN": "TACNA", "PROVINCIA": "JORGE BASADRE", "clave": "TACNA|JORGE BASADRE" }, "geometry": { "type": "Polygon", "coordinates": [ [ [ -70.807, -17.89 ], [ -70.839, -17.912 ], [ -70.863, -17.967 ], [ -70.889, -17.977 ], [ -70.912, -17.953 ], [ -70.91, -17.94 ], [ -70.923, -17.938 ], [ -70.925, -17.927 ], [ -70.935, -17.929 ], [ -70.943, -17.914 ], [ -71.009, -17.877 ], [ -71.03, -17.885 ], [ -71.096, -17.868 ], [ -71.105, -17.843 ], [ -71.139, -17.821 ], [ -71.121, -17.803 ], [ -71.101, -17.739 ], [ -71.082, -17.735 ], [ -71.083, -17.718 ], [ -71.058, -17.718 ], [ -71.027, -17.704 ], [ -71.017, -17.709 ], [ -70.993, -17.679 ], [ -70.983, -17.685 ], [ -70.956, -17.676 ], [ -70.912, -17.687 ], [ -70.904, -17.623 ], [ -70.88, -17.556 ], [ -70.778, -17.449 ], [ -70.755, -17.438 ], [ -70.737, -17.408 ], [ -70.752, -17.381 ], [ -70.747, -17.351 ], [ -70.706, -17.291 ], [ -70.716, -17.274 ], [ -70.704, -17.267 ], [ -70.684, -17.224 ], [ -70.651, -17.209 ], [ -70.61, -17.215 ], [ -70.573, -17.194 ], [ -70.454, -17.301 ], [ -70.44, -17.335 ], [ -70.363, -17.374 ], [ -70.403, -17.396 ], [ -70.404, -17.409 ], [ -70.4, -17.422 ], [ -70.344, -17.457 ], [ -70.385, -17.461 ], [ -70.429, -17.484 ], [ -70.447, -17.516 ], [ -70.509, -17.545 ], [ -70.608, -17.656 ], [ -70.681, -17.716 ], [ -70.698, -17.768 ], [ -70.729, -17.785 ], [ -70.807, -17.89 ] ] ] } },
{ "type": "Feature", "properties": { "DEPARTAMEN": "TACNA", "PROVINCIA": "TARATA", "clave": "TACNA|TARATA" }, "geometry": { "type": "Polygon", "coordinates": [ [ [ -69.872, -17.546 ], [ -69.876, -17.585 ], [ -69.931, -17.59 ], [ -69.943, -17.578 ], [ -69.958, -17.591 ], [ -69.967, -17.586 ], [ -70.014, -17.625 ], [ -70.007, -17.642 ], [ -70.015, -17.655 ], [ -70.049, -17.673 ], [ -70.055, -17.694 ], [ -70.095, -17.725 ], [ -70.112, -17.762 ], [ -70.138, -17.773 ], [ -70.193, -17.776 ], [ -70.201, -17.758 ], [ -70.154, -17.693 ], [ -70.143, -17.637 ], [ -70.152, -17.624 ], [ -70.15, -17.598 ], [ -70.161, -17.599 ], [ -70.173, -17.587 ], [ -70.236, -17.59 ], [ -70.26, -17.578 ], [ -70.28, -17.563 ], [ -70.288, -17.538 ], [ -70.303, -17.539 ], [ -70.313, -17.52 ], [ -70.332, -17.509 ], [ -70.346, -17.461 ], [ -70.292, -17.41 ], [ -70.277, -17.409 ], [ -70.28, -17.393 ], [ -70.265, -17.388 ], [ -70.245, -17.359 ], [ -70.226, -17.358 ], [ -70.21, -17.333 ], [ -70.168, -17.316 ], [ -70.123, -17.32 ], [ -70.1, -17.305 ], [ -70.094, -17.287 ], [ -70.115, -17.237 ], [ -70.099, -17.217 ], [ -70.101, -17.2 ], [ -70.086, -17.196 ], [ -70.096, -17.188 ], [ -70.098, -17.139 ], [ -70.084, -17.094 ], [ -70.07, -17.081 ], [ -70.074, -17.036 ], [ -70.042, -17.059 ], [ -70.04, -17.128 ], [ -70.025, -17.122 ], [ -70.013, -17.142 ], [ -69.988, -17.151 ], [ -69.981, -17.169 ], [ -69.972, -17.166 ], [ -69.943, -17.198 ], [ -69.899, -17.221 ], [ -69.874, -17.223 ], [ -69.851, -17.244 ], [ -69.796, -17.233 ], [ -69.774, -17.25 ], [ -69.762, -17.28 ], [ -69.731, -17.295 ], [ -69.695, -17.274 ], [ -69.655, -17.271 ], [ -69.645, -17.288 ], [ -69.575, -17.293 ], [ -69.467, -17.374 ], [ -69.468, -17.465 ], [ -69.488, -17.438 ], [ -69.519, -17.424 ], [ -69.527, -17.41 ], [ -69.588, -17.402 ], [ -69.598, -17.393 ], [ -69.614, -17.418 ], [ -69.655, -17.413 ], [ -69.69, -17.444 ], [ -69.68, -17.458 ], [ -69.703, -17.474 ], [ -69.726, -17.46 ], [ -69.838, -17.46 ], [ -69.85, -17.489 ], [ -69.846, -17.506 ], [ -69.872, -17.546 ] ], [ [ -70.252, -17.385 ], [ -70.255, -17.388 ], [ -70.25, -17.385 ], [ -70.252, -17.385 ] ], [ [ -70.068, -17.52 ], [ -70.066, -17.519 ], [ -70.074, -17.519 ], [ -70.068, -17.52 ] ], [ [ -69.951, -17.523 ], [ -69.94, -17.525 ], [ -69.945, -17.523 ], [ -69.951, -17.523 ] ], [ [ -70.137, -17.371 ], [ -70.147, -17.364 ], [ -70.147, -17.365 ], [ -70.137, -17.371 ] ], [ [ -70.068, -17.348 ], [ -70.06, -17.344 ], [ -70.061, -17.343 ], [ -70.068, -17.348 ] ], [ [ -70.043, -17.357 ], [ -70.044, -17.359 ], [ -70.043, -17.363 ], [ -70.043, -17.357 ] ] ] } },
{ "type": "Feature", "properties": { "DEPARTAMEN": "TUMBES", "PROVINCIA": "TUMBES", "clave": "TUMBES|TUMBES" }, "geometry": { "type": "Polygon", "coordinates": [ [ [ -80.297, -3.666 ], [ -80.305, -3.772 ], [ -80.258, -3.826 ], [ -80.259, -3.902 ], [ -80.213, -3.903 ], [ -80.181, -3.925 ], [ -80.217, -3.957 ], [ -80.235, -3.949 ], [ -80.262, -3.999 ], [ -80.295, -4.016 ], [ -80.324, -4.011 ], [ -80.339, -3.992 ], [ -80.353, -3.995 ], [ -80.365, -3.982 ], [ -80.392, -3.987 ], [ -80.399, -3.975 ], [ -80.41, -3.99 ], [ -80.446, -3.997 ], [ -80.445, -4.016 ], [ -80.456, -4.018 ], [ -80.451, -4.031 ], [ -80.468, -4.035 ], [ -80.48, -4.055 ], [ -80.474, -4.08 ], [ -80.518, -4.099 ], [ -80.59, -4.214 ], [ -80.604, -4.211 ], [ -80.623, -4.232 ], [ -80.645, -4.23 ], [ -80.666, -4.215 ], [ -80.644, -4.205 ], [ -80.636, -4.179 ], [ -80.613, -4.172 ], [ -80.583, -4.139 ], [ -80.557, -4.052 ], [ -80.539, -4.029 ], [ -80.515, -4.021 ], [ -80.528, -4.003 ], [ -80.52, -3.979 ], [ -80.533, -3.929 ], [ -80.523, -3.908 ], [ -80.551, -3.883 ], [ -80.54, -3.843 ], [ -80.591, -3.828 ], [ -80.578, -3.785 ], [ -80.559, -3.784 ], [ -80.552, -3.772 ], [ -80.553, -3.742 ], [ -80.554, -3.733 ], [ -80.581, -3.727 ], [ -80.576, -3.708 ], [ -80.604, -3.67 ], [ -80.605, -3.637 ], [ -80.582, -3.635 ], [ -80.555, -3.606 ], [ -80.497, -3.499 ], [ -80.499, -3.504 ], [ -80.494, -3.507 ], [ -80.497, -3.503 ], [ -80.492, -3.497 ], [ -80.48, -3.501 ], [ -80.491, -3.499 ], [ -80.493, -3.504 ], [ -80.458, -3.5 ], [ -80.463, -3.504 ], [ -80.461, -3.506 ], [ -80.456, -3.5 ], [ -80.429, -3.488 ], [ -80.419, -3.486 ], [ -80.404, -3.485 ], [ -80.398, -3.488 ], [ -80.421, -3.487 ], [ -80.441, -3.495 ], [ -80.416, -3.496 ], [ -80.421, -3.513 ], [ -80.379, -3.495 ], [ -80.338, -3.627 ], [ -80.297, -3.666 ] ], [ [ -80.439, -3.61 ], [ -80.439, -3.612 ], [ -80.438, -3.611 ], [ -80.439, -3.61 ] ], [ [ -80.433, -3.604 ], [ -80.448, -3.599 ], [ -80.454, -3.601 ], [ -80.433, -3.604 ] ], [ [ -80.457, -3.6 ], [ -80.457, -3.601 ], [ -80.454, -3.601 ], [ -80.457, -3.6 ] ], [ [ -80.352, -3.621 ], [ -80.354, -3.622 ], [ -80.345, -3.623 ], [ -80.352, -3.621 ] ], [ [ -80.507, -3.673 ], [ -80.508, -3.674 ], [ -80.507, -3.674 ], [ -80.507, -3.673 ] ], [ [ -80.432, -3.643 ], [ -80.434, -3.65 ], [ -80.432, -3.645 ], [ -80.432, -3.643 ] ], [ [ -80.448, -3.837 ], [ -80.447, -3.84 ], [ -80.447, -3.837 ], [ -80.448, -3.837 ] ], [ [ -80.472, -3.859 ], [ -80.476, -3.859 ], [ -80.474, -3.86 ], [ -80.472, -3.859 ] ], [ [ -80.482, -3.862 ], [ -80.482, -3.863 ], [ -80.48, -3.864 ], [ -80.482, -3.862 ] ], [ [ -80.325, -3.715 ], [ -80.324, -3.712 ], [ -80.325, -3.711 ], [ -80.325, -3.715 ] ], [ [ -80.491, -3.513 ], [ -80.491, -3.509 ], [ -80.492, -3.508 ], [ -80.491, -3.513 ] ], [ [ -80.461, -3.597 ], [ -80.459, -3.599 ], [ -80.46, -3.597 ], [ -80.461, -3.597 ] ] ] } },
{ "type": "Feature", "properties": { "DEPARTAMEN": "TUMBES", "PROVINCIA": "CONTRALMIRANTE VILLAR", "clave": "TUMBES|CONTRALMIRANTE VILLAR" }, "geometry": { "type": "Polygon", "coordinates": [ [ [ -80.883, -4.193 ], [ -80.924, -4.169 ], [ -80.936, -4.178 ], [ -80.944, -4.168 ], [ -80.968, -4.173 ], [ -80.962, -4.148 ], [ -80.971, -4.127 ], [ -81.0, -4.111 ], [ -81.019, -4.113 ], [ -81.042, -4.083 ], [ -80.963, -3.958 ], [ -80.835, -3.877 ], [ -80.829, -3.837 ], [ -80.787, -3.748 ], [ -80.754, -3.718 ], [ -80.727, -3.711 ], [ -80.684, -3.68 ], [ -80.626, -3.662 ], [ -80.605, -3.637 ], [ -80.604, -3.67 ], [ -80.576, -3.708 ], [ -80.581, -3.727 ], [ -80.554, -3.734 ], [ -80.552, -3.772 ], [ -80.557, -3.783 ], [ -80.578, -3.785 ], [ -80.593, -3.828 ], [ -80.54, -3.844 ], [ -80.551, -3.883 ], [ -80.523, -3.908 ], [ -80.533, -3.929 ], [ -80.52, -3.979 ], [ -80.528, -4.003 ], [ -80.515, -4.022 ], [ -80.539, -4.029 ], [ -80.557, -4.052 ], [ -80.58, -4.134 ], [ -80.613, -4.172 ], [ -80.636, -4.179 ], [ -80.651, -4.21 ], [ -80.666, -4.215 ], [ -80.699, -4.188 ], [ -80.72, -4.194 ], [ -80.735, -4.178 ], [ -80.745, -4.184 ], [ -80.763, -4.175 ], [ -80.883, -4.193 ] ], [ [ -80.769, -4.042 ], [ -80.766, -4.04 ], [ -80.768, -4.04 ], [ -80.769, -4.042 ] ], [ [ -80.787, -4.056 ], [ -80.778, -4.049 ], [ -80.786, -4.054 ], [ -80.787, -4.056 ] ], [ [ -80.658, -3.901 ], [ -80.654, -3.897 ], [ -80.654, -3.896 ], [ -80.658, -3.901 ] ], [ [ -80.654, -3.895 ], [ -80.654, -3.893 ], [ -80.657, -3.886 ], [ -80.654, -3.895 ] ], [ [ -80.613, -3.825 ], [ -80.609, -3.823 ], [ -80.61, -3.823 ], [ -80.613, -3.825 ] ] ] } },
{ "type": "Feature", "properties": { "DEPARTAMEN": "TUMBES", "PROVINCIA": "ZARUMILLA", "clave": "TUMBES|ZARUMILLA" }, "geometry": { "type": "Polygon", "coordinates": [ [ [ -80.187, -3.671 ], [ -80.199, -3.689 ], [ -80.18, -3.736 ], [ -80.188, -3.743 ], [ -80.183, -3.751 ], [ -80.192, -3.749 ], [ -80.193, -3.775 ], [ -80.16, -3.802 ], [ -80.163, -3.828 ], [ -80.151, -3.855 ], [ -80.159, -3.87 ], [ -80.127, -3.888 ], [ -80.14, -3.913 ], [ -80.159, -3.914 ], [ -80.174, -3.926 ], [ -80.213, -3.903 ], [ -80.259, -3.902 ], [ -80.258, -3.826 ], [ -80.305, -3.773 ], [ -80.297, -3.667 ], [ -80.313, -3.644 ], [ -80.342, -3.625 ], [ -80.379, -3.495 ], [ -80.377, -3.493 ], [ -80.395, -3.492 ], [ -80.372, -3.486 ], [ -80.326, -3.436 ], [ -80.34, -3.455 ], [ -80.337, -3.456 ], [ -80.327, -3.44 ], [ -80.313, -3.405 ], [ -80.319, -3.382 ], [ -80.29, -3.41 ], [ -80.257, -3.413 ], [ -80.221, -3.438 ], [ -80.24, -3.461 ], [ -80.245, -3.486 ], [ -80.215, -3.502 ], [ -80.205, -3.552 ], [ -80.219, -3.574 ], [ -80.211, -3.592 ], [ -80.188, -3.598 ], [ -80.197, -3.618 ], [ -80.187, -3.671 ] ], [ [ -80.211, -3.552 ], [ -80.214, -3.552 ], [ -80.211, -3.553 ], [ -80.211, -3.552 ] ] ] } },
{ "type": "Feature", "properties": { "DEPARTAMEN": "UCAYALI", "PROVINCIA": "CORONEL PORTILLO", "clave": "UCAYALI|CORONEL PORTILLO" }, "geometry": { "type": "Polygon", "coordinates": [ [ [ -74.528, -8.711 ], [ -74.547, -8.585 ], [ -74.59, -8.549 ], [ -74.63, -8.55 ], [ -74.847, -8.662 ], [ -74.841, -8.679 ], [ -74.852, -8.763 ], [ -74.954, -8.864 ], [ -74.966, -8.808 ], [ -74.946, -8.78 ], [ -74.942, -8.722 ], [ -74.967, -8.666 ], [ -74.939, -8.592 ], [ -74.977, -8.523 ], [ -74.999, -8.505 ], [ -75.014, -8.449 ], [ -75.025, -8.443 ], [ -75.03, -8.416 ], [ -75.012, -8.407 ], [ -75.016, -8.393 ], [ -75.004, -8.385 ], [ -75.027, -8.363 ], [ -75.04, -8.313 ], [ -75.069, -8.28 ], [ -75.111, -8.266 ], [ -75.13, -8.265 ], [ -75.132, -8.273 ], [ -75.173, -8.267 ], [ -75.203, -8.257 ], [ -75.218, -8.24 ], [ -75.242, -8.243 ], [ -75.272, -8.264 ], [ -75.391, -8.236 ], [ -75.416, -8.244 ], [ -75.453, -8.21 ], [ -75.438, -8.195 ], [ -75.439, -8.175 ], [ -75.43, -8.167 ], [ -75.398, -8.168 ], [ -75.376, -8.139 ], [ -75.346, -8.129 ], [ -75.324, -8.139 ], [ -75.288, -8.126 ], [ -75.247, -8.155 ], [ -75.235, -8.15 ], [ -75.236, -8.14 ], [ -75.214, -8.126 ], [ -75.212, -8.1 ], [ -75.189, -8.079 ], [ -75.196, -8.053 ], [ -75.186, -8.018 ], [ -75.149, -8.002 ], [ -75.145, -7.98 ], [ -75.092, -7.974 ], [ -75.033, -7.95 ], [ -75.006, -7.97 ], [ -74.982, -7.969 ], [ -74.888, -8.084 ], [ -74.84, -8.058 ], [ -74.779, -8.042 ], [ -74.728, -7.981 ], [ -74.711, -7.979 ], [ -74.668, -7.946 ], [ -74.628, -7.94 ], [ -74.57, -7.816 ], [ -74.516, -7.778 ], [ -74.526, -7.756 ], [ -74.558, -7.748 ], [ -74.582, -7.706 ], [ -74.583, -7.685 ], [ -74.571, -7.668 ], [ -74.576, -7.637 ], [ -74.643, -7.562 ], [ -74.643, -7.5 ], [ -74.616, -7.435 ], [ -74.58, -7.41 ], [ -74.566, -7.36 ], [ -74.535, -7.318 ], [ -74.536, -7.294 ], [ -74.5, -7.262 ], [ -74.472, -7.275 ], [ -74.464, -7.299 ], [ -74.444, -7.307 ], [ -74.431, -7.302 ], [ -74.414, -7.315 ], [ -74.37, -7.317 ], [ -74.362, -7.337 ], [ -74.344, -7.345 ], [ -74.284, -7.354 ], [ -74.254, -7.344 ], [ -74.234, -7.36 ], [ -74.181, -7.359 ], [ -74.142, -7.378 ], [ -74.133, -7.401 ], [ -74.039, -7.449 ], [ -74.036, -7.481 ], [ -73.983, -7.534 ], [ -73.979, -7.561 ], [ -73.889, -7.604 ], [ -73.9, -7.64 ], [ -73.868, -7.675 ], [ -73.839, -7.667 ], [ -73.836, -7.692 ], [ -73.822, -7.701 ], [ -73.818, -7.717 ], [ -73.802, -7.714 ], [ -73.741, -7.733 ], [ -73.734, -7.745 ], [ -73.715, -7.742 ], [ -73.712, -7.761 ], [ -73.688, -7.767 ], [ -73.676, -7.801 ], [ -73.683, -7.818 ], [ -73.678, -7.858 ], [ -73.704, -7.876 ], [ -73.735, -7.879 ], [ -73.758, -7.871 ], [ -73.762, -7.861 ], [ -73.755, -7.892 ], [ -73.772, -7.91 ], [ -73.74, -7.93 ], [ -73.748, -7.947 ], [ -73.73, -7.953 ], [ -73.727, -7.966 ], [ -73.706, -7.955 ], [ -73.7, -7.976 ], [ -73.681, -7.984 ], [ -73.668, -8.013 ], [ -73.639, -8.007 ], [ -73.617, -8.034 ], [ -73.626, -8.057 ], [ -73.585, -8.128 ], [ -73.596, -8.165 ], [ -73.571, -8.224 ], [ -73.587, -8.241 ], [ -73.563, -8.245 ], [ -73.527, -8.27 ], [ -73.538, -8.297 ], [ -73.526, -8.321 ], [ -73.54, -8.351 ], [ -73.525, -8.357 ], [ -73.52, -8.373 ], [ -73.485, -8.384 ], [ -73.441, -8.425 ], [ -73.407, -8.431 ], [ -73.388, -8.47 ], [ -73.376, -8.464 ], [ -73.372, -8.473 ], [ -73.332, -8.474 ], [ -73.329, -8.523 ], [ -73.341, -8.617 ], [ -73.319, -8.611 ], [ -73.312, -8.632 ], [ -73.3, -8.632 ], [ -73.285, -8.664 ], [ -73.266, -8.671 ], [ -73.255, -8.69 ], [ -73.205, -8.688 ], [ -73.167, -8.698 ], [ -73.136, -8.739 ], [ -73.135, -8.767 ], [ -73.115, -8.784 ], [ -73.112, -8.819 ], [ -73.078, -8.842 ], [ -73.08, -8.86 ], [ -73.071, -8.862 ], [ -73.059, -8.906 ], [ -73.0, -8.918 ], [ -72.968, -8.981 ], [ -72.941, -8.985 ], [ -72.963, -9.013 ], [ -72.948, -9.029 ], [ -72.943, -9.053 ], [ -72.95, -9.068 ], [ -72.94, -9.093 ], [ -72.946, -9.119 ], [ -72.96, -9.133 ], [ -72.958, -9.143 ], [ -73.027, -9.179 ], [ -73.003, -9.195 ], [ -73.009, -9.222 ], [ -73.024, -9.22 ], [ -73.036, -9.235 ], [ -73.063, -9.227 ], [ -73.074, -9.235 ], [ -73.094, -9.269 ], [ -73.107, -9.275 ], [ -73.101, -9.308 ], [ -73.131, -9.318 ], [ -73.134, -9.331 ], [ -73.148, -9.337 ], [ -73.148, -9.354 ], [ -73.189, -9.363 ], [ -73.187, -9.399 ], [ -73.204, -9.407 ], [ -73.191, -9.427 ], [ -73.205, -9.444 ], [ -73.194, -9.463 ], [ -73.207, -9.481 ], [ -73.19, -9.527 ], [ -73.203, -9.546 ], [ -73.2, -9.568 ], [ -73.213, -9.576 ], [ -73.225, -9.632 ], [ -73.216, -9.653 ], [ -73.219, -9.663 ], [ -73.236, -9.656 ], [ -73.273, -9.664 ], [ -73.268, -9.679 ], [ -73.277, -9.684 ], [ -73.243, -9.73 ], [ -73.239, -9.787 ], [ -73.218, -9.827 ], [ -73.228, -9.848 ], [ -73.209, -9.854 ], [ -73.198, -9.87 ], [ -73.164, -9.864 ], [ -73.101, -9.877 ], [ -73.097, -9.89 ], [ -73.114, -9.903 ], [ -73.112, -9.92 ], [ -73.093, -9.95 ], [ -73.07, -9.965 ], [ -73.07, -9.979 ], [ -73.08, -9.988 ], [ -73.098, -9.987 ], [ -73.103, -10.011 ], [ -73.152, -10.038 ], [ -73.182, -10.092 ], [ -73.194, -10.081 ], [ -73.197, -10.048 ], [ -73.187, -10.018 ], [ -73.219, -10.0 ], [ -73.221, -9.972 ], [ -73.268, -9.952 ], [ -73.309, -9.893 ], [ -73.37, -9.862 ], [ -73.373, -9.825 ], [ -73.459, -9.796 ], [ -73.469, -9.751 ], [ -73.536, -9.71 ], [ -73.569, -9.658 ], [ -73.609, -9.644 ], [ -73.641, -9.592 ], [ -73.665, -9.572 ], [ -73.66, -9.546 ], [ -73.69, -9.528 ], [ -73.743, -9.54 ], [ -73.765, -9.531 ], [ -73.817, -9.53 ], [ -73.876, -9.597 ], [ -73.96, -9.611 ], [ -73.986, -9.635 ], [ -74.049, -9.657 ], [ -74.069, -9.687 ], [ -74.066, -9.706 ], [ -74.104, -9.712 ], [ -74.144, -9.705 ], [ -74.186, -9.765 ], [ -74.253, -9.772 ], [ -74.288, -9.79 ], [ -74.295, -9.806 ], [ -74.317, -9.802 ], [ -74.338, -9.866 ], [ -74.37, -9.848 ], [ -74.376, -9.871 ], [ -74.361, -9.901 ], [ -74.412, -9.954 ], [ -74.415, -9.901 ], [ -74.453, -9.864 ], [ -74.447, -9.777 ], [ -74.49, -9.685 ], [ -74.494, -9.592 ], [ -74.532, -9.592 ], [ -74.575, -9.573 ], [ -74.574, -9.546 ], [ -74.593, -9.507 ], [ -74.583, -9.498 ], [ -74.581, -9.477 ], [ -74.663, -9.455 ], [ -74.709, -9.422 ], [ -74.685, -9.409 ], [ -74.654, -9.369 ], [ -74.627, -9.365 ], [ -74.587, -9.297 ], [ -74.59, -9.267 ], [ -74.624, -9.216 ], [ -74.64, -9.16 ], [ -74.637, -9.126 ], [ -74.672, -9.111 ], [ -74.678, -9.094 ], [ -74.651, -9.049 ], [ -74.669, -9.02 ], [ -74.648, -8.996 ], [ -74.644, -8.919 ], [ -74.624, -8.889 ], [ -74.618, -8.832 ], [ -74.532, -8.77 ], [ -74.528, -8.711 ] ], [ [ -74.663, -8.414 ], [ -74.662, -8.561 ], [ -74.662, -8.468 ], [ -74.663, -8.414 ] ], [ [ -74.281, -8.458 ], [ -74.322, -8.532 ], [ -74.28, -8.458 ], [ -74.281, -8.458 ] ], [ [ -73.666, -8.472 ], [ -73.679, -8.465 ], [ -73.668, -8.472 ], [ -73.666, -8.472 ] ], [ [ -73.658, -8.471 ], [ -73.662, -8.472 ], [ -73.659, -8.472 ], [ -73.658, -8.471 ] ], [ [ -73.652, -8.465 ], [ -73.657, -8.471 ], [ -73.656, -8.471 ], [ -73.652, -8.465 ] ], [ [ -73.631, -8.374 ], [ -73.649, -8.409 ], [ -73.629, -8.372 ], [ -73.631, -8.374 ] ], [ [ -73.561, -8.337 ], [ -73.563, -8.339 ], [ -73.56, -8.337 ], [ -73.561, -8.337 ] ], [ [ -74.72, -8.109 ], [ -74.711, -8.105 ], [ -74.708, -8.102 ], [ -74.72, -8.109 ] ], [ [ -74.714, -8.08 ], [ -74.713, -8.079 ], [ -74.714, -8.079 ], [ -74.714, -8.08 ] ], [ [ -74.707, -8.081 ], [ -74.701, -8.083 ], [ -74.694, -8.084 ], [ -74.707, -8.081 ] ], [ [ -74.69, -8.091 ], [ -74.689, -8.091 ], [ -74.694, -8.084 ], [ -74.69, -8.091 ] ], [ [ -74.64, -8.127 ], [ -74.648, -8.14 ], [ -74.651, -8.147 ], [ -74.64, -8.127 ] ], [ [ -74.945, -8.338 ], [ -74.945, -8.34 ], [ -74.944, -8.34 ], [ -74.945, -8.338 ] ], [ [ -74.942, -8.358 ], [ -74.94, -8.359 ], [ -74.935, -8.358 ], [ -74.942, -8.358 ] ], [ [ -74.716, -8.359 ], [ -74.71, -8.37 ], [ -74.714, -8.361 ], [ -74.716, -8.359 ] ] ] } },
{ "type": "Feature", "properties": { "DEPARTAMEN": "UCAYALI", "PROVINCIA": "ATALAYA", "clave": "UCAYALI|ATALAYA" }, "geometry": { "type": "Polygon", "coordinates": [ [ [ -72.437, -10.843 ], [ -72.419, -10.906 ], [ -72.36, -10.962 ], [ -72.332, -10.968 ], [ -72.313, -10.984 ], [ -72.262, -10.972 ], [ -72.24, -10.984 ], [ -72.216, -11.013 ], [ -72.185, -11.009 ], [ -72.174, -11.032 ], [ -72.193, -11.05 ], [ -72.183, -11.058 ], [ -72.183, -11.093 ], [ -72.148, -11.088 ], [ -72.123, -11.104 ], [ -72.12, -11.118 ], [ -72.135, -11.136 ], [ -72.167, -11.142 ], [ -72.176, -11.159 ], [ -72.184, -11.156 ], [ -72.188, -11.164 ], [ -72.194, -11.157 ], [ -72.207, -11.172 ], [ -72.187, -11.185 ], [ -72.199, -11.198 ], [ -72.199, -11.264 ], [ -72.219, -11.297 ], [ -72.205, -11.347 ], [ -72.246, -11.346 ], [ -72.255, -11.33 ], [ -72.28, -11.34 ], [ -72.284, -11.317 ], [ -72.308, -11.307 ], [ -72.315, -11.322 ], [ -72.338, -11.317 ], [ -72.361, -11.334 ], [ -72.381, -11.334 ], [ -72.387, -11.348 ], [ -72.399, -11.343 ], [ -72.403, -11.357 ], [ -72.424, -11.355 ], [ -72.425, -11.368 ], [ -72.45, -11.371 ], [ -72.449, -11.386 ], [ -72.481, -11.388 ], [ -72.493, -11.404 ], [ -72.499, -11.395 ], [ -72.507, -11.421 ], [ -72.518, -11.418 ], [ -72.516, -11.431 ], [ -72.532, -11.439 ], [ -72.534, -11.425 ], [ -72.536, -11.435 ], [ -72.549, -11.437 ], [ -72.547, -11.448 ], [ -72.554, -11.432 ], [ -72.582, -11.439 ], [ -72.581, -11.431 ], [ -72.594, -11.441 ], [ -72.601, -11.418 ], [ -72.609, -11.44 ], [ -72.608, -11.429 ], [ -72.624, -11.426 ], [ -72.617, -11.418 ], [ -72.632, -11.416 ], [ -72.634, -11.405 ], [ -72.646, -11.413 ], [ -72.666, -11.386 ], [ -72.692, -11.396 ], [ -72.699, -11.38 ], [ -72.71, -11.379 ], [ -72.712, -11.347 ], [ -72.718, -11.362 ], [ -72.738, -11.347 ], [ -72.763, -11.372 ], [ -72.795, -11.385 ], [ -72.789, -11.369 ], [ -72.797, -11.364 ], [ -72.8, -11.386 ], [ -72.816, -11.375 ], [ -72.823, -11.39 ], [ -72.842, -11.387 ], [ -72.834, -11.374 ], [ -72.859, -11.355 ], [ -72.877, -11.364 ], [ -72.89, -11.343 ], [ -72.895, -11.358 ], [ -72.92, -11.344 ], [ -72.926, -11.348 ], [ -72.921, -11.355 ], [ -72.933, -11.35 ], [ -72.924, -11.327 ], [ -72.945, -11.34 ], [ -72.95, -11.33 ], [ -72.962, -11.335 ], [ -72.965, -11.329 ], [ -72.951, -11.325 ], [ -72.96, -11.314 ], [ -72.944, -11.31 ], [ -72.94, -11.323 ], [ -72.932, -11.307 ], [ -72.956, -11.305 ], [ -72.953, -11.293 ], [ -72.936, -11.291 ], [ -72.956, -11.263 ], [ -72.968, -11.266 ], [ -72.975, -11.224 ], [ -72.966, -11.217 ], [ -72.977, -11.212 ], [ -73.016, -11.231 ], [ -73.026, -11.264 ], [ -73.065, -11.284 ], [ -73.082, -11.273 ], [ -73.132, -11.294 ], [ -73.206, -11.29 ], [ -73.256, -11.313 ], [ -73.342, -11.311 ], [ -73.353, -11.334 ], [ -73.409, -11.386 ], [ -73.45, -11.368 ], [ -73.468, -11.344 ], [ -73.483, -11.353 ], [ -73.484, -11.319 ], [ -73.459, -11.301 ], [ -73.463, -11.284 ], [ -73.45, -11.237 ], [ -73.475, -11.128 ], [ -73.467, -11.118 ], [ -73.471, -11.087 ], [ -73.483, -11.065 ], [ -73.543, -11.047 ], [ -73.541, -11.022 ], [ -73.553, -11.014 ], [ -73.559, -10.975 ], [ -73.573, -10.954 ], [ -73.561, -10.859 ], [ -73.61, -10.847 ], [ -73.667, -10.803 ], [ -73.668, -10.791 ], [ -73.732, -10.754 ], [ -73.742, -10.734 ], [ -73.782, -10.751 ], [ -73.778, -10.775 ], [ -73.787, -10.794 ], [ -73.814, -10.8 ], [ -73.822, -10.836 ], [ -73.813, -10.889 ], [ -73.827, -10.911 ], [ -73.824, -10.922 ], [ -73.862, -10.975 ], [ -73.866, -11.099 ], [ -73.853, -11.164 ], [ -73.859, -11.168 ], [ -73.891, -11.17 ], [ -73.916, -11.143 ], [ -73.958, -11.147 ], [ -73.976, -11.125 ], [ -73.984, -11.092 ], [ -73.979, -11.069 ], [ -74.007, -10.991 ], [ -74.061, -10.996 ], [ -74.103, -10.986 ], [ -74.156, -10.999 ], [ -74.191, -10.986 ], [ -74.203, -11.021 ], [ -74.256, -11.018 ], [ -74.351, -11.057 ], [ -74.4, -11.043 ], [ -74.45, -11.002 ], [ -74.496, -11.0 ], [ -74.508, -10.95 ], [ -74.57, -10.915 ], [ -74.569, -10.904 ], [ -74.548, -10.891 ], [ -74.507, -10.9 ], [ -74.487, -10.889 ], [ -74.485, -10.856 ], [ -74.492, -10.845 ], [ -74.483, -10.835 ], [ -74.467, -10.837 ], [ -74.431, -10.813 ], [ -74.387, -10.813 ], [ -74.374, -10.789 ], [ -74.384, -10.747 ], [ -74.36, -10.759 ], [ -74.35, -10.755 ], [ -74.337, -10.734 ], [ -74.316, -10.726 ], [ -74.287, -10.67 ], [ -74.259, -10.68 ], [ -74.253, -10.659 ], [ -74.228, -10.652 ], [ -74.23, -10.635 ], [ -74.204, -10.63 ], [ -74.193, -10.639 ], [ -74.16, -10.641 ], [ -74.136, -10.671 ], [ -74.131, -10.655 ], [ -74.14, -10.615 ], [ -74.133, -10.605 ], [ -74.182, -10.503 ], [ -74.179, -10.489 ], [ -74.226, -10.444 ], [ -74.239, -10.441 ], [ -74.253, -10.417 ], [ -74.244, -10.41 ], [ -74.242, -10.383 ], [ -74.263, -10.364 ], [ -74.237, -10.322 ], [ -74.252, -10.305 ], [ -74.234, -10.295 ], [ -74.227, -10.277 ], [ -74.226, -10.23 ], [ -74.235, -10.218 ], [ -74.228, -10.194 ], [ -74.245, -10.177 ], [ -74.303, -10.165 ], [ -74.315, -10.113 ], [ -74.367, -10.113 ], [ -74.39, -10.051 ], [ -74.404, -10.051 ], [ -74.419, -10.026 ], [ -74.413, -10.007 ], [ -74.425, -9.985 ], [ -74.412, -9.954 ], [ -74.361, -9.901 ], [ -74.376, -9.871 ], [ -74.37, -9.848 ], [ -74.338, -9.866 ], [ -74.317, -9.802 ], [ -74.295, -9.806 ], [ -74.288, -9.79 ], [ -74.253, -9.772 ], [ -74.186, -9.765 ], [ -74.144, -9.705 ], [ -74.104, -9.712 ], [ -74.066, -9.706 ], [ -74.069, -9.687 ], [ -74.049, -9.657 ], [ -73.986, -9.635 ], [ -73.96, -9.611 ], [ -73.876, -9.597 ], [ -73.817, -9.53 ], [ -73.765, -9.531 ], [ -73.743, -9.54 ], [ -73.692, -9.528 ], [ -73.66, -9.546 ], [ -73.665, -9.572 ], [ -73.641, -9.592 ], [ -73.609, -9.644 ], [ -73.569, -9.658 ], [ -73.536, -9.71 ], [ -73.469, -9.751 ], [ -73.459, -9.796 ], [ -73.373, -9.825 ], [ -73.37, -9.862 ], [ -73.309, -9.893 ], [ -73.268, -9.952 ], [ -73.221, -9.972 ], [ -73.219, -10.0 ], [ -73.187, -10.018 ], [ -73.197, -10.048 ], [ -73.194, -10.081 ], [ -73.179, -10.094 ], [ -73.152, -10.039 ], [ -73.103, -10.011 ], [ -73.098, -9.987 ], [ -73.08, -9.988 ], [ -73.067, -9.973 ], [ -73.111, -9.921 ], [ -73.114, -9.903 ], [ -73.097, -9.89 ], [ -73.101, -9.877 ], [ -73.164, -9.864 ], [ -73.198, -9.87 ], [ -73.209, -9.854 ], [ -73.228, -9.848 ], [ -73.218, -9.827 ], [ -73.239, -9.787 ], [ -73.243, -9.73 ], [ -73.277, -9.684 ], [ -73.268, -9.679 ], [ -73.273, -9.664 ], [ -73.236, -9.656 ], [ -73.219, -9.663 ], [ -73.216, -9.653 ], [ -73.225, -9.635 ], [ -73.213, -9.576 ], [ -73.2, -9.568 ], [ -73.203, -9.546 ], [ -73.19, -9.527 ], [ -73.207, -9.481 ], [ -73.194, -9.463 ], [ -73.205, -9.444 ], [ -73.191, -9.427 ], [ -73.201, -9.412 ], [ -72.716, -9.412 ], [ -72.712, -9.43 ], [ -72.699, -9.429 ], [ -72.695, -9.439 ], [ -72.683, -9.433 ], [ -72.655, -9.452 ], [ -72.628, -9.442 ], [ -72.62, -9.453 ], [ -72.577, -9.456 ], [ -72.577, -9.464 ], [ -72.568, -9.46 ], [ -72.561, -9.473 ], [ -72.542, -9.467 ], [ -72.52, -9.491 ], [ -72.501, -9.48 ], [ -72.455, -9.49 ], [ -72.441, -9.477 ], [ -72.426, -9.486 ], [ -72.407, -9.477 ], [ -72.387, -9.492 ], [ -72.357, -9.494 ], [ -72.318, -9.544 ], [ -72.3, -9.533 ], [ -72.283, -9.54 ], [ -72.288, -9.603 ], [ -72.268, -9.621 ], [ -72.253, -9.616 ], [ -72.26, -9.646 ], [ -72.245, -9.659 ], [ -72.263, -9.751 ], [ -72.246, -9.751 ], [ -72.215, -9.779 ], [ -72.187, -9.778 ], [ -72.151, -9.797 ], [ -72.163, -9.83 ], [ -72.154, -9.835 ], [ -72.148, -9.872 ], [ -72.136, -9.875 ], [ -72.174, -9.932 ], [ -72.156, -9.942 ], [ -72.162, -9.954 ], [ -72.15, -9.966 ], [ -72.177, -9.985 ], [ -72.19, -10.008 ], [ -72.163, -10.076 ], [ -72.141, -10.091 ], [ -72.143, -10.139 ], [ -72.156, -10.164 ], [ -72.229, -10.163 ], [ -72.243, -10.189 ], [ -72.335, -10.179 ], [ -72.364, -10.2 ], [ -72.368, -10.213 ], [ -72.419, -10.233 ], [ -72.445, -10.255 ], [ -72.473, -10.302 ], [ -72.478, -10.332 ], [ -72.465, -10.35 ], [ -72.477, -10.379 ], [ -72.423, -10.445 ], [ -72.42, -10.474 ], [ -72.428, -10.49 ], [ -72.464, -10.509 ], [ -72.409, -10.516 ], [ -72.379, -10.548 ], [ -72.392, -10.575 ], [ -72.388, -10.595 ], [ -72.406, -10.649 ], [ -72.446, -10.638 ], [ -72.467, -10.716 ], [ -72.467, -10.751 ], [ -72.484, -10.781 ], [ -72.472, -10.817 ], [ -72.437, -10.843 ] ], [ [ -74.028, -10.293 ], [ -74.033, -10.294 ], [ -74.025, -10.294 ], [ -74.028, -10.293 ] ], [ [ -73.059, -10.146 ], [ -73.063, -10.149 ], [ -73.058, -10.146 ], [ -73.059, -10.146 ] ], [ [ -73.025, -10.188 ], [ -73.032, -10.192 ], [ -73.031, -10.192 ], [ -73.025, -10.188 ] ], [ [ -72.567, -10.262 ], [ -72.569, -10.262 ], [ -72.566, -10.264 ], [ -72.567, -10.262 ] ], [ [ -72.563, -10.267 ], [ -72.564, -10.266 ], [ -72.563, -10.269 ], [ -72.563, -10.267 ] ], [ [ -72.701, -10.704 ], [ -72.689, -10.705 ], [ -72.698, -10.703 ], [ -72.701, -10.704 ] ], [ [ -73.324, -11.006 ], [ -73.323, -11.006 ], [ -73.318, -10.995 ], [ -73.324, -11.006 ] ], [ [ -73.323, -10.842 ], [ -73.324, -10.836 ], [ -73.324, -10.841 ], [ -73.323, -10.842 ] ], [ [ -73.235, -10.777 ], [ -73.233, -10.776 ], [ -73.234, -10.776 ], [ -73.235, -10.777 ] ] ] } },
{ "type": "Feature", "properties": { "DEPARTAMEN": "UCAYALI", "PROVINCIA": "PADRE ABAD", "clave": "UCAYALI|PADRE ABAD" }, "geometry": { "type": "Polygon", "coordinates": [ [ [ -75.764, -9.217 ], [ -75.775, -9.22 ], [ -75.796, -9.203 ], [ -75.8, -9.161 ], [ -75.822, -9.119 ], [ -75.825, -9.09 ], [ -75.838, -9.085 ], [ -75.838, -9.061 ], [ -75.859, -9.052 ], [ -75.891, -9.005 ], [ -75.895, -8.985 ], [ -75.884, -8.973 ], [ -75.901, -8.898 ], [ -75.911, -8.896 ], [ -75.928, -8.846 ], [ -75.922, -8.781 ], [ -75.948, -8.723 ], [ -75.944, -8.71 ], [ -75.901, -8.678 ], [ -75.891, -8.66 ], [ -75.834, -8.652 ], [ -75.817, -8.636 ], [ -75.818, -8.617 ], [ -75.795, -8.593 ], [ -75.779, -8.548 ], [ -75.782, -8.525 ], [ -75.799, -8.512 ], [ -75.782, -8.504 ], [ -75.787, -8.496 ], [ -75.769, -8.498 ], [ -75.761, -8.487 ], [ -75.716, -8.487 ], [ -75.708, -8.447 ], [ -75.687, -8.423 ], [ -75.618, -8.408 ], [ -75.598, -8.413 ], [ -75.583, -8.441 ], [ -75.572, -8.445 ], [ -75.546, -8.432 ], [ -75.527, -8.44 ], [ -75.511, -8.432 ], [ -75.477, -8.435 ], [ -75.458, -8.45 ], [ -75.419, -8.451 ], [ -75.477, -8.386 ], [ -75.483, -8.345 ], [ -75.499, -8.346 ], [ -75.51, -8.335 ], [ -75.494, -8.328 ], [ -75.502, -8.286 ], [ -75.472, -8.253 ], [ -75.455, -8.211 ], [ -75.416, -8.244 ], [ -75.391, -8.236 ], [ -75.272, -8.264 ], [ -75.242, -8.243 ], [ -75.218, -8.24 ], [ -75.203, -8.257 ], [ -75.173, -8.267 ], [ -75.132, -8.273 ], [ -75.13, -8.265 ], [ -75.111, -8.266 ], [ -75.072, -8.278 ], [ -75.038, -8.317 ], [ -75.027, -8.363 ], [ -75.004, -8.382 ], [ -75.016, -8.393 ], [ -75.012, -8.407 ], [ -75.03, -8.416 ], [ -75.028, -8.433 ], [ -75.014, -8.449 ], [ -74.999, -8.505 ], [ -74.977, -8.523 ], [ -74.939, -8.592 ], [ -74.967, -8.666 ], [ -74.942, -8.722 ], [ -74.946, -8.78 ], [ -74.966, -8.807 ], [ -74.954, -8.864 ], [ -75.005, -8.87 ], [ -75.022, -8.859 ], [ -75.065, -8.882 ], [ -75.073, -8.873 ], [ -75.121, -8.88 ], [ -75.12, -8.901 ], [ -75.119, -8.901 ], [ -75.108, -8.922 ], [ -75.135, -8.945 ], [ -75.12, -8.961 ], [ -75.12, -8.983 ], [ -75.138, -8.988 ], [ -75.139, -9.0 ], [ -75.154, -8.999 ], [ -75.157, -9.01 ], [ -75.174, -9.012 ], [ -75.176, -9.025 ], [ -75.162, -9.034 ], [ -75.201, -9.064 ], [ -75.195, -9.073 ], [ -75.205, -9.08 ], [ -75.206, -9.101 ], [ -75.242, -9.102 ], [ -75.212, -9.176 ], [ -75.242, -9.221 ], [ -75.272, -9.233 ], [ -75.272, -9.268 ], [ -75.314, -9.302 ], [ -75.334, -9.289 ], [ -75.349, -9.305 ], [ -75.372, -9.31 ], [ -75.418, -9.293 ], [ -75.453, -9.296 ], [ -75.456, -9.325 ], [ -75.494, -9.377 ], [ -75.601, -9.414 ], [ -75.611, -9.406 ], [ -75.617, -9.414 ], [ -75.669, -9.418 ], [ -75.671, -9.385 ], [ -75.695, -9.364 ], [ -75.689, -9.349 ], [ -75.706, -9.336 ], [ -75.72, -9.277 ], [ -75.764, -9.238 ], [ -75.764, -9.217 ] ], [ [ -75.453, -9.293 ], [ -75.454, -9.295 ], [ -75.453, -9.296 ], [ -75.453, -9.293 ] ], [ [ -75.665, -8.446 ], [ -75.666, -8.442 ], [ -75.666, -8.445 ], [ -75.665, -8.446 ] ], [ [ -75.613, -8.478 ], [ -75.618, -8.478 ], [ -75.617, -8.479 ], [ -75.613, -8.478 ] ], [ [ -75.474, -8.577 ], [ -75.473, -8.581 ], [ -75.473, -8.577 ], [ -75.474, -8.577 ] ], [ [ -75.439, -8.56 ], [ -75.44, -8.56 ], [ -75.439, -8.565 ], [ -75.439, -8.56 ] ], [ [ -75.432, -8.56 ], [ -75.437, -8.566 ], [ -75.436, -8.566 ], [ -75.432, -8.56 ] ], [ [ -75.4, -8.597 ], [ -75.401, -8.583 ], [ -75.402, -8.589 ], [ -75.4, -8.597 ] ], [ [ -75.442, -8.64 ], [ -75.44, -8.637 ], [ -75.442, -8.638 ], [ -75.442, -8.64 ] ], [ [ -75.423, -8.643 ], [ -75.424, -8.643 ], [ -75.422, -8.645 ], [ -75.423, -8.643 ] ], [ [ -75.522, -8.787 ], [ -75.52, -8.788 ], [ -75.52, -8.787 ], [ -75.522, -8.787 ] ], [ [ -75.524, -8.787 ], [ -75.525, -8.788 ], [ -75.522, -8.787 ], [ -75.524, -8.787 ] ], [ [ -75.536, -8.816 ], [ -75.536, -8.815 ], [ -75.537, -8.815 ], [ -75.536, -8.816 ] ], [ [ -75.528, -8.822 ], [ -75.532, -8.821 ], [ -75.528, -8.823 ], [ -75.528, -8.822 ] ], [ [ -75.441, -9.043 ], [ -75.442, -9.043 ], [ -75.441, -9.044 ], [ -75.441, -9.043 ] ], [ [ -75.353, -8.816 ], [ -75.346, -8.839 ], [ -75.349, -8.827 ], [ -75.353, -8.816 ] ], [ [ -75.282, -8.63 ], [ -75.284, -8.636 ], [ -75.282, -8.634 ], [ -75.282, -8.63 ] ], [ [ -75.25, -8.615 ], [ -75.253, -8.625 ], [ -75.251, -8.624 ], [ -75.25, -8.615 ] ], [ [ -75.25, -8.602 ], [ -75.25, -8.606 ], [ -75.249, -8.604 ], [ -75.25, -8.602 ] ], [ [ -75.245, -8.585 ], [ -75.246, -8.59 ], [ -75.244, -8.584 ], [ -75.245, -8.585 ] ], [ [ -75.138, -8.564 ], [ -75.139, -8.561 ], [ -75.139, -8.566 ], [ -75.138, -8.564 ] ], [ [ -75.167, -8.695 ], [ -75.162, -8.677 ], [ -75.168, -8.694 ], [ -75.167, -8.695 ] ], [ [ -75.617, -8.98 ], [ -75.613, -8.978 ], [ -75.616, -8.978 ], [ -75.617, -8.98 ] ], [ [ -75.786, -8.93 ], [ -75.784, -8.929 ], [ -75.784, -8.928 ], [ -75.786, -8.93 ] ], [ [ -75.784, -8.926 ], [ -75.784, -8.922 ], [ -75.787, -8.917 ], [ -75.784, -8.926 ] ], [ [ -75.444, -9.062 ], [ -75.445, -9.063 ], [ -75.442, -9.067 ], [ -75.444, -9.062 ] ], [ [ -75.441, -9.057 ], [ -75.443, -9.058 ], [ -75.443, -9.06 ], [ -75.441, -9.057 ] ], [ [ -75.03, -8.746 ], [ -75.027, -8.744 ], [ -75.029, -8.744 ], [ -75.03, -8.746 ] ], [ [ -75.026, -8.743 ], [ -75.025, -8.742 ], [ -75.026, -8.742 ], [ -75.026, -8.743 ] ], [ [ -75.383, -8.606 ], [ -75.382, -8.606 ], [ -75.382, -8.6 ], [ -75.383, -8.606 ] ], [ [ -75.023, -8.457 ], [ -75.023, -8.456 ], [ -75.024, -8.458 ], [ -75.023, -8.457 ] ] ] } },
{ "type": "Feature", "properties": { "DEPARTAMEN": "UCAYALI", "PROVINCIA": "PURUS", "clave": "UCAYALI|PURUS" }, "geometry": { "type": "Polygon", "coordinates": [ [ [ -70.506, -9.424 ], [ -70.494, -9.433 ], [ -70.512, -9.448 ], [ -70.505, -9.463 ], [ -70.525, -9.461 ], [ -70.506, -9.505 ], [ -70.514, -9.493 ], [ -70.522, -9.505 ], [ -70.532, -9.504 ], [ -70.531, -9.516 ], [ -70.544, -9.514 ], [ -70.542, -9.538 ], [ -70.571, -9.533 ], [ -70.564, -9.541 ], [ -70.569, -9.554 ], [ -70.554, -9.565 ], [ -70.558, -9.574 ], [ -70.588, -9.567 ], [ -70.589, -9.549 ], [ -70.6, -9.56 ], [ -70.586, -9.576 ], [ -70.588, -9.598 ], [ -70.598, -9.608 ], [ -70.585, -9.641 ], [ -70.567, -9.667 ], [ -70.543, -9.68 ], [ -70.525, -9.715 ], [ -70.546, -9.779 ], [ -70.56, -9.789 ], [ -70.578, -9.778 ], [ -70.591, -9.803 ], [ -70.608, -9.801 ], [ -70.623, -9.821 ], [ -70.614, -9.873 ], [ -70.64, -9.884 ], [ -70.633, -9.899 ], [ -70.651, -9.932 ], [ -70.649, -9.952 ], [ -70.668, -9.971 ], [ -70.657, -10.0 ], [ -70.672, -10.023 ], [ -70.652, -10.04 ], [ -70.66, -10.051 ], [ -70.645, -10.069 ], [ -70.65, -10.079 ], [ -70.698, -10.118 ], [ -70.708, -10.137 ], [ -70.706, -10.161 ], [ -70.751, -10.191 ], [ -70.803, -10.251 ], [ -70.867, -10.253 ], [ -70.881, -10.262 ], [ -70.874, -10.301 ], [ -70.889, -10.335 ], [ -70.968, -10.336 ], [ -70.958, -10.39 ], [ -71.005, -10.431 ], [ -71.001, -10.442 ], [ -71.025, -10.478 ], [ -71.079, -10.501 ], [ -71.129, -10.505 ], [ -71.147, -10.531 ], [ -71.165, -10.531 ], [ -71.165, -10.57 ], [ -71.196, -10.58 ], [ -71.221, -10.637 ], [ -71.206, -10.652 ], [ -71.231, -10.685 ], [ -71.216, -10.715 ], [ -71.225, -10.731 ], [ -71.219, -10.76 ], [ -71.229, -10.765 ], [ -71.222, -10.777 ], [ -71.259, -10.785 ], [ -71.273, -10.853 ], [ -71.295, -10.876 ], [ -71.308, -10.878 ], [ -71.317, -10.91 ], [ -71.336, -10.917 ], [ -71.354, -10.95 ], [ -71.393, -10.947 ], [ -71.413, -10.958 ], [ -71.473, -10.954 ], [ -71.508, -10.966 ], [ -71.532, -10.952 ], [ -71.559, -10.965 ], [ -71.662, -10.983 ], [ -71.681, -10.972 ], [ -71.694, -10.98 ], [ -71.702, -10.974 ], [ -71.716, -10.998 ], [ -71.729, -10.984 ], [ -71.751, -10.994 ], [ -71.78, -10.988 ], [ -71.809, -10.994 ], [ -71.828, -11.012 ], [ -71.847, -10.996 ], [ -71.923, -10.996 ], [ -71.938, -11.004 ], [ -72.011, -10.988 ], [ -72.044, -10.997 ], [ -72.054, -11.011 ], [ -72.105, -10.993 ], [ -72.125, -10.996 ], [ -72.128, -10.98 ], [ -72.158, -11.005 ], [ -72.174, -10.996 ], [ -72.185, -11.009 ], [ -72.214, -11.014 ], [ -72.262, -10.972 ], [ -72.313, -10.984 ], [ -72.332, -10.968 ], [ -72.347, -10.97 ], [ -72.419, -10.906 ], [ -72.432, -10.852 ], [ -72.472, -10.817 ], [ -72.484, -10.781 ], [ -72.467, -10.751 ], [ -72.467, -10.716 ], [ -72.446, -10.638 ], [ -72.406, -10.649 ], [ -72.388, -10.595 ], [ -72.392, -10.575 ], [ -72.379, -10.548 ], [ -72.409, -10.516 ], [ -72.464, -10.509 ], [ -72.428, -10.49 ], [ -72.42, -10.474 ], [ -72.423, -10.444 ], [ -72.477, -10.379 ], [ -72.465, -10.35 ], [ -72.478, -10.332 ], [ -72.473, -10.302 ], [ -72.445, -10.255 ], [ -72.419, -10.233 ], [ -72.368, -10.213 ], [ -72.364, -10.2 ], [ -72.334, -10.178 ], [ -72.243, -10.189 ], [ -72.229, -10.163 ], [ -72.157, -10.165 ], [ -72.143, -10.139 ], [ -72.141, -10.091 ], [ -72.163, -10.076 ], [ -72.189, -10.022 ], [ -72.181, -10.0 ], [ -71.375, -10.0 ], [ -71.36, -9.984 ], [ -71.35, -9.985 ], [ -71.343, -9.967 ], [ -71.312, -9.992 ], [ -71.298, -9.992 ], [ -71.291, -9.982 ], [ -71.254, -9.977 ], [ -71.253, -9.963 ], [ -71.221, -9.97 ], [ -71.193, -9.942 ], [ -71.171, -9.891 ], [ -71.14, -9.857 ], [ -71.102, -9.853 ], [ -71.051, -9.816 ], [ -70.994, -9.817 ], [ -70.992, -9.795 ], [ -70.963, -9.749 ], [ -70.924, -9.741 ], [ -70.869, -9.665 ], [ -70.839, -9.657 ], [ -70.836, -9.643 ], [ -70.799, -9.642 ], [ -70.786, -9.614 ], [ -70.766, -9.607 ], [ -70.768, -9.601 ], [ -70.758, -9.605 ], [ -70.75, -9.56 ], [ -70.738, -9.559 ], [ -70.73, -9.57 ], [ -70.715, -9.547 ], [ -70.68, -9.534 ], [ -70.666, -9.519 ], [ -70.663, -9.526 ], [ -70.653, -9.5 ], [ -70.636, -9.502 ], [ -70.632, -9.48 ], [ -70.623, -9.471 ], [ -70.616, -9.476 ], [ -70.612, -9.457 ], [ -70.596, -9.459 ], [ -70.596, -9.442 ], [ -70.571, -9.44 ], [ -70.562, -9.43 ], [ -70.55, -9.436 ], [ -70.546, -9.428 ], [ -70.539, -9.438 ], [ -70.527, -9.429 ], [ -70.526, -9.438 ], [ -70.506, -9.424 ] ] ] } }
]
}
